"","baseMean","log2FoldChange","lfcSE","stat","pvalue","padj"
"POOLPIDM_00426",5446.78975372579,7.90251531038711,0.206751742191999,38.2222429015784,1.20304984762344e-319,3.17123939833538e-316
"POOLPIDM_01849",2204.9102831178,6.87948346585864,0.214045972188249,32.1402145320832,1.21006105373478e-226,1.59486046882244e-223
"POOLPIDM_01847",1615.31082719749,6.14817351273486,0.202934291786691,30.2963755341919,1.27955514155347e-201,1.12430245104499e-198
"POOLPIDM_02348",1166.55306608275,5.23442523205277,0.194696617353662,26.8850342815385,3.28627841032395e-159,2.16565747240348e-156
"POOLPIDM_00425",368.784169220977,5.31035435131614,0.233102513503434,22.7811973002938,7.04392791835968e-115,3.71355879855922e-112
"POOLPIDM_00294",578.859675231769,4.01839690939347,0.180409995154963,22.2736933502041,6.64888546389008e-110,2.92107701380238e-107
"POOLPIDM_01455",554.125394085976,7.12611325076338,0.324197296116481,21.9807917466499,4.39726429643141e-107,1.65588409791331e-104
"POOLPIDM_02274",407.921914813478,4.79283432233558,0.22338248448345,21.4557302172484,4.03721947709471e-102,1.33026381770271e-99
"POOLPIDM_00441",412.268349136665,6.85321761555266,0.326706158845517,20.9767016323472,1.07067015087708e-97,3.13587390856887e-95
"POOLPIDM_00443",253.84614337158,3.8869912622487,0.206923544004169,18.7846737351956,1.00803891120421e-78,2.65719056993429e-76
"POOLPIDM_01453",273.690598437074,6.10500060890778,0.325216449815805,18.7721150402002,1.2769876970644e-78,3.06012688132887e-76
"POOLPIDM_01459",507.810826956151,8.28408800792618,0.447207472988852,18.5240375178898,1.32145075433903e-76,2.90278682369807e-74
"POOLPIDM_03031",728.7334211119,2.63343005153228,0.143585006577444,18.3405643409704,3.92699353086663e-75,7.96273457489572e-73
"POOLPIDM_01457",369.685230616881,7.59635410013333,0.417837289626793,18.1801727340284,7.41000135521562e-74,1.39519739802488e-71
"POOLPIDM_01001",961.531946078533,3.05765580733208,0.169694723612593,18.0185673557688,1.39304377856403e-72,2.44804226686319e-70
"POOLPIDM_00940",1071.12587653118,2.59283607439522,0.149908650703007,17.2961070774497,5.03268253249437e-67,8.29134447228448e-65
"POOLPIDM_01702",226.64023802546,-4.62637807412694,0.271826694815852,-17.0195869734614,5.87838176818135e-65,9.11494961230943e-63
"POOLPIDM_00925",1701.43693631535,2.7411997396815,0.162764391008742,16.8415199583444,1.21085884984253e-63,1.77323551565828e-61
"POOLPIDM_01464",187.024493924177,3.91375818410344,0.232576423274934,16.8278371857017,1.52574393365408e-63,2.11676895216429e-61
"POOLPIDM_01700",205.986147188566,-5.20633942361316,0.31453765090139,-16.5523567963741,1.53955881508329e-61,2.02913851827978e-59
"POOLPIDM_02407",940.127604354664,-2.45826986358321,0.150423992113577,-16.342272459616,4.93777380383523e-60,6.1980817842427e-58
"POOLPIDM_00547",267.369744354883,2.8662135414244,0.18403308847004,15.5744467761351,1.08588459599545e-54,1.30108717956545e-52
"POOLPIDM_02349",177.292499248167,3.28078940155025,0.214115751113962,15.3225037601464,5.409303607595e-53,6.19953230853061e-51
"POOLPIDM_01454",298.460952901735,8.10252466768822,0.539507536721438,15.01837160038,5.56582890530964e-51,6.11313541433175e-49
"POOLPIDM_02414",369.493857305162,-2.80009243167144,0.188241455587287,-14.8750041426079,4.78955475449405e-50,5.05010653313852e-48
"POOLPIDM_01462",267.930566987052,7.946436756757,0.536941462123999,14.799447085578,1.47691672938109e-49,1.49736634563406e-47
"POOLPIDM_02017",169.656912168562,-3.82769755270715,0.259714905127802,-14.7380742388412,3.67104308210307e-49,3.58402576460137e-47
"POOLPIDM_00427",114.946549553384,4.22772784344465,0.290559801596239,14.5502847269956,5.81604701990986e-48,5.47539283731514e-46
"POOLPIDM_01709",140.528438304684,-4.2695242058914,0.296682788128344,-14.3908725977201,5.90461999693777e-47,5.36709596963033e-45
"POOLPIDM_01706",148.296996500997,-4.94060098570142,0.343598856424021,-14.3789797123318,7.01206564494719e-47,6.16126834669359e-45
"POOLPIDM_01465",115.076893985579,3.72116765516563,0.259383766421864,14.3461856017369,1.12560091905204e-46,9.57123878264892e-45
"POOLPIDM_03113",258.829333881263,2.73085062781064,0.192577925068655,14.1804966838078,1.20987199097955e-45,9.96632052569401e-44
"POOLPIDM_02018",202.782500331682,-3.02344896187783,0.215494074564791,-14.030311357674,1.01704075758933e-44,8.12399829395597e-43
"POOLPIDM_01848",472.811834403852,2.19347134343951,0.159135475220623,13.7836729390383,3.19589479763552e-43,2.47775843722565e-41
"POOLPIDM_02421",665.456123692702,-2.50468104560382,0.189115541012792,-13.2441841225222,4.87551326999464e-40,3.67195799420168e-38
"POOLPIDM_02401",261.96318915009,-2.43612704097134,0.184937096626761,-13.172733245012,1.25953857012178e-39,9.22262130789172e-38
"POOLPIDM_02405",148.308731809383,-3.11780601800832,0.236814362672335,-13.1656120128247,1.38411488388808e-39,9.86088333494318e-38
"POOLPIDM_01889",245.587680346156,-2.53755923993354,0.194143509851643,-13.070533451634,4.85240466877446e-39,3.36603650181302e-37
"POOLPIDM_02021",355.684300950864,2.22818631046423,0.172089707309687,12.94781858426,2.41725669727366e-38,1.63381760359317e-36
"POOLPIDM_01585",123.384187575984,3.034602039361,0.235010560987112,12.9126198695701,3.82076618511554e-38,2.51788491599114e-36
"POOLPIDM_01456",87.5962130994789,5.21650401764181,0.405861286709644,12.8529233717571,8.28202020596599e-38,5.32473299095765e-36
"POOLPIDM_01074",122.293822129651,-5.47340377029412,0.427267344368918,-12.8102553177296,1.43661090328601e-37,9.01644366919507e-36
"POOLPIDM_01193",99.1981672682362,5.89911975442989,0.460995462927534,12.7964811561653,1.71550164784131e-37,1.05164240551388e-35
"POOLPIDM_02403",330.441151965135,-2.5611638211591,0.20297748145405,-12.6179702438514,1.6809821918101e-36,1.00706114945714e-34
"POOLPIDM_02424",294.853673627394,-2.35560850489171,0.186857065697864,-12.6064727394391,1.94505028750329e-36,1.1393672350797e-34
"POOLPIDM_01705",116.656125413091,-5.29348201270107,0.42113649568631,-12.5695162184282,3.10618794370664e-36,1.77998074339363e-34
"POOLPIDM_03030",171.804661706027,2.65932920768447,0.21165247692574,12.5646023439523,3.30532695255116e-36,1.85379613764359e-34
"POOLPIDM_02365",102.681957307607,3.54490144794935,0.287551085312119,12.3279014721909,6.40942387258432e-35,3.51984194336089e-33
"POOLPIDM_01707",116.09186390264,-5.6219678460515,0.457788233474676,-12.2807172289685,1.14974425984522e-34,6.18515483459591e-33
"POOLPIDM_02422",193.71691097256,-2.3661858934848,0.193732932069988,-12.2136482847944,2.62833545877789e-34,1.3856584538677e-32
"POOLPIDM_01323",104.861368230045,2.989405183985,0.24666384640469,12.1193487718521,8.34193381457823e-34,4.31163481082906e-32
"POOLPIDM_02418",328.000947427096,-2.45535962942354,0.203909931870226,-12.0413930155506,2.15289183912338e-33,1.09135055537101e-31
"POOLPIDM_01719",73.1660495029124,4.19912906189104,0.34960301752731,12.0111350628231,3.10553018370059e-33,1.5445618045726e-31
"POOLPIDM_01710",99.5081591832584,-4.88597271839822,0.410502171511147,-11.9024284339639,1.14952582076531e-32,5.61138900655065e-31
"POOLPIDM_00229",235.528048363121,-2.12450213699534,0.178956639758252,-11.8716027517351,1.6625168808035e-32,7.96798999599643e-31
"POOLPIDM_01269",69.1839624289554,4.61540762441471,0.388959805489072,11.866027181424,1.77707966905556e-32,8.36496787076868e-31
"POOLPIDM_00285",247.124422318176,2.43485045783458,0.206658836333651,11.7819808774279,4.83434247340139e-32,2.23567136138352e-30
"POOLPIDM_02196",194.142516235875,2.20980659316876,0.19093095801601,11.5738517007989,5.59148971226573e-31,2.54123566922974e-29
"POOLPIDM_01458",211.261232239562,8.60816418044274,0.744709149064855,11.5590955089677,6.6404532889654e-31,2.96681946944285e-29
"POOLPIDM_01701",87.2538920838651,-4.08523125381656,0.354791625563407,-11.5144523136059,1.11566111428781e-30,4.90147116210446e-29
"POOLPIDM_02430",928.205224280125,-1.71295162112829,0.148825663200348,-11.5097865804389,1.1776948673275e-30,5.08918634471359e-29
"POOLPIDM_01196",78.1026337191566,3.3101274061174,0.287841900055339,11.4998108526973,1.32204823252695e-30,5.62083732409845e-29
"POOLPIDM_02432",152.692865365154,-2.50425695274911,0.220022576700816,-11.3818181311201,5.15144150877418e-30,2.15542854240139e-28
"POOLPIDM_00184",350.675902349248,-1.76820799599013,0.156556594027598,-11.2943693427466,1.39904706002881e-29,5.76232507849368e-28
"POOLPIDM_01368",135.685694278855,2.28239266558236,0.203201767101831,11.2321496910929,2.83495967026384e-29,1.14968518320238e-27
"POOLPIDM_02911",823.253764526996,2.00581042472668,0.180270205353181,11.126688521805,9.30275546353181e-29,3.71546415179846e-27
"POOLPIDM_02413",102.738993295751,-2.88614405660785,0.260218828642341,-11.0912191545321,1.38388701043296e-28,5.44466590970339e-27
"POOLPIDM_01189",59.2039221410015,4.91659646669267,0.445023861050616,11.0479389915982,2.24305298148826e-28,8.69512891059272e-27
"POOLPIDM_01888",114.26584531998,-3.00926754019743,0.272719583166072,-11.0342920932266,2.61099499277564e-28,9.97475768254577e-27
"POOLPIDM_01075",80.3540464552325,-4.96511141061205,0.450984270960325,-11.0095001762242,3.43906298677056e-28,1.29505286187532e-26
"POOLPIDM_02412",144.281243305613,-2.38804489745814,0.217404552376818,-10.9843371325502,4.54563219903196e-28,1.68764598262651e-26
"POOLPIDM_01006",126.219487984506,-2.74287305660548,0.249825279871582,-10.9791653511422,4.81350481759047e-28,1.76227759710673e-26
"POOLPIDM_02347",76.5017704335425,3.13859319678289,0.288283975832331,10.887158010504,1.32717382739482e-27,4.79237014933254e-26
"POOLPIDM_02255",278.409203939067,1.95676672888028,0.180788084002234,10.8235381755365,2.66294433826998e-27,9.48583956172926e-26
"POOLPIDM_01192",69.8320276669238,3.17924852086926,0.293956248275403,10.8153799741337,2.91083911917729e-27,1.02306292242018e-25
"POOLPIDM_02417",168.995585280935,-2.2695083543185,0.210064503276379,-10.8038641413516,3.30016025222629e-27,1.14463452958796e-25
"POOLPIDM_01204",64.5470991261619,3.44879200627159,0.31929956448909,10.8011171634073,3.4004077157249e-27,1.16408762839621e-25
"POOLPIDM_02085",68.1723832344262,3.44875700145543,0.321399421781913,10.730439346576,7.32470896909083e-27,2.47537600545172e-25
"POOLPIDM_00492",94.324911427806,2.7558574949027,0.257056896362346,10.7208074706467,8.12905229125932e-27,2.71242808098222e-25
"POOLPIDM_02428",131.19716961416,-2.84281869896468,0.267581744451446,-10.62411303429,2.30189914589209e-26,7.58475768571445e-25
"POOLPIDM_03042",342.541515064689,1.82502817307319,0.172721264424379,10.5663201294605,4.26919105760318e-26,1.38933180590642e-24
"POOLPIDM_01111",169.624914855741,-2.06263649981979,0.195749276462566,-10.5371347322157,5.82465089056912e-26,1.87241216433417e-24
"POOLPIDM_00429",195.214914682402,1.90457933129833,0.181418521565097,10.4982628833458,8.79843031786076e-26,2.79429666480494e-24
"POOLPIDM_02375",272.935335698991,1.89827634771612,0.18347689931482,10.3461327001115,4.35732751252809e-25,1.36737087178858e-23
"POOLPIDM_01891",137.936989632278,-2.47784194211404,0.240061776726178,-10.3216845926303,5.62278376152718e-25,1.74372447004537e-23
"POOLPIDM_00659",124.565975380871,2.22058368241949,0.215222361595281,10.3176252967395,5.86559366473304e-25,1.79787266281817e-23
"POOLPIDM_01698",79.996729317989,-2.98532219258435,0.290977727968057,-10.2596243823585,1.0712260646082e-24,3.24569184633015e-23
"POOLPIDM_02410",170.319789165903,-2.05872585150981,0.200696538883866,-10.2579041121437,1.09047822288234e-24,3.2664779494521e-23
"POOLPIDM_02368",60.7063708921479,3.44814777315133,0.33735882145315,10.2210096605705,1.5966903959873e-24,4.72907402676687e-23
"POOLPIDM_00988",232.838760996143,1.91516821630145,0.187888600082784,10.1931049326975,2.12855188301698e-24,6.23429195959195e-23
"POOLPIDM_02835",116.922719738093,-2.39474260745964,0.235848000132874,-10.1537541387269,3.18856522074391e-24,9.23632738668235e-23
"POOLPIDM_02327",1403.54947145731,1.58976830826135,0.156610160960349,10.1511185386231,3.27587037623889e-24,9.38608077365839e-23
"POOLPIDM_00430",222.20448901437,1.7863961910741,0.176880024188277,10.0994795725073,5.55361249875435e-24,1.57412070394801e-22
"POOLPIDM_02049",69.741178859522,2.81545952866703,0.279389757780189,10.0771751657486,6.97011854114726e-24,1.95459919941108e-22
"POOLPIDM_00428",79.9516132991925,2.53251731358874,0.251952238331716,10.0515769590206,9.04089118675625e-24,2.50860938613573e-22
"POOLPIDM_01943",145.258958573418,-2.12659928537802,0.215534704404305,-9.86662120726921,5.80883730623771e-23,1.59500991033777e-21
"POOLPIDM_01067",161.865475424538,-1.9182999823584,0.194487900806536,-9.86333841027266,6.00199202583604e-23,1.63105680207256e-21
"POOLPIDM_02611",57.7081566400542,3.27465774620445,0.333469868860744,9.81995092207847,9.2388513733784e-23,2.48506247145158e-21
"POOLPIDM_01923",94.4906868880448,2.37334790484875,0.243016196517907,9.76621286505021,1.5721940723334e-22,4.18616522694024e-21
"POOLPIDM_02346",213.483557904467,-2.429922849387,0.248932122491447,-9.76138726118195,1.64884121012816e-22,4.34634542989784e-21
"POOLPIDM_03075",88.578462789146,2.36586055215484,0.24241222994507,9.75965838312257,1.67719220806651e-22,4.37730560441914e-21
"POOLPIDM_01486",68.8028773245053,2.74425764901774,0.282842378198819,9.70242743146754,2.94409392135204e-22,7.60846233008234e-21
"POOLPIDM_02545",154.237656320666,-2.20346968468086,0.228014834267389,-9.66371197628699,4.29994726014546e-22,1.10045252211101e-20
"POOLPIDM_01202",52.1134903301902,3.19293937804712,0.330691370435476,9.65534532649717,4.66584597693593e-22,1.18261249953876e-20
"POOLPIDM_01023",125.529073035082,2.16535929476332,0.226728932452497,9.55043218940305,1.2915634723416e-21,3.24243934580233e-20
"POOLPIDM_01685",136.042273259862,-2.07971317804371,0.217854990742151,-9.54631872769542,1.3438682209388e-21,3.34192134942893e-20
"POOLPIDM_00471",61.6648491731542,-3.4426266190798,0.361891850103202,-9.51286031475439,1.85490735894452e-21,4.5696596244652e-20
"POOLPIDM_00431",345.561286118076,1.65180016554041,0.175146759949402,9.43094902821838,4.06395109222625e-21,9.91905099917443e-20
"POOLPIDM_01052",87.1244116709447,2.89579002421652,0.30722542193123,9.42561981366478,4.27572726094084e-21,1.03401991374679e-19
"POOLPIDM_02674",303.206950288275,-1.60187110006403,0.171708435436961,-9.32901808806078,1.06856222346591e-20,2.56066365550557e-19
"POOLPIDM_01696",78.2989382957318,-2.59945148150816,0.279227664292653,-9.30943389185008,1.28515487956543e-20,3.05195338967071e-19
"POOLPIDM_01301",114.553613152686,2.01952252479761,0.217801051235905,9.27232680162881,1.82128649056215e-20,4.28652784743021e-19
"POOLPIDM_01208",130.654767971781,1.93394917129538,0.2087912778485,9.2625955989343,1.99521848070161e-20,4.65433266825615e-19
"POOLPIDM_01746",112.079104616272,-2.13153121567164,0.231351378246396,-9.21339320227219,3.15975043095589e-20,7.30622994385942e-19
"POOLPIDM_02427",161.599014024576,-1.87643775818311,0.204003403688998,-9.19807083730687,3.64433506496044e-20,8.35344976629193e-19
"POOLPIDM_02419",75.6115062927134,-2.55954615121662,0.278436512195753,-9.19256648861175,3.83578221260958e-20,8.71648440727488e-19
"POOLPIDM_01692",77.8835947753948,-2.55753046014832,0.280764720214643,-9.1091589363261,8.30230748176685e-20,1.87050277965277e-18
"POOLPIDM_02420",136.419370823125,-1.92888331614121,0.212698105848199,-9.06864359910116,1.20507770959833e-19,2.69202105296711e-18
"POOLPIDM_01819",38.5009065319637,4.50088306704232,0.49831247250968,9.03225047604019,1.68176957286548e-19,3.72533159165833e-18
"POOLPIDM_03040",152.054390057553,1.79781088261749,0.199345642675671,9.01856122103692,1.90575688564088e-19,4.1863126254578e-18
"POOLPIDM_01762",150.444690475111,-1.90246756717063,0.212007887690541,-8.97356974730859,2.8705686658189e-19,6.25356942404844e-18
"POOLPIDM_01357",233.911110359007,1.48258731872781,0.165250137602011,8.97177660631353,2.91769693072831e-19,6.30413861426215e-18
"POOLPIDM_02416",93.9014367798277,-2.22507316278526,0.248424019473739,-8.95675533911271,3.34372540414887e-19,7.16590257344424e-18
"POOLPIDM_00035",196.80108358895,1.97320299428889,0.220526016622808,8.94771068061274,3.62930808656429e-19,7.71520654530926e-18
"POOLPIDM_01695",99.3327092988686,-2.36862560293599,0.266291082269075,-8.89487392049653,5.84856601991427e-19,1.23334560227952e-17
"POOLPIDM_02429",974.240414976399,-1.41390680640055,0.159049356210309,-8.88973611770524,6.12542063761089e-19,1.2814768889478e-17
"POOLPIDM_00619",697.596877445579,-1.38235231713093,0.15602113501752,-8.86003243711632,7.99911613394904e-19,1.66028898654249e-17
"POOLPIDM_00040",47.9997759082342,3.3538757685635,0.379574946988986,8.83587232289285,9.93201623377484e-19,2.04537459314301e-17
"POOLPIDM_01223",49.4954003549031,-4.48821340918307,0.508154232571361,-8.83238418869764,1.02467793770725e-18,2.09383801844676e-17
"POOLPIDM_01460",108.22675316669,10.501493090538,1.19328756985292,8.80047136653938,1.36242676678072e-18,2.76258227479536e-17
"POOLPIDM_00440",36.5820167006459,4.00533963298267,0.45780850979692,8.74894098137103,2.15364255093512e-18,4.30075891232196e-17
"POOLPIDM_01478",98.3768838352596,2.01781366637441,0.230621333617665,8.74946664613273,2.14363473982402e-18,4.30075891232196e-17
"POOLPIDM_01329",120.937025858658,-1.87323668461597,0.214397128672161,-8.73722841447363,2.38899139286947e-18,4.73487316661949e-17
"POOLPIDM_01022",75.5755428935598,2.23491436746557,0.255836209900653,8.73572340808769,2.42101709901673e-18,4.76253811418515e-17
"POOLPIDM_01531",71.49281624921,-2.50865828014827,0.287513497049087,-8.72535830803091,2.65339143521252e-18,5.18099246164459e-17
"POOLPIDM_00133",120.691191730647,-1.91181885081574,0.219491169266795,-8.71023129177418,3.03255379682738e-18,5.8778028003213e-17
"POOLPIDM_00234",161.785381083442,1.64762342463622,0.189416315556594,8.69842399687023,3.36525082922494e-18,6.47503736192477e-17
"POOLPIDM_00748",53.6134611850205,2.7638314833786,0.318845995125093,8.66823333407171,4.38876630110098e-18,8.38317968818998e-17
"POOLPIDM_00621",488.833590237631,-1.31819473933844,0.152252553249686,-8.65794833126164,4.8033115288328e-18,9.10901380575773e-17
"POOLPIDM_01222",45.2509578410586,-4.22856323658245,0.488650472169525,-8.6535539765435,4.99200172141151e-18,9.39922609831481e-17
"POOLPIDM_03076",117.198006689783,1.84842952154483,0.215135374307128,8.59193671658111,8.55154874414505e-18,1.59871507018201e-16
"POOLPIDM_00985",102.445039641189,-1.96859813260202,0.230875575356351,-8.52666259548474,1.50630398699339e-17,2.79620937303844e-16
"POOLPIDM_00461",41.0962493969656,3.19490276451048,0.375044007499228,8.51874100272635,1.61297098764195e-17,2.97328078561132e-16
"POOLPIDM_03026",275.71106292216,1.38925746327023,0.164458494603275,8.44746552387911,2.97694733542501e-17,5.44946748345856e-16
"POOLPIDM_00730",63.4378116019305,2.36142831462443,0.280584817505353,8.4160944117348,3.89243648913367e-17,7.07618109334922e-16
"POOLPIDM_02916",170.351987852907,-1.63411726473809,0.196493155395585,-8.31640807766685,9.06692543011342e-17,1.63701475573829e-15
"POOLPIDM_00432",61.048256583772,2.30009426014452,0.277154341149484,8.29896530072376,1.05022035260807e-16,1.88325227855433e-15
"POOLPIDM_01284",40.0047841457588,3.32436509746545,0.400925283276087,8.29173224073327,1.11610955121183e-16,1.98788160607728e-15
"POOLPIDM_00038",33.2264361242755,4.27756431128267,0.519427836944647,8.23514645738654,1.79338103220236e-16,3.17271973213787e-15
"POOLPIDM_00682",90.7555603389533,1.86306863178829,0.227788682300851,8.17893414619981,2.86365548790557e-16,5.03239724407939e-15
"POOLPIDM_02402",77.7241926330889,-2.2659991915565,0.27800923664556,-8.15080541530883,3.61508407612974e-16,6.31083551303178e-15
"POOLPIDM_00230",83.7203033942258,-2.16900614013458,0.266302965295763,-8.14488166786137,3.79653002581624e-16,6.58398233424449e-15
"POOLPIDM_02408",69.8823098144716,-2.28762013597414,0.281174138862647,-8.1359549823024,4.08703675476004e-16,7.04145678793952e-15
"POOLPIDM_02156",541.027510747731,1.46267436983231,0.181169916630561,8.0734947447979,6.83141184334055e-16,1.16932478045751e-14
"POOLPIDM_02400",91.6582778635925,-1.98160565659189,0.245548284331182,-8.07012625638713,7.02255108722936e-16,1.19428675264107e-14
"POOLPIDM_01532",116.682705993577,-1.78750494574152,0.222114685112081,-8.04766665850809,8.43874151280906e-16,1.42593093767722e-14
"POOLPIDM_00523",135.022095684841,1.70168480054363,0.211754172541691,8.03613350385623,9.27177216338203e-16,1.55671282946975e-14
"POOLPIDM_00978",43.8158444398076,2.66711792454293,0.332354227960437,8.02492551670027,1.0158756193549e-15,1.69484059026551e-14
"POOLPIDM_02624",137.249807495806,5.26888150204286,0.656670824338917,8.02362661284234,1.02668059827618e-15,1.70209437550692e-14
"POOLPIDM_02460",103.912185123571,-2.00490905577228,0.250245492363059,-8.01176891076038,1.13070179392301e-15,1.86283120548817e-14
"POOLPIDM_01207",62.6786924976734,2.4368407478476,0.304419565887031,8.00487557607218,1.19587525959343e-15,1.95796719521011e-14
"POOLPIDM_01497",124.051026212695,1.68198928170959,0.210434280823652,7.99294333188576,1.3175469988297e-15,2.14386042525622e-14
"POOLPIDM_01404",35.1407933808891,3.27861089309095,0.410769081449771,7.98163990707235,1.44401778965452e-15,2.33523367701186e-14
"POOLPIDM_01203",34.8884184781762,3.09974296911656,0.388445462068723,7.97986660111414,1.46491524886434e-15,2.3545832902478e-14
"POOLPIDM_02680",81.490337235988,1.94386828987613,0.244403454534346,7.95352215286693,1.81282346194714e-15,2.89612281557132e-14
"POOLPIDM_00499",334.672236070826,-1.37976491163893,0.173768114603532,-7.94026519069387,2.01749439349423e-15,3.20368386822337e-14
"POOLPIDM_01387",45.8617149254834,-2.89669200393831,0.365026087388483,-7.93557530274671,2.09521820310702e-15,3.30718274454497e-14
"POOLPIDM_01466",29.4355831371087,4.9060869944291,0.61908081420994,7.92479250175143,2.28527611833242e-15,3.58570705233587e-14
"POOLPIDM_01267",162.118323711778,1.52265005651442,0.192252561375445,7.92005082075798,2.37413523236474e-15,3.70308903699022e-14
"POOLPIDM_01263",345.880162267699,1.27540245116082,0.161166924158134,7.91354961834119,2.50152073513949e-15,3.87882862225159e-14
"POOLPIDM_00059",245.667571773036,1.47080765673562,0.186292548254061,7.8951502382681,2.89965733283989e-15,4.46988112828418e-14
"POOLPIDM_01764",56.722516302667,-2.527471494571,0.320415669690722,-7.88810203012425,3.06816879568119e-15,4.70214706128815e-14
"POOLPIDM_01259",59.9474307416619,-2.33154709384582,0.29630871791331,-7.86864156500434,3.58512717355479e-15,5.46265620201759e-14
"POOLPIDM_00545",90.094901907456,1.80212227781545,0.229436067036321,7.85457274043213,4.01137216096585e-15,6.07699828523332e-14
"POOLPIDM_00098",51.5915006102352,-2.73053281810297,0.349325975090024,-7.8165753846369,5.42798163847763e-15,8.17609119944403e-14
"POOLPIDM_02411",96.972266524471,-1.87513343034888,0.241217339447583,-7.77362620217586,7.62705914979584e-15,1.14232544993533e-13
"POOLPIDM_01536",324.942837013599,1.33230817909342,0.171983248511686,7.74673225807159,9.42874727043498e-15,1.40419083643314e-13
"POOLPIDM_01372",57.8462639192923,-2.51761205773101,0.325747216627443,-7.72872930058034,1.08625381571265e-14,1.60863205517896e-13
"POOLPIDM_01073",36.0040309017601,-4.47607161352913,0.580802368863127,-7.70670343905566,1.29109352067082e-14,1.90129749747949e-13
"POOLPIDM_02522",95.7304277946135,-1.87303279506645,0.243450045868991,-7.69370483534183,1.42934583391787e-14,2.09319756567083e-13
"POOLPIDM_01588",74.8272094104182,2.11513504181208,0.275072126199725,7.68938340294182,1.47845799367026e-14,2.15315760846122e-13
"POOLPIDM_01704",35.9725122116491,-3.86630926899922,0.502892800291848,-7.68813804205479,1.49291686758756e-14,2.16226860602243e-13
"POOLPIDM_01211",40.0676879959664,-3.04729593891983,0.397494080618907,-7.66626746787053,1.77073742023091e-14,2.55063597799381e-13
"POOLPIDM_00496",37.2489850129955,2.84074355145883,0.370980180398469,7.6573997791677,1.89735304971925e-14,2.71816447774996e-13
"POOLPIDM_01945",58.2265218174392,2.31622171740336,0.304787413701734,7.59946642570359,2.97354213728666e-14,4.23689571561494e-13
"POOLPIDM_02020",156.670888557181,-1.47170821802188,0.193861607376278,-7.5915403670689,3.16124652335908e-14,4.48013216966373e-13
"POOLPIDM_02625",30.1036883937275,3.26736280341299,0.43141250833337,7.57363947567363,3.62910679738167e-14,5.11568209513267e-13
"POOLPIDM_02354",77.8527080254056,-1.96646090951966,0.261500931596905,-7.51990020651588,5.48180677736639e-14,7.68619290698819e-13
"POOLPIDM_01694",58.321894103835,-2.20926363822981,0.294528907085402,-7.50100783007086,6.33290070338512e-14,8.83255357361015e-13
"POOLPIDM_02741",110.041470815497,-1.61705592012556,0.217319699962907,-7.44090812016379,9.99954806783408e-14,1.38730572141109e-12
"POOLPIDM_01190",31.5624720985977,3.20867099286546,0.432110179645093,7.42558528822636,1.12282288718385e-13,1.54961315739091e-12
"POOLPIDM_02310",71.5264231977276,1.83063885340284,0.247551673268328,7.39497669005273,1.41433082242736e-13,1.94175835829089e-12
"POOLPIDM_01097",848.629690378745,-1.35594443958459,0.183853916940861,-7.37511858406995,1.6419883363767e-13,2.24263277445025e-12
"POOLPIDM_01401",27.2903473914338,3.72087780633476,0.505622175409179,7.35900834120577,1.85281454393669e-13,2.51753563805006e-12
"POOLPIDM_02431",87.6303460980963,-1.76163563606202,0.239619758756977,-7.35179621747582,1.95560803720622e-13,2.6435809159362e-12
"POOLPIDM_02366",24.4198960733689,3.94286318727101,0.536866402385435,7.34421667988882,2.06967600874905e-13,2.783503040338e-12
"POOLPIDM_02426",105.144640354337,-1.80476984634302,0.24764845570164,-7.28762810666322,3.15459301143963e-13,4.22106963358115e-12
"POOLPIDM_00546",67.6668360913648,1.86961327850124,0.257197263338476,7.26918029466278,3.6167541732306e-13,4.81503232355346e-12
"POOLPIDM_00286",52.4513396712876,2.12960218233101,0.294541860073507,7.23021909958582,4.82215422572647e-13,6.38753695427889e-12
"POOLPIDM_02497",290.099985674674,1.1206479896541,0.155282331914077,7.21684158036854,5.32089017134515e-13,7.01293324583291e-12
"POOLPIDM_02406",295.120159168957,-3.04472944371115,0.425113633691902,-7.16215430982342,7.94189494767236e-13,1.04153408368479e-11
"POOLPIDM_02655",312.287034466764,1.4829480354907,0.208072047367111,7.12708917058073,1.02513684590143e-12,1.33775283455256e-11
"POOLPIDM_01758",56.4546162189836,-2.18549178097105,0.307782058080557,-7.10077707128409,1.24057351821528e-12,1.61091221380073e-11
"POOLPIDM_01988",152.187519977189,-1.5298813473969,0.215901758867865,-7.08600687377082,1.38036957607864e-12,1.78365402085456e-11
"POOLPIDM_02415",248.624703019276,-2.91100622997356,0.412718987240303,-7.05324038866825,1.74798481531569e-12,2.24765266984008e-11
"POOLPIDM_01313",66.6133857831442,1.98829499194581,0.282517140418634,7.03778534994214,1.95319260513879e-12,2.49932801317759e-11
"POOLPIDM_00884",50.3079015941069,2.07698046953593,0.296118634135372,7.01401475662092,2.31574955648221e-12,2.94894484583918e-11
"POOLPIDM_02471",123.778413492932,1.44580897669754,0.206954490328627,6.98612035139565,2.82591685245649e-12,3.58130616494005e-11
"POOLPIDM_00591",164.5871304806,1.28854919771651,0.184827850980358,6.97161813483104,3.13316057342871e-12,3.95168003423832e-11
"POOLPIDM_01420",28.6853786133978,2.89973581991753,0.418468758050437,6.92939619537386,4.22640613633146e-12,5.3051459882713e-11
"POOLPIDM_02521",45.1663418341461,-2.51480138026851,0.363516092527445,-6.91799189076794,4.58090508756948e-12,5.72287479186406e-11
"POOLPIDM_01300",28.2449559757549,2.87572520801253,0.415932672193697,6.91391996893507,4.71441209774489e-12,5.83738151355038e-11
"POOLPIDM_01517",53.3055140829825,2.00980087155292,0.290692141095043,6.91384660067507,4.71685228522849e-12,5.83738151355038e-11
"POOLPIDM_01620",38.924221215965,2.3187263426309,0.335615692504412,6.90887343594763,4.88517544620682e-12,6.0174404094398e-11
"POOLPIDM_00097",31.4979091759326,-2.99583413120625,0.43665232875799,-6.86091412755676,6.842128611925e-12,8.38876791676013e-11
"POOLPIDM_02048",22.6591591718257,3.45870729095057,0.504350562240558,6.85774449340435,6.99562329328852e-12,8.53725138940211e-11
"POOLPIDM_02580",79.9319300879838,1.74018483727182,0.253809859607511,6.85625389006885,7.06896988423923e-12,8.58700673495604e-11
"POOLPIDM_00975",69.5046589016568,-1.78447323325393,0.261061326306442,-6.83545609187343,8.17445339684083e-12,9.88433906150111e-11
"POOLPIDM_01881",139.67922986928,-1.3844507361687,0.202639202907205,-6.83209722653067,8.36821000099083e-12,1.00724208048456e-10
"POOLPIDM_00142",62.3574671072716,-1.89173409980158,0.276916750471731,-6.83141809435142,8.40792920395689e-12,1.00742279007411e-10
"POOLPIDM_01890",65.5306723809554,-1.83915867502823,0.270228344128541,-6.80594288123008,1.00389539698189e-11,1.19740645540465e-10
"POOLPIDM_01076",38.7694649219002,-2.46134486055895,0.364472864983824,-6.75316353295104,1.44655734484419e-11,1.71762394640058e-10
"POOLPIDM_02079",30.6301438165961,2.65363923274895,0.393023663996478,6.75185612429874,1.45965588e-11,1.72540488774888e-10
"POOLPIDM_01036",46.6074523116313,-2.24312089372874,0.334552809256421,-6.70483353200445,2.01636098420725e-11,2.37282480105817e-10
"POOLPIDM_02380",56.8536407201324,2.01888815268321,0.303169820360254,6.65926493040824,2.75200475223085e-11,3.22412645639134e-10
"POOLPIDM_01354",51.8843470432105,1.89585205067432,0.285360376760093,6.64371161896872,3.0588077741635e-11,3.5677067666792e-10
"POOLPIDM_01846",28.4166709903418,2.8142988378915,0.423957236697315,6.63816676374079,3.1760841957715e-11,3.67944384013132e-10
"POOLPIDM_02899",37.6378651519655,2.22914715079893,0.335822752467658,6.63786814448674,3.18252350360372e-11,3.67944384013132e-10
"POOLPIDM_02570",50.1283503392887,-2.1061891854808,0.317726478948553,-6.62893817490685,3.38110146914994e-11,3.89195784833154e-10
"POOLPIDM_02300",127.616948445601,-1.40238775251446,0.21236529590197,-6.60365784606265,4.01134754139082e-11,4.59735309526357e-10
"POOLPIDM_01400",30.9407709889081,2.50434117003911,0.383803311915511,6.52506399056401,6.79725082526591e-11,7.7565165261476e-10
"POOLPIDM_01853",21.7124503540746,3.17495873815691,0.490255244880503,6.47613415932101,9.41023854349529e-11,1.06919779313162e-09
"POOLPIDM_01385",45.2598693804527,-2.09689156287102,0.324016686226471,-6.47155425015797,9.69999193760852e-11,1.097389645817e-09
"POOLPIDM_00267",94.3080414522799,-1.45273882692411,0.224564995236325,-6.46912411881155,9.85726058179274e-11,1.11041619203443e-09
"POOLPIDM_02297",95.6219124900514,-1.52704348167474,0.236954018796354,-6.4444717562994,1.16003733447552e-10,1.30121634624574e-09
"POOLPIDM_01501",51.7417431604136,1.84192004459263,0.285952504159963,6.44134958707074,1.18415766549361e-10,1.32264390094964e-09
"POOLPIDM_01564",80.934708532913,1.52195324539879,0.236697711385239,6.42994491366977,1.27650197260614e-10,1.41977181425729e-09
"POOLPIDM_01260",45.6921244923844,-2.09835098484692,0.326568838730902,-6.42544767284425,1.31481989717092e-10,1.45624590291704e-09
"POOLPIDM_01935",80.7671060205501,1.46925247278606,0.228744453307503,6.42311737636292,1.33511462655092e-10,1.47253646677331e-09
"POOLPIDM_03105",86.2930377133466,1.50139740492196,0.234185574154218,6.41114385608244,1.44431827506939e-10,1.58634290545122e-09
"POOLPIDM_01924",39.9817772750132,-2.25205753037018,0.351589563709918,-6.40535943845095,1.5001553756545e-10,1.6408338465665e-09
"POOLPIDM_03013",26.361110032842,2.70131981389805,0.422868510591278,6.38808458478244,1.67976424187957e-10,1.82969361222916e-09
"POOLPIDM_01677",316.874091981823,2.56787563694604,0.402433479726704,6.38086979912782,1.7608497123885e-10,1.91012339171033e-09
"POOLPIDM_02088",121.75439621463,-1.41113640259276,0.221481356547175,-6.3713552444862,1.8736508468586e-10,2.02415722636036e-09
"POOLPIDM_01044",92.9954467848758,-1.52681610344404,0.241575461761229,-6.3202449963777,2.61148939068629e-10,2.80974940157105e-09
"POOLPIDM_01444",60.9336869780595,-1.75476060564847,0.277732464168627,-6.31816885685736,2.64680724585255e-10,2.83617231710054e-09
"POOLPIDM_01038",141.127637766249,-1.26260909556494,0.199888612186385,-6.31656341876861,2.67443726876224e-10,2.85417677751306e-09
"POOLPIDM_02681",2745.65589295895,-0.9079107773008,0.144207670056073,-6.29585636428197,3.05707357199463e-10,3.24937336120075e-09
"POOLPIDM_01007",75.4589179423802,-1.56346855152785,0.248579290388251,-6.28961708389265,3.18249999281802e-10,3.36910441006759e-09
"POOLPIDM_03120",215.467123013608,1.28434985999922,0.204255747683855,6.28794966390431,3.21686172112204e-10,3.39185899875108e-09
"POOLPIDM_02520",38.3803539024898,-2.26121986885748,0.360433453779894,-6.27361263263411,3.52765522561574e-10,3.704740707061e-09
"POOLPIDM_01270",41.4314705486955,2.09591289635354,0.334407574204751,6.26754014569734,3.66796077758168e-10,3.83680341654973e-09
"POOLPIDM_00363",185.179172644392,1.30015128709917,0.20779877397025,6.25678035658337,3.93006294040707e-10,4.09472170391819e-09
"POOLPIDM_01674",204.546205536001,-1.35113193841046,0.21624992677537,-6.24801107939312,4.15712194280028e-10,4.31424151229194e-09
"POOLPIDM_01126",49.4112604437751,1.82145617911894,0.292448125684183,6.22830519039109,4.71507901002614e-10,4.87409736095252e-09
"POOLPIDM_01061",169.91848492459,1.1084750354504,0.178281587404203,6.21755197264004,5.04970929571108e-10,5.1996225404275e-09
"POOLPIDM_00433",18.1071813666057,3.62115338477849,0.582738044170845,6.21403291067238,5.16417046422603e-10,5.296791184319e-09
"POOLPIDM_02172",124.351526697093,1.30335402377966,0.209880243858059,6.20998908625774,5.29882812984581e-10,5.4138414535944e-09
"POOLPIDM_02261",272.535029514926,-1.14918034281354,0.185301655201115,-6.20167338260576,5.58659271603641e-10,5.68581405385019e-09
"POOLPIDM_01194",18.3918998046524,3.66307118025171,0.591766775163475,6.19005887790809,6.01417463265208e-10,6.09744781987341e-09
"POOLPIDM_01463",19.3046103143906,3.46209781646511,0.562855461152902,6.15095358473321,7.70184584862982e-10,7.76500282533591e-09
"POOLPIDM_02850",56.8521662031882,-1.77217088145938,0.288128634082459,-6.15062396385152,7.71787078997727e-10,7.76500282533591e-09
"POOLPIDM_01125",37.1001421528405,2.16977839360107,0.353311688073735,6.14125846056995,8.18702445034141e-10,8.20570207266158e-09
"POOLPIDM_01675",211.183940879387,-1.15104657830171,0.188129632433746,-6.11836935740078,9.45377403021671e-10,9.43945013017093e-09
"POOLPIDM_00739",50.7337785524196,-1.94602201125276,0.318185314937832,-6.11600196455632,9.59521425112419e-10,9.54452255319372e-09
"POOLPIDM_01765",38.714566430398,-2.20915984204091,0.361998383578309,-6.10267874735694,1.04305356789182e-09,1.03364255825671e-08
"POOLPIDM_00030",118.998317958392,-1.40141461226156,0.232051172894217,-6.03924813127495,1.54833991066459e-09,1.52862322266362e-08
"POOLPIDM_02528",438.865268372011,-0.961475575542305,0.160092293137133,-6.00575803307856,1.90440027157422e-09,1.87313399845883e-08
"POOLPIDM_02103",35.3977163677188,-2.23548713419253,0.373703709063531,-5.98197737933741,2.20444892826646e-09,2.16019605015256e-08
"POOLPIDM_02425",51.4604571512467,-1.86518081379013,0.31221576547949,-5.97401226977006,2.31488379929488e-09,2.26001247960789e-08
"POOLPIDM_01386",108.655354259151,-1.28069650159051,0.21441930615313,-5.97286002164322,2.33129922749387e-09,2.26764013419699e-08
"POOLPIDM_00590",50.6287514548555,1.68834373246738,0.283179959125795,5.96208763388294,2.49035518204945e-09,2.41344715436851e-08
"POOLPIDM_01590",68.0653588357666,-1.56976004658112,0.264332824597556,-5.93857402678255,2.87511825270123e-09,2.77612150700382e-08
"POOLPIDM_00603",43.7817877390606,-1.96874713261745,0.332426484738329,-5.92235343151782,3.1736662698273e-09,3.05320594425721e-08
"POOLPIDM_01461",23.4803328366835,7.29499576844857,1.23252112217278,5.91875923033953,3.24379418560794e-09,3.10932417209546e-08
"POOLPIDM_01360",49.6973472224958,-1.83460061685429,0.310597525305859,-5.90668137180966,3.49067954871083e-09,3.33385191681223e-08
"POOLPIDM_02022",35.3351492018541,-2.16004182187058,0.365869679821556,-5.90385577434044,3.55102630079577e-09,3.36708824780491e-08
"POOLPIDM_02449",284.75571900398,-0.952668713054001,0.161354548944705,-5.90419495009388,3.54372917861587e-09,3.36708824780491e-08
"POOLPIDM_03074",15.354256810865,3.93068898802138,0.666251687411917,5.89970586534693,3.64150158786587e-09,3.44050114179729e-08
"POOLPIDM_00409",67.8290960094723,1.48839323844339,0.252366862801376,5.89773642197557,3.6852202617514e-09,3.46937164642025e-08
"POOLPIDM_00039",16.806984894121,3.3735076454384,0.572878540546434,5.8886961313311,3.89254402075854e-09,3.65151104580765e-08
"POOLPIDM_02442",578.825246117925,0.826079966126527,0.140358382781312,5.88550501763488,3.9684034608359e-09,3.7094721711927e-08
"POOLPIDM_01938",303.94111715131,0.914316708344461,0.155471517770646,5.88092739721804,4.07974102032092e-09,3.80006972776182e-08
"POOLPIDM_02149",19.6402833209078,-3.99744746803413,0.68004054411901,-5.87824873473215,4.14629572293658e-09,3.84846321326085e-08
"POOLPIDM_02084",19.1952978366245,2.95531057454538,0.503841466019939,5.8655564772996,4.47628865685428e-09,4.14017435069049e-08
"POOLPIDM_01502",68.2559349798506,1.53327955188395,0.26163653022493,5.86034201938768,4.61914799342172e-09,4.25736857016072e-08
"POOLPIDM_00729",45.8320712078895,1.76641381291288,0.301596479062676,5.8568780988514,4.71649055134632e-09,4.33194045064422e-08
"POOLPIDM_02023",98.5329054560117,-1.32099385918055,0.225932867864217,-5.8468423459948,5.00991904044562e-09,4.58546756618564e-08
"POOLPIDM_01902",55.6982281464129,-1.67047763074153,0.285821261713354,-5.84448343950293,5.08142587320062e-09,4.6348230455906e-08
"POOLPIDM_02690",47.2284834920001,1.83900023634086,0.314834516704914,5.84116460795976,5.18371528672517e-09,4.71181844683019e-08
"POOLPIDM_02511",147.621704671351,1.08193706305385,0.185608432701622,5.82913743360538,5.57146054354069e-09,5.04686254047191e-08
"POOLPIDM_01349",357.562638082146,1.01697000980198,0.174483515278299,5.82845897034987,5.59415466490962e-09,5.0500656495554e-08
"POOLPIDM_00622",395.407496106536,-0.902343415774473,0.154901012781247,-5.8252906134886,5.701330034414e-09,5.12925118454448e-08
"POOLPIDM_01557",65.3947903112351,-1.51854124524173,0.26269360924808,-5.78065545480275,7.44101438993317e-09,6.67160337818498e-08
"POOLPIDM_01018",38.8496156215478,-1.95860329191046,0.339255720454666,-5.77323586256869,7.7763467864329e-09,6.94862716238546e-08
"POOLPIDM_01699",22.2969439071864,-2.93960883502498,0.510711947062247,-5.75590379652249,8.61794567086489e-09,7.67462999608103e-08
"POOLPIDM_01376",37.4528254382768,-2.0188988045299,0.351937831968054,-5.73652111578943,9.66410061624162e-09,8.57729603515586e-08
"POOLPIDM_02095",28.9353296361758,-2.41531725755587,0.421145322559658,-5.73511595208023,9.74456573607864e-09,8.61968969137695e-08
"POOLPIDM_00183",42.0008513868993,-1.88259318680313,0.328517015774659,-5.73058044608097,1.00087545927547e-08,8.82377160752559e-08
"POOLPIDM_01419",50.1247530950345,1.74068942283067,0.304171876721999,5.72271651669358,1.04834110987981e-08,9.21142388547726e-08
"POOLPIDM_02435",345.027687583093,-1.04269799249493,0.182633490066623,-5.70923762183246,1.13483357734152e-08,9.93827677698417e-08
"POOLPIDM_01843",17.310553747016,3.15305604589899,0.553265202931019,5.69899576043302,1.20515222284161e-08,1.05191432430811e-07
"POOLPIDM_00274",16.8790100979734,3.11984896680953,0.547691510807977,5.69636173875874,1.22391056844263e-08,1.06476180145702e-07
"POOLPIDM_02236",52.6283740061205,1.59681458732406,0.280493875501586,5.69286792614846,1.24923019655574e-08,1.08321407832925e-07
"POOLPIDM_02572",65.9720858906266,-1.46369457107269,0.257693547978567,-5.6799814452259,1.34709354630331e-08,1.1642421600182e-07
"POOLPIDM_02080",21.4944499807606,2.57734438224854,0.455176671124598,5.66229454572164,1.49362156602256e-08,1.28666223792008e-07
"POOLPIDM_02893",93.9561422686682,1.3062710534313,0.230762293639058,5.66067806326488,1.50776049127102e-08,1.29461128827049e-07
"POOLPIDM_00166",15.2511704237744,5.19352513222377,0.91861357746628,5.65365596549155,1.57070451232716e-08,1.34427827743325e-07
"POOLPIDM_02087",67.5263396752138,-1.47528440795426,0.261882138536222,-5.63339071614539,1.76700506642568e-08,1.50738684631007e-07
"POOLPIDM_00697",27.0978388197029,-2.41165518624486,0.428203385957749,-5.6320320327472,1.7809859254581e-08,1.51441254822824e-07
"POOLPIDM_01708",24.787544401556,-5.96474963280434,1.05942949092006,-5.63015253391171,1.80050318002851e-08,1.52608565355471e-07
"POOLPIDM_01703",19.8024116143324,-5.05675557818398,0.900348363027447,-5.61644335219369,1.94928115591403e-08,1.64689266890685e-07
"POOLPIDM_01026",20.1312594190344,2.61380890615832,0.465545219977513,5.61451131704149,1.971185286336e-08,1.66007808778968e-07
"POOLPIDM_02488",26.1138650799426,-2.5892588461055,0.46184509791886,-5.60633610224092,2.06654480455386e-08,1.73484461936432e-07
"POOLPIDM_00563",170.436913758161,-1.10843662620618,0.197843015153275,-5.60260682110734,2.11151825476921e-08,1.76697210145131e-07
"POOLPIDM_01033",16.372953058232,3.06019087599967,0.546264749845736,5.60202882734766,2.1185731032321e-08,1.76726541143032e-07
"POOLPIDM_01511",42.1405711679608,1.71895010751782,0.308530462743886,5.57141130321622,2.52683998874286e-08,2.10118303164864e-07
"POOLPIDM_01369",26.369224340813,-2.44168036004967,0.438460090536258,-5.56876307046184,2.56554058717058e-08,2.12001033986326e-07
"POOLPIDM_01524",255.597378908216,-1.05643737048852,0.189707784210402,-5.56876131828543,2.56556638245971e-08,2.12001033986326e-07
"POOLPIDM_00802",59.4333762368796,-1.51188764736515,0.271535767642426,-5.56791342993936,2.57807844791198e-08,2.12369212146749e-07
"POOLPIDM_01962",37.930098505072,1.84827948818776,0.332250874986727,5.56290329788175,2.65322933237466e-08,2.17878894708399e-07
"POOLPIDM_02379",62.4410934097444,1.51693680417801,0.272853644918491,5.55952552743492,2.70509030875769e-08,2.21447765648611e-07
"POOLPIDM_00507",166.859837142284,-0.99714566685378,0.179959593672983,-5.54094197759616,3.00848896750099e-08,2.45522505211536e-07
"POOLPIDM_02608",59.3843527981593,1.56919686475445,0.28540533681458,5.49813427551257,3.83830617499959e-08,3.12277008558608e-07
"POOLPIDM_02706",161.697949127926,1.06164943958586,0.193344584993433,5.49097063991691,3.99730806155644e-08,3.24212432315778e-07
"POOLPIDM_01157",25.7603396628405,2.14406420344883,0.391543564229009,5.47592758336028,4.35225662978975e-08,3.51918664911834e-07
"POOLPIDM_02253",110.159542232229,-1.22380668006046,0.223791641857201,-5.46850932369206,4.53836196688166e-08,3.658447139052e-07
"POOLPIDM_01257",26.3571461659782,-2.46897800827943,0.4520592235132,-5.46162511427518,4.71795562394877e-08,3.79162531241736e-07
"POOLPIDM_00096",19.0801214946935,-3.14469423351047,0.576928256701704,-5.4507543996695,5.01565975774512e-08,4.01670540303641e-07
"POOLPIDM_00612",138.494147201135,-1.17023740042633,0.214710651486347,-5.45029970486,5.02850069424133e-08,4.01670540303641e-07
"POOLPIDM_00686",18.3605917337674,-3.223701528862,0.593975636230567,-5.42732956072063,5.72034477562155e-08,4.55553741043456e-07
"POOLPIDM_02824",32.1892404895389,-2.0251482984195,0.373524775821359,-5.42172415194231,5.90269201586408e-08,4.68659522705353e-07
"POOLPIDM_02367",36.025293827858,1.86251153740355,0.343892733393332,5.41596653998872,6.09585009649364e-08,4.82542367998716e-07
"POOLPIDM_00192",39.4613787858456,1.73720364901447,0.321348293283561,5.40598374201273,6.44536431096595e-08,5.08682045619947e-07
"POOLPIDM_02704",333.256186443813,-0.912301690388032,0.169036057745323,-5.39708333569011,6.77329328303141e-08,5.32967196837934e-07
"POOLPIDM_02489",29.5461987377578,-2.10754339877193,0.391475872683824,-5.38358439390744,7.30169884768394e-08,5.72835659598062e-07
"POOLPIDM_02078",22.9178142830032,2.40007728419345,0.44735432113065,5.36504772800106,8.09278170096278e-08,6.33014022662846e-07
"POOLPIDM_01528",17.5857786051282,-3.19102279975892,0.596235908408304,-5.35194669552459,8.70130331612653e-08,6.78598684654128e-07
"POOLPIDM_00228",22.4658906914723,-2.58636169793207,0.484274398239297,-5.34069467090444,9.25910893660458e-08,7.19970830586716e-07
"POOLPIDM_00106",21.9178706561369,2.31524002033839,0.433607922724482,5.3394781298992,9.32145130694987e-08,7.21905714583533e-07
"POOLPIDM_02091",13.5919579304815,3.54852153909781,0.664623971404598,5.339141667729,9.33876512416482e-08,7.21905714583533e-07
"POOLPIDM_01468",27.6918384491625,2.00556628175392,0.376582523926598,5.32570194931521,1.00563915019754e-07,7.74992077368285e-07
"POOLPIDM_01672",76.8800751713727,-1.37279857970221,0.257792957639182,-5.32519814456545,1.00843051038438e-07,7.74992077368285e-07
"POOLPIDM_01016",57.0627362183477,-1.57990068988513,0.297738270726448,-5.30634065291758,1.11847846781977e-07,8.57066639875846e-07
"POOLPIDM_01027",15.7459639886328,3.10364570522696,0.588102272450304,5.2773911114061,1.31036019141362e-07,1.00119114914966e-06
"POOLPIDM_03041",609.265269775766,0.929580882419837,0.176203983525857,5.2755951586272,1.32325924161483e-07,1.00812467077939e-06
"POOLPIDM_02019",186.716745171232,-1.1080082103933,0.210118505126533,-5.27325382277043,1.34025995344553e-07,1.01813407414479e-06
"POOLPIDM_00077",41.2224382917499,-1.75503575073087,0.332863909997662,-5.27253240143458,1.34554072417414e-07,1.01920843359858e-06
"POOLPIDM_02952",28.3938877214637,1.97763759675208,0.375138611734088,5.2717516536365,1.35127843945583e-07,1.02062176687838e-06
"POOLPIDM_00290",15.0879880689326,3.05300082925305,0.579354836230387,5.26965624230846,1.36679486253036e-07,1.02939178789429e-06
"POOLPIDM_01866",17.7325485150153,-3.05358574008382,0.579825332331117,-5.26638897925907,1.39133322553924e-07,1.04488728846764e-06
"POOLPIDM_02081",21.8225308467854,2.36932782522706,0.449964713953162,5.26558583763458,1.39743005644427e-07,1.0464845536327e-06
"POOLPIDM_02337",28.2653564241298,-2.16252660258524,0.412888592570676,-5.23755473388397,1.62718052437435e-07,1.21508438024102e-06
"POOLPIDM_01119",82.080437992477,-1.25592506210436,0.23984552000818,-5.23639158263838,1.63746355238991e-07,1.21930901810729e-06
"POOLPIDM_02529",652.313563483168,-0.798517607654354,0.152591719113721,-5.23303369470037,1.66750327773853e-07,1.238179898625e-06
"POOLPIDM_01744",56.1169440225665,-1.50058709056736,0.288665458201142,-5.19836041318719,2.01054017583736e-07,1.48870334368182e-06
"POOLPIDM_01195",12.066414730649,4.43365917514016,0.853014646868218,5.19763545845083,2.01839452599895e-07,1.49033276485524e-06
"POOLPIDM_02148",20.9840278928045,-2.51997190915096,0.485506427300682,-5.19039865890447,2.09844308505918e-07,1.54511060676425e-06
"POOLPIDM_02868",36.1033280963101,-1.81237835242185,0.349483358366499,-5.18587883810259,2.14998559325807e-07,1.57865237432543e-06
"POOLPIDM_00047",76.2689984880547,-1.43046691424165,0.276160701094776,-5.17983517774576,2.22082037325733e-07,1.62613402886287e-06
"POOLPIDM_01580",49.3281276403364,-1.51449049399084,0.292606506192901,-5.17586062489127,2.26862770896905e-07,1.65653812765718e-06
"POOLPIDM_02278",138.321859255878,1.06290975993577,0.206025855892726,5.15910857562076,2.48128392815321e-07,1.80681337972704e-06
"POOLPIDM_02356",47.4646292195969,-1.56190881968514,0.303278605580432,-5.15007913827573,2.60376571021016e-07,1.89077862592672e-06
"POOLPIDM_00807",46.1060705422476,-1.59228982198665,0.309342045860266,-5.14734367117333,2.642010215421e-07,1.91327992523345e-06
"POOLPIDM_01948",27.4671279001658,-2.14252583129449,0.417002967128638,-5.13791507539456,2.77803366484382e-07,2.0062730795968e-06
"POOLPIDM_00924",64.0327131273719,1.30892250771587,0.255016189326343,5.13270357922591,2.85609532687178e-07,2.05140797864687e-06
"POOLPIDM_02111",153.688632620486,1.07582473057815,0.209596837384184,5.13282902549813,2.85419166061499e-07,2.05140797864687e-06
"POOLPIDM_02235",62.1351329921186,-1.42545669115274,0.278675768853472,-5.11510813091988,3.13561276956976e-07,2.24605305994182e-06
"POOLPIDM_00742",51.2531724678025,1.52174835121925,0.298118342637757,5.10451097290689,3.31651031325284e-07,2.36919273326138e-06
"POOLPIDM_00107",21.3665254297228,-2.42208195977148,0.47479381414674,-5.10133427943715,3.37267263098263e-07,2.40280136628925e-06
"POOLPIDM_00880",12.8785691677287,3.42023992795834,0.671838512799471,5.09086612749634,3.56431618646703e-07,2.53248988343048e-06
"POOLPIDM_01239",32.0532103987111,-2.00956111359975,0.395570889775654,-5.08015419117282,3.77128643110971e-07,2.67234167537774e-06
"POOLPIDM_02047",12.5034913156639,3.57987162710855,0.705869818808059,5.07157485944585,3.94537008090553e-07,2.78820255583565e-06
"POOLPIDM_02328",88.3764801703849,1.12040443824129,0.221035791049421,5.06888243266802,4.0015829340418e-07,2.82036700912679e-06
"POOLPIDM_02476",197.0441104038,-0.905460178803204,0.17922718871707,-5.05202466927367,4.37151222371261e-07,3.07288165912172e-06
"POOLPIDM_01467",64.0978963418078,1.32454546047312,0.262688093502104,5.0422744434837,4.60030858588538e-07,3.2251099554239e-06
"POOLPIDM_01763",27.8950713661496,-2.09209364973297,0.415570129186223,-5.03427340610295,4.79664674493943e-07,3.35383576118311e-06
"POOLPIDM_02486",44.2085176084725,-1.60379866417508,0.318686868624908,-5.03252195829486,4.84069140233124e-07,3.37567791972094e-06
"POOLPIDM_02882",188.32614601111,0.886241643835706,0.17644273555492,5.02282874411598,5.09159422258826e-07,3.54127767038065e-06
"POOLPIDM_02898",419.717065843851,0.769398121172346,0.153473300051082,5.01323761798474,5.35217340674632e-07,3.71271818425876e-06
"POOLPIDM_01019",266.497457794879,-0.912491046223651,0.182330728531638,-5.0045927725524,5.59802469429164e-07,3.8730690535834e-06
"POOLPIDM_02115",14.0897948601003,-4.12092361400751,0.823561025875496,-5.00378658597487,5.62149902934304e-07,3.8791286495676e-06
"POOLPIDM_00914",43.1784386956537,1.49494174200957,0.298960005414832,5.00047402640101,5.71895324227472e-07,3.93607330199378e-06
"POOLPIDM_01161",46.339466316685,1.53243067566302,0.306818501155713,4.99458367044595,5.89628247786116e-07,4.04755224261511e-06
"POOLPIDM_01015",35.3597748823777,-1.87927788663806,0.376602463725533,-4.99008388858464,6.03530766496643e-07,4.13222623502637e-06
"POOLPIDM_02083",53.3954495800901,1.37766207013386,0.276153820543289,4.98874890603913,6.0771574347948e-07,4.15010025858008e-06
"POOLPIDM_01884",26.270391609029,-2.01681882021424,0.404826143143008,-4.9819381835273,6.29505465427928e-07,4.2877943329923e-06
"POOLPIDM_00266",66.7702631470363,-1.26895557351289,0.254962528356182,-4.97702772911071,6.45680748529037e-07,4.37535849131759e-06
"POOLPIDM_01933",174.766148356253,-0.900510271901343,0.180931608877772,-4.97707546783428,6.4552158362709e-07,4.37535849131759e-06
"POOLPIDM_03112",11.2050895628436,3.68331564830573,0.741594654117354,4.96675053933555,6.80840769263769e-07,4.60178530199819e-06
"POOLPIDM_01576",67.928935499209,-1.28459143667043,0.258805904956228,-4.96353217631448,6.92225669234105e-07,4.66676947340435e-06
"POOLPIDM_00712",13.863858371468,-4.0636786836129,0.822568767246538,-4.9402297357042,7.80305793577261e-07,5.24715834660628e-06
"POOLPIDM_02977",20.2536990640476,2.28170991717256,0.46231715329586,4.93537802114035,7.99956646203338e-07,5.36561251753689e-06
"POOLPIDM_02073",208.426052254205,-0.908681700331649,0.184698647498226,-4.91980700800949,8.6629587737249e-07,5.79582724049209e-06
"POOLPIDM_01366",48.7905299672466,1.45938128082593,0.296921934692252,4.91503358395708,8.87672414136723e-07,5.92380881940355e-06
"POOLPIDM_01344",181.039303320719,-0.854037617082169,0.174258145702766,-4.90099107641667,9.53543880606936e-07,6.34732744767647e-06
"POOLPIDM_01145",26.9398378249706,2.02536961268216,0.414672175501508,4.88426697603392,1.03814334417308e-06,6.89306260765806e-06
"POOLPIDM_02477",119.995830485201,-1.22936817005884,0.252198941520195,-4.87459686645987,1.09030876175913e-06,7.22124094471622e-06
"POOLPIDM_01599",33.8854506299239,-1.84782022849462,0.380253007008053,-4.85944935198233,1.17712690135813e-06,7.77670805007524e-06
"POOLPIDM_01265",30.5843567839221,1.71966263507582,0.354797612788185,4.84688333036351,1.25416131809441e-06,8.26492308624217e-06
"POOLPIDM_01062",104.586108526421,-1.0561383289101,0.218143023637346,-4.84149486561573,1.28866006105342e-06,8.47109207216162e-06
"POOLPIDM_01295",40.5608341670183,-1.59132882657697,0.329483989764782,-4.82976070464914,1.36697230058609e-06,8.96352981180335e-06
"POOLPIDM_00280",37.7055800906867,1.53408047982232,0.318328578460575,4.81917296662799,1.44154538659625e-06,9.42906610190498e-06
"POOLPIDM_00021",35.5797486284845,-1.65064977557407,0.343233505598508,-4.80911609341802,1.51599147228034e-06,9.89146911121531e-06
"POOLPIDM_01899",81.1106297138398,1.18739058663688,0.247143467381982,4.80445871871526,1.55170710631854e-06,1.00995060055695e-05
"POOLPIDM_02987",21.3783467216917,2.03023497985925,0.422958956816064,4.80007562705937,1.58605724988654e-06,1.02976524894112e-05
"POOLPIDM_03128",130.805241301651,1.02998670035833,0.214757694021774,4.79604097562112,1.61832190375371e-06,1.04813182759085e-05
"POOLPIDM_01187",10.4857119279282,6.16323902162927,1.28637581291523,4.79116519430036,1.65815531627288e-06,1.07129838570964e-05
"POOLPIDM_02228",17.4897986304705,2.29786645002931,0.479875980455454,4.78845898444091,1.68066903974465e-06,1.0831891415078e-05
"POOLPIDM_02778",45.4276578729567,1.36248291923425,0.285036377542078,4.78003169624592,1.75267560317537e-06,1.12684216828543e-05
"POOLPIDM_01008",47.53592090028,-1.41708873482246,0.297282162268848,-4.76681387139843,1.87162064331546e-06,1.20038735177118e-05
"POOLPIDM_01964",126.886621930955,0.98619597516074,0.207807564424198,4.74571740395174,2.0776861943008e-06,1.32931573014003e-05
"POOLPIDM_01963",33.2380663937762,1.56768378345413,0.331118861772124,4.73450462792727,2.19590761238636e-06,1.40155265526645e-05
"POOLPIDM_00105",88.1043209741482,1.02695135832464,0.216938245742343,4.73384190422718,2.20309353717992e-06,1.40274264831069e-05
"POOLPIDM_00152",46.8766002572154,1.36278244051353,0.287949474080567,4.73271376815305,2.2153779054521e-06,1.40716533946307e-05
"POOLPIDM_01083",22.1973308165145,-2.11618251135578,0.447303968919528,-4.73097190813545,2.23447444427065e-06,1.41588332574457e-05
"POOLPIDM_00104",52.0470175814099,1.34494094023392,0.284755522868827,4.72314259854923,2.32227895849694e-06,1.46693859183284e-05
"POOLPIDM_02721",76.4369549696305,1.1009191201053,0.233107212273138,4.72280162149304,2.32617728143448e-06,1.46693859183284e-05
"POOLPIDM_02693",30.4478873837672,1.65175385473847,0.350614544233972,4.7110249186817,2.46474093871847e-06,1.55061028984771e-05
"POOLPIDM_01374",31.1582006493929,-1.71124787896903,0.363416279860627,-4.70878156483607,2.49201950763521e-06,1.5640389100301e-05
"POOLPIDM_01985",32.4996932286075,-1.74104810975143,0.369795316411984,-4.70813996954941,2.49987427458031e-06,1.56524194484411e-05
"POOLPIDM_01483",11.7977885329404,3.12154297222168,0.664321443949319,4.6988442126216,2.61637929689615e-06,1.63430706791902e-05
"POOLPIDM_01991",38.834242191133,-1.54267779815601,0.330600895458402,-4.66628439108423,3.0669514369054e-06,1.91122552900298e-05
"POOLPIDM_01755",29.5938140946497,-1.76427307074333,0.37842302573401,-4.6621715666515,3.12890174098196e-06,1.94523230878029e-05
"POOLPIDM_00977",18.351238011114,-2.43100631093394,0.522111164639109,-4.65610865190804,3.22241921507473e-06,1.99865812963224e-05
"POOLPIDM_02072",39.1156242082765,1.57768163011883,0.340299510885457,4.63615603211922,3.54948072046844e-06,2.19634534721944e-05
"POOLPIDM_00130",41.6778234975471,-1.44509479990264,0.311881203959221,-4.63347832943337,3.59572415023541e-06,2.2197491475458e-05
"POOLPIDM_00275",14.2885394299445,2.47402656582915,0.534380573301796,4.62970903029426,3.66179914518746e-06,2.25525760437246e-05
"POOLPIDM_00487",12.2967044737782,2.89245985141099,0.625738940265831,4.62247059481738,3.79196576931781e-06,2.32998176408432e-05
"POOLPIDM_02264",43.1091074664452,-1.51523808405769,0.32896351678167,-4.60609765752031,4.10295760249101e-06,2.51520842794565e-05
"POOLPIDM_00917",31.735191602875,1.55938480702603,0.339015911430455,4.5997392878886,4.23020026281695e-06,2.58719440667877e-05
"POOLPIDM_02804",69.0135340804342,-1.16143215316262,0.252745987422494,-4.59525456766661,4.32221264830983e-06,2.63735012521868e-05
"POOLPIDM_00999",18.1159364037291,-2.33759740965976,0.5093086842611,-4.58974582978322,4.43786064990783e-06,2.70166297301548e-05
"POOLPIDM_00610",61.0433489735782,-1.25170747885923,0.273662396741645,-4.5739111173572,4.78702981180945e-06,2.90751395943081e-05
"POOLPIDM_00407",52.5319629401879,1.24186711201599,0.271906438760157,4.5672589353848,4.94143450821025e-06,2.98752783569775e-05
"POOLPIDM_03069",22.2295613066947,1.91000258145372,0.41817004982654,4.56752601542363,4.93514441834543e-06,2.98752783569775e-05
"POOLPIDM_00474",9.39805492320276,3.71399117598493,0.813837481844419,4.56355385299756,5.02949009457993e-06,3.03380683965965e-05
"POOLPIDM_02928",145.009427800761,-0.9131422984615,0.200205492847347,-4.56102520202956,5.09044702549048e-06,3.06356583543217e-05
"POOLPIDM_02330",26.4205769023928,1.77438834181937,0.39113923586965,4.53646215745713,5.72057484627442e-06,3.43495109220487e-05
"POOLPIDM_00926",30.4834708650751,1.55529935146827,0.343447119856724,4.52849728982178,5.940464306351e-06,3.55887816171392e-05
"POOLPIDM_00114",306.9383714031,0.849995004276366,0.187787052779415,4.52637704088586,6.0003485076296e-06,3.58660287213415e-05
"POOLPIDM_01299",11.483412056108,2.89458987667215,0.641105573186976,4.51499721377083,6.33175982828539e-06,3.77613549940278e-05
"POOLPIDM_02571",11.743229687404,-4.2943765874038,0.95271540483035,-4.5075124907511,6.55920704943802e-06,3.90295028946244e-05
"POOLPIDM_01720",16.9194889908174,2.14922842169322,0.477984457995907,4.49643996941762,6.91006769556144e-06,4.10246361385134e-05
"POOLPIDM_02479",123.599646764066,-0.966940523078128,0.215438694140902,-4.48823980731022,7.18140644351992e-06,4.25397469328506e-05
"POOLPIDM_01039",32.6016256370943,-1.56756712887301,0.34980437373598,-4.48126795022911,7.4200881437477e-06,4.38550501051994e-05
"POOLPIDM_02246",8.71367292100284,4.3606557919509,0.973655566177344,4.47864310894993,7.51190026561719e-06,4.42983648773309e-05
"POOLPIDM_00908",33.9525921702297,1.49267543808048,0.333382768133744,4.4773623017062,7.55709393103819e-06,4.4465400897805e-05
"POOLPIDM_02077",20.1931262769327,1.98643351077015,0.443745933849476,4.47651090239392,7.58727953370277e-06,4.45435831867272e-05
"POOLPIDM_01914",54.7374573908604,-1.2324512850821,0.275432044867612,-4.47461109935295,7.6550515349796e-06,4.48415907693472e-05
"POOLPIDM_02724",12.7760423275363,-3.06503290415543,0.685892527447955,-4.46867808220582,7.87044733589195e-06,4.60011068235281e-05
"POOLPIDM_01164",67.5366315302135,1.116634933601,0.251553345316178,4.43895879101707,9.03951205907069e-06,5.27171543975892e-05
"POOLPIDM_02292",19.2540718486138,1.96370859368053,0.442531401190487,4.43744463872577,9.10331246157469e-06,5.29720345446156e-05
"POOLPIDM_02025",47.3885539076999,-1.31520983219415,0.296539057072448,-4.43519934668447,9.19871281812019e-06,5.34092664946362e-05
"POOLPIDM_01922",57.0350648583721,1.32691420023288,0.299633413982107,4.42845870424891,9.49088856019952e-06,5.49845763619471e-05
"POOLPIDM_00713",38.5793531000726,-1.48441885397161,0.335513040050926,-4.42432536674668,9.67441236900036e-06,5.59248925541337e-05
"POOLPIDM_01697",11.9302125476366,-3.18545096207433,0.720299666634396,-4.42239682958395,9.76119635823811e-06,5.63030932173209e-05
"POOLPIDM_00168",12.314690719448,2.82679810556628,0.640116211705923,4.41607016643556,1.00511469982987e-05,5.78489595797277e-05
"POOLPIDM_00879",9.25312802068593,3.40272575912273,0.771120930197691,4.41270055819958,1.02089149628673e-05,5.86289756908896e-05
"POOLPIDM_00751",122.505919535854,-1.09718791498623,0.248999897797543,-4.40637897722486,1.05112992752188e-05,6.02343149771231e-05
"POOLPIDM_00522",79.3754483075554,1.02551911189685,0.23278750234002,4.4053873235812,1.05595029573079e-05,6.03792837211791e-05
"POOLPIDM_01780",59.7026679782878,1.17934960623785,0.267913996308623,4.40197086560309,1.07271964226428e-05,6.12053891127414e-05
"POOLPIDM_01527",36.9469683874741,-1.43721326709369,0.326656505854976,-4.39976930302366,1.08366019635491e-05,6.16960751099685e-05
"POOLPIDM_01530",29.4903187936015,-1.68972869896758,0.384182716155885,-4.39824236726454,1.09131070918068e-05,6.19977377025919e-05
"POOLPIDM_00231",45.2335152829127,-1.33458566608516,0.303661868418634,-4.39497284606467,1.10786601436384e-05,6.28028992228619e-05
"POOLPIDM_00996",21.1255503016484,-1.95287555234019,0.445366596777407,-4.3848720727393,1.16053960332817e-05,6.55071176525277e-05
"POOLPIDM_01732",38.6953530890192,1.39446037490752,0.317996632966084,4.38514194914839,1.1591016802642e-05,6.55071176525277e-05
"POOLPIDM_02694",102.91551742687,0.916115557681204,0.209926128161215,4.36399016027993,1.27711323952152e-05,7.19331303286055e-05
"POOLPIDM_03034",49.9655671179945,1.23745618849595,0.28383979081315,4.35969948029789,1.30241181390443e-05,7.32016533358654e-05
"POOLPIDM_01766",35.6499613235233,-1.457956450823,0.33463599389327,-4.35684289027201,1.31951910894554e-05,7.40053695995841e-05
"POOLPIDM_00618",32.3230247304983,-1.54742230863577,0.355312214897805,-4.35510585832475,1.33002627889653e-05,7.44362902584128e-05
"POOLPIDM_01805",8.24181226378161,4.25397179889691,0.978384850477757,4.34795346311796,1.37413751086444e-05,7.6742086411836e-05
"POOLPIDM_01367",48.2328483547558,-1.28848822412174,0.296484302968006,-4.34589019122804,1.38711953471404e-05,7.73033212157762e-05
"POOLPIDM_01060",97.9980945479489,0.90516937705067,0.2085703598606,4.33987541497098,1.42563518523409e-05,7.92821592463516e-05
"POOLPIDM_02979",37.6791833830085,1.33647795146641,0.308019594934023,4.33893808526265,1.43172848099686e-05,7.9453395282268e-05
"POOLPIDM_01474",68.3517465443264,1.0834631091182,0.249870533103121,4.33609796106313,1.45034327390685e-05,8.03173292020684e-05
"POOLPIDM_01037",25.0909873941416,-1.73290956176902,0.401134964572933,-4.32001624095262,1.56017717965847e-05,8.62185963433904e-05
"POOLPIDM_01565",105.53729771281,0.962687115744199,0.223296945714982,4.31124175327045,1.62340296504558e-05,8.9524899913392e-05
"POOLPIDM_01865",41.0289016904724,-1.33685791189909,0.31033487347268,-4.30779144135335,1.6489275171079e-05,9.0742650002013e-05
"POOLPIDM_02113",32.7883795213839,-1.5549138148781,0.361465510439502,-4.30169343954143,1.69497709888753e-05,9.30824923472402e-05
"POOLPIDM_02254",370.778550496286,-0.722447980515817,0.168037449937163,-4.29932720822635,1.71317383416837e-05,9.3886200142782e-05
"POOLPIDM_03023",13.2821572381725,2.37416640216121,0.552691544970123,4.29564451232839,1.74186521301077e-05,9.5260512479178e-05
"POOLPIDM_00404",14.7554521806933,-2.44523071530261,0.569676024781342,-4.29231810526195,1.76817384701378e-05,9.64990944250168e-05
"POOLPIDM_01218",1004.1864551522,0.596173598591061,0.138933351803239,4.29107619483173,1.77809286458666e-05,9.6839933699389e-05
"POOLPIDM_01411",34.7974016797205,1.50730908706771,0.351940473040379,4.28285236433939,1.84512605074459e-05,0.000100283551953871
"POOLPIDM_01949",14.0439681488168,-2.8430684112477,0.664948184805619,-4.27562399027948,1.90602684610489e-05,0.000103380386138529
"POOLPIDM_01745",22.5809693385723,-1.84651168983382,0.432265965192051,-4.27170269816047,1.93986087963571e-05,0.000104999451308414
"POOLPIDM_01537",36.177523469971,1.43115484787467,0.336015826509382,4.25918880887806,2.05170115381571e-05,0.000110825496751193
"POOLPIDM_01726",62.222668810694,-1.09124727267443,0.256346224131704,-4.2569274284055,2.0725559456715e-05,0.000111723056703273
"POOLPIDM_01051",16.2010210203718,2.0714576396195,0.487177904739093,4.25195317658929,2.11914173613094e-05,0.000114001175845738
"POOLPIDM_01331",57.5564562199957,-1.1156985130143,0.263388087457904,-4.23594902784893,2.27588405177345e-05,0.000122183917728611
"POOLPIDM_01101",12.9436290702236,-2.7921836909732,0.660737779326755,-4.22585748588227,2.38032609262009e-05,0.000127531292279402
"POOLPIDM_02776",56.5988616683172,1.16271784561626,0.275196724568726,4.22504245803947,2.38895732971196e-05,0.000127734107933483
"POOLPIDM_01835",9.51255886960771,3.45327281692279,0.819259894170904,4.21511273955077,2.49653443251891e-05,0.000133215885913357
"POOLPIDM_00683",138.651667691787,0.857880090309366,0.203588778989955,4.21378867030629,2.51122268054724e-05,0.000133728949210556
"POOLPIDM_01041",160.240879292384,-0.790136285648808,0.18756984129922,-4.21249109225585,2.52569678201203e-05,0.000134228562850478
"POOLPIDM_01071",13.3209539739131,2.33594958910109,0.557925736970624,4.18684680471029,2.82856601443447e-05,0.000150022133079462
"POOLPIDM_01406",7.96220588508924,4.80751590369415,1.14899533404203,4.18410393955376,2.86293107257979e-05,0.000151539885689163
"POOLPIDM_03133",61.1965496060899,1.13932778643003,0.273275313627979,4.16915736479967,3.05727852174173e-05,0.000161502729124473
"POOLPIDM_00876",14.1237175181924,-2.52530154108949,0.607018409942307,-4.16017290370073,3.18006756457684e-05,0.000167653162004491
"POOLPIDM_00564",56.2826536232586,-1.12018615098115,0.26955118734936,-4.15574556356638,3.24228491483331e-05,0.000170592076556898
"POOLPIDM_01282",28.9491698784389,-1.5656723983236,0.376849401476719,-4.15463681828436,3.25804620632173e-05,0.000171079876491316
"POOLPIDM_01438",80.6913356929344,-1.10610038524804,0.266777986395094,-4.14614564040499,3.38118805180497e-05,0.000177193075637334
"POOLPIDM_02183",21.5967038832691,-1.93985127955879,0.468959633234301,-4.13649948116025,3.52644152123529e-05,0.00018443848908683
"POOLPIDM_02238",31.1487540157724,1.42254418761851,0.345902545856776,4.11255772661335,3.91299583104971e-05,0.000203846976495
"POOLPIDM_03070",18.3123242726119,1.87313513912593,0.455437064069465,4.1128298219493,3.9083850081391e-05,0.000203846976495
"POOLPIDM_02242",21.6761298826042,1.83020667032456,0.445358439821672,4.10951383577104,3.96492960001776e-05,0.000206056969453244
"POOLPIDM_02470",45.0158062423709,-1.21312257088053,0.295224162011563,-4.10915747076628,3.97105237034324e-05,0.000206056969453244
"POOLPIDM_00233",57.2167053035477,1.11307279262029,0.271002151975729,4.1072470624513,4.00402871882331e-05,0.000207359915575997
"POOLPIDM_01266",96.636494569113,0.894830509464288,0.217917289949748,4.10628504819712,4.02073266511415e-05,0.000207816692259625
"POOLPIDM_02629",13.0590876140645,2.21441095972361,0.539628077209478,4.10358736553286,4.06792735667885e-05,0.000209844550141007
"POOLPIDM_00293",9.54902559592831,2.92526148620302,0.713274037379897,4.10117477000639,4.1105794301491e-05,0.000211630612849083
"POOLPIDM_01533",22.3754847159263,-1.78845422842542,0.436347448916784,-4.09869298620901,4.15489724963573e-05,0.000213495305069002
"POOLPIDM_01693",25.0045195890241,-1.62506212197338,0.397014997743927,-4.09320083928301,4.2545889697036e-05,0.00021819253938013
"POOLPIDM_00374",25.3868864085843,-1.63248949567489,0.39905887408237,-4.09084874864335,4.29797375676163e-05,0.000219563155481079
"POOLPIDM_02252",21.3663042641315,-1.7825007780847,0.435715927960319,-4.09096997309456,4.29572752747111e-05,0.000219563155481079
"POOLPIDM_00652",12.9285146217762,2.29297760951203,0.561850395958155,4.08111772458874,4.48196454092447e-05,0.000228519507347716
"POOLPIDM_03114",10.0444531934702,2.6889490638631,0.659288285924098,4.07856338611281,4.53148481503241e-05,0.000230598339236012
"POOLPIDM_00685",229.92489786962,0.84998126210427,0.208669479628531,4.07333771866105,4.63441469262391e-05,0.000235381832943287
"POOLPIDM_02114",11.7982601116003,-2.71094478728213,0.666905815589701,-4.06495898507801,4.80409094870605e-05,0.000243530456553637
"POOLPIDM_02519",18.6316818930638,-1.93292427759888,0.475785510719135,-4.06259592621332,4.85299943994605e-05,0.000245537553237961
"POOLPIDM_02099",30.7561767518044,-1.44474177819742,0.356112256870734,-4.05698414003721,4.97104562314305e-05,0.000251028280892817
"POOLPIDM_00691",26.6595255742836,1.55178780880528,0.382995276753742,4.05171526384918,5.0843517575013e-05,0.000256259105789167
"POOLPIDM_02880",29.9940181015776,-1.52164443752692,0.375836072338973,-4.04869183539817,5.15047081503098e-05,0.000259096203595833
"POOLPIDM_01856",17.3337348673105,-1.97964359107056,0.489212811918871,-4.04658983338085,5.19691861099425e-05,0.000260934808734873
"POOLPIDM_01615",20.5054976377271,-1.80459694201197,0.446325310674442,-4.04323236628693,5.27193264928272e-05,0.000264197993602837
"POOLPIDM_01441",77.1406665262867,-0.989493143286441,0.244797119020913,-4.04209472416997,5.29758226197498e-05,0.000264979636481329
"POOLPIDM_01451",14.8703386492063,-2.17255963773625,0.538670287347239,-4.03319003993211,5.50247449002454e-05,0.000274706870373195
"POOLPIDM_02691",63.7454076974355,1.03070259837898,0.256061570188192,4.02521392656254,5.69235432609917e-05,0.000283649262827928
"POOLPIDM_02090",15.3728739558565,2.07660382777552,0.517702798702046,4.01118910885136,6.04136935158066e-05,0.000300472634165408
"POOLPIDM_00633",88.3858017579623,0.90967622008152,0.226826834316444,4.01044357393994,6.06047831059062e-05,0.000300855382800695
"POOLPIDM_02404",16.1684494165978,-2.08520747838508,0.520071687228138,-4.00946163691154,6.08573387920819e-05,0.000301541250105127
"POOLPIDM_02447",42.7662062389199,-1.28704984858034,0.321309634755895,-4.00563727122012,6.18505016842773e-05,0.00030588728412712
"POOLPIDM_00127",35.605509086503,-1.37218724777728,0.342953105334225,-4.00109293788146,6.30505859945166e-05,0.000311238473186415
"POOLPIDM_01987",156.64226733577,-0.84819945027363,0.21223456188717,-3.99651895870079,6.42807358942299e-05,0.000316717794050823
"POOLPIDM_01510",68.956681312823,-1.01448703818695,0.254001730155748,-3.99401625164082,6.49634078612987e-05,0.000319484222243252
"POOLPIDM_00134",14.8201410704896,-2.22663199607684,0.558206613942135,-3.9889029267354,6.63795767023615e-05,0.000325840901652561
"POOLPIDM_00834",28.2365337794693,-1.54488261582472,0.38739189561624,-3.98790638964507,6.66589545180984e-05,0.000326604096858192
"POOLPIDM_00654",68.3568972578826,0.962751723116191,0.242354601935411,3.97249202378576,7.11246185273668e-05,0.000347538837743045
"POOLPIDM_01279",34.5550867692465,-1.31826340864175,0.33186774627299,-3.97225528375803,7.11953612978924e-05,0.000347538837743045
"POOLPIDM_02092",19.0609444271654,1.91047734597295,0.481128489707388,3.97082564604491,7.16239829911303e-05,0.000348984878307984
"POOLPIDM_01760",33.423294239623,-1.36688230984807,0.34459549308521,-3.96662851742542,7.28964761052534e-05,0.000354529725117063
"POOLPIDM_01437",23.6847026358244,-1.61643797644269,0.40810888714582,-3.96080072587374,7.46988525916223e-05,0.000362626474091191
"POOLPIDM_02131",9.23901142135725,-3.49183913586905,0.883565523122765,-3.95198663199071,7.75050712512132e-05,0.000375557661430511
"POOLPIDM_00269",36.0324554902448,-1.30724326285461,0.330888919987919,-3.95070122898747,7.79225497625944e-05,0.000376887781971007
"POOLPIDM_00658",13.6295162266299,-2.33421998098593,0.591409521331693,-3.94687589021208,7.91775732804692e-05,0.000382256562577503
"POOLPIDM_02805",14.9721884791252,-2.15314061866874,0.54567526157375,-3.94582780325974,7.95247520993828e-05,0.000383230798051139
"POOLPIDM_00617",9.85737013813885,2.62192658542835,0.665359961673066,3.94061370755679,8.12734144323871e-05,0.000390942920517833
"POOLPIDM_00240",157.203874092673,0.814616341556976,0.206770785242182,3.93970715254987,8.15811325081461e-05,0.000390996118711769
"POOLPIDM_01214",30.6153202146871,-1.46800609859617,0.372597282627661,-3.93992701246605,8.15064029853133e-05,0.000390996118711769
"POOLPIDM_00904",7.90137716269554,3.13198083585934,0.798405821322192,3.92279308619351,8.75283179673964e-05,0.00041873801481317
"POOLPIDM_00212",53.525893841736,1.03819989079632,0.26534927132524,3.91257863875494,9.13157876886582e-05,0.000436065971643665
"POOLPIDM_02378",65.3476262848014,0.949251891302059,0.242700256170772,3.91121091620989,9.18345298318559e-05,0.000437750127733765
"POOLPIDM_01860",98.5007171144975,0.884077686095163,0.226326251755672,3.90620919684368,9.37553521460718e-05,0.000446099473388168
"POOLPIDM_00089",16.7288105481123,1.91087879045688,0.489892094224825,3.90061161015579,9.5949978223191e-05,0.000455719175849246
"POOLPIDM_01548",15.0832153185019,-2.12425041929498,0.545028813608935,-3.89750113435132,9.71903672492143e-05,0.0004607802303398
"POOLPIDM_00053",20.9370969672383,-1.68055631926096,0.431931411214483,-3.89079440769464,9.99165654624214e-05,0.00047240078677518
"POOLPIDM_00660",142.94438424735,0.737420236327076,0.189539328430747,3.89059221868305,9.99998630578719e-05,0.00047240078677518
"POOLPIDM_02469",65.1268124364821,-0.971054218650735,0.249908161607407,-3.88564427990236,0.000102058857335826,0.000481265023143537
"POOLPIDM_00217",69.1140805159941,-0.970330562194531,0.250176367784557,-3.87858601828508,0.000105065376272748,0.00049455773545529
"POOLPIDM_02495",69.2126206320426,-0.952848428431375,0.245995873446073,-3.87343257056812,0.000107313107512123,0.000504237703033789
"POOLPIDM_01361",33.2699400426019,-1.44643709821464,0.373592948119601,-3.87169272197178,0.000108082151632764,0.000506947600896736
"POOLPIDM_01837",6.57257844261484,4.5244565976956,1.16927260758146,3.86946257729758,0.000109075521323383,0.00051069817799012
"POOLPIDM_02513",30.3316317939147,-1.37917570802421,0.356799093244088,-3.86541259251661,0.000110901561622921,0.000517409763607116
"POOLPIDM_02742",18.4206310039583,-1.84351672703832,0.476888233180151,-3.86572072610127,0.00011076162430572,0.000517409763607116
"POOLPIDM_01184",22.6016695477872,1.64688040383104,0.426800034617743,3.85866979909232,0.00011400584683012,0.000530016600077948
"POOLPIDM_01913",56.1758125895017,-1.03648221956642,0.268597016400435,-3.85887465712275,0.00011391033791443,0.000530016600077948
"POOLPIDM_01986",70.9441256212282,-0.958127380682925,0.248780207921219,-3.85130066691774,0.000117492142164313,0.000545262828776634
"POOLPIDM_01188",5.34566737241812,5.19758175752589,1.34978729192544,3.85066727818399,0.000117796440846449,0.000545714267260527
"POOLPIDM_01717",143.937390316218,-0.779648267370936,0.202550871349041,-3.84914793097792,0.000118529412497405,0.000548146546216071
"POOLPIDM_02263",37.7028977378415,-1.22563070466513,0.318542579586612,-3.84761970049872,0.000119271006605322,0.000550610111053638
"POOLPIDM_01691",44.7690680254579,-1.17582371087672,0.306089515334238,-3.84143739648437,0.000122315933862944,0.000562695988940175
"POOLPIDM_02409",17.9946301262307,-1.92652290425942,0.501462185792234,-3.84181092581449,0.000122129901167952,0.000562695988940175
"POOLPIDM_01504",26.129751985556,1.48992200026617,0.388112477205812,3.83889229996612,0.000123590624077017,0.000567569486179474
"POOLPIDM_03014",22.763009091699,1.58192596380329,0.413105058049075,3.82935510708601,0.000128479501724368,0.00058899472442684
"POOLPIDM_01934",20.922853963822,-1.67320865827367,0.437080098908611,-3.82815109278979,0.000129109493081837,0.000590855249589794
"POOLPIDM_01516",22.8706411010514,-1.5805244972568,0.414090530560114,-3.81685737927628,0.000135162245966091,0.000617482981571256
"POOLPIDM_00268",17.3776603650317,-1.81741249687549,0.477825221038141,-3.80350893351111,0.000142660846393532,0.000649488758365025
"POOLPIDM_01249",55.5710682065732,-1.02564753994723,0.26965061388366,-3.80361655838746,0.000142598850325417,0.000649488758365025
"POOLPIDM_01747",33.7571179673493,-1.30140505504004,0.342728105784505,-3.79719384863732,0.000146343347285297,0.000665105281800075
"POOLPIDM_01021",14.7386890398356,1.91343556960606,0.504611319206055,3.79189981829306,0.000149499224739669,0.000678278754584796
"POOLPIDM_00235",46.2553290117212,1.13440412834487,0.299710774793383,3.7849961487935,0.000153710958833996,0.000696189153756723
"POOLPIDM_01596",56.397040771588,-1.11267765397706,0.294258681410398,-3.7812908310604,0.000156017278929257,0.000705422894095233
"POOLPIDM_02215",22.81498890379,-1.55159443852063,0.410496431210494,-3.7798000677989,0.000156954338384913,0.000708444582162038
"POOLPIDM_00793",65.4180115962404,-1.11904418072076,0.296298259617064,-3.77674908440912,0.000158888654142981,0.000715949559522902
"POOLPIDM_01680",233.76995865534,-0.719722973534098,0.190591142456451,-3.77626664207939,0.000159196567866149,0.000716112888899605
"POOLPIDM_00402",13.0182017281363,-2.40282472333602,0.63656230304414,-3.7746890003466,0.00016020740624996,0.000718208712372269
"POOLPIDM_00408",26.0683615578544,1.38963358354661,0.368137910652692,3.77476359629153,0.000160159474852738,0.000718208712372269
"POOLPIDM_02628",8.21539546956838,2.74386947970404,0.728353976692155,3.7672197413755,0.000165075692701571,0.000738776784314671
"POOLPIDM_00891",56.7346169408724,1.02260599804256,0.272838702264725,3.74802397736947,0.000178233219242054,0.000796309772749245
"POOLPIDM_00120",14.4171779101997,1.86690623261034,0.498433528618869,3.74554704974088,0.000180001106775329,0.000802847576074055
"POOLPIDM_00693",6.43071360147056,4.45711688895479,1.19030477675595,3.74451735050765,0.000180740887218529,0.000804785437006828
"POOLPIDM_01559",16.2042608293328,-1.88779522328031,0.504390286587846,-3.74272715688295,0.000182033849152504,0.00080917576115683
"POOLPIDM_02350",6.22347870336109,4.42933692204989,1.18444973786546,3.7395735593071,0.000184332701914854,0.000818015155298914
"POOLPIDM_01314",14.5831154542268,1.96494517118459,0.528651359540767,3.71690176469331,0.000201680815453136,0.000893496856360447
"POOLPIDM_01882",34.4294269932785,-1.22619644856046,0.330331856644429,-3.71201391538917,0.000205616679880451,0.000909405315712866
"POOLPIDM_00534",10.5251122244783,2.28598012404763,0.616633365017576,3.70719499419639,0.000209567581268399,0.000925326874746233
"POOLPIDM_03019",47.2060239742672,1.04533845205103,0.282261361651341,3.7034415406182,0.000212694212176512,0.000937561778089106
"POOLPIDM_01127",45.9442116536768,1.06015245944621,0.286385026619821,3.70184318628353,0.000214038896931299,0.000941914077313698
"POOLPIDM_01836",6.0380363289914,3.83665599475272,1.03714320474022,3.69925385155826,0.000216234240992621,0.000949989098760916
"POOLPIDM_02972",39.7033122927966,1.16477464734183,0.315290304391887,3.69429262846626,0.00022049975641834,0.000967117068084434
"POOLPIDM_02377",46.2126418997226,1.05973625027524,0.287217511761079,3.68966447685396,0.000224550011859519,0.000983245566879886
"POOLPIDM_01593",41.9144811633024,-1.13870915280637,0.309197969972468,-3.68278340542716,0.000230701165571117,0.00100850459775367
"POOLPIDM_00518",61.0971232093742,-1.01074257571516,0.274597740793921,-3.68081169492831,0.000232492661167077,0.00101465340204704
"POOLPIDM_00281",6.32391092594491,3.42503949549565,0.93254254221578,3.67279704726128,0.000239910020184978,0.00104529390612827
"POOLPIDM_01733",249.852295970801,0.638921026902891,0.174203619847048,3.6676679133526,0.000244772804521514,0.00106472130811668
"POOLPIDM_01868",24.6958062665427,1.43413356526635,0.391728245605067,3.66104201409111,0.000251191559110501,0.0010908417624634
"POOLPIDM_01407",7.10921421066474,2.94255964265996,0.804397391150233,3.65809197671851,0.000254099865636669,0.00110165665430635
"POOLPIDM_01219",153.716067166587,0.713473418667792,0.195306903254835,3.65308858405715,0.000259104792939853,0.00112151105778235
"POOLPIDM_00504",22.7381940408671,-1.49495489149407,0.409636239808273,-3.64946932476916,0.000262782616097143,0.0011355655344788
"POOLPIDM_02121",11.5867836953861,-2.28752762391514,0.627378061068892,-3.64617089099,0.000266176997305608,0.00114835117004514
"POOLPIDM_02163",40.9328455987984,1.09545983707567,0.300552659435584,3.64481831281369,0.000267580767970697,0.00115064095329651
"POOLPIDM_02906",42.3814654966897,1.08772995170293,0.298406220562815,3.64513162510954,0.000267254981177823,0.00115064095329651
"POOLPIDM_02596",17.2076711000923,1.69339325334723,0.465133018222896,3.64066447017042,0.000271935330569201,0.00116746177749253
"POOLPIDM_02918",73.8741864670825,-0.882689763164363,0.243470256402278,-3.62545214437169,0.00028845631281862,0.00123637535055265
"POOLPIDM_02445",33.3189521875048,-1.29428605152515,0.357594539905948,-3.61942341699501,0.000295260175458677,0.00126143569288342
"POOLPIDM_02832",41.4392297425019,-1.11435065775694,0.307849029353512,-3.61979591131762,0.000294835468792988,0.00126143569288342
"POOLPIDM_01936",49.6677300558357,1.01596277896872,0.280803623063127,3.61805438222686,0.00029682603547126,0.00126402815751574
"POOLPIDM_02243",145.012041871524,0.680929799350193,0.188190518051853,3.61830025443988,0.000296544242587861,0.00126402815751574
"POOLPIDM_02100",16.7377110195668,-1.77642727682205,0.491540098907398,-3.61400276553371,0.000301505842365987,0.00127982190092873
"POOLPIDM_02512",16.4646806962898,-1.88913816652215,0.522697176650266,-3.61421153760347,0.000301263022038141,0.00127982190092873
"POOLPIDM_02834",26.4155115855496,-1.38288427871848,0.382825057488439,-3.61231390596799,0.000303476884228844,0.00128611747078333
"POOLPIDM_02260",31.5835688321896,-1.23210498863014,0.344261955228773,-3.57897516677777,0.000344944239973727,0.00145950724971227
"POOLPIDM_02491",29.8600152171559,-1.28199042620547,0.358953233873113,-3.5714692200228,0.000354984272213673,0.00149958099608212
"POOLPIDM_01247",16.1716032311981,-1.79848891561104,0.503759482041156,-3.57013412099727,0.000356798496488445,0.00150483333878967
"POOLPIDM_02796",152.866481463448,0.704934412715615,0.19751977797087,3.56893076712337,0.000358441122607797,0.0015093463245913
"POOLPIDM_01096",47.3743601587605,-1.06969982118854,0.300461179290487,-3.56019311284918,0.000370582169492707,0.00155798181624047
"POOLPIDM_02150",48.1964404687647,-1.02451632760357,0.288216730972932,-3.55467333261714,0.000378448968152886,0.00158852146504938
"POOLPIDM_00728",21.6883669238432,1.47619199751338,0.416656020238204,3.54295132149882,0.00039567573185956,0.00165818955354817
"POOLPIDM_02678",30.6635379170069,1.23358005883836,0.348313727053288,3.54157750047454,0.000397741995935018,0.00166420301791224
"POOLPIDM_00886",41.2464351674557,1.03838101788319,0.293949326007708,3.53251709056807,0.000411623618877684,0.0017195560370231
"POOLPIDM_00148",25.5543335891635,-1.41011404059093,0.399426523585324,-3.53034652765041,0.000415015712810279,0.00173098325786059
"POOLPIDM_00243",22.292427280248,1.41193108395507,0.400304502730569,3.52714264846876,0.000420070379736838,0.00174929782146336
"POOLPIDM_02478",201.221633816736,-0.604102204200842,0.171347014068739,-3.52560683641967,0.00042251371716096,0.00175669741078279
"POOLPIDM_00740",9.74584970541816,2.1769843554191,0.617645337211484,3.52465116185876,0.000424040800023266,0.00176027015568713
"POOLPIDM_00877",13.2910303764486,-2.0722982356505,0.588264079329973,-3.52273461607724,0.000427118813393932,0.00177025973601636
"POOLPIDM_02550",26.2894492959444,1.28805524632593,0.366351602727382,3.51589903452511,0.000438267616921013,0.00181361607253342
"POOLPIDM_00434",261.839717672213,-0.61601599486507,0.175365325849224,-3.51275824842767,0.000443480790536598,0.00183231248253052
"POOLPIDM_02472",26.7225748256978,-1.39553496914042,0.397919212525961,-3.50708114916509,0.000453050964566866,0.00186892385383139
"POOLPIDM_01912",105.249286474705,-0.75062448772158,0.214712467298216,-3.49595203840228,0.00047237359705021,0.00194558875285055
"POOLPIDM_01984",32.2194783345143,-1.20583890662515,0.345503962246019,-3.49008705656037,0.000482863221142562,0.0019822132534521
"POOLPIDM_02082",9.76378518338717,2.20914568055115,0.63304329800673,3.48972287915709,0.000483521669942982,0.0019822132534521
"POOLPIDM_02180",8.38323001366916,2.40045527235078,0.687793284059582,3.49008245352805,0.00048287153840706,0.0019822132534521
"POOLPIDM_02579",14.4498505231952,1.71148867084209,0.490584381601604,3.48867337613689,0.000485423904713913,0.00198692144848738
"POOLPIDM_01752",27.4019849265598,-1.27943113668915,0.366880702620473,-3.48732197564691,0.000487883611960027,0.00199320907339305
"POOLPIDM_02942",16.477306997183,1.61776320666961,0.463941340310783,3.48699946761785,0.000488472329822424,0.00199320907339305
"POOLPIDM_01896",25.8836861284658,-1.35973409361319,0.390900526133329,-3.47846575460839,0.000504292868803491,0.00205458423827821
"POOLPIDM_00033",27.8210444676563,-1.35238643190161,0.391583493724389,-3.4536349299071,0.000553085542285301,0.00224989736028403
"POOLPIDM_01500",16.3467012566038,1.59290798565806,0.461648441970721,3.45047841785868,0.00055959390846832,0.00227286524302387
"POOLPIDM_00397",28.805192395644,1.23090443088747,0.357922861020706,3.43902154608743,0.000583820766174228,0.00236761775328502
"POOLPIDM_01373",17.0843760264113,-1.69911350666571,0.494457444062583,-3.43631899381548,0.000589676231028747,0.00238769054530227
"POOLPIDM_00620",228.374368214238,-0.609370116570544,0.177407209954493,-3.43486669299887,0.000592845385588249,0.002396841160139
"POOLPIDM_00187",30.6617799235142,-1.28724017034815,0.374891080823905,-3.4336377582501,0.000595539496284898,0.00240256739909164
"POOLPIDM_00331",22.7154102592974,1.35805126239912,0.395542414938939,3.43338972284115,0.000596084627847472,0.00240256739909164
"POOLPIDM_01737",79.0609225400538,0.847638225649728,0.247155211828504,3.42957860114999,0.000604519311602168,0.0024328441303562
"POOLPIDM_00679",97.8580871743827,0.786258950670739,0.229363885060095,3.4279980497572,0.000608049827915087,0.00244332217436611
"POOLPIDM_00630",10.1662475138129,2.09051218628725,0.610078651694457,3.42662733809973,0.000611127146657363,0.00245195001307277
"POOLPIDM_00666",19.3201925107343,1.52530085791615,0.447123685011035,3.4113622450542,0.000646391539015268,0.00258949558790919
"POOLPIDM_01091",28.9741760039548,-1.23162698652103,0.361356061276155,-3.4083473850458,0.000653576329928187,0.00261430531971275
"POOLPIDM_02251",25.7235742128345,-1.3054349460659,0.383104567956252,-3.40751600282398,0.000655570642431203,0.00261830941431614
"POOLPIDM_00576",39.4834822070534,-1.10195979074033,0.323543336621028,-3.40591094302485,0.000659436864170454,0.00262976637511848
"POOLPIDM_01575",27.1968006778762,-1.27023728880303,0.374109897997727,-3.39535867829604,0.000685387468176744,0.00272912593068565
"POOLPIDM_01839",2.51172148252714,5.07024032193562,1.49452771095453,3.39253684275773,0.00069248618677777,0.0027532331649264
"POOLPIDM_00803",22.3149446450859,-1.43184859836557,0.422224299094032,-3.39120368353479,0.000695863647779816,0.0027604167774313
"POOLPIDM_01776",68.1979152374199,-0.835045497551432,0.246253646605741,-3.39099749003256,0.000696387388843632,0.0027604167774313
"POOLPIDM_02480",84.3086261503619,-0.791027449100536,0.233629102163067,-3.38582583152856,0.000709644077725429,0.0028087414247511
"POOLPIDM_01250",28.8430168645514,-1.23079493128904,0.364068263010179,-3.38067075968835,0.000723091292866457,0.00285767413492651
"POOLPIDM_02198",58.7672677274481,-0.999929686857983,0.296287695278745,-3.37486066006641,0.000738530739272675,0.00291432189928559
"POOLPIDM_00699",70.2533756289584,-0.810799554353738,0.240497023355512,-3.37134964516871,0.000748008567610752,0.0029473102903168
"POOLPIDM_02679",47.6954225670166,-0.982914132381231,0.291725796157165,-3.36930825223181,0.000753571022295477,0.00296479584294161
"POOLPIDM_01452",38.6158243094804,-1.11349987871419,0.330578609364437,-3.36833614508506,0.000756233330741839,0.00297083615474737
"POOLPIDM_03015",8.35639403507656,2.33524483782212,0.694270669632933,3.36359425792362,0.000769345594107712,0.0030178496816487
"POOLPIDM_02492",28.7072865197611,-1.20511619020658,0.35837731752108,-3.36270218925251,0.00077183580927048,0.00302311915785585
"POOLPIDM_01422",22.199273022,-1.418665828105,0.422873049609378,-3.35482677227946,0.000794146973901514,0.00310582340410902
"POOLPIDM_01598",10.7575590059401,-2.12478352699197,0.633427475061435,-3.35442274079742,0.000795307586408797,0.00310582340410902
"POOLPIDM_00276",140.990309665739,0.682588005231304,0.205026671953137,3.32926442559299,0.000870756912694832,0.00339253929454193
"POOLPIDM_00989",3.75479842350913,4.64452169034506,1.39513230102478,3.32909050054499,0.000871300873446466,0.00339253929454193
"POOLPIDM_02071",104.750473571716,0.72438517761907,0.217620354293708,3.32866463695494,0.000872634117184238,0.00339271907507028
"POOLPIDM_00043",141.39729689166,-0.642870154882373,0.193210826527118,-3.32729881879649,0.000876922832172324,0.00340437199647459
"POOLPIDM_02312",34.5126228624946,1.094040521016,0.329167346861103,3.32366053756129,0.000888442701489777,0.00344402200165743
"POOLPIDM_00052",14.3521327209963,-1.73115793679167,0.521147226733359,-3.32182125892307,0.000894319635819795,0.00346171301030981
"POOLPIDM_02673",149.900902917135,-0.677447169743488,0.203993469667191,-3.32092576712735,0.000897193969936379,0.00346774678116172
"POOLPIDM_02845",14.1019249487241,-1.78029308982744,0.536149547765348,-3.32051588450953,0.000898512458610434,0.00346775818579371
"POOLPIDM_02886",11.6614221258698,-2.04589611714329,0.616774043228482,-3.31709179334804,0.000909597265700294,0.00350540700641225
"POOLPIDM_00045",13.9978653452903,-1.81001438485541,0.546392960258296,-3.31266051451278,0.000924130795198395,0.00355103320137459
"POOLPIDM_00218",31.5107479009867,1.12514910034995,0.339612276775571,3.31304012632467,0.000922877383405585,0.00355103320137459
"POOLPIDM_00544",22.0215739684828,1.30696908120905,0.395047411334439,3.3083853828942,0.000938355856704086,0.003600445470556
"POOLPIDM_01129",28.729842083884,1.15593179617364,0.350635872831611,3.29667294689145,0.000978373574136545,0.00374853596137199
"POOLPIDM_01678",150.650541366646,0.631042754787426,0.19160750364154,3.29341358138031,0.00098978763245295,0.00378676371429024
"POOLPIDM_02515",2.99166268229108,-4.77225580200767,1.45182015011411,-3.28708469959767,0.00101230381305424,0.00386729398726227
"POOLPIDM_00159",29.0056412213243,-1.17160901454852,0.357795859296261,-3.27451809211244,0.001058423613408,0.00403264247449114
"POOLPIDM_01525",59.0013998735311,-0.8698444657012,0.265645248728729,-3.27445896308676,0.00105864514125488,0.00403264247449114
"POOLPIDM_00264",187.09087626921,0.62732990699016,0.192335485891573,3.26164412189548,0.00110768109047125,0.00421334394586177
"POOLPIDM_01182",5.48865109077032,3.15270801182727,0.967328017485448,3.25919228518024,0.00111729912882862,0.00424380476021937
"POOLPIDM_01670",130.326955877152,-0.645304791992319,0.198055030975065,-3.25820954315249,0.0011211758504849,0.00425240221852976
"POOLPIDM_01778",45.8365976666272,-0.967908104626966,0.297250024351253,-3.25620866386613,0.00112910738626859,0.00427633199741956
"POOLPIDM_02259",18.3234504516806,-1.4920886496717,0.459087512901577,-3.25011813159812,0.00115357078741695,0.00436271534523827
"POOLPIDM_01503",26.5544893266677,1.17063392233008,0.361117579502546,3.24169741041873,0.00118820108482559,0.00448082698083011
"POOLPIDM_02595",2.35510373668072,5.01031407362081,1.54540924125689,3.24206296938272,0.00118667799247736,0.00448082698083011
"POOLPIDM_00115",48.6418576776006,0.924228812657709,0.285200461687966,3.24062873947551,0.00119266403984358,0.00449123201289667
"POOLPIDM_01070",6.55174027592726,2.57365069610795,0.794442900145254,3.23956661408566,0.0011971150001881,0.00450156225463027
"POOLPIDM_01443",49.35719168245,-0.894854269694703,0.276883339762058,-3.2318819560025,0.00122977846887217,0.00461780063240319
"POOLPIDM_00680",50.717700575809,0.865125231230651,0.267877554793941,3.22955475644882,0.00123983136880896,0.00464892672571894
"POOLPIDM_00826",14.2841631299596,-1.70004056902919,0.526869599304363,-3.22668184171907,0.00125234627450268,0.00468918292555266
"POOLPIDM_02454",23.5152060211554,-1.28781154987553,0.3995171788826,-3.22341971245736,0.00126669802566828,0.00473619290164763
"POOLPIDM_01518",76.4745403347437,-0.752373788927352,0.233447956662681,-3.22287588070213,0.00126910533058347,0.00473847259407653
"POOLPIDM_00435",23.0951252245747,-1.32306182387012,0.410893259019479,-3.21996478362132,0.0012820634525858,0.00478008382039062
"POOLPIDM_01352",54.3983655986077,0.873664124488524,0.271887394234298,3.21333075021363,0.00131205101214403,0.00488498088702213
"POOLPIDM_02677",12.3924573073889,1.72909986861671,0.539735275389635,3.20360730057615,0.00135717456077008,0.00504585633595195
"POOLPIDM_01966",71.1628100805854,0.769790089643165,0.241205929148989,3.19142274967743,0.00141573964266068,0.00525618267331485
"POOLPIDM_02258",32.6562740838449,-1.09504026886568,0.344562456190929,-3.17806031734024,0.00148263903196285,0.00549681643917592
"POOLPIDM_00459",92.3372713012797,-0.724831667495527,0.228135836245586,-3.17719337489465,0.00148707845906396,0.00550553204788287
"POOLPIDM_01756",34.6239508050738,-1.03007134337628,0.324281792815017,-3.17646986725486,0.00149079275959038,0.00551154237626963
"POOLPIDM_01750",88.1273966312105,-0.707045319418858,0.222930828522007,-3.17159059653816,0.00151606571168828,0.00559712775351584
"POOLPIDM_00058",37.7834054990324,0.992578256435775,0.313058251502014,3.17058646968579,0.0015213154667712,0.0056086539446278
"POOLPIDM_02465",25.1671627913759,-1.23891412115672,0.390890167477126,-3.16946862376429,0.00152717945890433,0.00562240929283773
"POOLPIDM_00147",28.8384211397449,1.1311679394255,0.35714845364125,3.16722059942542,0.00153903521859674,0.00565815458329291
"POOLPIDM_01025",7.16755819774824,-2.63903419996372,0.8344620087074,-3.16255763884522,0.00156389772970135,0.00574155211071415
"POOLPIDM_00670",35.4114337999043,1.12268425977084,0.355267943968445,3.16010571409887,0.00157711904763498,0.00578203867811656
"POOLPIDM_00131",60.661734000135,-0.836034750655651,0.264847475001249,-3.15666498482459,0.00159584579407883,0.00584256876832195
"POOLPIDM_00906",6.43975289567541,2.51405462850541,0.797398962882893,3.15281903479805,0.00161702016481861,0.0059118795484908
"POOLPIDM_02990",6.31417624653213,2.72019236117867,0.863207694367989,3.15126055864261,0.00162567394214694,0.0059352860270074
"POOLPIDM_02947",11.3306692485523,1.77499583915292,0.563808645741239,3.14822387446601,0.00164265834642125,0.00598900055486365
"POOLPIDM_00719",43.4273048806783,-0.957049191149982,0.304468468002396,-3.14334419399532,0.00167029309252376,0.0060792072505525
"POOLPIDM_02602",23.8923068104238,1.18079700599939,0.375685918592071,3.14304302494108,0.00167201261633178,0.0060792072505525
"POOLPIDM_00132",45.152062886789,-0.919142410117706,0.292587216769329,-3.14143051178597,0.00168124699066052,0.00610436235176465
"POOLPIDM_01371",22.596902780088,1.27891398570164,0.407235298049889,3.14047920655681,0.00168671680806735,0.00611579849527583
"POOLPIDM_02732",34.865728763647,1.04205626846539,0.332733534440662,3.131804163404,0.00173735720403664,0.0062907604256052
"POOLPIDM_01673",31.3127635138368,-1.11681376544998,0.356673472005002,-3.13119380359837,0.00174097228579145,0.00629520294286182
"POOLPIDM_01543",61.7136407994101,0.788166901904236,0.251866533299671,3.12930380856306,0.00175221039537866,0.00632715972906594
"POOLPIDM_02299",31.2271910152897,-1.13864082513477,0.364130497809056,-3.12701306807829,0.00176592077744222,0.00636794414410082
"POOLPIDM_02873",18.2734992643461,1.36385235410284,0.436265927062817,3.12619498681697,0.00177084095290471,0.00637696277576068
"POOLPIDM_01597",17.3306379348027,-1.45038359377669,0.465494327407404,-3.1157921984886,0.0018345149782425,0.00659724622462105
"POOLPIDM_02707",10.7224866248726,1.79235648898906,0.576319955461231,3.11000247693077,0.00187085775049188,0.0067187752456357
"POOLPIDM_02473",22.9718415945988,1.18480293015805,0.38160964151973,3.10475103679158,0.00190439246207575,0.00682990276194785
"POOLPIDM_00501",16.6841068143476,1.41609749357792,0.456788594811307,3.10011569829779,0.00193445063117706,0.00692827698883524
"POOLPIDM_02026",45.32695076619,-0.930935557032881,0.300499321811907,-3.09796225635273,0.00194856243734728,0.00696934950454198
"POOLPIDM_00160",2.55911019095528,-4.55019302581188,1.46933449489096,-3.09677138979138,0.0019564068778191,0.00698792483730508
"POOLPIDM_01767",62.0073248736523,-0.77914373212388,0.251657040272367,-3.09605378526512,0.0019611478489456,0.00699537987797105
"POOLPIDM_02926",17.4391314075467,-1.41319206976563,0.459079699450342,-3.07831531530941,0.00208174519349888,0.00741551395954467
"POOLPIDM_00524",37.7680694517642,0.948087172875474,0.3080924372787,3.07728154981564,0.00208897889350763,0.00743123935666143
"POOLPIDM_01741",27.9135980244496,1.19929746995671,0.38986849958877,3.07615893877478,0.00209686039080854,0.00744922370643033
"POOLPIDM_02867",16.0840790966248,-1.5695567450503,0.510777277392451,-3.07287895237427,0.00212004465122717,0.00752145047191765
"POOLPIDM_02666",27.091973533553,1.12570393153854,0.366509152310816,3.0714210666802,0.00213042484000729,0.00754811811593982
"POOLPIDM_02642",13.0085669530721,1.58597617038157,0.517094632794345,3.06709076017876,0.00216153215185675,0.00764805201650255
"POOLPIDM_02784",12.1627168700889,1.6133113242304,0.526161993568357,3.06618749349254,0.00216807314499104,0.00766091261420426
"POOLPIDM_00984",8.62233643789237,-2.18309050837761,0.712659528638025,-3.06330080585571,0.00218909890151257,0.00772485234857717
"POOLPIDM_00167",3.27794142314287,4.39155359519063,1.4351671824996,3.05995959825528,0.00221366851297507,0.00780110989331858
"POOLPIDM_01736",48.3665377345221,0.861733002327256,0.28172725982518,3.05874909961495,0.00222263211622632,0.00782224066538396
"POOLPIDM_02138",7.75068758793132,2.19308664407964,0.71815121547774,3.05379507381426,0.0022596637850493,0.00794196498318662
"POOLPIDM_02340",79.7855202871549,-0.721524341581651,0.236946938686566,-3.04508826145285,0.0023261203547778,0.00816465147163019
"POOLPIDM_01522",72.2128274105135,-0.725736971871891,0.238837728878646,-3.03861946468533,0.00237664852331946,0.00833091157908259
"POOLPIDM_00539",225.57436562969,0.575977540163634,0.189800583885976,3.03464577595639,0.00240818343735134,0.00842359275856648
"POOLPIDM_02360",19.707991003133,1.25683559640635,0.414184365605199,3.03448343485851,0.00240947987100118,0.00842359275856648
"POOLPIDM_00165",46.7056993148199,-0.885199206699399,0.29288287777788,-3.02236584608652,0.00250807225648366,0.00875666022263699
"POOLPIDM_00022",117.277703123861,0.659053743173451,0.218285063380558,3.01923426626978,0.00253414494547663,0.00882830140355641
"POOLPIDM_02011",4.08672852135855,3.86578552463628,1.28044411372438,3.01909742346506,0.0025352898947239,0.00882830140355641
"POOLPIDM_01040",76.8793839350116,-0.751418140127339,0.249884807432928,-3.00705812348768,0.00263789320309927,0.00917346501763809
"POOLPIDM_00582",95.9970307187378,0.662059821356423,0.221000116518163,2.99574421854213,0.00273775973758417,0.00950821431919878
"POOLPIDM_01810",52.4294558867252,0.86388284495827,0.288982924235029,2.98939062660906,0.00279534506079119,0.00969307288272182
"POOLPIDM_02969",17.5524346054717,1.3432788435358,0.449397926109364,2.98906329000037,0.00279834160233358,0.00969307288272182
"POOLPIDM_00863",11.7755455897487,-1.78488329135145,0.597804775295482,-2.98572939714176,0.00282902862305408,0.00978650846505322
"POOLPIDM_02891",111.454685636717,-0.652581766139363,0.218840973948728,-2.98199077788905,0.00286380625353202,0.00989383130315913
"POOLPIDM_01957",47.3001683781962,0.832011189363465,0.279630866823551,2.9753910890262,0.00292615233863329,0.0100959915767504
"POOLPIDM_00284",298.93774282544,0.466749952730536,0.156947524521565,2.97392363564425,0.00294018236711467,0.0101311381957049
"POOLPIDM_01802",1.94432631164382,4.74260065292348,1.60046498244299,2.96326424192315,0.00304395138724437,0.0104750076459219
"POOLPIDM_01229",20.9931528478767,-1.25930001271244,0.42503529363147,-2.96281281009179,0.00304841891168576,0.0104767043692355
"POOLPIDM_02151",22.8400499412477,-1.21490817087862,0.410220560410713,-2.96159746274602,0.00306047614418078,0.0105044467657038
"POOLPIDM_00081",11.9534939734927,1.61942768312224,0.547236939761931,2.95928064327446,0.0030835814272853,0.0105699878313707
"POOLPIDM_01777",50.0093246860709,-0.879225707559652,0.297367242211335,-2.95669994119527,0.00310950555943261,0.0106450086424213
"POOLPIDM_02594",1.90273742834909,4.67765234482488,1.58298555301819,2.95495580228529,0.00312713846297025,0.0106914876632809
"POOLPIDM_00517",18.151816895199,-1.37849382422374,0.466816216569057,-2.95296901713315,0.00314733550317204,0.0107466015367377
"POOLPIDM_01165",15.9638278162959,1.35596676234464,0.459324993285212,2.95208573922009,0.00315635275693818,0.0107634487287051
"POOLPIDM_01535",7.11106863243852,2.26047018442525,0.766000372476926,2.95100402773413,0.00316742786639097,0.0107872607956158
"POOLPIDM_01121",40.9944934139497,0.896250193398251,0.303811322199049,2.95002235897927,0.00317750933391022,0.0108076317473385
"POOLPIDM_01077",68.9676341252012,-0.717947987201409,0.244072590560451,-2.94153467029142,0.00326590281002419,0.011093968823742
"POOLPIDM_03018",1.88563923708899,4.6679592339471,1.588612378446,2.93838780138006,0.00329924051400355,0.0111927902122437
"POOLPIDM_01271",9.98066055138955,1.72561396270709,0.588607530345423,2.93168855942842,0.00337124640848525,0.0114223721500863
"POOLPIDM_00405",13.933832660023,-1.5783770526331,0.53893786975969,-2.92868091332474,0.00340403672483021,0.011518665990568
"POOLPIDM_01815",5.39224369646573,2.50191697505414,0.854674609309774,2.927332750735,0.00341882885237224,0.0115538882754529
"POOLPIDM_00088",20.4160113957977,1.21251438692097,0.414416122229875,2.9258378761828,0.00343529910897332,0.0115798573545443
"POOLPIDM_02132",19.960242744927,-1.27670837658613,0.436317186882307,-2.92610150360755,0.00343238927451439,0.0115798573545443
"POOLPIDM_00663",66.4630120927719,0.7117759346654,0.243670961043088,2.92105358643675,0.00348849819584592,0.0117441650628989
"POOLPIDM_00746",28.8464603935254,-1.05115093414807,0.360261319346047,-2.91774575204505,0.00352571699006461,0.0118543239614927
"POOLPIDM_00927",13.9642099336423,1.4559955672382,0.499252651069916,2.91635019687518,0.00354152746040591,0.0118923138670445
"POOLPIDM_00236",61.8928262346539,0.778837255787418,0.267107898074071,2.91581514961958,0.00354760618394354,0.0118975698484417
"POOLPIDM_02233",57.991290842459,0.8050368929931,0.276193483974584,2.91475700805158,0.00355965578976057,0.0119228115143696
"POOLPIDM_03129",16.7278521300815,1.29272880138641,0.443911172470408,2.91213396182901,0.00358968648697391,0.0120081390604863
"POOLPIDM_00250",133.251912008891,-0.550490884058588,0.189241742915406,-2.90892947601242,0.00362668661324701,0.0121165347433703
"POOLPIDM_00260",264.090934799072,-0.513112896869566,0.176478267746517,-2.90751322200517,0.00364314942830869,0.0121561289785085
"POOLPIDM_02622",15.7601460032495,1.37470986297399,0.47293755631628,2.90674708450229,0.00365208345872003,0.0121705334983388
"POOLPIDM_00941",4.70938857171019,2.95720131642215,1.0224592572908,2.8922436716528,0.00382501159505347,0.0127307204097992
"POOLPIDM_01716",939.505430837235,-0.570444394177137,0.197638830945498,-2.88629714843054,0.0038980393605228,0.0129574170924818
"POOLPIDM_01895",38.80170500166,0.869341050854545,0.302686409884858,2.87208484578229,0.00407773469872685,0.0135376683448917
"POOLPIDM_00689",34.5407019677,-1.05811252239557,0.368766841012047,-2.86932664415183,0.00411346751066981,0.0136391199473278
"POOLPIDM_02682",61.3144677527432,-0.767489422581627,0.267856726783459,-2.86529829509222,0.00416616590775815,0.0137964991618725
"POOLPIDM_01375",85.668188309554,-0.6488915828317,0.226570657878574,-2.86397006967892,0.00418367541023389,0.0138370996002215
"POOLPIDM_01721",109.581130548133,-0.59094804736038,0.206381738486647,-2.86337372528051,0.00419155849059062,0.0138457997258106
"POOLPIDM_01591",60.8146696075038,-0.743266018668103,0.259921696348148,-2.85957666909247,0.0042420686337892,0.0139951100358803
"POOLPIDM_02318",43.7374635126863,-0.835100611648799,0.292101976977042,-2.85893515782139,0.00425065661193145,0.0140059135363141
"POOLPIDM_01920",91.1772375175345,0.622337833154261,0.217995189773862,2.85482369496247,0.00430607258274756,0.0141707956655712
"POOLPIDM_00692",12.1044560774575,1.5175581479227,0.533700228334364,2.84346542750952,0.004462585056197,0.0146675488879492
"POOLPIDM_01128",46.683691238978,0.815615130728729,0.287074016172228,2.84113185025915,0.00449537222182461,0.0147569130469859
"POOLPIDM_00049",53.9957428318281,-0.797088414094657,0.281296567438793,-2.8336229672198,0.00460235971438022,0.0150705841082065
"POOLPIDM_01086",25.8977372411978,-1.04608454817311,0.369128264133053,-2.83393240187113,0.00459790569188306,0.0150705841082065
"POOLPIDM_00046",49.4390131485002,-0.806049523931888,0.284580215064439,-2.83241589282435,0.00461977179727242,0.0151088318332631
"POOLPIDM_00063",53.6279111662606,0.741746763070102,0.262082881867632,2.83019920181101,0.00465190306724761,0.0151762580263177
"POOLPIDM_00892",91.6601782328418,0.659369443597072,0.232960489385136,2.8303917343983,0.00464910427533634,0.0151762580263177
"POOLPIDM_02490",44.211419723314,-0.852017065518506,0.301306936911959,-2.82773796796939,0.00468781597766925,0.0152745153487468
"POOLPIDM_01496",13.1785792634994,1.46695261071535,0.519724622208693,2.82255746222142,0.00476422834914858,0.0155043283066119
"POOLPIDM_00156",21.8896475569034,-1.24443847831668,0.442284547483287,-2.81366031302213,0.00489809563185386,0.0159203206973696
"POOLPIDM_01417",41.5004247924233,-0.930442970673502,0.330863987819632,-2.81216150722552,0.00492097874759266,0.0159749999737121
"POOLPIDM_02319",52.7143020237309,-0.75236812501081,0.267955375451588,-2.80781127731749,0.00498794483262824,0.0161724754966889
"POOLPIDM_00248",68.4522892167957,0.699709394739937,0.249474084643227,2.80473779767783,0.00503575262255163,0.0163074249546021
"POOLPIDM_02326",87.708982787708,0.614801355858703,0.219380704518463,2.80244042979158,0.00507175818885215,0.0164038706574408
"POOLPIDM_02290",26.8426330996046,-1.0773129021298,0.38461575977318,-2.80101081340279,0.00509428119830436,0.0164565260278558
"POOLPIDM_02841",8.15457816157816,1.84867497310279,0.661787793769791,2.79345583358685,0.00521481496649577,0.0168252781538346
"POOLPIDM_01771",31.2808133432384,-0.974123518015122,0.349398535514629,-2.78800114768751,0.00530343559207808,0.0170902887783836
"POOLPIDM_02295",48.442464339869,0.837706377744503,0.30132899382311,2.78003907661227,0.0054352357627349,0.0174936281691931
"POOLPIDM_01743",15.7555095735429,-1.3663505009597,0.491938279105143,-2.77748359701781,0.00547816050429515,0.0176102818162464
"POOLPIDM_00116",17.42543297546,1.22333411960883,0.440677775034005,2.77602862888748,0.00550273628072059,0.0176462443260091
"POOLPIDM_00491",4.72395442714159,2.57380854768916,0.927143931208654,2.77606147336138,0.00550218041076595,0.0176462443260091
"POOLPIDM_02978",7.25553676701807,1.97265664836011,0.711465969898952,2.77266479609739,0.00555993595925996,0.0178080087346406
"POOLPIDM_02746",6.88421537645845,2.01314158883581,0.72676595015896,2.76999987189204,0.00560563147031987,0.0179325783443728
"POOLPIDM_00082",20.1395199133038,1.17715944650367,0.425294547958306,2.76786865045605,0.00564241911241834,0.0180283839761633
"POOLPIDM_01977",7.05504413224496,2.0523782362086,0.742050095086612,2.76582167403273,0.00567795747685509,0.0181199708341283
"POOLPIDM_02160",15.1503452277231,1.31045146519918,0.474204855865743,2.76347120656689,0.00571901379410555,0.0182289242578745
"POOLPIDM_00533",50.1929002948617,0.763101006462818,0.276206907001349,2.76278755932447,0.00573100542331195,0.0182450848983699
"POOLPIDM_02055",15.4745777163817,-1.40265624339603,0.508900075863062,-2.75625080428061,0.0058468145663815,0.0185913186935846
"POOLPIDM_00232",60.9351985839702,0.807276336912907,0.29312376919873,2.75404597559468,0.00588634985866258,0.0186898759808848
"POOLPIDM_01389",144.02394720789,0.552038891362065,0.200469323936759,2.75373249393615,0.00589199049321521,0.0186898759808848
"POOLPIDM_01333",7.42228818675086,2.00686921811478,0.729213525235986,2.75210092608378,0.00592142685998878,0.0187606745227529
"POOLPIDM_00057",64.3762746524159,0.693716380648759,0.252976309982226,2.74221875043359,0.00610256857345982,0.0193113694593518
"POOLPIDM_00570",23.6186133119636,1.07307064452309,0.391885183128702,2.73822714080689,0.00617713959020763,0.019523908824685
"POOLPIDM_01812",7.81933175484263,1.91679808730346,0.700428019383391,2.73660966474596,0.00620759007227565,0.0195966556054115
"POOLPIDM_02434",36.498674748324,-0.869860008706791,0.318250703037377,-2.73325400511254,0.00627119489260901,0.0197737676278916
"POOLPIDM_00144",33.3558955678408,0.883464555796607,0.323769728093888,2.7286817733016,0.00635880340728947,0.0200260523077838
"POOLPIDM_00913",34.5076680092034,0.861561929845662,0.316166439264996,2.72502651403662,0.00642963235433618,0.0202249533246183
"POOLPIDM_02159",4.67198243184401,2.54372218536161,0.934830515979598,2.72105172208256,0.00650745788524392,0.0204453623188355
"POOLPIDM_02493",50.1329813519005,-0.77621712501883,0.28548769484229,-2.71891622315852,0.00654961945108175,0.0205533296107756
"POOLPIDM_01312",7.95740067781376,1.82644425244446,0.67246148731902,2.71605777711695,0.00660643877269299,0.0207069828832565
"POOLPIDM_00296",3.36173733032358,3.53003671977966,1.30122923638422,2.71284768361701,0.00667077609559609,0.0208838073491583
"POOLPIDM_01772",33.3087762314161,-0.945272123920294,0.348510611310695,-2.71231949112043,0.00668141603358891,0.0208923044656469
"POOLPIDM_00178",139.923473376564,-0.535805410028199,0.198097312689169,-2.70475859947137,0.00683540427808833,0.021348490138674
"POOLPIDM_02164",19.8350466631981,1.11820857757506,0.414236783797635,2.69944297878029,0.00694556570349367,0.0216668771531471
"POOLPIDM_01589",7.45519211508227,1.86494711706941,0.692149772101674,2.69442712002434,0.00705097447107997,0.0219697029618993
"POOLPIDM_00858",5.3084338408389,-2.59586522699589,0.965587616611469,-2.68837874713591,0.00717999065584182,0.0223134167200688
"POOLPIDM_01316",8.55389556608368,1.70556553760875,0.634587790551206,2.68767468111432,0.00719514575571263,0.0223134167200688
"POOLPIDM_01816",4.8302116074478,2.5807661178852,0.960093123091444,2.68803729119034,0.00718733695131149,0.0223134167200688
"POOLPIDM_02241",5.84588605424795,-2.35097761072554,0.874548854144479,-2.68821758737008,0.00718345710697836,0.0223134167200688
"POOLPIDM_00129",11.1915908418291,-1.54773103408897,0.578508009428538,-2.67538393395427,0.00746437141049417,0.0231062085164479
"POOLPIDM_02799",18.0969847300421,-1.20831222200066,0.451670605568069,-2.67520668182726,0.00746831929287316,0.0231062085164479
"POOLPIDM_01017",14.1249784394262,-1.3664217554452,0.511535052078228,-2.67121822814253,0.00755764945507235,0.0233551746349012
"POOLPIDM_00460",64.622743510328,-0.685252752657918,0.256624760665456,-2.6702518918322,0.00757943633448108,0.0233950751495224
"POOLPIDM_02760",3.43409729313228,3.50659621402753,1.31360992034195,2.66943493629731,0.00759789920208452,0.0234246342651401
"POOLPIDM_01476",43.5466448172293,0.847320832443136,0.317700586331815,2.66704207954521,0.00765220901702766,0.0235645128141179
"POOLPIDM_00214",20.1192646926097,-1.1304739970698,0.424114746005608,-2.66549090244284,0.00768760116907214,0.0235947384694982
"POOLPIDM_01065",14.4697622516161,1.28306879396792,0.48137311478369,2.66543509507066,0.00768887721748822,0.0235947384694982
"POOLPIDM_01248",21.6124277225637,-1.1152480362496,0.418331947378387,-2.6659403931224,0.00767733037993637,0.0235947384694982
"POOLPIDM_00718",7.47508963277996,-1.95819738381699,0.735062045654378,-2.66398924470891,0.00772200315604405,0.0236688375806187
"POOLPIDM_01403",8.12810542461926,1.71000515107511,0.642309726847713,2.6622750358575,0.00776144313266696,0.0237620953515797
"POOLPIDM_00219",33.2832892748354,0.847217372946974,0.318634474320284,2.65890053094308,0.00783961046033241,0.0239735651663993
"POOLPIDM_01005",22.8541828027896,1.03424002862649,0.389302023754424,2.65665207350399,0.00789208468896071,0.0241060663268835
"POOLPIDM_00606",44.6571962195865,0.760168770496368,0.286497338746618,2.65331878411852,0.00797045557704782,0.0243172695614561
"POOLPIDM_01330",9.7704914415917,-1.64143132156611,0.619250965099452,-2.65067220573891,0.00803317638530599,0.0244802924296724
"POOLPIDM_02637",152.673358656747,0.508057551493344,0.19185192525253,2.64817541353625,0.00809275215945199,0.0246333656955144
"POOLPIDM_02197",55.5444896225681,-0.716784056754429,0.270740343379315,-2.64749629777263,0.008109024764272,0.0246544282337036
"POOLPIDM_02317",42.1831970663432,-0.858924233392351,0.324594093792065,-2.64614868175198,0.00814140236523409,0.0247243509617017
"POOLPIDM_02370",143.182618696338,0.522604178993219,0.197560270994631,2.64528984680033,0.00816209691527362,0.0247586737268829
"POOLPIDM_00843",11.134211236324,-1.54984246166186,0.585979800605853,-2.64487352645851,0.0081721455335745,0.0247606616396579
"POOLPIDM_02184",27.2678615357611,-0.95456494373944,0.362945556108334,-2.63004995563168,0.00853723220387052,0.025837134431002
"POOLPIDM_02257",21.902059535837,-1.06500980275145,0.405016245945774,-2.62954835370737,0.00854983720610717,0.0258456088019478
"POOLPIDM_02190",1.92916468390692,-4.13462473467533,1.57443497331603,-2.62610066769991,0.00863692696560385,0.0260789684780432
"POOLPIDM_01215",1.87802997531825,-4.10526327076997,1.56392651366776,-2.62497197591606,0.00866560991932326,0.0261356381548468
"POOLPIDM_03097",23.1651651166768,-1.10603831417153,0.421603469597731,-2.62340894686385,0.00870547107769802,0.026225853440928
"POOLPIDM_01315",16.1315522083991,1.21346717767072,0.462746319118333,2.62231621849037,0.00873343563279049,0.0262800643014106
"POOLPIDM_00869",4.55872317647606,2.50822585150799,0.958626006307065,2.61648008191482,0.00888415474832018,0.0266863128138593
"POOLPIDM_02951",14.1541748683589,1.2849631219026,0.491136422527494,2.61630590394804,0.00888868841068605,0.0266863128138593
"POOLPIDM_01014",109.774667202277,-0.535993290863053,0.205009863393736,-2.6144756256612,0.0089364536584004,0.0267774642548994
"POOLPIDM_01254",3.0019779446071,-3.73063136945877,1.42697455988768,-2.61436431617422,0.00893936591210603,0.0267774642548994
"POOLPIDM_02237",17.6161550746098,1.12710351791861,0.431251328248059,2.6135653251143,0.00896029526288597,0.026809691615173
"POOLPIDM_01123",11.0216704792793,1.44957958714647,0.555062737329914,2.61155990063314,0.00901301969465688,0.0268759275057868
"POOLPIDM_01798",5.59370735356698,2.25167083180349,0.862034398139221,2.61204290300239,0.0090002958599697,0.0268759275057868
"POOLPIDM_01999",5.83248864402435,-2.26772417222513,0.868251485591082,-2.61182872688243,0.00900593596661924,0.0268759275057868
"POOLPIDM_01264",14.3162385606184,1.29504055235944,0.496048652522686,2.61071277136513,0.00903537459698181,0.0269121439973379
"POOLPIDM_00256",27.5527156594694,-0.978016912939541,0.374947220688188,-2.60841222171073,0.00909633381420198,0.027063133108619
"POOLPIDM_00798",51.1101138166778,0.695867856680303,0.266830830435531,2.60789900306679,0.00910998290379204,0.0270731848189355
"POOLPIDM_01191",3.62551739287195,2.950987246061,1.13203699655474,2.6067939961698,0.00913943272718883,0.0271301178703488
"POOLPIDM_01261",16.5594218813025,-1.22524016398394,0.470605877427019,-2.60353774305327,0.00922671078269669,0.0273583910272086
"POOLPIDM_01990",67.8958363557306,-0.638061192017951,0.245630773339534,-2.59764354173963,0.00938658789363695,0.027769170832472
"POOLPIDM_02104",18.9137629213547,-1.13345742501781,0.436403685738975,-2.59726822219315,0.00939685143496398,0.027769170832472
"POOLPIDM_02702",36.2021644714382,0.816211802056758,0.314236371093118,2.5974453536917,0.0093920063252042,0.027769170832472
"POOLPIDM_02064",33.2389355314364,0.853752417456035,0.328861180169717,2.59608755589649,0.00942920341311429,0.0278335724490137
"POOLPIDM_01340",109.50948970307,-0.56977873957593,0.219590352826492,-2.59473484259182,0.00946639182289876,0.027912090430829
"POOLPIDM_01617",24.6965827947126,0.953892870683369,0.368736060686231,2.5869259136417,0.00968364105563955,0.0285207573437607
"POOLPIDM_01324",20.2500661545912,-1.10246721944633,0.426539257184509,-2.58467937212502,0.0097469590397593,0.0286432374903071
"POOLPIDM_02451",9.85171907539364,1.49788333659361,0.57944657617682,2.58502405256517,0.00973722044126617,0.0286432374903071
"POOLPIDM_02754",32.811476380766,0.842167891964117,0.326247843819178,2.58137458352333,0.00984077404665891,0.0288867264888562
"POOLPIDM_01829",4.05497556708197,2.69342112925142,1.0436457104711,2.58078110438034,0.00985770645405731,0.0289042427284706
"POOLPIDM_00195",23.4574441375149,-1.06674541236727,0.413778320764267,-2.57806018062267,0.00993566924582374,0.0291004712577682
"POOLPIDM_02333",107.999515052755,-0.530569375185461,0.206044045746415,-2.57502891317931,0.0100231707526618,0.0293241710366444
"POOLPIDM_02870",17.6623052300898,-1.15974115270352,0.450842259211451,-2.5723878563025,0.0100999671174216,0.0295160901568995
"POOLPIDM_01521",175.326568399452,-0.45816309999993,0.178289322980789,-2.5697730651504,0.01017651545353,0.0297068601722094
"POOLPIDM_00255",112.365321412373,-0.565401048968842,0.220153932996168,-2.56820780475761,0.0102225853976432,0.0298083352966675
"POOLPIDM_01347",23.4340743862244,0.984863981449139,0.383718390117011,2.5666322147052,0.0102691467845315,0.0299110175956079
"POOLPIDM_02851",2.90367186246361,-3.67427534687598,1.43204123007094,-2.56576086618258,0.0102949776088432,0.0299531578111598
"POOLPIDM_01147",8.38580912757433,1.63350754310993,0.637731394524562,2.56143504480868,0.0104240731897816,0.030295321861372
"POOLPIDM_02920",6.18638926729791,-2.12440019889258,0.829731986125867,-2.5603450685464,0.0104568277166843,0.0303570461026209
"POOLPIDM_00805",8.97105142900657,-1.72497084800094,0.674198278881239,-2.558551248252,0.0105109326202713,0.0304805482805669
"POOLPIDM_02359",23.6314248373492,0.966406223092211,0.377786066795968,2.55807799183378,0.0105252483541487,0.0304885216060835
"POOLPIDM_02178",10.8903684395875,1.40125362467038,0.548841343990578,2.55311237029263,0.0106765044982649,0.0308927177359233
"POOLPIDM_00833",33.7572688205199,0.830587358541589,0.325894482842598,2.54863890697637,0.0108144209605416,0.0312574711096355
"POOLPIDM_00123",37.0907276168588,0.813457223876534,0.319232712411597,2.54816374465947,0.0108291628122824,0.0312657975609818
"POOLPIDM_01688",148.04451261684,0.517701311426492,0.203239650300962,2.54724563174493,0.0108576977617958,0.0313138854486804
"POOLPIDM_01156",8.89746450859089,-1.65262723559931,0.648962384479998,-2.54656860724452,0.0108787824748143,0.0313404050312683
"POOLPIDM_00044",84.6813714899315,-0.592485859362572,0.233278782084775,-2.5398188985197,0.0110909882465802,0.0318807997313214
"POOLPIDM_00396",39.9903428641248,0.780101216163396,0.307118911828784,2.54006245176558,0.0110832676245727,0.0318807997313214
"POOLPIDM_01992",5.44070859062412,-2.27650053902389,0.896453660865777,-2.53945143893472,0.011102645733442,0.0318807997313214
"POOLPIDM_00600",208.396777681559,0.428872729792619,0.169063038835779,2.53676222044731,0.0111882917789194,0.032077966393015
"POOLPIDM_01317",9.1114543154112,1.58553139526018,0.625078391801015,2.53653208310697,0.0111956483617503,0.032077966393015
"POOLPIDM_01343",43.8821379825283,-0.758799409976635,0.299415117330768,-2.53427220623058,0.0112681162393558,0.0322505476731183
"POOLPIDM_01047",64.4546872505941,0.641187771586512,0.253137216884565,2.532965241057,0.0113102167631321,0.0323359342598875
"POOLPIDM_00705",79.7103969334957,0.641924986048573,0.254011870575735,2.52714561958702,0.0114993811725704,0.0328055939078957
"POOLPIDM_02249",41.944495755453,-0.776296768005277,0.307153970282987,-2.52738640262426,0.0114914992789472,0.0328055939078957
"POOLPIDM_02179",9.247273088961,1.50232079875114,0.596378948610187,2.51907080599035,0.0117664992405379,0.0334951317473628
"POOLPIDM_02600",12.836902317019,1.30332834038111,0.51735593621523,2.51921017842327,0.011761842461733,0.0334951317473628
"POOLPIDM_02311",15.5379345072002,1.19045260832199,0.472864578510583,2.51753390383278,0.0118179595016631,0.0336053303628738
"POOLPIDM_01072",1.50769118231954,4.34936125197595,1.72890877108835,2.51566845209423,0.0118806887110129,0.0337473011230926
"POOLPIDM_02538",8.72689906161645,-1.64799798226995,0.655589233258483,-2.51376608807147,0.0119449630577901,0.0338933505062808
"POOLPIDM_02590",80.6985422361817,-0.630327469112161,0.250997558625561,-2.51128924346425,0.0120291090306676,0.0340954101127309
"POOLPIDM_02798",5.40284417535832,-2.28213017184001,0.910179877265921,-2.50733973453168,0.0121643731108037,0.0344417696241444
"POOLPIDM_02382",78.4293525640953,-0.592534854728972,0.236425570653388,-2.50622152710232,0.0122029138764756,0.0345138207922635
"POOLPIDM_03025",67.1393051863803,0.621956183868373,0.24827331202781,2.50512702629393,0.0122407423004076,0.034583704934485
"POOLPIDM_00994",5.091129734621,-2.39976562365934,0.960208258300046,-2.49921368923434,0.0124469231429297,0.0351285753798317
"POOLPIDM_01120",31.078961577924,0.84254289204706,0.338721351082725,2.48742185679724,0.0128672718055791,0.036276073240114
"POOLPIDM_00445",182.469414958983,-0.48620079589389,0.195679003438631,-2.48468556845636,0.0129665907560469,0.036478050408687
"POOLPIDM_03083",78.580215354804,0.616986523501833,0.24829834449772,2.48485959400949,0.012960254022583,0.036478050408687
"POOLPIDM_01857",45.1570379837368,0.74417932720365,0.299923942404634,2.48122681116155,0.0130931031326143,0.0367946906797134
"POOLPIDM_02051",31.9810161128275,0.820945152470277,0.331133782921134,2.4791947992386,0.0131679368380407,0.0369655820075349
"POOLPIDM_01246",21.192009841346,-1.00964529855452,0.40865298413278,-2.47066664812721,0.0134861466658375,0.0378185985224976
"POOLPIDM_02221",5.432320979454,1.98587822138165,0.804229614220605,2.46929258294748,0.0135380476788041,0.0379237977484883
"POOLPIDM_02745",8.65543498919485,1.553828820979,0.63012248227994,2.46591553971676,0.0136663554686528,0.0382425828188627
"POOLPIDM_02971",31.1019712429739,0.843032755882226,0.342242920917696,2.46325841779781,0.0137680643352185,0.0384863389052344
"POOLPIDM_00502",8.46304982068943,1.57128426790057,0.638931080542081,2.45923905684391,0.0139231872157877,0.0388787304034072
"POOLPIDM_01042",29.4250198192832,0.890049715307482,0.362028440589287,2.45850771795364,0.0139515777714482,0.0389167820164418
"POOLPIDM_02582",5.30674433031072,2.1528505763206,0.876216253694709,2.45698543851789,0.0140108365619512,0.0390407665722022
"POOLPIDM_02527",11.9872263674803,-1.33653817766553,0.544658147171732,-2.45390284641077,0.0141315155206265,0.0393354539729372
"POOLPIDM_01281",4.28172695210616,-2.64348306655096,1.07791773950522,-2.45239777551518,0.0141907693956824,0.0394587216529733
"POOLPIDM_01956",3.88788757714855,-3.10438693450228,1.26669629687152,-2.450774461226,0.0142549240822897,0.0395953423402694
"POOLPIDM_00109",1308.26822855499,-0.385152588967232,0.157292752783771,-2.4486353131393,0.0143398556224563,0.0397893257060997
"POOLPIDM_00193",62.6052920783171,0.622690095995535,0.254465525535485,2.44705091066924,0.0144030492738819,0.0399226476192983
"POOLPIDM_02076",53.6336128176919,0.635126416342316,0.25989904390078,2.44374279647133,0.0145357851964347,0.040248245564918
"POOLPIDM_01828",1.4148077252445,4.22238465456317,1.72895666702297,2.44215759428694,0.0145997717895137,0.0403829994093999
"POOLPIDM_01000",4.15989458153768,-2.6733558765266,1.09554754971512,-2.44020068067493,0.0146791048917011,0.0405598747322057
"POOLPIDM_02817",14.3515086168575,1.17679447024009,0.48316707848923,2.43558496145826,0.0148677326066031,0.0410380556555035
"POOLPIDM_01547",35.0891632540455,-0.797419185678313,0.327639161189571,-2.43383355879406,0.0149398631048973,0.041194015841537
"POOLPIDM_02526",37.32217323117,-0.791735955027712,0.325947435330769,-2.42902955878227,0.0151392980001951,0.0417003025376325
"POOLPIDM_00018",3.61965863042902,-3.08020763429593,1.27063641893668,-2.42414556075259,0.0153444537293206,0.0422212735182558
"POOLPIDM_01064",16.861403826657,1.12269080105445,0.463294795396901,2.42327522823271,0.0153812684619554,0.042278439693133
"POOLPIDM_01085",42.3264328635849,0.736990010972426,0.304311942824175,2.42182414575245,0.0154428215902468,0.0424034142832194
"POOLPIDM_01556",61.5548687813191,0.639163444095789,0.264068087049703,2.42044940468511,0.0155013362938184,0.0424755950836853
"POOLPIDM_03104",7.30858517830652,1.65444245628419,0.683514942083663,2.42049201037317,0.0154995198925989,0.0424755950836853
"POOLPIDM_01803",2.14315108137622,3.81291303417836,1.57787736881865,2.4164824906723,0.0156712799250988,0.0428966706984013
"POOLPIDM_01558",121.887529054901,0.485284245809602,0.200898823203051,2.41556539790737,0.0157108009021544,0.0429602398112851
"POOLPIDM_02485",6.1722845329088,-2.08845196019616,0.865192588425829,-2.41385789491792,0.0157846172637427,0.0431173586603376
"POOLPIDM_00416",112.794000047348,-0.517996075708018,0.214817735327237,-2.41132825890256,0.0158945356293252,0.0433726665827135
"POOLPIDM_00688",34.6141131562739,-0.797284538285211,0.330865145457058,-2.4096963649158,0.0159658017431504,0.0435220821043893
"POOLPIDM_00766",24.9457540480749,0.900337063820834,0.37470113431494,2.40281381978441,0.0162694682587951,0.0443040478617601
"POOLPIDM_02723",93.5203320530053,0.573933259969925,0.239035443819185,2.40103831799969,0.0163486244663643,0.0444736574750633
"POOLPIDM_00328",33.0219470763188,0.781133213294579,0.327207362912021,2.38727272620882,0.0169738941715922,0.0461269948828012
"POOLPIDM_01351",5.66029491749006,1.89238136852629,0.793178945179454,2.38581896308171,0.0170411375976668,0.0462620378037588
"POOLPIDM_01163",28.9111166583317,0.906472870978727,0.380024717777861,2.38529976754984,0.0170652094334372,0.0462797243482926
"POOLPIDM_00358",24.1158044736518,0.910073636574545,0.382291700967978,2.38057387662406,0.0172856946019913,0.0468294871231749
"POOLPIDM_00473",11.6101313690954,-1.38292007193973,0.581856050760764,-2.37673917824107,0.0174664336244286,0.0472705534229914
"POOLPIDM_01442",59.6429093849205,-0.623315712774922,0.262349969606017,-2.37589397746446,0.0175064921991561,0.0473303727558723
"POOLPIDM_00669",23.778995698909,0.892264852579461,0.375891485732014,2.37372988335146,0.0176094275191397,0.0475598882586601
"POOLPIDM_01600",3.9879688306876,-2.6257206038088,1.10673899223984,-2.3724840474761,0.0176689261071702,0.047671739220574
"POOLPIDM_01045",39.9924607573895,-0.713011570261802,0.300705320936643,-2.37113054082614,0.0177337664576618,0.04774893603922
"POOLPIDM_02547",30.4333471672201,-0.841734508623433,0.354968971014299,-2.3712903869266,0.0177260981143173,0.04774893603922
"POOLPIDM_02338",28.3749629459214,-0.846184279964907,0.357175610917898,-2.36909871250816,0.0178314935757876,0.0479630786385471
"POOLPIDM_02549",10.1403726143618,1.50787361607863,0.636920523835642,2.36744391120884,0.0179114347378362,0.0481289928327587
"POOLPIDM_03132",7.99423905562254,1.54753601984014,0.655055262908165,2.36245108995803,0.0181545368300339,0.0487325448920257
"POOLPIDM_00855",38.9463682617335,0.711626758032014,0.301439507173952,2.36076141678852,0.0182374594217127,0.0489053337086823
"POOLPIDM_02593",113.838930621551,0.504759375964079,0.21491335220361,2.34866457010948,0.0188408711772835,0.0504720898610968
"POOLPIDM_00122",22.3751810466648,0.904820111620461,0.38567408286771,2.34607444942268,0.0189723174047274,0.0507726179480828
"POOLPIDM_00562",28.5677741340732,-0.818495493871673,0.348936994649392,-2.34568276342865,0.0189922647475233,0.0507744522053463
"POOLPIDM_01450",4.58553702702867,-2.28375924789465,0.973901199661634,-2.34495988780803,0.0190291266977609,0.0508214569151952
"POOLPIDM_00738",5.27508665196876,-2.08745601993075,0.890638202425858,-2.34377552438811,0.0190896567304699,0.0509315133011322
"POOLPIDM_01916",14.124946183673,-1.16840581587882,0.498635084405991,-2.3432081945672,0.0191187112046864,0.0509574547376677
"POOLPIDM_01092",20.7813770043628,-0.968458003598307,0.413679890697174,-2.34108068914389,0.0192280110095289,0.0511970070920385
"POOLPIDM_01291",32.2045432575203,0.806284023698421,0.344516479475966,2.34033514136925,0.0192664422696851,0.0512475699524619
"POOLPIDM_00928",5.90570491366223,1.78549716681741,0.763060290655972,2.33991624080253,0.0192880650658434,0.0512533664451242
"POOLPIDM_00074",8.30621484141749,1.59606754547882,0.682837841025041,2.33740347940132,0.0194182143901486,0.0513822940495681
"POOLPIDM_01529",10.6256634977248,-1.3540514755875,0.579372796739061,-2.33709881307621,0.0194340467251212,0.0513822940495681
"POOLPIDM_01808",3.18828780994884,2.8008353687338,1.19777594077551,2.33836335610513,0.0193684069574451,0.0513822940495681
"POOLPIDM_02059",23.7663585610383,0.87642051221321,0.374869261044438,2.33793645755691,0.0193905446694738,0.0513822940495681
"POOLPIDM_02786",3.95232713859534,2.26799231946611,0.970327074041497,2.33734828197644,0.019421081951444,0.0513822940495681
"POOLPIDM_01479",57.385597791776,0.593394240618456,0.25501658302099,2.32688491700798,0.0199713911852314,0.0527500873389478
"POOLPIDM_02597",33.5233305215596,0.770725683177088,0.331975800074607,2.32163212801619,0.0202527524039451,0.053439695031831
"POOLPIDM_00295",30.6832565292844,-0.791673972666141,0.341246651774557,-2.31994649192677,0.0203437721004928,0.0536261832568991
"POOLPIDM_01542",53.8065454113318,-0.640386546043967,0.276125424153123,-2.31918718824257,0.0203848888429696,0.0536808861039638
"POOLPIDM_00253",77.1001752979568,0.533214982717977,0.229973519461662,2.31859295785951,0.020417117312884,0.0537120970426768
"POOLPIDM_01334",36.5276438889545,-0.826025293901935,0.356763311691326,-2.31533138871807,0.0205948032187195,0.0541255247104134
"POOLPIDM_01757",26.367555115064,-0.859744626568476,0.371618057981955,-2.31351681680179,0.0206942412492516,0.054332689176322
"POOLPIDM_01308",6.78183505246888,1.69754602335723,0.734230598403375,2.31200664620711,0.0207773170578285,0.0544965251387423
"POOLPIDM_01643",10.2836183923696,-1.41232775674007,0.611760805164671,-2.30862739949466,0.0209642661668693,0.0548776619819934
"POOLPIDM_02468",46.4784119985356,0.661443236094771,0.286484422218776,2.30882793197619,0.0209531313909819,0.0548776619819934
"POOLPIDM_00506",4.39668591348091,2.16166076886131,0.936745783556427,2.3076279678083,0.021019837580696,0.0549685435145978
"POOLPIDM_00574",4.71025941084773,-2.24370035131575,0.972459544599252,-2.30724287069482,0.0210412843734525,0.0549700947556202
"POOLPIDM_01093",16.3045382785075,-1.08230576096662,0.470006894799539,-2.30274443405395,0.0212932265536244,0.055528900073322
"POOLPIDM_01471",5.35722530437455,1.9229418376418,0.835091565463715,2.30267184721715,0.0212973133437514,0.055528900073322
"POOLPIDM_01587",12.4764986273184,-1.26543537632406,0.551203716783939,-2.29576713253565,0.0216891996549291,0.0564947927770683
"POOLPIDM_02003",13.468171584545,-1.22502498871766,0.536808522926128,-2.28205204723667,0.0224862676100744,0.058513130720786
"POOLPIDM_00987",17.1926812444882,1.03021827569408,0.451650038293008,2.2810100483723,0.0225478522821123,0.0586155213172071
"POOLPIDM_00198",33.9499073546506,0.753712899369258,0.331484245700349,2.27375179709321,0.0229809139385676,0.0596824523567136
"POOLPIDM_02494",10.111373665951,-1.33739485798408,0.58987975508677,-2.26723301901986,0.0233759947548649,0.0606487422970709
"POOLPIDM_02063",25.7733914735814,0.842458743198567,0.371820933673244,2.26576469182588,0.0234657942682756,0.0608218620365532
"POOLPIDM_00674",34.5700584664647,0.733446537035823,0.324044983133953,2.26340963511425,0.023610449352383,0.0610508306895375
"POOLPIDM_00899",2.44351095096412,-3.35130545903537,1.4807845054814,-2.26319592528818,0.0236236143032353,0.0610508306895375
"POOLPIDM_01728",40.501550972947,-0.676614182235716,0.298924585146735,-2.26349459313821,0.0236052175376099,0.0610508306895375
"POOLPIDM_01560",41.0695891666416,-0.70496675023823,0.311806570053144,-2.26091050652998,0.0237647993923103,0.0612500160926927
"POOLPIDM_01584",47.1748473472599,-0.643635877804509,0.284646780243522,-2.26117392669561,0.0237484889905036,0.0612500160926927
"POOLPIDM_02298",32.4509269196921,-0.748925858978397,0.331262910325819,-2.26082013903029,0.023770396988932,0.0612500160926927
"POOLPIDM_01158",5.41823708641465,1.7935268488867,0.793573575725509,2.26006372156105,0.0238172963155244,0.0612639709062307
"POOLPIDM_02158",2.37741920641656,-3.36121805306038,1.48727569893914,-2.25998317289653,0.0238222952120207,0.0612639709062307
"POOLPIDM_01205",6.76037754996243,1.65257140598728,0.732240856573617,2.25686861249477,0.0240162858396197,0.0617026603052996
"POOLPIDM_00640",113.463573854726,-0.451629644814536,0.200412709410708,-2.25349802486331,0.0242277651267591,0.0621853835191207
"POOLPIDM_02052",20.3071130307369,0.936719742879593,0.415986894074341,2.25180109331087,0.0243348445731046,0.0623994652672216
"POOLPIDM_00006",9.10890140050978,1.3427687700567,0.596711288881896,2.25028216337712,0.0244310394601494,0.0624033139699165
"POOLPIDM_00273",29.6866798675721,0.769848785263156,0.342063675723315,2.25060080885602,0.0244108321514313,0.0624033139699165
"POOLPIDM_00346",22.4799148330792,-0.880151443216523,0.390993677308996,-2.25106310995652,0.0243815404912428,0.0624033139699165
"POOLPIDM_01901",11.9768551624186,-1.22154807609901,0.542683268209213,-2.25094110627358,0.0243892677535622,0.0624033139699165
"POOLPIDM_01844",1.23506629961621,4.0162856745483,1.78582202307072,2.2489842899587,0.0245134955969774,0.062553314998676
"POOLPIDM_01475",31.9852800193263,0.738932399205425,0.329346744929539,2.2436304915159,0.0248561857208154,0.0633116316782758
"POOLPIDM_02193",16.2511335120983,-1.04514570083836,0.465836022429468,-2.24359141525301,0.0248587021195051,0.0633116316782758
"POOLPIDM_02282",19.4064757648803,1.00718461919369,0.449338630493147,2.24148237174335,0.0249948461462368,0.0635969251365638
"POOLPIDM_00259",96.740065320263,-0.513483604877755,0.229340895288207,-2.23895352040234,0.0251589405604199,0.0639527167958216
"POOLPIDM_02860",106.102655686508,0.461663349910302,0.206556025152493,2.23505148092132,0.025413969169912,0.064538750223399
"POOLPIDM_02779",6.45791559598523,1.59908384131438,0.715967088047024,2.23345998441949,0.0255186263207814,0.0647421549389603
"POOLPIDM_00141",8.00412936470696,-1.49326398821777,0.669207481987792,-2.23139165118452,0.0256551973995774,0.064878668069827
"POOLPIDM_00204",26.7656799844903,-0.882659234019804,0.395598554753455,-2.23119933936537,0.0256679277249606,0.064878668069827
"POOLPIDM_01079",12.0963743295639,-1.18360581389986,0.530490252388622,-2.23115468864974,0.0256708842173101,0.064878668069827
"POOLPIDM_03106",7.66557154994504,1.48359160533306,0.664612273738846,2.23226633626093,0.0255973653938606,0.064878668069827
"POOLPIDM_02438",130.761177548641,-0.432544993726433,0.194155190759794,-2.22783121086662,0.0258917727300346,0.0653116870013122
"POOLPIDM_02703",105.667294165839,-0.470950843784333,0.211379466169858,-2.22798766747709,0.0258813374003001,0.0653116870013122
"POOLPIDM_01742",74.5599236786607,0.539446593357692,0.242371458743689,2.22570180562458,0.026034161743695,0.065608078734589
"POOLPIDM_02189",3.78940736976726,-2.49906238476242,1.12327496728728,-2.22480021147243,0.0260946532057674,0.0656977133241669
"POOLPIDM_02788",5.3480868834087,1.78056655402026,0.800822782692047,2.22342145166588,0.0261873945290489,0.0658682938726841
"POOLPIDM_00360",10.1209489470896,1.37848642076912,0.620282902500935,2.22235114850203,0.026259584007103,0.0659869050931588
"POOLPIDM_03103",1.200869917096,3.98548251674838,1.79426730461387,2.22123119921982,0.0263353060664219,0.0661141588486554
"POOLPIDM_00929",6.05186809736158,1.65486188439312,0.745337042442964,2.22028664906959,0.0263993156283029,0.0662117944778368
"POOLPIDM_01932",119.404735881214,-0.46008181857224,0.207405768207762,-2.21826915687016,0.0265364858490007,0.0664925634011083
"POOLPIDM_00608",50.1193770498439,-0.604600945748869,0.273203704079591,-2.21300420426487,0.0268973557956347,0.0673327919062612
"POOLPIDM_01751",14.3517189282103,-1.12974403622321,0.510861352188403,-2.21144941065451,0.0270047314425483,0.0675374497936976
"POOLPIDM_01567",18.0673385882124,0.981189577234811,0.443875437311513,2.2105065853108,0.0270700239957258,0.0676365718035385
"POOLPIDM_01059",29.6353156484957,0.815683204345048,0.36911491523349,2.2098353945656,0.0271165882971883,0.0676860442007154
"POOLPIDM_01220",20.9644973798312,0.888942333887938,0.402330773407006,2.20948133387914,0.0271411793323809,0.0676860442007154
"POOLPIDM_02643",5.71185590800215,1.69354345227201,0.766723480082282,2.20880603798682,0.0271881348989481,0.067739058217039
"POOLPIDM_02307",26.227597095624,-0.828822489297379,0.376572947720647,-2.20096131258006,0.0277387627641814,0.0690456833299171
"POOLPIDM_00668",32.4758269762204,0.76916773060066,0.350078305342258,2.19713052440846,0.0280111256638153,0.069657855896054
"POOLPIDM_01967",13.8523087881349,1.07207923424408,0.488677168852817,2.1938394150085,0.0282469561424076,0.0701781115847186
"POOLPIDM_00237",5.26972861615733,1.87455345145277,0.858085626947596,2.18457621545414,0.0289199334225825,0.0717824336176342
"POOLPIDM_02588",10.6097210085772,1.20186681866609,0.550608590689411,2.18279707034946,0.0290507575283408,0.0720393197033925
"POOLPIDM_00457",16.6771107028334,-0.991410314691975,0.455617070253236,-2.17597271792503,0.0295573006202657,0.0732265455216356
"POOLPIDM_01346",20.8535325736376,-0.953433613549013,0.438823979112445,-2.17270171852825,0.0298027743619654,0.0737653645240759
"POOLPIDM_01382",15.0859044829568,-1.07378240640082,0.494526164276063,-2.17133588466997,0.0299057916176755,0.0739509068519631
"POOLPIDM_01799",14.2757449709099,1.13501579953402,0.523112895479024,2.16973393189755,0.0300270079472416,0.0741810618078059
"POOLPIDM_01487",6.77304666759725,1.54546885113806,0.712956115464682,2.1676914155239,0.0301821730615772,0.074494576957226
"POOLPIDM_01388",13.9027388911272,1.0426548236403,0.481923608186169,2.16352717719012,0.0305006557646309,0.0752102231951049
"POOLPIDM_02231",3.59000031565423,-2.45405318719042,1.13543044629367,-2.16134171423803,0.0306689528823861,0.0755545418672614
"POOLPIDM_00838",10.2150306607416,-1.26074183808872,0.58353156898701,-2.16053750147113,0.0307310837309258,0.075636915700019
"POOLPIDM_01396",3.32666806716088,2.35993587928194,1.09258376005205,2.15995877439137,0.030775861137354,0.0756764645131204
"POOLPIDM_00789",2.20588388127927,-3.2592805256592,1.50939778788037,-2.15932509761802,0.0308249543635535,0.0757265421270523
"POOLPIDM_02626",42.4410603264332,0.677359209637518,0.31374572564995,2.15894322778203,0.0308545716534932,0.0757287252128566
"POOLPIDM_00100",28.6952009018429,-0.785650646295107,0.364369354049462,-2.15619298814152,0.0310685988423989,0.07618309446378
"POOLPIDM_00512",133.939588205773,-0.451485886766672,0.209525223700715,-2.15480446121166,0.0311771390048921,0.0763781955547357
"POOLPIDM_02339",45.3954081580213,-0.632766374342439,0.294018081309109,-2.15213422087874,0.0313867845839755,0.0768203938378453
"POOLPIDM_00601",49.4627940719398,0.599272350668597,0.278763469302388,2.14975208971351,0.0315748297332525,0.0771373968274825
"POOLPIDM_02541",18.9520588071228,0.910403052033066,0.423450810930067,2.14996176305214,0.0315582394522627,0.0771373968274825
"POOLPIDM_02589",28.9414032535027,-0.774719290908189,0.361064985046513,-2.14565056982301,0.0319008676121716,0.0778617472460041
"POOLPIDM_02024",15.11625212619,-1.02343069957907,0.477144002767272,-2.14490948988885,0.0319600843372013,0.0779341186983002
"POOLPIDM_02212",7.50672217853293,-1.49181922518657,0.696153276217638,-2.142946497777,0.0321173947144987,0.0782453349976142
"POOLPIDM_01362",83.7399044755476,-0.478918367474867,0.223595282055776,-2.1418983579242,0.0322016620394341,0.0783781912612635
"POOLPIDM_00249",24.6329458928121,0.810408406250548,0.378684926629093,2.14005984728384,0.0323499304893415,0.0786664361345979
"POOLPIDM_01520",46.0078532680455,-0.630087396513964,0.294531874829769,-2.13928423495127,0.0324126556930064,0.0787463229555437
"POOLPIDM_02889",26.0628889654959,-0.809455941528206,0.378707288746734,-2.13741843788367,0.0325639730857358,0.0790410985764269
"POOLPIDM_03032",20.8205148180862,-0.876922150593401,0.410557138927155,-2.13593204805773,0.0326849529295754,0.0792617625780689
"POOLPIDM_00424",2.36098463714879,2.94695039955986,1.38175821902587,2.1327540223625,0.0329449097339012,0.0797897516711244
"POOLPIDM_01310",19.0299775869113,0.929154256483248,0.435780216233876,2.13216254861966,0.032993486085556,0.0797897516711244
"POOLPIDM_01318",13.3326254791261,1.12798094962282,0.528984662329128,2.13235095448004,0.0329780061037468,0.0797897516711244
"POOLPIDM_02908",55.358934338432,0.573496603081677,0.26931053757436,2.12949930681167,0.0332129721750646,0.080246924521971
"POOLPIDM_02273",549.086361886246,0.403475487325683,0.189655490210123,2.12741264109288,0.0333858127422264,0.0805906615279383
"POOLPIDM_02574",3.60103716218192,-2.34655263406964,1.10579901456058,-2.12204261639908,0.0338341594829748,0.0815982107933408
"POOLPIDM_02325",147.583938275217,0.393944755291597,0.18579814443615,2.12028358241746,0.0339821373498771,0.0818801773805082
"POOLPIDM_02748",1.72189540719983,3.42778553360219,1.61742391463203,2.1192870357565,0.0340662166058091,0.0820078054547149
"POOLPIDM_00935",1.69441410393687,3.41645366333084,1.61438582966247,2.11625597831538,0.0343230425849288,0.082550675414117
"POOLPIDM_01947",9.15490464045686,-1.33916999758479,0.633477972964819,-2.11399615256893,0.0345155959306775,0.0829381138316005
"POOLPIDM_01242",41.1173074847394,0.621377724039677,0.294380442405712,2.11079825467244,0.0347896562197462,0.0835205225821957
"POOLPIDM_00352",37.5208415498376,-0.672529874638451,0.319280260030348,-2.10639353204776,0.0351701826666649,0.0843572352223191
"POOLPIDM_01773",15.1368434701432,-1.03244937840585,0.491021891787463,-2.1026544756435,0.0354959842525121,0.0850612858996563
"POOLPIDM_01850",11.2738748050869,1.1254517464444,0.53577977517834,2.10058646963631,0.0356772827972939,0.0854180903303059
"POOLPIDM_01094",24.9991078502106,-0.782624811001598,0.372751427790244,-2.09958903616058,0.0357650080637907,0.0855504185627516
"POOLPIDM_00395",19.0049105640584,0.875479024803681,0.417150722135619,2.09871151683889,0.0358423388224394,0.0856576655810973
"POOLPIDM_02803",5.9088597946773,-1.70346967823348,0.812396635305635,-2.09684482210172,0.0360073143495987,0.0859739860738606
"POOLPIDM_00373",60.2101015046283,0.540819341327374,0.2584754623921,2.09234306545883,0.0364078379041529,0.0867786507320884
"POOLPIDM_01253",26.4812877538944,0.746127138439623,0.356603285087476,2.09231706392328,0.0364101622570902,0.0867786507320884
"POOLPIDM_01863",64.7508100999199,-0.530597167583596,0.254398843788063,-2.08569016935325,0.0370066975046253,0.0881207358827392
"POOLPIDM_01722",36.1310269227054,-0.65629697082094,0.31549538929971,-2.080210973218,0.037506186197541,0.0892295187876518
"POOLPIDM_00667",16.5172471031846,0.959610718879497,0.462176491573864,2.07628630268862,0.0378674793776853,0.0900078229392052
"POOLPIDM_02866",124.254123821432,-0.428354468526744,0.206360157576955,-2.07576149173565,0.0379160155423182,0.0900419972698656
"POOLPIDM_01801",1.68334140119855,3.47124528816572,1.67502874402694,2.07234968387497,0.0382328421205328,0.0906988657474249
"POOLPIDM_03024",2.39087426725945,2.93645528956375,1.41717875712957,2.07204297608257,0.0382614335019486,0.0906988657474249
"POOLPIDM_01592",24.5833226539131,-0.804413373745793,0.389184459392869,-2.06692059338825,0.0387416369131253,0.0917546764627118
"POOLPIDM_01377",8.71843299049372,-1.32450922011312,0.641224813688811,-2.0655925844378,0.0388669652278462,0.0919688692465015
"POOLPIDM_00181",335.75561556915,0.346296137922997,0.167720109021463,2.06472640605475,0.0389488946156068,0.0920713050204987
"POOLPIDM_00257",39.9460606064754,-0.659794982636706,0.319628946378001,-2.06425290986135,0.0389937432785913,0.0920713050204987
"POOLPIDM_02357",9.93874965223386,-1.2865433434079,0.623316741125815,-2.06402821956007,0.0390150408603555,0.0920713050204987
"POOLPIDM_02871",10.0949490197616,-1.29868082679577,0.629438565465944,-2.0632368241282,0.0390901330757225,0.0921660024933851
"POOLPIDM_00136",9.27236240892895,-1.25381011964287,0.608103712430289,-2.06183598950911,0.0392233533816189,0.0923149638517388
"POOLPIDM_00215",28.8215706750007,-0.717415802766912,0.347905379590331,-2.06210034352355,0.0391981836671346,0.0923149638517388
"POOLPIDM_01235",15.2359780992367,0.946828273116235,0.45943379429774,2.0608590070382,0.0393164931017181,0.092369229782646
"POOLPIDM_02826",8.65499123611845,1.30075267561297,0.631116358708596,2.06103463753435,0.0392997356995065,0.092369229782646
"POOLPIDM_00377",18.6410735271449,-0.936210394883739,0.454514298198668,-2.05980405587708,0.039417276691252,0.0925235452877473
"POOLPIDM_02358",5.06776021718005,-1.76691201013716,0.85917569561115,-2.05652001000833,0.0397324195520736,0.0931803006577099
"POOLPIDM_02054",21.3312326872017,-0.836529544109229,0.407005372514431,-2.05532801432386,0.0398473332384944,0.0933667292592634
"POOLPIDM_01142",5.04855286409493,-1.78735568230799,0.870361802439652,-2.05357780787022,0.0400165718649644,0.0935968797125522
"POOLPIDM_02881",82.6379497848003,0.485036163100976,0.236176027497622,2.05370616247603,0.04000413975375,0.0935968797125522
"POOLPIDM_01804",1.61793924738646,3.36709894361513,1.64161175185852,2.05109334762201,0.0402578570375336,0.0940777581125342
"POOLPIDM_00008",7.6776141171341,1.34351304959787,0.656862731559715,2.04534826691676,0.0408205353264754,0.0952771977281983
"POOLPIDM_00403",21.4767212950264,-0.831206989492493,0.406435107954617,-2.04511611626156,0.0408434117727102,0.0952771977281983
"POOLPIDM_01714",27.7518522139788,0.711951005688179,0.348196959123313,2.0446789870903,0.0408865165749631,0.0952934197096398
"POOLPIDM_00200",18.8511617141181,-0.904195266867739,0.443839961769072,-2.03721013147119,0.0416289889965346,0.0969322581641327
"POOLPIDM_01711",22.7413051840982,-0.800276674380498,0.392895598915245,-2.03686851313683,0.0416632202200161,0.0969322581641327
"POOLPIDM_00526",13.0907369638914,1.08374874843563,0.532324946609534,2.0358781893244,0.0417625884590772,0.0970777629436751
"POOLPIDM_02462",2.77242985851252,-2.67570107706995,1.31572051457357,-2.03363939942607,0.0419879663260719,0.0975156645246921
"POOLPIDM_02801",6.84881135433948,1.40690104918076,0.692399633043054,2.03192055864836,0.0421616989003488,0.0978329562511616
"POOLPIDM_01124",8.18484271000305,1.26678775480521,0.62412404605032,2.02970509279668,0.0423865249289437,0.0981817923661649
"POOLPIDM_02771",57.3684398407643,0.528745326321112,0.260479185900374,2.02989472841543,0.0423672410540636,0.0981817923661649
"POOLPIDM_00824",10.2317729538078,1.1276439008923,0.555697191056742,2.02924167881416,0.0424336803203664,0.0982047246044652
"POOLPIDM_02272",14.9655101415102,0.988990447372912,0.487947368697387,2.02683836581207,0.0426789454316655,0.0986857018928686
"POOLPIDM_00983",8.68917727064993,-1.32091899010705,0.65211849252189,-2.02558124827707,0.042807714736577,0.0988967011793313
"POOLPIDM_00108",14.7485365706367,-2.40314455225211,1.18920057315243,-2.02080675582056,0.043299773209052,0.0999458863214194
"POOLPIDM_00329",1.58374286486625,3.34260635631782,1.65678356957268,2.01752746569062,0.0436404977556685,0.100644227545006
"POOLPIDM_01842",3.74579400043957,2.16382316366266,1.0746153281148,2.01357928465311,0.0440537231476325,0.101508404035978
"POOLPIDM_01753",30.3495103084518,-0.685023694158944,0.340309251822534,-2.01294466868086,0.0441204506270316,0.101573369303804
"POOLPIDM_01118",27.103582397812,-0.747973126787478,0.372470181796742,-2.0081422979401,0.0446281726002682,0.102652585492414
"POOLPIDM_01185",3.0721705210944,2.24266139097679,1.11797275669734,2.00600719252047,0.0448554806187734,0.103085481177931
"POOLPIDM_01821",1.69681026156636,3.47034989411977,1.73046282901308,2.00544607831824,0.0449153798381444,0.103133224088283
"POOLPIDM_01519",16.5024576495671,-0.917169852952404,0.458126157726516,-2.00200280530569,0.0452844298146426,0.10389012792985
"POOLPIDM_02188",2.92752072691455,-2.62563947007616,1.31276225223738,-2.00008757534062,0.0454908081699176,0.10427284377035
"POOLPIDM_02958",45.0929644538471,0.55974444883702,0.280309026682228,1.99688342349237,0.0458378483211308,0.104977035772807
"POOLPIDM_00894",11.9708169308015,1.02314169037204,0.513061990572389,1.99418727010081,0.046131592796151,0.105558054349526
"POOLPIDM_01013",46.8395167828957,-0.577072634844534,0.28989592399649,-1.99062003662915,0.046522675751458,0.106360601284339
"POOLPIDM_00175",21.3039025769988,-0.827504555101107,0.415905930376766,-1.98964355798312,0.0466302142986547,0.106492853278414
"POOLPIDM_02705",60.5887393311164,-0.521183798855591,0.261985473167358,-1.98936144265776,0.0466613222824613,0.106492853278414
"POOLPIDM_01398",47.8584525170113,0.556442574540684,0.279916950884234,1.98788452354504,0.0468244627751475,0.10677273691634
"POOLPIDM_00263",156.298499909692,0.366320752101222,0.184433929101857,1.98618960125777,0.0470122750690044,0.107108346656781
"POOLPIDM_02070",16.951155088999,0.868713275216934,0.437540043970948,1.98544861707473,0.04709458149849,0.107203209697772
"POOLPIDM_00560",6.53889733094258,-1.49560700414807,0.75392908307413,-1.98375024617669,0.0472836891284852,0.107540814963492
"POOLPIDM_02305",1.95946531880306,-3.05815167724225,1.54204748444485,-1.98317607472587,0.0473477653720326,0.107593715104033
"POOLPIDM_01602",6.17945708342796,1.45318062268378,0.73297796951129,1.98257066805525,0.0474154064664355,0.107654617954801
"POOLPIDM_02685",27.371179974698,-0.713897068564897,0.360185342859363,-1.98202698337906,0.0474762206963143,0.107699929221587
"POOLPIDM_00345",9.28300882974386,-1.21053688555453,0.611912265041816,-1.97828504952717,0.047896558741173,0.10856004199633
"POOLPIDM_00242",26.5226310618071,0.746812241361425,0.377685643972228,1.97733817337346,0.0480034174707796,0.108615457899549
"POOLPIDM_02960",6.60393108371115,1.42346303540831,0.719864316345747,1.97740463457649,0.0479959105288918,0.108615457899549
"POOLPIDM_02849",11.3548841289254,1.0670895914187,0.541327624499974,1.97124540319622,0.0486958129037131,0.110087618193986
"POOLPIDM_02539",11.0531515339517,-1.08652122606168,0.552718510859396,-1.96577680087518,0.0493243987425452,0.111317735518278
"POOLPIDM_02995",2.99706267679673,2.19896520239316,1.11850713927212,1.96598226795778,0.0493006589341174,0.111317735518278
"POOLPIDM_01873",33.5450540936325,-0.632139254844358,0.32222022800518,-1.96182362217867,0.0497830224844775,0.112256670033432
"POOLPIDM_01138",22.8217847961049,-0.763147886635732,0.389215179405341,-1.96073515889514,0.0499099254207407,0.11244663539237
"POOLPIDM_01251",3.28719854475871,-2.27326360444628,1.1605041865748,-1.9588585984819,0.0501293487718866,0.112844545997176
"POOLPIDM_00027",14.1138882335185,-0.970891934085421,0.495812878340387,-1.95818216205929,0.0502086414763143,0.112926603183929
"POOLPIDM_02887",1.92737809810786,-3.04918442660078,1.5577150664038,-1.95747251366083,0.0502919402975566,0.113017523123921
"POOLPIDM_00003",11.1055080928623,1.13227460142826,0.57855125194745,1.95708607943882,0.0503373487927939,0.113023212451282
"POOLPIDM_01552",54.9910810236901,-0.543984307143932,0.278397427286037,-1.95398467739797,0.0507030293034758,0.113747391696989
"POOLPIDM_01903",39.5915764057403,-0.584999070374175,0.299664029069005,-1.95218315722327,0.050916463113841,0.114129078884426
"POOLPIDM_01024",11.6440969425295,-1.08025396005542,0.553636655190381,-1.9511966014677,0.051033663117825,0.114294593014942
"POOLPIDM_00932",1.51467267830858,3.23249986809413,1.66038134578615,1.94684183624312,0.0515536995544088,0.115263402905362
"POOLPIDM_01365",11.1787320458294,-1.08346131511711,0.556494581450287,-1.94693955921995,0.0515419812316707,0.115263402905362
"POOLPIDM_01470",8.97618365246288,1.20002247046496,0.616775899800261,1.94563774436319,0.0516982697381519,0.115442032491363
"POOLPIDM_02475",18.6001550947132,-0.83134252909922,0.427327221852758,-1.94544715755476,0.0517211837527691,0.115442032491363
"POOLPIDM_01256",4.67453975134053,-1.80679940529653,0.929213210131458,-1.94444007639637,0.0518424050056477,0.115602249047568
"POOLPIDM_01644",23.8852222025228,0.769086666642933,0.395595776474194,1.94412254220086,0.0518806755020003,0.115602249047568
"POOLPIDM_01108",40.5829868089695,-0.577025020648144,0.297271991491329,-1.94106756493732,0.0522500826375158,0.116327042088253
"POOLPIDM_02199",7.70658724576852,-1.34944553884274,0.69566487565847,-1.93979254388177,0.0524049071670693,0.116573278727759
"POOLPIDM_00733",13.3853913312217,-0.998033669168601,0.514688549831223,-1.93910214147153,0.0524889020043101,0.116661674269276
"POOLPIDM_00657",4.32023368749331,-1.80604101100238,0.932087010608432,-1.93763134819727,0.052668215070933,0.116961596400151
"POOLPIDM_02997",3.73636858366925,1.90612042197266,0.985040024030582,1.93506900782895,0.0529818280640609,0.117559005704431
"POOLPIDM_00007",4.10111419480265,1.76733455986494,0.913586898976179,1.93450077036516,0.0530515874377946,0.117614789307003
"POOLPIDM_02108",20.3282680437524,0.790601806738657,0.408900554469567,1.93348186520373,0.0531768649677585,0.117793458869757
"POOLPIDM_00500",8.5958301164884,1.20616109701408,0.62412753658782,1.93255548955316,0.0532909801106704,0.117898098568691
"POOLPIDM_01505",25.9191383642726,0.691230020184425,0.35771056032148,1.93237241741816,0.0533135559536722,0.117898098568691
"POOLPIDM_00239",72.0126949743669,0.486990567221978,0.252787369634527,1.92648298815742,0.0540440940087144,0.119358875783579
"POOLPIDM_02133",9.71799305893063,-1.16444469250931,0.604592126824513,-1.92600042383168,0.0541043209238801,0.119358875783579
"POOLPIDM_02291",109.813798708888,-0.396553742209295,0.205899768734742,-1.92595525796909,0.0541099607592478,0.119358875783579
"POOLPIDM_01440",3.32464054083553,-2.18554072530602,1.13746468984406,-1.92141412812176,0.0546795188004641,0.120450985229483
"POOLPIDM_01472",2.04480940529915,2.77571488115699,1.4447218529357,1.92127977819168,0.0546964451136916,0.120450985229483
"POOLPIDM_00356",19.8613895967036,0.787823865845419,0.410688240375691,1.91830149586151,0.055072792873469,0.121178532566331
"POOLPIDM_01154",4.66505131438883,1.65715533284817,0.864392941849563,1.91713195772089,0.0552211695683917,0.121403672212077
"POOLPIDM_00463",3.90617554750387,-1.98089762214815,1.03366810263076,-1.91637684969345,0.0553171453428786,0.121513329269857
"POOLPIDM_01134",9.39175445917353,-1.16030736255478,0.605621654892191,-1.91589477222595,0.0553784910547334,0.12154679635327
"POOLPIDM_00897",45.3626459959362,0.535711632810945,0.279918512279898,1.9138128037608,0.0556440789169091,0.121926676662487
"POOLPIDM_01942",6.71461615432314,-1.49142435710919,0.77924369807758,-1.91393829785031,0.0556280401696389,0.121926676662487
"POOLPIDM_00112",5.25277452041326,1.50560369042933,0.790499182535134,1.90462396887097,0.0568289686024629,0.124419569132967
"POOLPIDM_00024",104.120233606847,0.40686655482097,0.213850859313808,1.90257152169741,0.0570964780873777,0.124901507251724
"POOLPIDM_01228",16.8685841299367,-0.8511479862044,0.447507343335671,-1.9019754622573,0.0571743625796488,0.124968175588685
"POOLPIDM_02119",5.46475291420029,-1.55717980483446,0.81901524470049,-1.9012830529228,0.0572649476205128,0.125062470528311
"POOLPIDM_00224",11.3470781926934,-1.07121412718052,0.563679651286133,-1.90039524175896,0.0573812708838471,0.12521277322005
"POOLPIDM_00714",5.99642793303874,-1.4594254634627,0.768126838798507,-1.89997978165366,0.0574357729695044,0.125228037673791
"POOLPIDM_00222",85.7742440260647,0.431782888145867,0.227441965139775,1.8984310475884,0.0576393229234209,0.125567979525733
"POOLPIDM_01029",4.81871599298282,1.63145421377666,0.860384883169545,1.89619116478035,0.0579347710567313,0.126107395958335
"POOLPIDM_00171",4.82260522333617,-1.7152789630062,0.906142317401561,-1.89294653838141,0.0583649794417886,0.126834365876797
"POOLPIDM_01738",1.90726560862701,-2.94105748106222,1.55342835797996,-1.89326882437418,0.0583221288421211,0.126834365876797
"POOLPIDM_02767",7.17999373840482,1.28986817384136,0.681773122258809,1.89193168772604,0.0585000831378975,0.127023244770591
"POOLPIDM_02466",50.6817523039001,0.543431512752909,0.287447030988244,1.8905448801631,0.0586851241333976,0.127320154086943
"POOLPIDM_02444",76.7809485116752,-0.436077654014067,0.231022701133949,-1.88759655165327,0.0590801333803934,0.128071736505524
"POOLPIDM_00715",16.5489871955382,-0.866941136990675,0.459545631154177,-1.88651806962738,0.059225175752985,0.128280660053302
"POOLPIDM_00483",35.6140057339328,-0.608683715109338,0.323075590293552,-1.88402879510729,0.0595610806042321,0.12890230580686
"POOLPIDM_00995",7.15827591152697,-1.35041575636675,0.716986597504777,-1.88346025025629,0.0596380218564144,0.128962941438481
"POOLPIDM_01230",21.2178349005295,-0.765262525164981,0.406409810279212,-1.88298241284882,0.0597027514117277,0.12899709239452
"POOLPIDM_02139",32.99003646917,0.60212949344832,0.319852020537104,1.88252521411998,0.0597647397242776,0.129025269380177
"POOLPIDM_00703",78.8341237858151,0.462061750409409,0.245755568115902,1.88016798134761,0.0600851878409691,0.129610928927
"POOLPIDM_01684",10.0615773534734,1.05531573939538,0.561769433650302,1.87855671060293,0.0603050467320943,0.129978825172363
"POOLPIDM_00398",19.8739354601721,0.772158234481594,0.41138639956384,1.87696587757945,0.0605227707411204,0.130341522609145
"POOLPIDM_00080",15.2791466948018,0.875842455878867,0.466738603631349,1.87651599645837,0.0605844602430101,0.13036786710251
"POOLPIDM_03029",12.3354910917907,0.947343932918895,0.505579315221783,1.87377905779892,0.0609608840314622,0.131070873007287
"POOLPIDM_02285",21.1679069733542,-0.778896444604428,0.416038215627431,-1.87217523618538,0.0611823639199176,0.131351287599648
"POOLPIDM_02919",22.8318517644697,-0.735358673664395,0.392796081997474,-1.87211305653788,0.0611909640259362,0.131351287599648
"POOLPIDM_00029",15.589077852177,-0.900838565888498,0.481690094826221,-1.87016211369987,0.0614613090889414,0.131824256109397
"POOLPIDM_02392",12.9655049410636,0.914122991732236,0.490196966528475,1.86480752462824,0.0622083882016409,0.133318139267907
"POOLPIDM_02859",6.17620316338757,1.36088358032808,0.731470556330672,1.8604762263498,0.0628181789171031,0.134515613018265
"POOLPIDM_00350",16.0893432664873,0.856117626315311,0.461802158187361,1.85386233289964,0.0637588579860547,0.136419114976656
"POOLPIDM_02107",14.8208407789532,-0.888553020645276,0.479907986004246,-1.8515070525153,0.0640966410891974,0.137030613066605
"POOLPIDM_00254",18.5897803112255,0.788706949325615,0.426121274454277,1.85089784671205,0.0641842506012529,0.137106713602028
"POOLPIDM_02807",2.49931084419893,-2.50746446466236,1.35621952369,-1.84886327092538,0.0644775584224022,0.137621736033564
"POOLPIDM_00128",46.2471018277573,-0.529290614601936,0.286493509379967,-1.84747855456633,0.0646778134278714,0.137780139919523
"POOLPIDM_00139",16.4637049951814,0.866874926216658,0.46911275866731,1.84790311113972,0.0646163603927757,0.137780139919523
"POOLPIDM_02443",27.7820806539012,-0.654805587116484,0.354472793607046,-1.84726613417439,0.0647085786116728,0.137780139919523
"POOLPIDM_01379",13.6348239296416,-0.909709760433252,0.493794934179644,-1.84228248907531,0.0654338398029404,0.139211946505691
"POOLPIDM_01160",7.64751204928291,1.21643470792384,0.660834278515718,1.84075606770284,0.0656573134631345,0.139574740555502
"POOLPIDM_00391",22.2973930079317,-0.726680107878778,0.395385631554433,-1.83790216407683,0.0660768231794312,0.140353348832378
"POOLPIDM_00119",14.0741059412184,0.886729440563154,0.482743877607156,1.83685279440198,0.0662316296421307,0.140500327852187
"POOLPIDM_00531",14.7922374649424,0.870319200877191,0.47384665365868,1.83671066189295,0.0662526204553369,0.140500327852187
"POOLPIDM_01931",169.508411370602,0.349791897295597,0.190585660885429,1.83535264757339,0.066453455031213,0.140812948120802
"POOLPIDM_01449",1.88189346718907,-2.9247218720238,1.59445926848001,-1.8343032837784,0.0666089869963545,0.141029148371398
"POOLPIDM_00032",60.9773165575626,0.478156797451429,0.260757856589561,1.83371961905661,0.0666956248119873,0.141099251207382
"POOLPIDM_02833",15.4645738596609,-0.868675171423413,0.47413942026818,-1.83210915247688,0.0669351600521648,0.141492447391745
"POOLPIDM_01683",126.77461994498,0.38813438499282,0.212097365458653,1.82998211294843,0.0672526135790158,0.142049590860806
"POOLPIDM_00556",3.50528710285956,-1.92872398701963,1.05440841914374,-1.82920010121495,0.0673696372982195,0.142182837404409
"POOLPIDM_00199",45.8502108354651,-0.545289100546617,0.29844494472169,-1.82710114609285,0.0676845629752014,0.142619111113214
"POOLPIDM_00420",12.2918373127361,0.970414472285677,0.531106566070489,1.82715585586807,0.0676763390158361,0.142619111113214
"POOLPIDM_00823",9.50979295307381,1.04094243191371,0.570202210449593,1.82556716343303,0.067915485746647,0.14299139011834
"POOLPIDM_00421",49.1118329621513,-0.510455478128077,0.280083415557359,-1.82251232945115,0.0683772846771385,0.143848780853102
"POOLPIDM_02456",14.5307270032878,-0.877768523532293,0.482464469737544,-1.81934334772837,0.0688590639706261,0.144631468228343
"POOLPIDM_02861",187.285988101407,0.313114796504742,0.172075120154281,1.81964014451366,0.0688138239897396,0.144631468228343
"POOLPIDM_02277",39.7294942909687,0.587491705413165,0.32306052024244,1.81851903467586,0.0689848401218523,0.144780285478664
"POOLPIDM_00111",8.36979046022482,1.15008412154548,0.632751339761302,1.81759255062082,0.0691264310528968,0.144962030433919
"POOLPIDM_01595",119.144272447287,-0.38128309717631,0.209821103522824,-1.81718183144926,0.0691892759828343,0.144978482902028
"POOLPIDM_02518",66.641604022004,-0.466846096929055,0.257754150093205,-1.81120690689264,0.0701088294599651,0.146788621490443
"POOLPIDM_01686",5.83012678365306,1.35543684583804,0.748879620066512,1.80995290767515,0.070303090358518,0.147078528718296
"POOLPIDM_02147",10.8470621488723,-1.01181890479433,0.559285748187384,-1.80912692317582,0.0704312872589566,0.147229875665828
"POOLPIDM_01152",7.93165419193869,-1.201795812151,0.665216377665912,-1.80662390840079,0.0708209391191744,0.14792709629013
"POOLPIDM_00423",257.846197821695,-0.314308140484535,0.17421712072892,-1.80411740918159,0.0712129031024508,0.148584758181899
"POOLPIDM_01534",11.8921305352205,-0.948297023321771,0.525695556907948,-1.80389012397117,0.0712485335136271,0.148584758181899
"POOLPIDM_01481",32.3124785403474,0.613895364205417,0.340451526125918,1.80317994514839,0.0713599590113433,0.148699487710594
"POOLPIDM_02546",55.1088050225634,-0.492604225519568,0.273664306106629,-1.80003096687236,0.071855748683177,0.149551895612098
"POOLPIDM_03066",5.06569702929378,1.46204239209662,0.812308227209975,1.79986160809707,0.0718824930730378,0.149551895612098
"POOLPIDM_02112",16.0699935869908,-0.839388043838129,0.467197879825132,-1.7966435210543,0.072392230551007,0.150493627549254
"POOLPIDM_02727",15.3365563300287,0.864632708950503,0.481796702760969,1.79460071850983,0.0727173385968822,0.151050358188638
"POOLPIDM_00861",5.22067407407024,-1.47589796463221,0.822836533242982,-1.79367092369534,0.0728657088688845,0.151185805252989
"POOLPIDM_02533",17.4448780999662,-0.792433589848922,0.441842945319056,-1.79347344626427,0.0728972528363238,0.151185805252989
"POOLPIDM_00982",3.04941236469693,-2.05217801813236,1.14457886603815,-1.79295466570668,0.0729801732538552,0.151238786711606
"POOLPIDM_00968",4.20289513231723,-1.85313184586571,1.03550536340153,-1.78959174076932,0.0735195672257923,0.15223690432615
"POOLPIDM_02324",212.756852300027,0.300943690307595,0.168322101321276,1.78790359640998,0.0737915625810897,0.152680187569664
"POOLPIDM_00698",37.039528170092,-0.566524385703746,0.316953923395215,-1.78740297528148,0.0738723810988559,0.152727526726733
"POOLPIDM_00265",196.626678730097,-0.337770862995563,0.189286351926673,-1.78444383103971,0.0743515741967214,0.153597766130531
"POOLPIDM_01998",15.5692843519768,-0.862862841804237,0.484028729985662,-1.7826686482635,0.0746402577661721,0.154073390345834
"POOLPIDM_00359",9.70426009932515,1.01231265299309,0.568727947606387,1.7799593940365,0.0750826063285675,0.154623242407894
"POOLPIDM_01648",3.12803826401604,1.86466175659139,1.04742494865237,1.78023423920778,0.0750376341411419,0.154623242407894
"POOLPIDM_02558",8.72296949928671,1.08730122385189,0.610806927780375,1.78010624044992,0.0750585755014836,0.154623242407894
"POOLPIDM_01681",16.7438845969559,0.774760204235886,0.436022352825147,1.77688184840969,0.0755876814794114,0.15554186446505
"POOLPIDM_01224",4.1771325651665,-1.84345658108749,1.0377307580877,-1.77643051120944,0.0756619858525281,0.155573318804418
"POOLPIDM_00732",37.0691159166108,-0.578448578371694,0.326806041243317,-1.77000576908253,0.0767261796801201,0.157160442301994
"POOLPIDM_01078",37.4683017467541,-0.580211759531519,0.327635612776311,-1.7709056552642,0.0765763917798128,0.157160442301994
"POOLPIDM_01136",4.08997543159055,-1.68334653015768,0.951058833687506,-1.76997097396267,0.07673197619221,0.157160442301994
"POOLPIDM_01326",510.62010709795,0.329513943495582,0.186094297577614,1.77068264737211,0.0766134896607345,0.157160442301994
"POOLPIDM_01490",35.5763613977352,-0.563151710978311,0.31802620626399,-1.77077140149528,0.0765987234511241,0.157160442301994
"POOLPIDM_00938",3.60212680382062,1.73302779053022,0.981036434787105,1.76652744900989,0.0773074006652601,0.158216077759026
"POOLPIDM_01806",3.48342990852334,1.76069266261342,0.997254863265221,1.76553930942843,0.0774731697476292,0.158432331617339
"POOLPIDM_01926",45.8532191801235,-0.540713158523852,0.306376092199214,-1.76486733884009,0.0775860640350854,0.158540205268593
"POOLPIDM_00036",39.0078802878526,0.551342414425002,0.313176492857249,1.7604846691872,0.0783256646371712,0.159927538329654
"POOLPIDM_01965",47.2792914384847,0.492312805380859,0.280146453318121,1.75734084636728,0.0788597294809288,0.160893379962638
"POOLPIDM_02641",6.23699939976741,1.39965301735418,0.799859659023511,1.74987324534271,0.0801401882575565,0.163379378381221
"POOLPIDM_00369",15.0602242557997,-0.852252971225843,0.488710195757801,-1.7438821179172,0.0811796473876992,0.165370595451294
"POOLPIDM_02144",158.287940549447,0.366346577683334,0.210421330127073,1.74101445638661,0.0816810445405182,0.166263500701781
"POOLPIDM_00976",1.6331024340758,-2.79238864613033,1.6049601154318,-1.73984924564874,0.0818854927090288,0.16655104844213
"POOLPIDM_01989",32.385216642746,-0.627433342411855,0.361116778119267,-1.7374804507273,0.0823024017313087,0.167269954482444
"POOLPIDM_00569",17.981776340674,0.740554556910615,0.426476859081941,1.73644722132117,0.0824847888721333,0.167382527688178
"POOLPIDM_00653",44.9345254694133,0.517103553133605,0.297750935849053,1.73669833029763,0.082440432642511,0.167382527688178
"POOLPIDM_00836",2.41310661017052,-2.41502329634612,1.39573888255616,-1.73028302537738,0.0835797208065041,0.169473956958419
"POOLPIDM_03126",44.2209254047069,0.525590951155741,0.304334164978677,1.72701921650027,0.0841642123661069,0.170527950651082
"POOLPIDM_02587",5.31276932629483,1.3304642774488,0.771402593100004,1.72473399668274,0.0845754213435649,0.171229501276219
"POOLPIDM_02758",3.50057897085496,1.68099749969465,0.979227011589161,1.71665760829719,0.086041749971459,0.174016295327005
"POOLPIDM_02903",77.005431110061,-0.405909305320234,0.236485050114187,-1.71642691630714,0.0860839336519025,0.174016295327005
"POOLPIDM_00681",11.8295458918121,0.934406366192259,0.54473230886975,1.71534963316392,0.0862811438190181,0.174281298932515
"POOLPIDM_00094",9.88568751277476,0.975646522703268,0.569773298280726,1.71234160261152,0.0868337340968388,0.175263187656407
"POOLPIDM_00998",56.0481827431267,-0.461603965559304,0.270158999133367,-1.70863812436404,0.0875180021184269,0.176509145818036
"POOLPIDM_00754",27.7495915930897,-0.597551309099169,0.349920866932861,-1.70767555058047,0.0876965612029478,0.176734048418173
"POOLPIDM_02122",2.81600078673153,-2.03855954190083,1.1941746160744,-1.70708664751405,0.0878059485431817,0.176819312727141
"POOLPIDM_00721",11.0717971817289,-0.929548119791839,0.544871381455154,-1.70599549073279,0.0880089191575203,0.177092756411621
"POOLPIDM_01216",502.165441710154,-0.282491884707502,0.165883946626308,-1.70294890164315,0.0885776313895993,0.178101171886334
"POOLPIDM_02109",1.81676401711887,2.50752848697572,1.47379532108669,1.70140890739619,0.0888662298417479,0.178545260566195
"POOLPIDM_01212",3.42602850860954,-1.91147471290013,1.12419460746312,-1.70030589028852,0.0890734030766747,0.178797077431006
"POOLPIDM_02905",214.29850986827,-0.318577865022414,0.187396574248162,-1.70001968446091,0.0891272229682634,0.178797077431006
"POOLPIDM_03115",13.0720013540225,0.840586270151017,0.494846607548617,1.69868047457198,0.0893794043319858,0.179166623436589
"POOLPIDM_02564",6.36851688174877,1.20095691436308,0.707148787379234,1.6983086668563,0.0894495198109402,0.179170922660819
"POOLPIDM_00597",39.1405325019027,0.547393740478988,0.322658229923497,1.69651256256125,0.089788853114491,0.179714059840394
"POOLPIDM_00970",9.08892069480182,-1.04734442712279,0.617968757707807,-1.69481776232125,0.0901099968703968,0.180219993740794
"POOLPIDM_02609",13.6056705870034,0.816577129064201,0.48197909707912,1.69421689449357,0.0902240756406654,0.180311344494916
"POOLPIDM_02556",8.57439514309698,1.07679330636359,0.635727612099311,1.69379666050337,0.0903039289130663,0.180334209556699
"POOLPIDM_00788",98.4767886057767,0.407950532968741,0.241147339640049,1.69170654578927,0.0907019397456678,0.180966498413836
"POOLPIDM_02816",2.25162112940491,2.14760633942595,1.26971101250652,1.69141349352116,0.0907578569435096,0.180966498413836
"POOLPIDM_00073",25.1091200208052,-0.634498752806341,0.375927974410583,-1.68781999743746,0.0914457876524479,0.182200375095883
"POOLPIDM_01304",134.290061750494,0.323865166903551,0.192156596036689,1.68542310585953,0.0919069688231006,0.182980943971067
"POOLPIDM_00752",13.5150300392807,-0.83863654217942,0.498429515424393,-1.68255794696539,0.0924606983322128,0.183944453436764
"POOLPIDM_01632",8.22125196024574,1.04429617687463,0.621349904113344,1.68068936675032,0.0928232670526046,0.18452649468376
"POOLPIDM_02755",10.646301538415,0.915558616311827,0.54525607321643,1.67913510969444,0.0931257150035184,0.184988232667125
"POOLPIDM_02794",1.84924166352685,2.49348948883221,1.48632110105013,1.67762503477241,0.093420322376959,0.185433712188
"POOLPIDM_02627",1.32821617342302,3.00800851716065,1.79470634109558,1.67604495971437,0.0937293864655466,0.185907195427525
"POOLPIDM_00704",92.7840645142355,0.361786053922965,0.21599773250802,1.67495301789584,0.0939434500686337,0.186191679985653
"POOLPIDM_01676",62.3681180651758,0.414032732056178,0.247281153664829,1.674340021146,0.0940637932886144,0.186290127053935
"POOLPIDM_00865",16.2874751429147,-0.758220647261888,0.454160687102836,-1.66949863516083,0.095018600645951,0.187898748164086
"POOLPIDM_02142",117.411526652459,0.338337856976812,0.202632368423214,1.66971278877897,0.0949762022456268,0.187898748164086
"POOLPIDM_01277",56.035930218192,-0.446135011268714,0.267550404368172,-1.66748023544301,0.095418951264614,0.188548992154065
"POOLPIDM_00662",31.980384976849,0.548748387309075,0.32918938614008,1.66696865212892,0.0955206383642548,0.18860854136942
"POOLPIDM_00103",11.450869415641,-0.932787059677746,0.55969871935813,-1.66658780414484,0.0955963956128464,0.188616840445706
"POOLPIDM_02983",4.0712039856193,1.48136655114051,0.889734020944469,1.66495437543009,0.0959218586094196,0.189117441506679
"POOLPIDM_02230",17.9767655565452,-0.709876060983166,0.426790071195742,-1.66329094534533,0.096254210328347,0.189630865788881
"POOLPIDM_02461",74.6451269345438,0.404193806151074,0.243375258140271,1.66078429352138,0.0967567767388995,0.190478613505406
"POOLPIDM_02568",19.3345688568759,-0.690157573840876,0.415725620320877,-1.66012759403228,0.0968887868110084,0.190596150771506
"POOLPIDM_00092",10.4635352043002,-0.936293268625685,0.564995167811712,-1.65717040068157,0.0974850290002869,0.191626052531511
"POOLPIDM_00790",4.74750389630922,1.38081967686239,0.833456001290181,1.6567397375805,0.0975721052986219,0.191654299230378
"POOLPIDM_02381",16.139454954076,-0.751903931251815,0.45449305041574,-1.65437938063965,0.0980504532776832,0.1924504801489
"POOLPIDM_01939",4.37668731525296,-1.49151207254232,0.902681531962933,-1.65231260386921,0.0984708412497094,0.192988206345155
"POOLPIDM_02487",47.4323599143455,-0.464078581720954,0.28081290361534,-1.6526255586768,0.0984070930835466,0.192988206345155
"POOLPIDM_02531",3.24177034912325,-1.79169971208308,1.08576239888145,-1.65017660763431,0.0989068197971257,0.193698645605664
"POOLPIDM_00629",16.1170570803137,0.744760550964733,0.451535457006755,1.64939550019345,0.0990666359944214,0.193723777805115
"POOLPIDM_00781",5.86281345845059,-1.28044627948972,0.776225519043704,-1.64958024192145,0.099028818859063,0.193723777805115
"POOLPIDM_01499",16.6946726523655,0.759864392061478,0.460982638956007,1.6483579376923,0.0992792420607869,0.193995613100248
"POOLPIDM_01748",35.2822296747862,-0.590616567869258,0.358621827653687,-1.64690635741113,0.0995772949770561,0.194372171443712
"POOLPIDM_02313",35.440290289364,-0.529849149128879,0.321763940328681,-1.64670145631496,0.0996194247422062,0.194372171443712
"POOLPIDM_01484",2.22242109002973,2.12340566823405,1.29104417566423,1.64471960623777,0.100027647671455,0.194880176838104
"POOLPIDM_01495",13.2494859218523,0.830089874116987,0.504698199249613,1.64472525432262,0.100026482382329,0.194880176838104
"POOLPIDM_01243",12.8990021917305,0.816289921212454,0.49660750414157,1.64373255418982,0.100231458405033,0.195133031281881
"POOLPIDM_00784",37.2960037102273,0.508941695912506,0.309724373453128,1.64320841217079,0.100339819999167,0.195199826950409
"POOLPIDM_00050",11.183065720041,-0.925564516420658,0.563592185569935,-1.64225931465795,0.100536274918077,0.19543777336582
"POOLPIDM_01512",8.45553281839624,0.994690623941128,0.606471991719564,1.64012623422365,0.100978922768642,0.1960091608381
"POOLPIDM_02323",13.2359523197174,0.792797566005257,0.483347301555789,1.64022342413709,0.100958720622414,0.1960091608381
"POOLPIDM_02718",5.37600588299857,1.31560352470635,0.80323998772456,1.63787105324927,0.101448595544688,0.196775936612066
"POOLPIDM_01996",58.089918203815,-0.422291720177759,0.25817925378319,-1.63565319052469,0.10191219138744,0.197529806248009
"POOLPIDM_01961",4.762014071272,1.3737166098398,0.842089369075222,1.63131926406862,0.102822970625351,0.199127051557758
"POOLPIDM_02800",4.27444989155182,-1.52217607870311,0.933269728443741,-1.63101409197253,0.102887346062848,0.199127051557758
"POOLPIDM_01887",7.01516989206739,1.11370201578254,0.683658109625137,1.62903357702172,0.103305911079261,0.199790448719685
"POOLPIDM_02459",5.3783209652934,-1.29294510412476,0.795529284143928,-1.62526399705839,0.104106319316412,0.201190804778637
"POOLPIDM_01671",16.1719524110298,-0.759140398722071,0.467302203399922,-1.62451705384404,0.104265503710194,0.2013508188865
"POOLPIDM_00637",35.0874141802059,-0.541444998953826,0.334113571512595,-1.62054177117859,0.105115948938603,0.202844539825884
"POOLPIDM_01233",2.55846608162087,2.00517272524008,1.23902947002241,1.61834143073596,0.105589036646022,0.20360841302042
"POOLPIDM_01325",19.3437143590044,0.667241604723392,0.412565274102456,1.61729948351807,0.10581365073537,0.203892385481312
"POOLPIDM_00444",58.0844413796179,0.410078263413462,0.254306614894512,1.61253478830492,0.106845616055363,0.205730492273145
"POOLPIDM_03123",7.77516433151983,-1.08144118265141,0.671113439640897,-1.61141338970961,0.107089650755867,0.206049868169682
"POOLPIDM_01320",15.7341277109722,0.747786265721792,0.465028797374759,1.60804292109068,0.10782577881953,0.207238003688412
"POOLPIDM_02106",3.20468678528302,-1.80219809420676,1.12086293066223,-1.60786662214084,0.107864393422042,0.207238003688412
"POOLPIDM_00051",20.1448467597768,-0.718279725154998,0.44936401887189,-1.59843622317205,0.109945928474595,0.211083370327045
"POOLPIDM_00389",3.31707676046587,-1.70369264852055,1.06619436143389,-1.59791939457391,0.110060917167178,0.211150347636595
"POOLPIDM_00687",1.3037254813884,2.90416315552732,1.8192140344574,1.59638343840806,0.110403211452907,0.211652993010809
"POOLPIDM_01397",136.407839081905,0.321201111230933,0.201455253182425,1.59440424688292,0.110845521837254,0.212346508403344
"POOLPIDM_02433",19.6225404464362,-0.657461483907762,0.412630152997194,-1.59334328606914,0.111083201100771,0.212647289834156
"POOLPIDM_00656",3.62787435611047,1.53372172769905,0.963583831959725,1.59168478842135,0.111455547940259,0.213205242649146
"POOLPIDM_02061",4.18074972684057,-1.47324232156479,0.928485376146002,-1.58671569786052,0.112577049368072,0.215194417791325
"POOLPIDM_01432",85.1469345123392,0.383671841169869,0.241920696131511,1.58594054706795,0.11275279678106,0.215374182836864
"POOLPIDM_00446",1.18869661883671,2.90094156305364,1.83109973634069,1.58426190855717,0.113134130237965,0.215946102322429
"POOLPIDM_01993",12.9790424415438,-0.827698683618794,0.52294083564663,-1.58277691700118,0.113472319702895,0.216434902125059
"POOLPIDM_00413",11.8936065415933,-0.858372968483771,0.5426884174345,-1.58170497270171,0.113716936990155,0.216744646352891
"POOLPIDM_01236",47.1595804783759,-0.469143366642777,0.296809952345565,-1.58061871893221,0.113965243144106,0.217060968878513
"POOLPIDM_01011",11.1766896672765,0.840927039372554,0.533515864810357,1.57619875028734,0.114980006457713,0.218835593518073
"POOLPIDM_00921",2.54660696324516,1.8442957952126,1.17063132004901,1.57547108438496,0.115147747748096,0.218996726597389
"POOLPIDM_02227",59.3936099617767,0.436626467946664,0.277264677337554,1.57476412841112,0.115310899267083,0.219148904447031
"POOLPIDM_02239",5.69018405506305,1.17491418267741,0.746516627223547,1.57386204115395,0.115519347162066,0.219386886973492
"POOLPIDM_00575",2.71652625938025,-1.92483586903221,1.22513272832949,-1.5711243561804,0.116153766162068,0.220203830914296
"POOLPIDM_01232",1.20579481009681,2.91546154388752,1.85561450052936,1.57115690950669,0.116146206346781,0.220203830914296
"POOLPIDM_01925",98.8754826829025,-0.339880299510646,0.216356827810572,-1.57092476789419,0.116200124735123,0.220203830914296
"POOLPIDM_00197",33.5942485569011,0.506149464499709,0.322581786388893,1.56905778892771,0.116634474200781,0.220868156604352
"POOLPIDM_01302",6.41136262529872,1.12142802357109,0.714915765327947,1.5686156019467,0.116737534804145,0.220904624367355
"POOLPIDM_02165",1.19041535494893,2.9150977997601,1.86089579775576,1.5665024356956,0.117231038809169,0.221679353157081
"POOLPIDM_01927",6.72882690198617,-1.10084918188507,0.703099864145913,-1.56570814193276,0.117416959310274,0.221871759671601
"POOLPIDM_00410",19.1551288680358,0.636064383204194,0.406796923319274,1.56359192201899,0.117913433140147,0.222650293522512
"POOLPIDM_00725",2.18859072343161,-2.15076725304407,1.37765782074643,-1.56117667294101,0.118482071323224,0.223563879748044
"POOLPIDM_00677",16.2585937812202,0.683152603390961,0.439063973238656,1.55592953425862,0.119724849468812,0.22574728412002
"POOLPIDM_02455",16.9808565422386,-0.751111230290059,0.483184251908825,-1.55450271262523,0.12006455011858,0.226225985784543
"POOLPIDM_02496",19.6540133892745,-0.639008162195452,0.412313913871257,-1.54980984317444,0.121187163791921,0.228035728782261
"POOLPIDM_02662",4.0748841875831,1.39999398188613,0.903359171272531,1.54976450830073,0.121198048567507,0.228035728782261
"POOLPIDM_02555",17.005571841232,-0.695276525323441,0.449573234836858,-1.54652561907015,0.121977677757116,0.229175451580725
"POOLPIDM_03057",46.7213186184536,-0.435202251228026,0.281376733365455,-1.54668883252255,0.121938297265323,0.229175451580725
"POOLPIDM_00400",2.19397749228942,-2.15205371434483,1.39366212716822,-1.54417177046892,0.122546725674446,0.229916846176398
"POOLPIDM_00609",109.596076317612,-0.325169433699613,0.21055265178615,-1.54436161663675,0.122500753195196,0.229916846176398
"POOLPIDM_02101",4.24356386435533,-1.41698518840971,0.917943717311063,-1.54365149157564,0.122672783672339,0.229989657013006
"POOLPIDM_01759",13.8680322345356,-0.792004561495086,0.513933154269035,-1.54106532127033,0.123300888903831,0.231002944669865
"POOLPIDM_02187",5.54663511868122,-1.19670256223866,0.777400157182224,-1.53936496048089,0.123715223234194,0.231614579861744
"POOLPIDM_02525",5.98778413622082,-1.14949636948164,0.747378639137204,-1.53803749436651,0.124039447430705,0.232056766094633
"POOLPIDM_00464",101.000929152987,0.316739931666117,0.205996705252958,1.53759707601716,0.124147162848211,0.232093561182897
"POOLPIDM_00744",43.873343171665,-0.513045409583229,0.334521999697662,-1.53366717300182,0.125111553580998,0.233565194928832
"POOLPIDM_03022",76.9596749907363,-0.359431279982768,0.234313379755774,-1.53397676375717,0.125035369310405,0.233565194928832
"POOLPIDM_02900",67.6929131290112,-0.371241066483574,0.242330988109672,-1.53195870400017,0.125532625642732,0.23418542193506
"POOLPIDM_02989",4.03741019803009,1.40869072815441,0.920618711538769,1.53015652462663,0.125977989718143,0.234850057211475
"POOLPIDM_00498",12.0157172358347,-0.819562806133899,0.535872690099531,-1.52939834642754,0.126165722133711,0.234955454860831
"POOLPIDM_00837",7.89657711482989,-1.01937575228014,0.666798802205741,-1.52876062300665,0.126323797404109,0.234955454860831
"POOLPIDM_01339",47.2568642304338,0.427695686842209,0.279737009439962,1.52892063763198,0.126284119398008,0.234955454860831
"POOLPIDM_02342",7.78409484815307,-1.02052518259635,0.667669103565523,-1.5284894525544,0.126391060315879,0.234955454860831
"POOLPIDM_02917",4.31410449307406,-1.3927149526142,0.911391365767216,-1.52811953780339,0.126482861382488,0.234960410573811
"POOLPIDM_02335",10.8414819623943,0.835495221875665,0.547038409417908,1.52730632345304,0.126684857810325,0.235169919146491
"POOLPIDM_01012",46.0469538714244,-0.437608868670323,0.286838864478625,-1.52562613670134,0.12710299912801,0.235780088459842
"POOLPIDM_01090",10.2440354712522,-0.869184677417788,0.570919526956687,-1.52242940796055,0.127901520859383,0.236761523163858
"POOLPIDM_02130",1.4128368644631,-2.52816912286662,1.6603230082461,-1.52269715610174,0.127834489809417,0.236761523163858
"POOLPIDM_02200",1.40073501634803,-2.53247045750589,1.66339147661791,-1.52247410973576,0.127890327819087,0.236761523163858
"POOLPIDM_02967",4.1898858660557,1.32084568752151,0.868681080064968,1.52051853992575,0.128380702726891,0.237481777114445
"POOLPIDM_02086",50.0142354104882,-0.419051167980673,0.275763876616927,-1.51960138188365,0.128611190393807,0.237741302859801
"POOLPIDM_00783",14.5181915975694,-0.85401544701162,0.563011067872511,-1.51687150705358,0.129299128683889,0.238675535107996
"POOLPIDM_02008",8.69586009415394,-0.987544971131662,0.651192034338189,-1.51651881327957,0.129388216870003,0.238675535107996
"POOLPIDM_02146",4.09607237025654,-1.37711262174695,0.908073237030631,-1.51652153767912,0.129387528521497,0.238675535107996
"POOLPIDM_01859",16.9962168081911,0.651927844174637,0.430891369654222,1.51297494005923,0.130286024488983,0.240163608778293
"POOLPIDM_02056",27.8086047544693,-0.539237547346001,0.356516276191926,-1.51251873576652,0.130401950004845,0.240209322301028
"POOLPIDM_00711",13.4681136680542,-0.783488841409348,0.519199536290947,-1.50903224414727,0.131290542948279,0.241677284365687
"POOLPIDM_01574",3.64168505287027,-1.54062126423806,1.02281227808924,-1.50626004130119,0.132000431610224,0.242814471545395
"POOLPIDM_00172",9.88916213788523,-0.859907613499887,0.571671680354592,-1.50419837653408,0.132530295658321,0.243449379341697
"POOLPIDM_00673",54.520814706178,0.388752422311095,0.258435060051052,1.50425573927276,0.13251553073876,0.243449379341697
"POOLPIDM_02672",138.110583841775,0.335031239842834,0.22331608068629,1.50025577563973,0.133548160354828,0.245148294356078
"POOLPIDM_00151",8.62035306427627,0.919164441718298,0.613415932611306,1.49843587825543,0.134020040612213,0.245843303447317
"POOLPIDM_01498",8.80934501291026,0.890018516090338,0.596321192354872,1.49251532144222,0.13556410371295,0.24850276591609
"POOLPIDM_00261",176.449512977487,-0.26634711991353,0.17849905748152,-1.49214860667321,0.1356601918302,0.248506091497155
"POOLPIDM_02710",14.8417488368325,0.724106930161756,0.485777387792403,1.4906147308594,0.13606267454416,0.249070284790559
"POOLPIDM_01958",14.4743888157483,-0.709046320267227,0.477084416069044,-1.48620725470231,0.137224309218362,0.250947888309278
"POOLPIDM_02482",37.3584623470798,-0.458031430916684,0.308230840854167,-1.4860013022947,0.137278776533376,0.250947888309278
"POOLPIDM_02396",15.6633991219309,-0.682866694298264,0.460404675301768,-1.48318801031003,0.138024465813661,0.252136169012343
"POOLPIDM_01245",8.66664117718344,-0.913056959247882,0.616381337798041,-1.48131830614743,0.138521772596368,0.252869385432151
"POOLPIDM_00532",59.9244492684937,0.372670066416846,0.252335840047367,1.47688123235641,0.139707476560865,0.254211438227419
"POOLPIDM_01911",15.054643275169,-0.689189672404143,0.466236269978362,-1.47819832300076,0.139354702653982,0.254211438227419
"POOLPIDM_02012",1.35959299404942,-2.49759843489703,1.6900722676958,-1.47780570253495,0.139459791599262,0.254211438227419
"POOLPIDM_02213",3.52137672781562,-1.57343127402851,1.06545947108883,-1.47676313996305,0.139739140360975,0.254211438227419
"POOLPIDM_02657",2.72397591823639,1.62183735762708,1.09771952358962,1.47746061063354,0.139552209393918,0.254211438227419
"POOLPIDM_03121",129.943784592287,0.295571980713202,0.200207774019753,1.47632619242868,0.13985634596716,0.254249191703058
"POOLPIDM_01043",110.07869974959,-0.299177645619374,0.203137711491708,-1.47278239684011,0.140809720384964,0.255805942753111
"POOLPIDM_01494",31.439212547496,0.492620002656433,0.33500871140957,1.47046923222893,0.141434712770028,0.256764395910326
"POOLPIDM_01213",5.99882098274851,-1.08387439485522,0.739417827987037,-1.46584833882882,0.142689608679731,0.258864286634391
"POOLPIDM_00372",16.4572266922847,0.664058935604376,0.453586179264724,1.46401933295418,0.143188666067982,0.259591006709217
"POOLPIDM_00031",16.3908976788389,0.653413715011927,0.447105017570226,1.46143230188486,0.143896841429346,0.260684770894621
"POOLPIDM_01919",3.06222438262018,-1.56820010446787,1.07330573963318,-1.46109356035292,0.143989767231627,0.260684770894621
"POOLPIDM_01869",15.8800444219498,-0.679266287697125,0.465741308708007,-1.45846261647147,0.144713072162414,0.261814453136666
"POOLPIDM_01526",72.571469031171,-0.350499327894486,0.240802438322138,-1.45554725415861,0.145517818193151,0.263089827679799
"POOLPIDM_00056",98.2436935279772,0.305030194785094,0.209757915065343,1.45420111889496,0.145890554896249,0.263423695844151
"POOLPIDM_00227",68.9891258975552,0.388395498226178,0.267092948688026,1.45415856215597,0.145902350505486,0.263423695844151
"POOLPIDM_02854",34.8875915916264,0.477966903506148,0.32911765874909,1.45226757300962,0.146427220200663,0.264047371752434
"POOLPIDM_03122",113.637950458553,0.286890584495844,0.197556874272296,1.45219236512326,0.146448125000781,0.264047371752434
"POOLPIDM_01139",26.7157226827641,0.511505872378159,0.352425875527098,1.45138568958121,0.146672492318567,0.264271148155669
"POOLPIDM_00722",19.7084045519462,0.589495560537362,0.406642683133124,1.44966474250903,0.147152032228874,0.26494960622424
"POOLPIDM_01886",9.19443261761604,-0.874703784705777,0.603529748940778,-1.44931345346426,0.147250065674701,0.26494960622424
"POOLPIDM_01010",8.8063205969614,-0.870708245835896,0.602135508264348,-1.44603371481231,0.148167745682326,0.266418947898097
"POOLPIDM_00696",8.95815264819027,0.877191093924111,0.60704147871198,1.4450266162789,0.148450409622101,0.266745248646121
"POOLPIDM_01197",20.6496421298659,-0.58770522519761,0.407279922259469,-1.44300073015433,0.149020265546644,0.267527321553376
"POOLPIDM_02244",27.3859415058031,-0.511754888986947,0.354705960095085,-1.44275807728114,0.149088632534867,0.267527321553376
"POOLPIDM_01435",93.8952527787203,-0.312196396207937,0.216500818348561,-1.44201023621679,0.149299485937825,0.267723431926603
"POOLPIDM_00900",2.64422345465317,1.60525024246283,1.1145739478345,1.44023664430849,0.149800459084123,0.268439163933208
"POOLPIDM_00140",39.2342856740583,0.432188836387103,0.300619987139127,1.4376583556538,0.15053101453449,0.269382046376724
"POOLPIDM_01402",2.74715046908979,1.57629184880039,1.09616067507803,1.43801167533051,0.150430741467547,0.269382046376724
"POOLPIDM_01538",4.47076411986417,1.18901779734834,0.82772653351586,1.43648626593841,0.150864021634557,0.269794817522857
"POOLPIDM_01668",80.7007805618787,0.337084986744623,0.234847814427708,1.43533371841698,0.151192023718114,0.270198084420982
"POOLPIDM_00060",36.9395500094191,-0.450468099035361,0.314283899795738,-1.43331586291291,0.151767590704934,0.271042932993364
"POOLPIDM_01423",15.6316063993863,0.636999248152226,0.445202150864216,1.43080900870694,0.152484960495185,0.272139712840425
"POOLPIDM_01770",32.652089640862,-0.547971700671003,0.384433183172139,-1.42540166837168,0.154041126079351,0.274727408809064
"POOLPIDM_02369",14.4065332785978,0.659658966348298,0.462902992751508,1.42504796183595,0.154143337491884,0.274727408809064
"POOLPIDM_02966",16.9151482034267,0.624938176997673,0.439363383033851,1.4223720071582,0.154918285064108,0.275922026641208
"POOLPIDM_02162",26.649205687097,0.512162468392826,0.360244197781949,1.42170913937337,0.155110705841073,0.276078204319425
"POOLPIDM_00418",1.94229927785613,-2.08944403370285,1.47015230560028,-1.42124324516819,0.155246056644889,0.276132662156496
"POOLPIDM_01855",256.222206319686,0.224243951484064,0.158041605584008,1.41889188391512,0.155930538840556,0.277163115565546
"POOLPIDM_02946",2.40816742510711,1.74004637740717,1.22677663440504,1.41838891335835,0.156077250623341,0.277236949220437
"POOLPIDM_00726",8.94642243592834,-0.858005423133949,0.605693380661981,-1.41656727731812,0.156609481306864,0.277807935884854
"POOLPIDM_01734",3.1018075339982,-1.5444687290737,1.09002305984977,-1.41691381215968,0.156508127733161,0.277807935884854
"POOLPIDM_01854",33.4512618676879,-0.460999165181497,0.326604164133993,-1.41149200104003,0.15809959254301,0.280262626727218
"POOLPIDM_02372",22.5333742171367,-0.56068460195748,0.397767791414239,-1.40957768341172,0.158664420416557,0.281074873802449
"POOLPIDM_03077",6.7325251389949,0.989489815976797,0.703299516745563,1.40692520386698,0.159449569040785,0.282276067153464
"POOLPIDM_02876",16.9149093857447,-0.622880267820827,0.442955821418573,-1.40619049959891,0.159667564500614,0.282472281895046
"POOLPIDM_03063",25.2847015538432,0.514359847873803,0.366205472976789,1.40456624990529,0.16015029852487,0.283136275594607
"POOLPIDM_01983",5.13975393380605,-1.14487289843411,0.815667453792824,-1.4036025258952,0.160437242548701,0.283453466057892
"POOLPIDM_00800",2.04086866881167,-1.99019807765306,1.41871880008866,-1.40281363546369,0.160672419838587,0.283678833686883
"POOLPIDM_01069",24.1048040755162,-0.541940076306743,0.38750148040022,-1.39854969262831,0.161948061217599,0.285650368374291
"POOLPIDM_02351",37.2875333542616,0.470626447233156,0.336556653645459,1.3983572814131,0.162005804521838,0.285650368374291
"POOLPIDM_02671",168.479872891453,0.26267748258224,0.188347524582692,1.39464260634291,0.163123640168227,0.287429087890003
"POOLPIDM_00503",109.664155484965,-0.285962828810156,0.205471823683117,-1.39173743476952,0.164001921960908,0.288783611415467
"POOLPIDM_00887",4.93288577441695,-1.13101186752444,0.813715526915748,-1.38993521705473,0.164548550333941,0.289552722750512
"POOLPIDM_00117",10.4709264083993,0.774038127656479,0.55729932746795,1.38890913644785,0.164860381928918,0.289907916454055
"POOLPIDM_02301",9.79603595107083,-0.820570417174778,0.591498372622585,-1.38727417547496,0.165358174636813,0.290589432228426
"POOLPIDM_01647",1.85897104100485,1.88555014130397,1.36016196733234,1.38626883164662,0.165664830442475,0.290934372449276
"POOLPIDM_02676",1.2562905687609,-2.35603282680385,1.704005767718,-1.38264369254985,0.166774144920953,0.292687513989103
"POOLPIDM_00911",1.48109443637963,2.15312399499373,1.55959613381896,1.38056510163398,0.167412719808172,0.293417506259536
"POOLPIDM_02659",2.96669059175637,1.44108581128587,1.04373469319726,1.38070126506135,0.167370832180934,0.293417506259536
"POOLPIDM_00353",71.0555856289956,0.333450016516977,0.241719226173185,1.37949314912199,0.167742757062289,0.29342283054551
"POOLPIDM_00743",25.9131530351088,0.49977024754423,0.362386211991756,1.37910944458229,0.16786101231511,0.29342283054551
"POOLPIDM_02331",27.9686844143473,-0.497266959427511,0.360435222263004,-1.37962920578462,0.167700840310005,0.29342283054551
"POOLPIDM_02907",14.0287479346627,0.657776555304416,0.47689513471549,1.37928971679872,0.16780544579137,0.29342283054551
"POOLPIDM_02927",16.8677746232153,-0.607986788464875,0.441398769742705,-1.37740934080826,0.168385726576625,0.294144980288922
"POOLPIDM_00993",10.5381161686967,-0.782234190061547,0.568106925307238,-1.37691366750811,0.168538941060164,0.29421764810238
"POOLPIDM_00857",14.4383402118656,0.664041440399567,0.482404714401808,1.3765235300882,0.16865960757184,0.294233438490649
"POOLPIDM_01268",15.7058686504913,0.61690032260132,0.448619862251266,1.37510702157856,0.169098267829171,0.294608746859018
"POOLPIDM_02701",17.494680323821,0.590924105538875,0.429700807737007,1.37519896378818,0.169069769484769,0.294608746859018
"POOLPIDM_02157",3.67443900347753,1.26945813767117,0.923740358583455,1.37425860619305,0.169361412145219,0.294872313351913
"POOLPIDM_02364",1.50857573964258,2.15000903945219,1.56497443590576,1.37383013429727,0.169494423544962,0.294909109217504
"POOLPIDM_01569",8.20709840627521,-0.868979012265262,0.634186329687585,-1.37022665356622,0.170616160588975,0.296665039124365
"POOLPIDM_01507",25.5424316623598,0.496508519034418,0.363535519778127,1.36577718550707,0.172008909310597,0.298889574780972
"POOLPIDM_01002",14.0274417622884,-0.65421237886811,0.479475436290786,-1.36443356499988,0.172431149993473,0.299425896826611
"POOLPIDM_02537",1.83361008370979,-1.979264859513,1.45113477877249,-1.36394281803875,0.17258556326446,0.299496737830887
"POOLPIDM_02853",2.55064101191283,-1.68237652336401,1.2352552451577,-1.36196671089563,0.173208391042592,0.300379814992285
"POOLPIDM_01619",53.5809888770826,0.352902014701972,0.259436564981842,1.36026321010946,0.173746646072541,0.301115160451819
"POOLPIDM_01642",4.61606871498362,-1.15907989250841,0.852482294528809,-1.35965274580754,0.173939838287931,0.301251914406692
"POOLPIDM_02057",29.5495324940997,-0.497673165052621,0.366465156334258,-1.35803679135783,0.174452010150875,0.301940576991271
"POOLPIDM_00762",1.4760980932346,2.16537865031814,1.59590271623393,1.35683624590105,0.17483324783624,0.302005531648971
"POOLPIDM_02343",15.0868781918377,-0.626060378283595,0.46124444777069,-1.35732881189032,0.174676756507547,0.302005531648971
"POOLPIDM_02647",23.3477957074879,-0.51500800322108,0.37954924215733,-1.3568937729761,0.174814965725475,0.302005531648971
"POOLPIDM_00208",10.7176082796876,0.730379989539528,0.543737251039765,1.34325906150968,0.179188103198058,0.309325370026248
"POOLPIDM_02708",3.91682556877617,-1.3433264944621,1.0014811990959,-1.34133970330627,0.17981018468649,0.310196103948684
"POOLPIDM_02554",1.91508128340523,-1.90452548256825,1.42211219807868,-1.3392230832007,0.180498059933912,0.311179127525044
"POOLPIDM_00422",30.7902943728952,0.476680999398085,0.356090079605093,1.33865284853408,0.180683712906412,0.311295599491047
"POOLPIDM_02623",1.84532150611208,-1.95585202119161,1.46242515069709,-1.33740316231523,0.18109107277835,0.311793643268277
"POOLPIDM_02062",6.2415036627923,-0.979685688038921,0.733067994780587,-1.33641857919626,0.181412496951687,0.312143173606167
"POOLPIDM_00076",3.98393501228055,1.16480824751772,0.874384014488484,1.33214723533016,0.182811811212181,0.31393611358652
"POOLPIDM_00519",10.5778167441577,0.733834323140694,0.550636475809346,1.33270198285008,0.182629622308883,0.31393611358652
"POOLPIDM_02820",5.93335097924959,-0.998818596441548,0.749656111118752,-1.33236904445554,0.182738949011911,0.31393611358652
"POOLPIDM_02717",1.92046805226305,-1.9068890185138,1.43198376484444,-1.33164150692794,0.182978018730563,0.314016964436045
"POOLPIDM_01445",6.0250194570131,0.963695680701495,0.725998549750668,1.32740717048603,0.184374029011292,0.316001261686454
"POOLPIDM_02201",20.8590537772102,-0.533090654196578,0.401536158137995,-1.3276280190273,0.184301023546416,0.316001261686454
"POOLPIDM_00357",40.5033448902777,0.40922363774136,0.308418357708373,1.3268459140435,0.184559658770051,0.316113879478788
"POOLPIDM_01241",42.3813099510268,0.398152455158381,0.300196699672355,1.32630523784218,0.18473861260336,0.316214923910686
"POOLPIDM_02735",1.28915864088167,-2.37188741472692,1.79262152290224,-1.32313898077428,0.185789163598526,0.317806771736349
"POOLPIDM_01115",6.19216516519313,0.951347793239725,0.719862323081556,1.32156908722106,0.186311682795698,0.318493901329092
"POOLPIDM_01056",9.35840416238367,-0.787784487960915,0.597020048881684,-1.31952769331041,0.186992758110214,0.319451011262815
"POOLPIDM_03125",6.26108765577737,0.912222314922751,0.694307790642615,1.31385867653659,0.188893767213917,0.322489618119097
"POOLPIDM_00241",8.4581361118315,0.78447600312303,0.597607266370634,1.31269488720792,0.189285781137362,0.32294972108614
"POOLPIDM_00831",4.16108409835585,-1.19798345587741,0.91330666916801,-1.31169901230299,0.189621710165524,0.323313601550013
"POOLPIDM_02353",4.61895589630364,-1.16903676241426,0.892547747630217,-1.3097750406274,0.190271949102909,0.324212577786211
"POOLPIDM_00587",16.7124993984915,0.618316605364821,0.472745971915533,1.30792569814915,0.190898512237021,0.324359541608984
"POOLPIDM_00627",63.0344871958744,0.34288486654235,0.262349003223582,1.3069798715802,0.19121954767085,0.324359541608984
"POOLPIDM_01754",28.8048457717481,-0.459995052348121,0.351790543504957,-1.30758219867169,0.191015058004118,0.324359541608984
"POOLPIDM_01878",7.42635782935212,0.904043454586371,0.690863764928973,1.30856979404516,0.190680118361947,0.324359541608984
"POOLPIDM_01974",1.37713827656626,2.080274583127,1.58984992368588,1.30847229800416,0.190713164567678,0.324359541608984
"POOLPIDM_02780",1.40961592297425,2.06675157482762,1.57956768637354,1.30842862427287,0.19072796911151,0.324359541608984
"POOLPIDM_03002",4.22537781068443,1.13803180818345,0.870680367619492,1.30706037543366,0.191192207340937,0.324359541608984
"POOLPIDM_00258",28.7383824927952,-0.461184233164438,0.353002209990349,-1.30646273624476,0.191395243276284,0.324448785386678
"POOLPIDM_00025",4.55743807571213,-1.15090711019721,0.881209500584747,-1.30605390594801,0.191534226523065,0.324475720510797
"POOLPIDM_02855",30.2668960465065,0.468408560659892,0.359531402383049,1.30283073343575,0.192632555809952,0.326126793265917
"POOLPIDM_03028",6.23066830012288,0.976959083042297,0.750659909639315,1.3014669765856,0.193098661047892,0.32670607864072
"POOLPIDM_01107",7.24179398757242,-0.910882695113575,0.700705710289214,-1.29995043816271,0.193617956403007,0.327374556175963
"POOLPIDM_03094",13.9593946287471,0.633677404360023,0.487782315331108,1.29909876689539,0.193910036242487,0.327658240727689
"POOLPIDM_01057",9.29402936473528,0.75134808895216,0.578696949092864,1.29834465194595,0.19416892913496,0.327885520307339
"POOLPIDM_01390",81.3899017008896,0.299936822375125,0.231316275738977,1.29665247902219,0.194750787000685,0.328447264576971
"POOLPIDM_02530",21.837125282615,-0.509422232343346,0.392813872492347,-1.29685397593302,0.194681434775509,0.328447264576971
"POOLPIDM_02883",25.9493713897277,-0.487223681261997,0.376456739279862,-1.29423551347234,0.19558408337139,0.329641715963546
"POOLPIDM_00495",20.0316441443326,0.539727980081447,0.417184817286,1.29373830906084,0.195755828028712,0.329720359542291
"POOLPIDM_02846",2.23689468598359,-1.67061666215341,1.29793442066971,-1.28713487796355,0.198047280611797,0.333366942332502
"POOLPIDM_00476",7.20381747026677,-0.861373595612359,0.669875998687417,-1.28587021672693,0.198488359549731,0.333578042415447
"POOLPIDM_02129",47.0609192784734,-0.357807820485066,0.278157731934825,-1.28634864109729,0.198321413940733,0.333578042415447
"POOLPIDM_03092",1.3992328109714,2.08453944514613,1.6213429110568,1.28568696413976,0.198552332530287,0.333578042415447
"POOLPIDM_01080",48.503466941783,-0.3664357449565,0.285234399320861,-1.28468286373936,0.198903128874399,0.333954552683386
"POOLPIDM_00771",8.7355522533642,-0.77328001639423,0.602905932796357,-1.28258816894977,0.199636397297603,0.334972338177264
"POOLPIDM_02202",8.06266897354897,-0.839221955511449,0.654920138621993,-1.28141113094681,0.200049296511071,0.335451619340447
"POOLPIDM_00515",20.8683418579039,-0.519150870931546,0.406333848858329,-1.27764613356775,0.201374226246859,0.337458652502683
"POOLPIDM_01217",4.77392830622438,-1.16180323211148,0.910616726863696,-1.27584218237777,0.202011312820063,0.337881865858938
"POOLPIDM_01774",19.5037030560802,-0.524475245430679,0.411055182235758,-1.27592417781482,0.201982323331443,0.337881865858938
"POOLPIDM_02878",26.5178987467291,-0.461604304444441,0.361724658992378,-1.27612064306118,0.201912875377717,0.337881865858938
"POOLPIDM_00639",99.960754580068,0.267016213164582,0.209711742313103,1.27325351560869,0.202928095976086,0.339200038676578
"POOLPIDM_00085",156.934586635981,-0.237796361271691,0.18699895055559,-1.27164543204749,0.203499126860595,0.339293926884584
"POOLPIDM_01055",1.77108392707485,1.73873493923446,1.36707505572626,1.27186501717768,0.203421083235446,0.339293926884584
"POOLPIDM_01994",5.66727820269215,-1.01762101724284,0.800167246982586,-1.27176039894193,0.20345826330079,0.339293926884584
"POOLPIDM_02143",29.7243730132279,-0.467314575952965,0.36740015542136,-1.27194985918559,0.203390935036698,0.339293926884584
"POOLPIDM_01871",1.79317846147998,1.74368826833184,1.37237212190478,1.27056520640458,0.203883371540884,0.339719701252699
"POOLPIDM_01181",25.6034257109699,0.472746181187563,0.372321577581833,1.2697254460995,0.204182445408123,0.340003111873538
"POOLPIDM_00720",6.39139131452058,-0.935134083237829,0.736887017317126,-1.26903319133303,0.204429226278814,0.34019914171146
"POOLPIDM_02955",24.6795868180248,0.46179119058068,0.364025220718872,1.26856922074998,0.204594747854699,0.340259782552043
"POOLPIDM_00844",1.99736532800244,-1.95178481388129,1.53969005933223,-1.26764786331594,0.204923731186436,0.340549790253932
"POOLPIDM_00920",5.7971903693078,0.932633635636061,0.735888397195048,1.2673574405996,0.205027510293244,0.340549790253932
"POOLPIDM_01775",25.1078175777011,-0.472901024706607,0.373567192049912,-1.26590620046587,0.205546666259234,0.341197110994547
"POOLPIDM_02660",1.95907921634595,4.69758070172205,3.7128579008429,1.26521963058581,0.205792607321861,0.341390379421287
"POOLPIDM_02888",9.4544937763473,-0.784577775827277,0.62029564811588,-1.26484488196942,0.205926938844091,0.341398371567939
"POOLPIDM_00614",12.8389832063189,0.654134834527986,0.517752999747605,1.26341099877135,0.206441513444028,0.341623124444863
"POOLPIDM_00808",1.22225405143234,-2.30463012086489,1.8233406738736,-1.26396024280466,0.206244297196748,0.341623124444863
"POOLPIDM_02029",4.79122552505066,1.08063227227881,0.855591898084677,1.26302303083738,0.206580903021666,0.341623124444863
"POOLPIDM_02191",4.28430761497861,1.08800106791976,0.861337677105454,1.26315276440248,0.206534284590694,0.341623124444863
"POOLPIDM_00262",403.892092366738,0.24891262851111,0.197341516984072,1.26132925455924,0.207190245340648,0.342201432780668
"POOLPIDM_02667",7.48318233455574,0.804466760518361,0.637666081705986,1.2615799767272,0.207099964957068,0.342201432780668
"POOLPIDM_00182",12.1314966578132,-0.652645155747084,0.518389682417918,-1.25898562005123,0.20803552591293,0.343382370886965
"POOLPIDM_01296",8.27165591995352,0.779861315538783,0.621814650369834,1.25417005706596,0.209780200815844,0.346045437641155
"POOLPIDM_02067",4.57964517267834,1.04164213066038,0.831053098884849,1.25340021240293,0.210060094221782,0.346290436753357
"POOLPIDM_02170",3.25234892025133,-1.25536129311224,1.00360237488858,-1.25085524359347,0.210987295388432,0.347601569152441
"POOLPIDM_00482",8.08330655371794,0.777821806219492,0.624487613578307,1.24553600312836,0.212934789882431,0.349281957766079
"POOLPIDM_00566",11.1609089001609,-0.697002677560326,0.559052521102633,-1.24675705993707,0.212486589644563,0.349281957766079
"POOLPIDM_00898",146.65039880577,0.254648609388631,0.20431617607591,1.24634580716713,0.212637467627552,0.349281957766079
"POOLPIDM_01148",1.23656850499283,-2.17676505082425,1.74679945132565,-1.24614479880464,0.212711240529532,0.349281957766079
"POOLPIDM_01781",13.6480457434106,-0.646756114676972,0.519230424178726,-1.2456051967678,0.212909373485084,0.349281957766079
"POOLPIDM_02376",42.4792725316534,0.401449503075453,0.321865111850396,1.24726007353679,0.212302152140007,0.349281957766079
"POOLPIDM_02924",26.514411434237,-0.464000907896748,0.372164318193453,-1.24676355366115,0.212484207885778,0.349281957766079
"POOLPIDM_00371",16.9396739968572,0.534286300463063,0.429447173498938,1.24412578178113,0.213453273624976,0.349502946655432
"POOLPIDM_00578",17.5447211452658,0.545286248078507,0.438122959163039,1.24459637796701,0.213280152451276,0.349502946655432
"POOLPIDM_01877",3.78273777191108,1.11640273941732,0.897366572911264,1.24408772637413,0.213467277737195,0.349502946655432
"POOLPIDM_02747",1.49216713911796,2.07315512335204,1.66899019635878,1.24216135473714,0.214177034945694,0.35044733961319
"POOLPIDM_02441",131.79223881787,0.241874899099852,0.19480048360606,1.24165451041174,0.21436406043287,0.350535771278564
"POOLPIDM_01099",11.4835631002469,-0.665430804475075,0.536771491299902,-1.23969103288924,0.215089695116147,0.351504300264205
"POOLPIDM_01725",44.7667076243953,-0.349662171550904,0.282599550333522,-1.2373061851593,0.21597343248814,0.352729843890172
"POOLPIDM_02006",53.2478296194109,-0.359733763900921,0.290949449914225,-1.23641328075023,0.216304982013386,0.353052589837329
"POOLPIDM_02117",6.39532265607822,-0.877768605469469,0.71129864388938,-1.23403666379825,0.217189242521562,0.354276511934924
"POOLPIDM_00034",17.072397166591,-0.543176250561647,0.441003379374392,-1.23168273978353,0.218067619843824,0.355269620462498
"POOLPIDM_00191",5.66493063438346,0.922768207894515,0.749044970773342,1.23192631136928,0.217976611759619,0.355269620462498
"POOLPIDM_00530",6.05710065297524,-0.956076215055806,0.777523548598036,-1.22964277645317,0.218830904041406,0.356073001884658
"POOLPIDM_01392",14.1896625774676,-0.588669154913136,0.478619284715514,-1.22993195993562,0.218722584937368,0.356073001884658
"POOLPIDM_02783",4.79273738763417,1.02200948553976,0.831711724682229,1.22880254685629,0.219145846411663,0.356365484972945
"POOLPIDM_02869",2.93381312470578,-1.34408657616826,1.09460813909277,-1.22791575191671,0.21947859570562,0.356686546411846
"POOLPIDM_00271",38.738314888668,-0.401999553248147,0.328012334941675,-1.22556230490426,0.220363430352784,0.357642527879381
"POOLPIDM_01469",2.05671579428899,1.56882805919475,1.28039474826176,1.22526905184871,0.220473864872532,0.357642527879381
"POOLPIDM_01513",2.05671579428899,1.56882805919475,1.28039474826176,1.22526905184871,0.220473864872532,0.357642527879381
"POOLPIDM_01063",7.69802527909998,0.773294628782776,0.631898636736663,1.22376372384079,0.221041372733598,0.358342594419289
"POOLPIDM_01955",1.66168433285971,-1.85455111652279,1.51663537728362,-1.22280618288384,0.221402909637827,0.358708094533074
"POOLPIDM_02986",8.32372020674507,0.755294295733212,0.619203018046262,1.21978458392589,0.222546546912564,0.360339494878083
"POOLPIDM_02663",8.93097229916306,-0.741368888455905,0.611398339422237,-1.21257916591087,0.225290758325539,0.364465221387011
"POOLPIDM_02828",11.2837742788405,-0.699987537767359,0.577371655438756,-1.212369071418,0.225371134620951,0.364465221387011
"POOLPIDM_00672",4.40362821507897,1.00916825680138,0.83306776268408,1.2113879590658,0.22574675194861,0.364848827796773
"POOLPIDM_00037",72.1518939212739,0.345036259156939,0.285979756563577,1.20650588455282,0.227622491502697,0.367310698935493
"POOLPIDM_01095",6.68059128165868,-0.883239956429649,0.732167580605604,-1.20633578954573,0.227688043270332,0.367310698935493
"POOLPIDM_02135",1.77563317896314,-1.76088956126614,1.45953138559831,-1.20647598170306,0.22763401458577,0.367310698935493
"POOLPIDM_02058",45.9906975531885,0.332629221440549,0.276283609133238,1.20394120550285,0.228612303969489,0.368576167133684
"POOLPIDM_01335",2.92842635584796,-1.33908590420905,1.11263956655708,-1.2035217373697,0.228774484724051,0.368612189323104
"POOLPIDM_01907",4.10731407083929,1.05726829094786,0.878932137290214,1.20290093636519,0.22901465796036,0.368773755884856
"POOLPIDM_00179",1.10185343488371,-2.14408527776689,1.7839614136074,-1.20186751877737,0.229414860747669,0.369192657466944
"POOLPIDM_02825",2.14530368309735,-1.5525383065484,1.29266892765676,-1.20103320605277,0.229738320752996,0.369487622638741
"POOLPIDM_02762",3.21120689795272,-1.23862994061161,1.0323921696728,-1.19976688800747,0.23022988730294,0.370052428616188
"POOLPIDM_00942",1.41030551370973,1.98931454882156,1.66064757305128,1.19791494661711,0.230950130339156,0.370757943711336
"POOLPIDM_01555",13.7637610010424,0.585656837385461,0.488889174622987,1.19793373996693,0.230942813339539,0.370757943711336
"POOLPIDM_00628",41.3345391657285,0.382680237552063,0.320319113321681,1.19468436829667,0.232210372088861,0.37255419405127
"POOLPIDM_01046",23.1383262961685,0.45544104243277,0.381497130418316,1.19382560475192,0.232546193596007,0.372639371622538
"POOLPIDM_02874",17.7087605397202,0.51371965234226,0.430311929731162,1.1938308395568,0.232544145469849,0.372639371622538
"POOLPIDM_02384",326.031325798599,0.191249889065249,0.161158518384761,1.18671908244183,0.235338445476543,0.376884655088802
"POOLPIDM_02959",21.5930483706285,0.487100252485949,0.410784883765179,1.18577939874826,0.23570942926114,0.377249578343877
"POOLPIDM_00009",7.9420682630194,0.751303963839097,0.63422041240761,1.18461019093822,0.236171605844247,0.377671796501273
"POOLPIDM_02005",7.36614774008734,0.786537132253813,0.664087778914336,1.18438730123849,0.236259784685356,0.377671796501273
"POOLPIDM_00760",73.002072394903,0.279829973871756,0.236712521301309,1.18215112717068,0.237145740778569,0.378591083764873
"POOLPIDM_00947",3.4119666722559,1.12326547822622,0.950352829861465,1.18194573944706,0.237227231480438,0.378591083764873
"POOLPIDM_01255",2.91015971938006,-1.30881359520041,1.10742904154088,-1.18184871996794,0.23726573231395,0.378591083764873
"POOLPIDM_01178",2.81252821311117,-1.35197346648299,1.14759981825198,-1.17808790571465,0.238761563096055,0.380695635003703
"POOLPIDM_02116",6.45433379798413,0.858993708051534,0.729316116259755,1.17780711121101,0.238873513010669,0.380695635003703
"POOLPIDM_00755",57.9321622627525,-0.296322800717221,0.253174976610562,-1.1704268908575,0.241829219298436,0.385173306387117
"POOLPIDM_01630",8.09363323043745,0.733188881558542,0.627221615408407,1.16894708911002,0.242424949723058,0.385658862372667
"POOLPIDM_02118",16.0241424339001,-0.524363558716083,0.448579317805978,-1.1689427887152,0.242426682455049,0.385658862372667
"POOLPIDM_02016",21.6825290383609,-0.459208227732793,0.393149151425428,-1.16802548363098,0.242796485734475,0.386014195655052
"POOLPIDM_01937",14.833775246905,0.546756539966081,0.468815619327805,1.16625069094334,0.243513103027687,0.386703120533722
"POOLPIDM_02110",3.54966018437513,1.15809178591534,0.993025448179681,1.16622568740634,0.243523209440811,0.386703120533722
"POOLPIDM_00572",3.4531086945545,1.09789353394528,0.941808777071767,1.16572871337939,0.243724147158987,0.38678919440764
"POOLPIDM_01183",5.69239692278553,0.854540751737251,0.733350720767262,1.16525521491708,0.243915701504429,0.386860282289817
"POOLPIDM_00577",22.7259548091565,0.457439957835527,0.392737732393002,1.16474664924169,0.244121560084315,0.386953958137255
"POOLPIDM_00867",2.68541251730529,-1.30217932858393,1.11900658956043,-1.16369227914507,0.244548739450432,0.387398123312102
"POOLPIDM_02948",22.4847032042643,0.437832413907571,0.378207647328827,1.15765087512074,0.247006538759165,0.391056598299795
"POOLPIDM_00571",1.98093052847406,1.45670572481645,1.26040861531337,1.1557408503228,0.247787173643966,0.391823542674058
"POOLPIDM_02446",11.6640703624399,-0.603186779348969,0.52190606671324,-1.15573820236964,0.24778825707043,0.391823542674058
"POOLPIDM_01539",23.0431031167473,0.445757165000856,0.386328968416198,1.1538279586651,0.248570709261944,0.392599663186885
"POOLPIDM_02389",8.60473653133653,-0.716212772139769,0.620735710514117,-1.15381274189393,0.248576949111879,0.392599663186885
"POOLPIDM_02226",121.670365378842,0.243239996706112,0.211095207636129,1.15227626164489,0.249207568438865,0.393124566370345
"POOLPIDM_02757",3.78400964702718,1.04719409880106,0.908748956860335,1.15234696105626,0.249178526676672,0.393124566370345
"POOLPIDM_00710",64.2944080129701,0.286135071342661,0.251391653597499,1.1382043407089,0.255035166582185,0.402076973152297
"POOLPIDM_01861",38.6186900518708,-0.341099929583395,0.299986601967286,-1.13705054607936,0.25551715593823,0.402596068770577
"POOLPIDM_02484",2.98513138547851,-1.26027878732406,1.10973261960314,-1.13565985631274,0.256098947497041,0.403271699881841
"POOLPIDM_02398",28.421425116439,-0.394944064576551,0.347891467211101,-1.13525079457295,0.256270252455168,0.403300528639894
"POOLPIDM_02483",36.4247677338002,-0.365269163264454,0.322013319758378,-1.13432936109144,0.256656417550698,0.403519406676144
"POOLPIDM_02985",3.53367403505592,-1.08206154310242,0.954040322051684,-1.13418848039402,0.256715495066727,0.403519406676144
"POOLPIDM_01811",13.2795857956885,0.55705821768469,0.492323951603405,1.13148713539217,0.257850115053905,0.405061324959531
"POOLPIDM_01553",37.5016393853314,0.346147069075073,0.307101679972859,1.12714156791869,0.259682630833236,0.407604054288378
"POOLPIDM_01572",20.8606774795565,-0.450723266675229,0.399961727260927,-1.12691599209238,0.259778001215658,0.407604054288378
"POOLPIDM_00870",7.89743233321301,0.705086943501644,0.625978252389955,1.1263761014215,0.260006358091695,0.407719666823146
"POOLPIDM_02256",50.8595961794585,0.308204919443211,0.273772234825319,1.12577128078697,0.260262343287716,0.407878440491332
"POOLPIDM_00326",5.59453213742634,0.869384231512462,0.773133451652878,1.12449439311391,0.260803347792518,0.408483437184241
"POOLPIDM_02240",29.1660135937342,-0.398458766300302,0.35469686237669,-1.12337832263409,0.26127685232631,0.408982056254248
"POOLPIDM_00980",4.55740221950149,-0.943902122420986,0.841426124866825,-1.12178846665877,0.261952391160533,0.409796144272501
"POOLPIDM_01394",24.0276156926729,-0.417501436607102,0.372837349638855,-1.11979509834922,0.262801088544546,0.410636437109321
"POOLPIDM_01840",1.58198853482045,1.6512610569223,1.47441672603967,1.11994189143367,0.262738525176546,0.410636437109321
"POOLPIDM_00155",30.3142422736093,-0.40248825098265,0.360803476106568,-1.11553318533929,0.264622005856731,0.413157641563359
"POOLPIDM_02457",1.21449504219807,1.83958948802262,1.64943368991288,1.11528550633629,0.264728094309755,0.413157641563359
"POOLPIDM_02607",1.7241082749223,1.636866814514,1.47034679087112,1.11325221007502,0.265600125048335,0.41427333114048
"POOLPIDM_00840",3.65795895280868,1.01195199838821,0.910041607248492,1.11198432063765,0.266144891894425,0.414877548807631
"POOLPIDM_02288",2.80542653885913,1.21966225245744,1.0976256091193,1.11118239436492,0.266489847782327,0.4151697628571
"POOLPIDM_02605",3.4555170214022,1.06631204555648,0.961479162206318,1.10903292288686,0.267415979484922,0.416352358612134
"POOLPIDM_02661",2.42358273646562,1.33008816823784,1.19969572530251,1.10868792826819,0.267564831369103,0.416352358612134
"POOLPIDM_00438",3.10962320877643,-1.14637247965028,1.03485172038798,-1.10776496484007,0.26796333449323,0.41672646001425
"POOLPIDM_02498",46.2469640192513,-0.310029404241273,0.279967180689305,-1.10737767004673,0.268130676168185,0.416740838667061
"POOLPIDM_00946",1.86460030934141,-1.62744263919717,1.47306916502032,-1.10479716624489,0.269247488698676,0.41798373392798
"POOLPIDM_02394",39.9457794864883,-0.334556002188145,0.302807604697522,-1.10484676407759,0.26922599327635,0.41798373392798
"POOLPIDM_01252",25.485433683546,0.402593594691805,0.364920065228949,1.1032377582176,0.269923928155992,0.418787212842375
"POOLPIDM_02542",91.6187988686025,-0.248017065494289,0.224983001239982,-1.10238135382387,0.27029591440282,0.419117664921079
"POOLPIDM_00436",13.0677317544989,-0.558552897441693,0.507076672500481,-1.10151566367148,0.270672291082256,0.419307359575496
"POOLPIDM_02168",7.21049669331339,-0.733579071501224,0.666061537340241,-1.10136831264961,0.2707363907426,0.419307359575496
"POOLPIDM_01050",3.44880194214495,1.05190129014291,0.956121306756611,1.10017555587294,0.271255638820055,0.419637891477091
"POOLPIDM_01477",8.11938078272729,0.6844534832614,0.622147451509242,1.10014672824105,0.271268196918423,0.419637891477091
"POOLPIDM_01405",13.9826823160386,-0.546363129344778,0.497051038845914,-1.09920930979917,0.271676778882649,0.420023454037925
"POOLPIDM_01141",51.2279829691628,-0.292874070508745,0.268324723780959,-1.09149118419601,0.275056808927574,0.424999852481293
"POOLPIDM_00102",8.79739264998167,-0.660148191847148,0.605551274485857,-1.0901606844237,0.275642368527554,0.425655116249931
"POOLPIDM_00158",8.04433165546368,-0.700980191852341,0.643989755254442,-1.08849587455841,0.276376256814591,0.426489407252438
"POOLPIDM_00220",18.0979789823847,0.474036138642499,0.43561435598513,1.08820136923743,0.276506220407593,0.426489407252438
"POOLPIDM_00019",17.9475715739195,-0.474758909236776,0.436838443282019,-1.08680661360721,0.277122284312524,0.427077363448526
"POOLPIDM_03017",1.75525761093084,1.58846657127256,1.4618621046829,1.08660493091934,0.277211444939465,0.427077363448526
"POOLPIDM_02031",75.2413548578762,-0.255229617356486,0.234982645911441,-1.08616368824392,0.27740657927533,0.427128354538417
"POOLPIDM_01350",2.04910676277887,-1.42639546331754,1.3139541967223,-1.08557472313398,0.277667187866183,0.427280039238329
"POOLPIDM_02645",5.86000375200784,0.787112165252701,0.725943400520959,1.08426106592862,0.278249062796012,0.427676110513288
"POOLPIDM_03090",3.68544025607163,1.0107448426899,0.932113176068049,1.08435849705885,0.278205877910217,0.427676110513288
"POOLPIDM_00364",1.10750351255359,-1.96581827334813,1.81567595419028,-1.08269224407105,0.278945047749588,0.428496005750532
"POOLPIDM_00581",28.5535577207505,-0.378928174188752,0.351416054361293,-1.07828930831707,0.280904666930964,0.431254922556797
"POOLPIDM_00246",29.2461418217254,0.388874978494894,0.361147327581083,1.07677656401205,0.28158009775783,0.432040243125517
"POOLPIDM_00759",10.4248503284307,0.612588543696272,0.570052999561396,1.07461682364202,0.282546316532836,0.433270558685606
"POOLPIDM_00196",74.437954987368,0.259153651075374,0.241367762790342,1.07368791954409,0.28296257754482,0.433646071252854
"POOLPIDM_02688",2.36748367820812,1.25326997051601,1.16763950983548,1.07333638503942,0.283120215715539,0.433646071252854
"POOLPIDM_00997",6.03473970183833,-0.785903854824825,0.732724065605553,-1.07257819377793,0.283460412985869,0.43366317390061
"POOLPIDM_01412",16.214829445366,-0.479256659347124,0.446694720316782,-1.07289528518996,0.283318101717381,0.43366317390061
"POOLPIDM_00211",7.6399441759182,0.67028172431877,0.626802819080647,1.06936616095935,0.284904709009121,0.435007552242685
"POOLPIDM_00439",38.5006788845745,-0.33261307679992,0.311054717133302,-1.06930729057994,0.284931226543763,0.435007552242685
"POOLPIDM_00537",1.19240050779294,1.83343336560574,1.7148413270126,1.06915627511715,0.284999257482214,0.435007552242685
"POOLPIDM_02557",5.55119733394029,0.803004772267388,0.750733853090485,1.06962643147332,0.284787492935766,0.435007552242685
"POOLPIDM_01109",6.24786391027035,-0.751700322973825,0.70467198293538,-1.06673791661553,0.286090200184244,0.436420004447724
"POOLPIDM_01363",18.9222193252854,0.443327647822221,0.416362953387195,1.06476247277925,0.286983431259254,0.437529395488371
"POOLPIDM_02892",30.6050782037745,0.361113932197653,0.3398524981108,1.06256077034903,0.287981185329462,0.438543272402347
"POOLPIDM_02904",44.9758295336631,-0.303339652974383,0.285438164862012,-1.06271581840159,0.287910845116083,0.438543272402347
"POOLPIDM_00853",2.11519850732644,-1.34633487137697,1.26821929606697,-1.06159469072286,0.288419725036223,0.438957502999701
"POOLPIDM_00091",5.88161943194065,0.780676519776458,0.735677750421569,1.06116641332309,0.288614280138696,0.439000139899366
"POOLPIDM_00888",7.15289952267432,0.693494965036202,0.655360997041855,1.05818772884941,0.28996986459794,0.440807706505288
"POOLPIDM_01309",17.3069522060964,0.455295767815296,0.431468526561618,1.05522359056768,0.291323077408199,0.442609586194819
"POOLPIDM_01231",4.88504997473208,0.820007267561247,0.777820744392361,1.05423681930962,0.291774506814591,0.443040092144736
"POOLPIDM_01198",2.07772451777343,-1.3504867138161,1.28425854131422,-1.05156918982536,0.292997249643246,0.444384781392173
"POOLPIDM_02915",87.8242921691235,0.293938453794187,0.279442279961121,1.05187537775272,0.292856729925072,0.444384781392173
"POOLPIDM_01918",12.6382743351036,-0.577904248345539,0.549950868678782,-1.05082886719301,0.293337195048463,0.444644534875071
"POOLPIDM_02670",18.617589030005,-0.446266800327531,0.424837634775745,-1.05044083621052,0.29351547891582,0.444659081851782
"POOLPIDM_02094",28.5486790456612,0.360334240464729,0.344196789783684,1.04688437300995,0.295152910060818,0.446882866697482
"POOLPIDM_02105",3.06024306049418,1.10266780491155,1.05410678256346,1.04606840896137,0.295529449399662,0.447196112868835
"POOLPIDM_02534",8.28646404460304,-0.660026443616101,0.631768812704733,-1.04472780286572,0.296148791109258,0.447876198143433
"POOLPIDM_00161",7.62350200093365,-0.770078959962085,0.737637540953964,-1.04398016262318,0.29649456771968,0.448142018640526
"POOLPIDM_01298",7.6323913494308,-0.704432794501006,0.675703790131743,-1.04251715735332,0.297171975059132,0.448908496421704
"POOLPIDM_01428",23.746134299422,-0.393545926840563,0.377772862746379,-1.04175277170391,0.297526315605399,0.449186350478712
"POOLPIDM_01568",17.2297776410824,-0.449823187431442,0.431948391328229,-1.04138178648669,0.297698392194894,0.449188873397676
"POOLPIDM_01131",8.96338209588422,-0.617506634237431,0.59320591934158,-1.04096505800688,0.297891765488105,0.449223509054144
"POOLPIDM_02028",6.09815981072614,-0.767127918347063,0.737401562827609,-1.04031230338795,0.298194829941573,0.449423425801022
"POOLPIDM_02715",16.2202970272815,0.48516906284467,0.466541295031825,1.03992737194159,0.298373644497166,0.449435958225446
"POOLPIDM_02123",24.8301869926663,0.392005447560367,0.377493118436711,1.03844395676339,0.299063414003829,0.450217680933234
"POOLPIDM_02306",1.50620326900551,1.50363150668686,1.45459535831221,1.03371119541557,0.301271197723787,0.453023888876157
"POOLPIDM_02332",28.5287547615245,-0.365034580479842,0.353032632962064,-1.03399670851127,0.301137701986353,0.453023888876157
"POOLPIDM_00528",10.1603793564402,-0.621104496664968,0.60204222825774,-1.03166267665707,0.302230167692493,0.454206797056678
"POOLPIDM_02096",2.06773183148337,-1.34345365290534,1.3030976370461,-1.03096929555541,0.302555218693216,0.45443621451585
"POOLPIDM_01066",11.1353689899266,-0.566007536510938,0.550672013097085,-1.02784874307957,0.304020983661407,0.45582808486257
"POOLPIDM_01610",2.61960875363754,1.13148111013213,1.10083655273905,1.02783751803738,0.304026264712187,0.45582808486257
"POOLPIDM_02247",9.23053102615549,-0.603520509133035,0.587533837109211,-1.02720978948631,0.304321689431751,0.45582808486257
"POOLPIDM_02566",6.95421256144785,-0.700614435749537,0.682090863503574,-1.02715704495852,0.304346521000805,0.45582808486257
"POOLPIDM_02569",9.41625755068699,-0.612968340428428,0.596065842466528,-1.02835676322595,0.303782038967845,0.45582808486257
"POOLPIDM_00011",6.82566660294723,0.690762744551377,0.673103614703471,1.02623538109461,0.304780647809201,0.456088016115346
"POOLPIDM_02806",3.80521333709917,-0.99360287518207,0.968372859444484,-1.02605403021318,0.304866116993642,0.456088016115346
"POOLPIDM_02872",1.19156299082341,-3.4467235433052,3.36335103919664,-1.0247885228562,0.305462983002284,0.456721737489518
"POOLPIDM_00367",7.92773607602887,0.637553628350048,0.622364723580239,1.02440515054008,0.305643950226019,0.456733249884232
"POOLPIDM_01100",2.43545303898421,-1.21247078102691,1.18624255224626,-1.02211034221541,0.306728678775935,0.458094502693125
"POOLPIDM_02125",44.5356222772567,-0.296935528065821,0.291794970597512,-1.01761701875047,0.308859996287027,0.461016393098869
"POOLPIDM_02245",6.8930030385318,0.673648238301895,0.664698194980263,1.01346482266572,0.310838190392084,0.463706547749595
"POOLPIDM_01237",15.8349676878968,-0.468459638794374,0.46304618424368,-1.01169096028625,0.311685839058085,0.46470807226081
"POOLPIDM_00520",7.07208159698248,-0.704311945371254,0.697006936178843,-1.01048054016859,0.312265118062585,0.465308564846225
"POOLPIDM_02153",3.88903080842793,0.928829646744804,0.92165549024807,1.00778398932426,0.313558173766928,0.466971381948938
"POOLPIDM_01146",6.49729366304759,-0.70273344532178,0.697830065152108,-1.00702661065284,0.313921986506412,0.467249213117392
"POOLPIDM_02644",11.0367527888781,0.565444434248966,0.561776964650844,1.00652833745222,0.314161487299577,0.46734180616348
"POOLPIDM_01900",88.8580132854953,-0.236433582037555,0.235032903543894,-1.00595949959576,0.314435052686226,0.467484940147147
"POOLPIDM_00568",1.11053888238471,1.7453156030331,1.73806393039412,1.00417227037059,0.315295585469447,0.468236148336598
"POOLPIDM_01342",13.09907370399,-0.500902126262399,0.498819082386628,-1.00417595065891,0.315293811859617,0.468236148336598
"POOLPIDM_00205",136.013181496319,0.220651818124316,0.219955801664838,1.00316434690156,0.315781572109034,0.468693819864535
"POOLPIDM_01278",29.3542356649333,-0.350078945325563,0.34994084765804,-1.00039463145971,0.317119567025531,0.470414844501576
"POOLPIDM_01446",23.0266373261246,0.377783039785788,0.377984882306852,0.999466003719959,0.317568999794898,0.470816582373088
"POOLPIDM_00724",8.8141718656732,-0.598106306616955,0.599292220501391,-0.9980211425347,0.318269106539056,0.471059721974706
"POOLPIDM_01550",29.3642351884133,0.344729390238041,0.345402064920012,0.998052487954503,0.318253907410982,0.471059721974706
"POOLPIDM_01909",15.8319123349014,-0.467417606419,0.468153040249518,-0.998429073898301,0.318071341254144,0.471059721974706
"POOLPIDM_01424",1.45141144953708,-1.54881812399687,1.55684461004856,-0.994844388450917,0.31981195361995,0.473077614894606
"POOLPIDM_01287",1.62791112434321,-1.54600554125254,1.55906969963038,-0.991620542442112,0.321382664545657,0.474603214997149
"POOLPIDM_01549",36.1123811378695,0.319309801934753,0.322008568486795,0.991618960437217,0.321383436559147,0.474603214997149
"POOLPIDM_02700",7.51045120007815,0.675323220704112,0.680989112227434,0.991679908795032,0.321353694824715,0.474603214997149
"POOLPIDM_02618",6.64156755383786,0.663352677022122,0.669386096163088,0.990986638091904,0.321692104888095,0.474793050663505
"POOLPIDM_02921",32.5068847992469,-0.319444730925096,0.32309756448602,-0.988694332726603,0.322812716446488,0.476180369643504
"POOLPIDM_00453",1.44102833753423,-1.53971457576774,1.55820363492935,-0.988134375541717,0.323086842350508,0.47631818592614
"POOLPIDM_02195",9.12121299981268,0.570756300349444,0.579045882554192,0.985684066747556,0.324288170565484,0.477822033320635
"POOLPIDM_01408",10.5603482137198,0.532316707147409,0.541264176364336,0.983469312015019,0.325376511740872,0.479157812820637
"POOLPIDM_01082",158.161114364159,-0.210488150469888,0.214659903122307,-0.980565757313129,0.326806927526624,0.480995567258616
"POOLPIDM_03033",4.3821518212651,0.808432308439745,0.825336694022787,0.979518194567785,0.327324003109188,0.481487763502131
"POOLPIDM_01433",18.5107558065997,0.413894449469412,0.422731357126035,0.979095689241742,0.327532701406719,0.481526046239884
"POOLPIDM_00607",6.13628753480399,-0.697194607000337,0.714636865536607,-0.975592836897419,0.329266275647443,0.483377489174387
"POOLPIDM_00649",2.52814486765203,1.09864433279059,1.12636500650496,0.975389262313481,0.329367207917351,0.483377489174387
"POOLPIDM_01238",10.8065263282074,-0.522774627884552,0.535771013157184,-0.975742649465027,0.329192011385577,0.483377489174387
"POOLPIDM_02615",77.4471010895558,-0.233873558408347,0.23985310145535,-0.975069978204486,0.32952554933474,0.483377489174387
"POOLPIDM_02467",38.2109741143293,0.29057439744155,0.298766191072483,0.972581256260869,0.330761462090615,0.484651036170573
"POOLPIDM_02763",2.24471059102243,1.16538369577958,1.19780141373601,0.972935648944245,0.330585285875404,0.484651036170573
"POOLPIDM_02875",73.3300423541155,0.231549169626836,0.238424697740662,0.971162684994552,0.331467272438723,0.48541540563804
"POOLPIDM_00972",2.18878618255683,-1.2385595994598,1.28118188855095,-0.966732054619231,0.333677998432297,0.488381567944217
"POOLPIDM_02901",27.8174821502967,-0.341709379246841,0.354687433858085,-0.963409883259533,0.33534186844403,0.490544486802699
"POOLPIDM_00635",30.5732609088059,-0.328929592146745,0.342513581709741,-0.960340289295426,0.3368839791569,0.492526993376366
"POOLPIDM_02852",4.69966965557678,-0.778222107454467,0.811420999452692,-0.959085490737093,0.337515679129126,0.493177012297326
"POOLPIDM_01831",1.17049783205564,1.71660803604912,1.7944351586425,0.956628623654336,0.338754736059573,0.494439360051514
"POOLPIDM_02831",3.59581359669608,-0.918341985339698,0.959607873261972,-0.95699713490053,0.338568701132898,0.494439360051514
"POOLPIDM_02844",1.40027674094841,-1.50364348405927,1.57521550404011,-0.954563664592386,0.339798399474611,0.495688202000595
"POOLPIDM_02692",2.48047962476401,1.07427976743544,1.12652692011252,0.953621034931096,0.34027550420131,0.496109639974919
"POOLPIDM_01944",4.95885319562273,0.749974272384798,0.787474938896225,0.952378590531414,0.340905013313173,0.496752689382821
"POOLPIDM_00084",12.6324811085804,-0.488800322971785,0.513616438042032,-0.951683565337494,0.341257486711599,0.496991566282748
"POOLPIDM_00221",60.1867649778306,0.25645340179234,0.269892400418277,0.950206087295864,0.342007546180031,0.497232911530579
"POOLPIDM_00289",2.77829597438032,-1.03259471450747,1.08686501184922,-0.950067122641647,0.342078147474375,0.497232911530579
"POOLPIDM_00632",10.9541141747788,0.510688039570892,0.537681925945919,0.949795808502327,0.342216016078511,0.497232911530579
"POOLPIDM_01982",3.57526291835065,-0.932560440145127,0.982159477491602,-0.949500016562331,0.342366363591806,0.497232911530579
"POOLPIDM_02863",7.55917325856344,-0.624361421852306,0.657370162109331,-0.949786677035799,0.342220656862216,0.497232911530579
"POOLPIDM_01020",19.3375542375237,-0.398688834250163,0.422016606879448,-0.944723093240857,0.344800264016069,0.50049201318632
"POOLPIDM_01635",2.76330694494523,-1.02481715163102,1.08692247237013,-0.942861315026748,0.345751844346651,0.50159706202409
"POOLPIDM_00143",10.0386481477414,0.535947288720391,0.568730109778947,0.942357859211468,0.346009454699349,0.501694676890805
"POOLPIDM_00194",1.55536760935044,-1.43586238795692,1.52546147423681,-0.941264274586338,0.346569445762653,0.502230378796236
"POOLPIDM_00380",10.6046794142917,0.51121744401502,0.543900222949666,0.93991034098607,0.347263552541964,0.502959738736603
"POOLPIDM_00207",11.3353977850883,-0.525556712873635,0.559508962189753,-0.93931777395801,0.347567615674081,0.503123687488675
"POOLPIDM_02181",1.83642941534298,-1.27012139975439,1.35703660230327,-0.935952204677928,0.349297796677618,0.505350709134029
"POOLPIDM_00145",35.2320550994178,-0.304215772876851,0.325609656570002,-0.93429591763796,0.350151269570147,0.505716636494399
"POOLPIDM_01862",38.5901970743841,-0.283778134995141,0.303768605326414,-0.934191782887531,0.350204973629891,0.505716636494399
"POOLPIDM_02575",3.77453167142007,0.853397933643052,0.913729276060078,0.933972409555302,0.350318125280263,0.505716636494399
"POOLPIDM_02879",22.8376711022611,-0.356225923263562,0.381230300768145,-0.934411358556228,0.350091740834042,0.505716636494399
"POOLPIDM_01151",5.37346441451709,-0.789521890265355,0.846251986849314,-0.932963115637494,0.350839012674281,0.50619137241894
"POOLPIDM_02976",3.29615139406681,0.929303892736585,0.998073259487346,0.93109787673694,0.351802936840813,0.507069473129724
"POOLPIDM_03118",11.1766449086737,0.492120592781967,0.528570259892569,0.931041017862015,0.351832346871876,0.507069473129724
"POOLPIDM_01975",8.02929175495707,-0.592721718471272,0.637341583425906,-0.929990657890563,0.352375921492325,0.507575371067634
"POOLPIDM_01117",26.1647437738359,-0.358165380447184,0.385582300033483,-0.928894766217439,0.352943625623552,0.508115454474977
"POOLPIDM_01416",7.06106889796845,0.623766219635474,0.672547993266719,0.927467222979433,0.353684002157629,0.508903400484449
"POOLPIDM_00505",26.7897941416161,-0.331869716429548,0.358642918360603,-0.925348583338999,0.35478461485572,0.509930340654132
"POOLPIDM_00767",25.0373448764197,0.340142883932709,0.367529056815107,0.925485693240916,0.354713322221491,0.509930340654132
"POOLPIDM_00573",2.38980854287378,-1.09216277975497,1.18460594141355,-0.921962942758611,0.356547905455273,0.512185438027302
"POOLPIDM_01735",16.0378564802994,-0.411057344984348,0.446035910597973,-0.921579037062887,0.356748197135627,0.512194034667491
"POOLPIDM_02308",3.72495583375198,0.848474584338768,0.921749091297433,0.920504931710292,0.357308957039728,0.512719875207797
"POOLPIDM_00702",4.85341719871849,-0.763994650219779,0.830393812011384,-0.920038949193548,0.357552405811978,0.51279006622436
"POOLPIDM_02388",14.6410108925489,-0.446964528200985,0.486200911641437,-0.919300061968233,0.357938645430005,0.512907915310683
"POOLPIDM_02722",61.1421952034104,-0.252011829755304,0.274182992683329,-0.919137351624022,0.358023734511251,0.512907915310683
"POOLPIDM_02303",13.1419222931827,-0.449944522560511,0.490798614515671,-0.916759968861209,0.359268433770594,0.514411510819818
"POOLPIDM_02950",3.81691357535858,0.833276440592603,0.909467616040862,0.916224421733741,0.359549198923724,0.514534032770324
"POOLPIDM_02176",4.74758702313398,0.746188255434451,0.818036377497287,0.912170015858404,0.361679225416791,0.517301377210342
"POOLPIDM_01876",31.0708578509117,0.315749246048711,0.346465597827874,0.911343717899454,0.362114298395429,0.517529082277516
"POOLPIDM_02304",10.5594690460672,-0.498482919698852,0.547108855849443,-0.911122008662984,0.362231091351296,0.517529082277516
"POOLPIDM_00883",2.26788514187583,1.10036255566996,1.2106762483839,0.90888258288605,0.3634121084387,0.518935166762954
"POOLPIDM_02128",115.298669144924,0.207086893328748,0.228083602952941,0.907942923768505,0.36390837784856,0.519362471038876
"POOLPIDM_02988",2.29063318054519,-1.17035927144687,1.29159013624106,-0.906138285364264,0.36486266327398,0.520442630081282
"POOLPIDM_00856",8.56327599399059,0.566155538375303,0.625178935645068,0.905589593787474,0.365153118779479,0.520575241267013
"POOLPIDM_00797",16.6271433730378,0.389195313372072,0.432269286203073,0.900353843759408,0.367931975467751,0.52425334450432
"POOLPIDM_02007",55.0288229652301,-0.2397628235329,0.266565804042702,-0.899450791874608,0.368412595286566,0.524654565734948
"POOLPIDM_00638",22.1694961491002,0.342943541566043,0.382009816211148,0.897734893221928,0.369326902188021,0.52567263183997
"POOLPIDM_02065",5.4279575615005,0.693417557128402,0.772906369225982,0.897155961882961,0.369635700509316,0.525828228031601
"POOLPIDM_01639",5.03923498394008,-0.700191496576802,0.782978703041513,-0.894266336819736,0.371179406641876,0.527739436843574
"POOLPIDM_01132",6.79425395812663,0.617228024245203,0.690763350214911,0.893544835656336,0.371565472910511,0.52783066876
"POOLPIDM_01960",12.4966888539536,-0.461270241295047,0.516309887392263,-0.893398039740812,0.371644052055599,0.52783066876
"POOLPIDM_00203",8.30114321741023,0.540052215184465,0.606340380950028,0.890674994032722,0.37310355365913,0.529618183869395
"POOLPIDM_00709",5.49201639005226,0.68154130034374,0.766240448793844,0.889461397419792,0.373755160630282,0.530257590646622
"POOLPIDM_01713",34.8808688052046,0.276068920927333,0.3105925467467,0.88884592955953,0.374085887957943,0.53044131288711
"POOLPIDM_00527",10.9027559968168,-0.495829806597239,0.558527103055334,-0.887745292725958,0.374677776486737,0.530709628597012
"POOLPIDM_01283",4.41937368614893,-0.766316927298019,0.863032208757982,-0.887935490149146,0.374575452822434,0.530709628597012
"POOLPIDM_00001",2.050618855623,1.09552129858724,1.23517062633285,0.886939241616989,0.375111612946895,0.531038781808815
"POOLPIDM_00795",21.4261948039506,-0.345200984461089,0.389833986863693,-0.885507667605673,0.375882885986938,0.531845028159726
"POOLPIDM_01689",16.1056819758201,-0.394520417011495,0.446768146105157,-0.883054041454952,0.377207073759557,0.53343232104624
"POOLPIDM_02578",1.06223491983272,1.52703976836896,1.73037973630582,0.88248824019925,0.377512836388672,0.533578464729511
"POOLPIDM_00919",3.6733742641672,0.788519416785943,0.895240397591059,0.880790700361284,0.378431114107297,0.534589719607092
"POOLPIDM_00252",11.9988597091118,0.461630486368207,0.526114098176081,0.877434168688078,0.380250860970352,0.53659507435218
"POOLPIDM_03095",162.412720212791,-0.167576786636304,0.190987812592533,-0.877421361926504,0.380257814449875,0.53659507435218
"POOLPIDM_01628",2.15113754321191,1.09475022117467,1.25003150231864,0.875778105706982,0.381150674747192,0.537279774670374
"POOLPIDM_02737",5.03096103376225,-0.686460323573557,0.783577179267961,-0.876059617018028,0.380997624795639,0.537279774670374
"POOLPIDM_02829",9.64712150197363,-0.534953387175834,0.611529079088797,-0.874779966265767,0.381693639784277,0.537757581224669
"POOLPIDM_00099",8.3054286679488,-0.539857555745276,0.617807384138741,-0.873828266876201,0.382211784207133,0.537859127944863
"POOLPIDM_00595",3.35957150295462,0.819148639980643,0.937752351724171,0.873523418495874,0.38237784740845,0.537859127944863
"POOLPIDM_00830",7.3101666797899,-0.576584497871597,0.659870150427898,-0.873784785533496,0.382235467542873,0.537859127944863
"POOLPIDM_00701",27.789175467266,-0.303836639606642,0.348013076090845,-0.873060986729503,0.382629837060548,0.537926533595522
"POOLPIDM_01155",33.0091648121226,-0.278449205291467,0.320283450595222,-0.869383681154899,0.384637305885027,0.540460521488769
"POOLPIDM_00157",15.5432351226529,-0.40810946376048,0.470058000561508,-0.868210866048387,0.385278906807144,0.54107362724754
"POOLPIDM_02207",26.6223799652142,0.303110794761232,0.350053932053624,0.865897414672662,0.386546421010676,0.542564625018181
"POOLPIDM_00126",48.1769833796807,0.235076963707556,0.272398564245841,0.862988996870767,0.388143516647763,0.544226760576332
"POOLPIDM_02224",12.0630578374946,0.431004881220384,0.499256698428509,0.863293136731148,0.387976316755144,0.544226760576332
"POOLPIDM_00909",3.95298064285957,0.750812176554975,0.873608306618836,0.85943800083687,0.390098911812668,0.546525804343599
"POOLPIDM_02514",65.4614814256982,-0.220332211818903,0.256421306566771,-0.859258595820036,0.390197861826499,0.546525804343599
"POOLPIDM_00916",12.0207374825207,-0.441303735307127,0.51542632863469,-0.856191682089842,0.391891762725108,0.548606843623678
"POOLPIDM_02616",27.7029683875949,-0.315300900848171,0.369920296686831,-0.852348204929939,0.394020858519893,0.551294576994925
"POOLPIDM_00170",6.0850257093146,-0.61376685381552,0.721918713136619,-0.850188314344704,0.395220397541502,0.552159956226901
"POOLPIDM_01137",26.36278083485,-0.305170234233887,0.358799766156999,-0.850530750068422,0.395030071815617,0.552159956226901
"POOLPIDM_02795",2.08378609276646,1.01687454530151,1.19670824430805,0.849726364080892,0.39547723723687,0.552159956226901
"POOLPIDM_02961",2.08378609276646,1.01687454530151,1.19670824430805,0.849726364080892,0.39547723723687,0.552159956226901
"POOLPIDM_02787",4.37171227397891,0.736038130519773,0.868934578685529,0.847058165913026,0.396962701335385,0.553940540349431
"POOLPIDM_00832",3.61571633498911,0.777840202154555,0.920524567798739,0.844996678377214,0.398112693609839,0.555251354685469
"POOLPIDM_00279",1.84473945199207,1.16459479430412,1.38382971896769,0.841573770487372,0.400026576243947,0.557625623997379
"POOLPIDM_00015",11.1473193689924,-0.453423559042391,0.539347321353622,-0.84068936859539,0.400521978002814,0.557682282154658
"POOLPIDM_00288",1.77497967469891,1.11888443156693,1.33142149854577,0.840368307698968,0.400701912898681,0.557682282154658
"POOLPIDM_00642",35.6422601851838,0.263567099535052,0.313468383016791,0.840809197401366,0.400454833767185,0.557682282154658
"POOLPIDM_01103",1.27448935554197,-1.36465028563583,1.63161500816586,-0.836380076676218,0.402941117215971,0.560502788908338
"POOLPIDM_00510",4.13772959577577,-0.742566500841747,0.888281336388099,-0.835958688337578,0.403178144167712,0.560536702545406
"POOLPIDM_00386",1.36565456904245,1.27115292830967,1.52263004705906,0.83484030199252,0.40380763081107,0.561115927684755
"POOLPIDM_00384",9.41143020538637,0.469949100219595,0.563608523736533,0.833821846951483,0.404381382414299,0.561392924222875
"POOLPIDM_01359",42.5059734304779,-0.276874451544846,0.332241651368417,-0.833352622720455,0.4046458862001,0.561392924222875
"POOLPIDM_02728",5.21793608004876,0.631018319547904,0.756870290318113,0.833720556375236,0.404438471606347,0.561392924222875
"POOLPIDM_00138",56.267151723554,0.212858783660107,0.256319984376925,0.830441622324279,0.406289141031415,0.563376210288695
"POOLPIDM_00486",8.41228702394306,-0.52547566767929,0.634501602198176,-0.828170749859142,0.407573806448512,0.564759832576569
"POOLPIDM_02936",2.37010755071608,0.939294522114477,1.13452245698958,0.827920607765551,0.40771546335099,0.564759832576569
"POOLPIDM_02177",7.79652632783103,0.513070466809515,0.621272899589858,0.825837513833657,0.408896270648948,0.565800823848098
"POOLPIDM_02344",8.23749107038828,-0.513207097467728,0.621193693327593,-0.82616276208246,0.408711768840517,0.565800823848098
"POOLPIDM_02046",9.47567460559587,-0.47695682997793,0.578342078760211,-0.824696745221063,0.40954378000845,0.566399477493323
"POOLPIDM_01028",2.05669521521629,1.01665596482048,1.23473298651762,0.823381229724661,0.410291233719284,0.567135653950725
"POOLPIDM_00201",35.0466596703501,0.270961015660788,0.329631523168552,0.822011842363256,0.411070157005876,0.567617042361178
"POOLPIDM_02499",56.5998588942358,0.21371221717218,0.259976585080821,0.822044097185681,0.411051800001337,0.567617042361178
"POOLPIDM_01311",2.10588062717159,1.02420635454997,1.24981599881256,0.81948571271536,0.412509350136579,0.569306097884829
"POOLPIDM_02890",78.6040879519623,-0.194161829310193,0.237572154513217,-0.817275196699833,0.413771177899388,0.570748731000935
"POOLPIDM_00202",27.790169787236,-0.285663960448716,0.349850893782511,-0.816530600680136,0.414196729104832,0.571036913138252
"POOLPIDM_02334",27.139810169392,-0.286129488531417,0.352057717222864,-0.8127346015548,0.416370238205031,0.573433619596898
"POOLPIDM_02658",5.42489550012795,0.611182383061846,0.751997718086462,0.812744996909119,0.416364276868757,0.573433619596898
"POOLPIDM_02929",3.26948270544501,-0.805710245895246,0.992822391509394,-0.811535127315491,0.417058428721994,0.574081471598525
"POOLPIDM_00406",1.25411355724906,-1.34573696817314,1.65913138468563,-0.811109343476208,0.417302880621107,0.574118159351377
"POOLPIDM_00723",19.4585652656003,0.335263503981295,0.413669956994638,0.810461331098406,0.417675080867983,0.574330471136151
"POOLPIDM_00862",7.38046173312661,-0.541679052434377,0.669288602655289,-0.809335539684013,0.41832216895891,0.574728254215016
"POOLPIDM_02474",55.8248053889622,0.210681653537807,0.260358123861497,0.809199461161745,0.418400424824968,0.574728254215016
"POOLPIDM_00013",7.46045977209185,-0.55083928189925,0.685755231715992,-0.803259321144169,0.421824864713982,0.579102606081329
"POOLPIDM_00727",2.73819811231935,-0.862811833635502,1.07460027232174,-0.802914214577059,0.422024319530438,0.579102606081329
"POOLPIDM_00598",16.9658563998313,0.351507106993537,0.439981951496182,0.798912559477083,0.424341115843707,0.58167612135414
"POOLPIDM_00874",4.21170769671895,-0.693563386147799,0.868012877043485,-0.799024305388333,0.424276318733058,0.58167612135414
"POOLPIDM_02540",12.6227883421277,-0.43568190252624,0.54638373377025,-0.797391788221573,0.425223526951626,0.582582753141625
"POOLPIDM_01841",1.66235913899492,1.09519832885879,1.3751761505944,0.796405848360159,0.425796180055223,0.583064275649646
"POOLPIDM_02286",1.24911721410403,-1.34271545329185,1.68883131040552,-0.795055992282284,0.426580932277461,0.583835585401552
"POOLPIDM_01364",16.278682353448,0.346118458122746,0.435793331213445,0.794226146506181,0.427063789639717,0.584193123762478
"POOLPIDM_02827",2.68495424190567,-0.856161663653563,1.08001205364331,-0.792733433636587,0.427933146750732,0.585078721387412
"POOLPIDM_00383",1.97483358980806,0.964697983788784,1.21771977868022,0.792216732189679,0.428234313923031,0.585186962934738
"POOLPIDM_02633",5.60121162275001,0.609116871994551,0.769652336626474,0.791418206646939,0.428699989004354,0.585519777728226
"POOLPIDM_02964",21.3495993477702,0.326268440220225,0.412922811668488,0.790143898570001,0.429443735251471,0.586231841596519
"POOLPIDM_02858",5.94424929447306,-0.567980338647344,0.719512541061979,-0.789396023325768,0.429880579412798,0.586524434436922
"POOLPIDM_00177",17.8314447056087,0.345486675260573,0.438362378982296,0.788130304572797,0.430620490762782,0.587230012235227
"POOLPIDM_00005",51.5423409575668,-0.218079250829264,0.277283046345215,-0.786486060737221,0.431582782244567,0.587386590849966
"POOLPIDM_00419",6.91590488564332,-0.545127565171689,0.693519390752334,-0.78603074757626,0.431849473849482,0.587386590849966
"POOLPIDM_00889",26.1288452053195,0.296719836698797,0.377185292410897,0.786668628573029,0.431475873192293,0.587386590849966
"POOLPIDM_00967",29.2292925760441,0.267700992117357,0.340488889855932,0.786225336840291,0.431735484958492,0.587386590849966
"POOLPIDM_02653",2.08745412551205,0.984148109947658,1.25106777432713,0.78664651919195,0.431488819305178,0.587386590849966
"POOLPIDM_02374",10.6117844587405,-0.438455731553095,0.558651330843092,-0.784846839783586,0.432543373608261,0.587723882902772
"POOLPIDM_03119",1.64565137344761,1.08140167258955,1.37766155908238,0.784954523453379,0.432480232498888,0.587723882902772
"POOLPIDM_00066",1.68812170614565,1.06283939951346,1.3565552799158,0.783484031391214,0.433342927347699,0.588506932760708
"POOLPIDM_02532",1.36306606020746,-1.22974013002318,1.57358759739355,-0.781488194276625,0.434515417583064,0.589795386585457
"POOLPIDM_02014",42.847065092502,-0.227241333901934,0.291446636743378,-0.779701342383383,0.435566688523686,0.59054951036932
"POOLPIDM_02909",86.9333384629162,0.175121616873373,0.224679026741889,0.779430191650924,0.435726344623874,0.59054951036932
"POOLPIDM_02992",3.87544438517916,1.3669830012937,1.75388752403338,0.779401747581898,0.435743094714844,0.59054951036932
"POOLPIDM_01566",81.2593352863616,-0.195960506557369,0.251826362198507,-0.778157238370855,0.436476322488866,0.590763885379255
"POOLPIDM_02464",4.43982093458606,-0.658106409388332,0.845800472767487,-0.778087067313862,0.43651768634823,0.590763885379255
"POOLPIDM_02970",2.2665418166155,0.888265807346588,1.14174128446003,0.777992194410911,0.436573614840208,0.590763885379255
"POOLPIDM_01980",9.67956716861753,-0.447421206189158,0.575555729838894,-0.777372516670797,0.436939022383212,0.590954983582425
"POOLPIDM_00736",3.8334048101703,-0.713480822240768,0.920754836033162,-0.774886858389599,0.438406518204802,0.592635683070697
"POOLPIDM_00349",6.01227532079311,-0.560766573519365,0.726645164956254,-0.77171995433717,0.440280309616702,0.594863606432408
"POOLPIDM_02336",6.29468045204597,-0.565199903256195,0.733161652887621,-0.770907617754018,0.440761691515508,0.595208923583443
"POOLPIDM_01276",6.28941693735444,-0.548118927194769,0.711690544994024,-0.770164688923008,0.441202207138107,0.595498729142883
"POOLPIDM_00469",19.9663487842294,-0.315363185026205,0.410981567916975,-0.767341432426267,0.442878540494272,0.597455390349488
"POOLPIDM_00611",4.41833335662931,0.620717509090011,0.814651736520229,0.761942166527988,0.446094522003515,0.601486015345916
"POOLPIDM_02939",1.41591950490835,-1.23223690464918,1.62172973059019,-0.75982876887922,0.447356944048866,0.602571744768937
"POOLPIDM_03117",8.5571518712455,0.46819042934125,0.61609815868442,0.75992830483538,0.447297441455408,0.602571744768937
"POOLPIDM_02553",3.32797530594995,0.735900348853207,0.969304587729738,0.759204442204075,0.447730269160391,0.602766593210822
"POOLPIDM_00521",12.4503392798175,0.396614758762352,0.523425018998069,0.757729845473465,0.448612728075979,0.603646325272221
"POOLPIDM_02126",15.499163636832,0.362535727993949,0.478908749751789,0.757003767798866,0.449047605147522,0.603923207739219
"POOLPIDM_00583",4.9933599273085,-0.601058752115872,0.796638373722105,-0.7544938480776,0.45055273800773,0.605329774407939
"POOLPIDM_01327",41.7447971420341,-0.217614358581339,0.288307655995256,-0.754799097617163,0.450369535415697,0.605329774407939
"POOLPIDM_02120",2.23578290631975,0.913587792123326,1.21157714127993,0.754048389488591,0.450820166034707,0.605380518424599
"POOLPIDM_00209",14.8336444446641,-0.355417496752773,0.471623494388594,-0.753604307210207,0.451086857230505,0.605430221822613
"POOLPIDM_00801",19.3265239082667,0.306326037864191,0.407582544696668,0.751568097922756,0.452310834316287,0.60676405051284
"POOLPIDM_02914",14.9361306228377,0.351816340974562,0.468975347809039,0.75018088395942,0.453145770281569,0.607574898505705
"POOLPIDM_02171",5.13887320720102,0.581097380362836,0.775351394157439,0.749463255939979,0.453578037269818,0.60762178368721
"POOLPIDM_03038",18.8855141905582,0.307989103246822,0.411004228543475,0.749357505002516,0.453641756561619,0.60762178368721
"POOLPIDM_02423",52.6396711669475,-0.212356110057494,0.283710142151803,-0.748496717272342,0.454160604401223,0.608007797461465
"POOLPIDM_00330",3.90295794419536,0.658184200721206,0.881835514533661,0.746379783841289,0.455438027880456,0.609408447458316
"POOLPIDM_02684",2.23880888122104,-0.904793041474714,1.2139387918584,-0.745336624501123,0.456068245766981,0.609857166274076
"POOLPIDM_03027",6.24239424484839,0.531687024539415,0.713617400971312,0.745058940288914,0.456236089488801,0.609857166274076
"POOLPIDM_00716",27.3220013422904,-0.260244091880446,0.349495679738542,-0.744627493178555,0.456496942706953,0.609896574240003
"POOLPIDM_01144",4.90631010008741,-0.609043971405748,0.820822979968897,-0.741991862153794,0.458092266165156,0.611717940026014
"POOLPIDM_01851",3.81282236860929,0.648712546162138,0.874875045405506,0.741491655944374,0.458395389162917,0.611812782700481
"POOLPIDM_00079",11.0347003246135,0.397790682034373,0.538333975068066,0.73892917864617,0.459950003154542,0.613367679392612
"POOLPIDM_02302",27.740387766821,0.256196090471791,0.346771187342854,0.738804433075603,0.460025759544459,0.613367679392612
"POOLPIDM_01485",4.1631929979038,-0.660936348945333,0.899908394816406,-0.734448475814223,0.462675451559863,0.615965904197878
"POOLPIDM_01769",122.478871776445,-0.145546229599953,0.19816217498533,-0.734480380076206,0.46265601357266,0.615965904197878
"POOLPIDM_01880",87.0420179085767,-0.184391711627311,0.251052321378491,-0.73447523056088,0.462659150934984,0.615965904197878
"POOLPIDM_00447",3.02818760301456,-0.737268930543769,1.00871759776522,-0.730897262204176,0.464841908408656,0.617913903462035
"POOLPIDM_01355",8.02845806870555,-0.458042812722253,0.626673377566356,-0.73091155475765,0.464833177786046,0.617913903462035
"POOLPIDM_01892",23.8258356296566,-0.274202111508417,0.375035530481674,-0.731136357017288,0.464695869068413,0.617913903462035
"POOLPIDM_00012",14.5570894494512,0.341201352448496,0.468332177645915,0.728545610860126,0.466279658755906,0.619512691774481
"POOLPIDM_02089",21.0464903676453,0.291878716964594,0.400912847034963,0.728035330180226,0.466591959318147,0.619615317260774
"POOLPIDM_00775",175.82817189635,-0.13104921472543,0.181181726823089,-0.7233026035423,0.469493993617029,0.622841553686205
"POOLPIDM_00934",1.2499869868268,1.15420059471753,1.59530359201081,0.723499025826618,0.469373352383309,0.622841553686205
"POOLPIDM_02284",26.7957085845276,0.258422206489021,0.357836313543343,0.722179937329696,0.470183856482759,0.623442980728648
"POOLPIDM_00048",14.0584203112395,-0.344379650709048,0.478362068375081,-0.719914210336222,0.471577818102065,0.624976937414301
"POOLPIDM_00700",1.23788513871173,1.12969180270891,1.57519101836109,0.717177656259301,0.473264484204407,0.626897075559205
"POOLPIDM_00541",13.976566992315,-0.36107347888726,0.504048452914225,-0.716346765473962,0.473777257054895,0.627261099747214
"POOLPIDM_02271",2.05192609441206,-0.875642148876683,1.23064604121523,-0.71153046412274,0.476755579724791,0.630887403692043
"POOLPIDM_00903",190.449684789671,-0.134161334811403,0.188937873355615,-0.710081745013011,0.477653445887014,0.631758396065313
"POOLPIDM_00881",2.57603782541853,0.768528613407624,1.08426680414765,0.708800279108211,0.47844842455242,0.632175462215629
"POOLPIDM_02738",1.26536644197468,1.12729268683368,1.58996553063995,0.709004481612855,0.478321695732746,0.632175462215629
"POOLPIDM_02965",5.55185133074219,0.515631812146294,0.729099267664031,0.707217569698475,0.479431281664419,0.633156742719142
"POOLPIDM_00599",108.628666206879,0.146041239286811,0.207212880576046,0.704788422808567,0.480941914304883,0.634833693594227
"POOLPIDM_02516",16.6436186079133,-0.317772139022417,0.451325673590522,-0.704086112572281,0.481379148052376,0.635092809942974
"POOLPIDM_01641",1.60905834076024,-0.986484972269885,1.40449605622837,-0.702376462999114,0.482444419753741,0.636179835153007
"POOLPIDM_02316",210.812866685505,0.142430603719728,0.203285619730904,0.700642789727416,0.483525967530467,0.637287225205156
"POOLPIDM_00643",7.60335474368822,0.441457921130377,0.630740504546192,0.699904188724964,0.483987141347582,0.637576264164031
"POOLPIDM_01087",5.30794353994665,-0.53227520604988,0.761387967556242,-0.699085392376604,0.48449866690313,0.637612823742712
"POOLPIDM_01578",105.460988488609,0.146026457031421,0.208852590125968,0.699184323945163,0.484436845956044,0.637612823742712
"POOLPIDM_03100",9.37776354841,0.423794147982137,0.606548963789124,0.698697340664283,0.484741196240758,0.637613669306705
"POOLPIDM_00959",5.00263125964751,0.536794907217426,0.7718282007443,0.69548496245638,0.486751431836662,0.639938540808699
"POOLPIDM_01579",65.1403584857528,-0.171144990930536,0.24686023185568,-0.693287005541624,0.488129456195659,0.641430332269072
"POOLPIDM_00593",27.4018063647105,-0.243503114737238,0.352266180854039,-0.691247494002647,0.489410021881096,0.642472518764228
"POOLPIDM_00613",4.51184973889587,-0.585047204355058,0.846008662897189,-0.691538077578947,0.489227460237993,0.642472518764228
"POOLPIDM_02383",46.127638061497,-0.19085047856502,0.27692812085957,-0.689169731021286,0.490716462577828,0.643866896642685
"POOLPIDM_00579",4.8254926349168,-0.547556820383626,0.797146596052511,-0.686896015231251,0.492148258179074,0.645275544482953
"POOLPIDM_02004",24.0727488162808,-0.254756969912621,0.370994005915108,-0.686687563278085,0.492279635794847,0.645275544482953
"POOLPIDM_00042",6.01792539846299,-0.489903807707824,0.716321956885591,-0.683915665293602,0.494028421395932,0.647245983498845
"POOLPIDM_01687",9.06925245093504,-0.41997102110583,0.615249127609215,-0.682603196428393,0.494857613747456,0.647367081805605
"POOLPIDM_02124",5.48708789659406,0.50017203213513,0.732678215710403,0.682662622431274,0.49482005348311,0.647367081805605
"POOLPIDM_02315",4.23560939599584,-0.609890409148502,0.892701500846973,-0.683196352386384,0.494482777239804,0.647367081805605
"POOLPIDM_00796",22.2535715751814,0.263310058333162,0.387292856528727,0.679873263589696,0.496584712062231,0.648410929403731
"POOLPIDM_02182",2.59375366473222,-0.74266172086253,1.09249215096806,-0.679786779433109,0.496639478932524,0.648410929403731
"POOLPIDM_02695",1.14042801995769,-1.14831242562975,1.68797911054548,-0.680288291754198,0.496321936551683,0.648410929403731
"POOLPIDM_02913",2.15915986125823,-0.831154557156982,1.22190874589274,-0.680210007458235,0.496371496658642,0.648410929403731
"POOLPIDM_00470",87.3869901086631,0.155415931468371,0.228803168188652,0.679256029095838,0.496975651865036,0.648528622928829
"POOLPIDM_02140",14.121242755238,-0.334335896300957,0.493295275743339,-0.677760182878604,0.497923760727404,0.649444350953704
"POOLPIDM_02599",38.8199118746494,-0.214596892354314,0.317072345299044,-0.676807345503182,0.498528196987697,0.649911141077927
"POOLPIDM_00124",101.942267793879,0.157237659540498,0.232767139597193,0.675514850646872,0.499348719478318,0.650659033388456
"POOLPIDM_00028",20.4431465036696,-0.269980898037827,0.400267101076324,-0.674501844672832,0.499992313348613,0.651175759874972
"POOLPIDM_02265",39.9305206838368,-0.209121727449642,0.310279591410332,-0.673978351264125,0.500325077247342,0.651287359814317
"POOLPIDM_02847",16.9385530845406,0.291040154054528,0.432939860343713,0.672241529859297,0.501429946214706,0.652403424591296
"POOLPIDM_00513",4.3984633666272,-0.600031753093234,0.894343134177247,-0.670918946166266,0.502272166031279,0.652532986524619
"POOLPIDM_02013",24.6216925475653,0.244640895378871,0.364603111635969,0.67097862736599,0.502234144995931,0.652532986524619
"POOLPIDM_02669",15.3827587007291,0.298663127237463,0.445120345983121,0.670971637070007,0.502238598217278,0.652532986524619
"POOLPIDM_00245",46.5900636091301,0.185029861138078,0.277360179973027,0.667110401918804,0.504701616349545,0.655043555242442
"POOLPIDM_01712",36.5900282100498,0.209809068403907,0.314464234479194,0.667195329069411,0.504647374322671,0.655043555242442
"POOLPIDM_01114",11.8801659217342,0.352338097150757,0.531129425979268,0.663375214997991,0.507090275513532,0.657496294271358
"POOLPIDM_01429",6.44304505704787,0.466787100957065,0.703644656762973,0.663384702023404,0.507084201028108,0.657496294271358
"POOLPIDM_01997",9.91196347190177,-0.39431877138966,0.595132341490349,-0.662573252870436,0.507603905224499,0.657838689366657
"POOLPIDM_01380",9.47264049682925,-0.400462574809334,0.605745775367627,-0.661106673944681,0.508543905562191,0.658463515092097
"POOLPIDM_02001",3.15496397443979,0.7541027956761,1.14077961642,0.661041611212015,0.508585628500573,0.658463515092097
"POOLPIDM_00842",5.61791840322199,-0.491180847052343,0.74363054432568,-0.660517310377216,0.508921913672103,0.658575436641956
"POOLPIDM_02646",1.71801084371864,-0.894665557561052,1.36173502257066,-0.65700414745309,0.511178249668194,0.661170689953562
"POOLPIDM_01240",36.8199901209468,-0.200358872942498,0.305533728390823,-0.655766792091148,0.51197418606326,0.6618754067988
"POOLPIDM_00478",13.4663036255233,-0.318129523160225,0.485516993729683,-0.655238698683629,0.512314082132564,0.661990157108548
"POOLPIDM_01225",5.35865582934634,-0.498915889154063,0.763216760792803,-0.653701431603529,0.51330418075181,0.662944547017036
"POOLPIDM_02217",7.60228689645817,0.416783571214816,0.639565470992114,0.651666780209832,0.514616157248435,0.664313511511692
"POOLPIDM_02744",4.34793485967219,0.544473532591704,0.837558540865783,0.650072211106441,0.515645578323549,0.664991068718627
"POOLPIDM_02973",1.12005222166478,-1.12760172053721,1.73396820883859,-0.65030126549579,0.515497639810926,0.664991068718627
"POOLPIDM_01048",12.9094257390805,0.326540282825663,0.503466214823046,0.648584300617735,0.516607105722063,0.665905296177681
"POOLPIDM_00321",6.11444512506804,0.454234491025958,0.701790973251592,0.647250404093064,0.517469894417591,0.666627239591936
"POOLPIDM_01199",2.22823054035358,0.746518259529998,1.15392799577679,0.646936604590709,0.517672973992676,0.666627239591936
"POOLPIDM_00087",4.7798333542061,0.560577938645709,0.867482551819738,0.646212350288513,0.518141842299832,0.666905222803885
"POOLPIDM_02543",55.3600867580778,0.171907704817095,0.266298872737015,0.645544245269348,0.518574555271079,0.667136421520041
"POOLPIDM_01883",4.37934727423217,-0.539284554649369,0.837129737349845,-0.644206663063501,0.519441430770611,0.667925664151868
"POOLPIDM_00399",115.327337180594,-0.135849195089033,0.211027265378331,-0.643751862326804,0.519736353497307,0.667979048180839
"POOLPIDM_01603",4.98439638639519,-0.511573735544573,0.795929254126503,-0.642737696714016,0.520394316166573,0.668498741430354
"POOLPIDM_00753",12.5161846941683,0.321783107790662,0.501603186437514,0.641509297570516,0.521191842144979,0.669197124156923
"POOLPIDM_01544",24.3045359334907,0.248496636617842,0.387739276435819,0.640885903801327,0.521596814914322,0.669391043872518
"POOLPIDM_02283",21.637740054927,-0.254814354491794,0.399428462746433,-0.637947413010365,0.523507912475334,0.671287807546557
"POOLPIDM_03054",1.56986610763267,0.904935809935863,1.41877193788727,0.637830355795892,0.523584116963476,0.671287807546557
"POOLPIDM_00083",56.9122997522847,0.167568871220387,0.263193858216568,0.636674701894081,0.524336755313106,0.671834958577484
"POOLPIDM_01941",3.07023551652363,-0.655464829397342,1.02996941499558,-0.636392517927493,0.524520616370434,0.671834958577484
"POOLPIDM_03078",5.29679459137911,-0.519505149299312,0.817006389977512,-0.635864242522767,0.524864910641193,0.671949443637778
"POOLPIDM_02329",16.851972979139,-0.282193886697176,0.448078181338343,-0.629787163156003,0.528833845467462,0.676701949831179
"POOLPIDM_00956",1.23938783662603,-1.01572726572151,1.62038523848841,-0.626843075088141,0.530762104613679,0.678428085614999
"POOLPIDM_01140",21.5468904605105,-0.253633715950915,0.404751904620119,-0.626639956614814,0.530895270498285,0.678428085614999
"POOLPIDM_02614",1.671872478275,-0.855829712656961,1.36594219380665,-0.626548997854665,0.530954909189584,0.678428085614999
"POOLPIDM_00648",1.90943143599598,0.800201440294215,1.27806030055387,0.62610617037978,0.531245305264885,0.678470263894495
"POOLPIDM_00317",4.26607323426396,0.51813625162997,0.82852337958698,0.625373120898847,0.531726199223702,0.678755574408561
"POOLPIDM_02743",3.65776349368345,0.568390841225641,0.911586575587823,0.623518222456405,0.532944031320238,0.679651894804135
"POOLPIDM_03135",10.7037749623501,-0.343190519912344,0.550373133130172,-0.623559725672827,0.532916766993096,0.679651894804135
"POOLPIDM_00333",2.17326793382768,0.742730148783958,1.19341945882161,0.622354649317798,0.533708693814785,0.679846669068545
"POOLPIDM_00945",1.23400106776821,-1.00984898149936,1.62147093690476,-0.622798077051613,0.53341722214259,0.679846669068545
"POOLPIDM_02603",5.39691067032492,-0.494686726283692,0.795177496351468,-0.622108558848151,0.533870487470367,0.679846669068545
"POOLPIDM_00645",3.22338042647263,0.617450616560882,0.99472964524291,0.620722041927384,0.534782524123706,0.680350740149657
"POOLPIDM_02267",6.94698354003447,-0.416020651793335,0.669987569822698,-0.620937865912092,0.534640505682021,0.680350740149657
"POOLPIDM_02931",3.42495307769401,0.58765921115418,0.950152997632174,0.61848903557496,0.536253023162242,0.6818924115078
"POOLPIDM_00442",2.90950572257817,-0.641209020313309,1.04025049911585,-0.616398666338829,0.537631433351829,0.683315553671852
"POOLPIDM_02923",13.6889988238547,0.292824981235027,0.475669481807047,0.615605987843909,0.538154598355131,0.683650853621265
"POOLPIDM_00135",6.52525742124024,-0.421039730018472,0.685128436527841,-0.614541314548637,0.538857680747385,0.684214280563635
"POOLPIDM_01482",7.67609011734882,0.385437887605607,0.62981529471785,0.611985594567497,0.540547288532483,0.686029202008486
"POOLPIDM_00180",155.674032474009,0.1212833192475,0.198640278745233,0.610567604987369,0.541485874462581,0.686889684833187
"POOLPIDM_02371",28.0813539797849,-0.215700715478456,0.354229830096529,-0.60892871562984,0.542571689573178,0.68793601429288
"POOLPIDM_02583",1.80180724343702,0.768941642686953,1.2639507506631,0.608363610910905,0.542946340458611,0.688080073773509
"POOLPIDM_00071",81.3880131791767,0.139119341726738,0.229307766168415,0.606692673568511,0.544054885191831,0.688491923843334
"POOLPIDM_00567",2.40559949534481,0.664470302524526,1.09454146131098,0.60707641145787,0.543800203637236,0.688491923843334
"POOLPIDM_03111",1.18091680026912,0.971343661080522,1.59904045048657,0.607454089597891,0.54354960178019,0.688491923843334
"POOLPIDM_02373",156.555548149215,0.122219235948137,0.202103386405186,0.604736210125182,0.54535428442798,0.689805131358999
"POOLPIDM_00514",18.1266737416177,-0.262550705854627,0.435328810391038,-0.603108959452485,0.546436206569516,0.690842129744482
"POOLPIDM_02280",1.82928854669997,0.770850095345626,1.2793079035385,0.60255243730887,0.546806469425309,0.690978836723449
"POOLPIDM_01319",58.5356659278869,0.154005664303836,0.25576214206905,0.602144097863623,0.547078223012799,0.69099098987146
"POOLPIDM_00415",56.7643785496049,0.160605148248116,0.267263411048546,0.600924562094072,0.547890232790252,0.691685178944016
"POOLPIDM_00393",9.45964501638054,-0.357515359739426,0.596036650753578,-0.599821100409538,0.548625469388643,0.692281827337704
"POOLPIDM_00992",23.2572618282101,0.223498624806101,0.373292292845544,0.598722848260296,0.549357718231434,0.69287413648711
"POOLPIDM_00773",2.27780637802167,0.75642581748166,1.26985637988272,0.595678243197489,0.551390195433099,0.695105000077307
"POOLPIDM_00153",17.1630568020613,0.257362695744,0.433389107337988,0.593837480883638,0.552620817621494,0.69602204316979
"POOLPIDM_02843",4.69951077546047,0.494640687147027,0.833008564034169,0.593800242282668,0.552645726993312,0.69602204316979
"POOLPIDM_01306",10.8448025030734,-0.324763843021255,0.54993929081604,-0.590544899127587,0.554825393481408,0.698433494372967
"POOLPIDM_02729",5.20905517342254,-0.462282035476834,0.785184518869084,-0.58875592216549,0.556025018092655,0.699609521571474
"POOLPIDM_03082",8.55057607810719,0.358490400929307,0.609482102869544,0.58818856081495,0.556405734687338,0.699754540379687
"POOLPIDM_00706",19.8551407284671,0.245828184189357,0.422696545777143,0.581571310778973,0.560855471977715,0.704688552348657
"POOLPIDM_01262",56.5143861117782,0.158049210015778,0.271768063619561,0.58155917185702,0.560863650541533,0.704688552348657
"POOLPIDM_03065",2.46796627932578,-0.645888351837639,1.11249839747333,-0.580574635706945,0.56152717111707,0.705186099601999
"POOLPIDM_02281",48.9804242321214,-0.156427946541902,0.270042364787201,-0.579271873378721,0.562405740836885,0.705923498673279
"POOLPIDM_02450",63.1656915964034,-0.144189866149721,0.249071330773043,-0.578909927939914,0.562649950953171,0.705923498673279
"POOLPIDM_00146",40.3697843032182,-0.171631936591859,0.297703381647359,-0.576519942911374,0.564263793995023,0.707611494277298
"POOLPIDM_01508",42.7652164067618,0.175296792839279,0.304580203782152,0.5755357395606,0.564929026836173,0.708108851516953
"POOLPIDM_02345",1.90748164682494,-0.72020028881966,1.25952185807742,-0.571804517881887,0.567454416208541,0.71093623627648
"POOLPIDM_00355",2.47055478816078,0.654913804153074,1.15412221641971,0.567456197303552,0.570404278356114,0.714292483490126
"POOLPIDM_01353",4.29140928923065,-0.485179051982125,0.857654487012421,-0.565704557405409,0.571594636630054,0.714819939988598
"POOLPIDM_01554",41.3643952113885,0.162711567759245,0.288065726871938,0.564841814144659,0.572181363192694,0.714819939988598
"POOLPIDM_01723",29.3679534726192,0.208039559075867,0.368183413358065,0.5650432679148,0.572044334747236,0.714819939988598
"POOLPIDM_02363",1.95034240523577,-0.726971056619552,1.28628222135217,-0.565172280664305,0.571956588729319,0.714819939988598
"POOLPIDM_02865",37.688027982888,0.17372597834344,0.307440089280856,0.565072625205804,0.572024367279478,0.714819939988598
"POOLPIDM_00118",121.130035579078,0.110828550462528,0.196526295911801,0.563937512526397,0.572796659364071,0.715249641915534
"POOLPIDM_00717",18.6879956608274,-0.240884632825275,0.428786398695667,-0.561782354939489,0.574264315568644,0.716742772651016
"POOLPIDM_02944",1.17381129529908,0.933840157123245,1.66554086749301,0.560682824029934,0.575013778250117,0.717338532639522
"POOLPIDM_00859",17.5006278449278,-0.244135913886204,0.43589759179033,-0.560076308023364,0.575427389750168,0.717514947673341
"POOLPIDM_01779",20.1108358675749,0.223736280121243,0.400032209295511,0.559295664004808,0.575959954066573,0.717839451025762
"POOLPIDM_00164",41.2640259449532,0.179550402061022,0.323493198572436,0.555036096132382,0.578869971097819,0.720803858179504
"POOLPIDM_02791",3.84831431323802,0.488446735972009,0.880405026508165,0.554797759287304,0.579032999957093,0.720803858179504
"POOLPIDM_03134",26.3217000636281,0.195928316869725,0.353269765803167,0.554613883880715,0.579158790449237,0.720803858179504
"POOLPIDM_01515",6.23727366246173,-0.404818643224489,0.731809071448281,-0.553175218808556,0.580143434228117,0.721688576038375
"POOLPIDM_02752",1.54796343189538,0.82868554042648,1.50250477564941,0.551536044248717,0.581266265027134,0.722744280477135
"POOLPIDM_01348",9.54273982876367,-0.317588030423111,0.576570490347415,-0.550822554639844,0.581755321121712,0.72301132790044
"POOLPIDM_00509",8.05204362434444,-0.338711974009925,0.617080094458915,-0.548894668700865,0.583077737069333,0.724313343503658
"POOLPIDM_01058",76.3872397188156,-0.128080211112439,0.23508824277631,-0.544817595298925,0.585878975944958,0.726765637925134
"POOLPIDM_01322",6.32654018812331,0.381659325408918,0.700344949713805,0.544959059910238,0.585781675205293,0.726765637925134
"POOLPIDM_01715",38.3797770973926,0.171067320309233,0.313809400801213,0.545131279918533,0.585663230727932,0.726765637925134
"POOLPIDM_02840",6.75833523903681,0.35762751740258,0.661355261712274,0.540749485347207,0.588680264981372,0.729897073608136
"POOLPIDM_01116",30.2428851027405,-0.188833166467429,0.350875360828874,-0.538177334599237,0.590454626201919,0.731752888889637
"POOLPIDM_00694",23.398699823539,-0.204712023559518,0.380981234365608,-0.53732836448072,0.591040815957423,0.731791259212666
"POOLPIDM_03060",18.0092927773493,0.226463259116997,0.421270567572653,0.537571994221838,0.590872569162927,0.731791259212666
"POOLPIDM_00758",3.23500822951248,0.534572859261359,0.997423897611336,0.535953530431316,0.591990666975775,0.732623191618846
"POOLPIDM_00543",19.414997445301,0.218743811335879,0.409204605843542,0.534558526986656,0.592955168338194,0.733472465386898
"POOLPIDM_00154",97.0975005301861,-0.116749901670468,0.218601840029624,-0.534075567043014,0.593289253188933,0.733541496907142
"POOLPIDM_02996",3.79596690708854,0.49490332329184,0.932470604433966,0.530744155299414,0.595596083325834,0.7360484180248
"POOLPIDM_02208",1.79159851894903,-0.756461856625523,1.43350056017098,-0.527702519024684,0.597705824594367,0.738106478052394
"POOLPIDM_02949",2.00493876557898,0.642181442506961,1.21732257352529,0.527535968257982,0.597821445615273,0.738106478052394
"POOLPIDM_01180",17.3944702317955,-0.238835187086919,0.454451165560115,-0.525546428718149,0.599203386482,0.738774614951614
"POOLPIDM_01582",1.69285474047862,0.702672051518451,1.33506390502895,0.526320911584538,0.598665256004479,0.738774614951614
"POOLPIDM_02999",1.3429535707266,-0.864257446956557,1.6440801308927,-0.525678420848796,0.599111659485075,0.738774614951614
"POOLPIDM_00626",28.0690426107427,0.185214298085975,0.354419430384064,0.522585056595992,0.601263041798479,0.739621197973414
"POOLPIDM_00772",3.25078978705369,-0.522205292208421,0.996927899403122,-0.523814503055913,0.600407565052394,0.739621197973414
"POOLPIDM_01244",9.90020887188041,0.28751663831704,0.550907147488394,0.521896729109141,0.601742235824869,0.739621197973414
"POOLPIDM_01540",24.722144580695,0.195423031419417,0.374324797951936,0.522068087630437,0.601622924791796,0.739621197973414
"POOLPIDM_02010",8.80244615120832,0.303062728758909,0.580873664005622,0.52173604612926,0.601854123540581,0.739621197973414
"POOLPIDM_02320",19.9705121959376,-0.212521881611468,0.406926935681082,-0.522260541086488,0.601488938807673,0.739621197973414
"POOLPIDM_03061",25.7385126792092,-0.189223260367276,0.362084707104819,-0.522593903178844,0.601256884180376,0.739621197973414
"POOLPIDM_00747",2.13878455550299,0.643495365226309,1.23734792223018,0.520060165508243,0.603021641291635,0.74032114768139
"POOLPIDM_01084",1.97396381708529,-0.644238462480645,1.23961325642458,-0.519709239266145,0.603266246289691,0.74032114768139
"POOLPIDM_03001",4.07314994407233,0.448494928644161,0.862035609133232,0.520274248409666,0.602872441690531,0.74032114768139
"POOLPIDM_00020",30.5158360165494,0.169615474705684,0.327469894352413,0.517957460001343,0.604487950192178,0.741475214847176
"POOLPIDM_01431",7.43027196203384,0.334962436421377,0.648375094663164,0.516618295765034,0.605422641396926,0.742276317545254
"POOLPIDM_01605",4.72504539747211,-0.442211638118316,0.856943180324938,-0.516033791120943,0.605830808669275,0.742431432660256
"POOLPIDM_00475",106.729825861984,0.104964868772513,0.203727443818608,0.515222037861381,0.606397870859443,0.74278103512337
"POOLPIDM_00064",5.55914846411945,-0.394742034194936,0.769302616665522,-0.513116718497478,0.607869677435024,0.744238025879574
"POOLPIDM_00162",7.2330058329614,-0.330091957132836,0.648214035949145,-0.509232967548289,0.610588937338987,0.747127948192358
"POOLPIDM_00283",12.0860718003581,-0.270206040658915,0.530923199015971,-0.50893620990705,0.610796937919018,0.747127948192358
"POOLPIDM_01718",153.619286287815,0.0928260781023556,0.183096785586602,0.506978196285429,0.612170117303499,0.748460310395187
"POOLPIDM_01305",82.034470517416,-0.11266102472885,0.223146642426441,-0.504874388894237,0.613647063462514,0.749918247235599
"POOLPIDM_03039",2.03891910990125,-0.63458932378619,1.25828531867376,-0.504328640228475,0.614030454649742,0.750039053965116
"POOLPIDM_00456",32.6060133834991,-0.163736975242122,0.324970697289568,-0.503851506021242,0.614365730305865,0.750101002819018
"POOLPIDM_00362",5.65259773320957,0.36848706748909,0.733780257485595,0.502176317405656,0.615543500314811,0.750149175603256
"POOLPIDM_01413",31.798071616199,-0.165395647793427,0.329040967930954,-0.502659741227521,0.615203519071668,0.750149175603256
"POOLPIDM_01434",103.308680218433,-0.106644589009173,0.212328366934717,-0.502262559396795,0.615482842185661,0.750149175603256
"POOLPIDM_01730",24.5655390177789,0.190781159541383,0.379346706835914,0.502920299829849,0.615020308246524,0.750149175603256
"POOLPIDM_02154",7.17497249293141,-0.328769710300648,0.655218397853294,-0.501771182521436,0.615828486264162,0.750149671807916
"POOLPIDM_02206",1.69613234751143,0.665915109912995,1.32836080143461,0.501305902126755,0.616155852132565,0.750201767307825
"POOLPIDM_00866",6.01788954225235,-0.36011978176513,0.720826000956992,-0.499593218456359,0.617361533928556,0.751322716267624
"POOLPIDM_01904",3.32187787474629,-0.476968900636393,0.957417400606722,-0.49818282008885,0.618355190286799,0.75215637567867
"POOLPIDM_03096",9.97704948207585,-0.278463901871268,0.559376706656198,-0.497811043180275,0.618617231590044,0.75215637567867
"POOLPIDM_01226",11.5638033069825,-0.25814538404387,0.520111819235449,-0.496326702252868,0.619663929854673,0.753081174793119
"POOLPIDM_01356",170.100220420136,0.0905399443194598,0.182568805094319,0.495922314180043,0.619949222041376,0.753081174793119
"POOLPIDM_01621",4.60023072215908,-0.405919168497517,0.819945554382459,-0.495056246512898,0.620560417528013,0.753476398251425
"POOLPIDM_01358",7.50070222220653,-0.321720818201271,0.650658440112313,-0.494454230311279,0.620985422820144,0.753645292151887
"POOLPIDM_02524",38.6279534806051,-0.148665162133655,0.30165126314532,-0.492837857145108,0.622127159161237,0.754683475172122
"POOLPIDM_00665",13.7690552481456,0.236944385091157,0.482966102968559,0.490602515652288,0.623707606808942,0.756252645606427
"POOLPIDM_01606",10.820128592486,0.264837618481738,0.541049393238173,0.489488800452559,0.624495681575565,0.756860053624455
"POOLPIDM_02205",1.56318328412866,-0.685394300478156,1.40271369418208,-0.488620238984555,0.625110581678213,0.757257120084453
"POOLPIDM_00561",2.70162615124235,-0.54369948003032,1.11566455658998,-0.487332394686922,0.626022794357841,0.758013819902283
"POOLPIDM_01200",4.61732891341918,-0.399162010503395,0.819936585376094,-0.486820587863274,0.626385479159161,0.758104739698599
"POOLPIDM_03093",2.10329211833659,-0.58924336094329,1.21312367159207,-0.485724064859755,0.627162819107076,0.758697196496674
"POOLPIDM_01669",18.4946977145986,-0.202751033648827,0.4181026415921,-0.484931242904297,0.627725119288373,0.759015191523184
"POOLPIDM_02601",6.32519686286299,0.334620922995732,0.690676859236053,0.484482603580856,0.628043407569519,0.759015191523184
"POOLPIDM_02937",1.10771955075152,0.808629138608897,1.67025279267087,0.484135780019161,0.628289509826854,0.759015191523184
"POOLPIDM_02712",11.020272015411,-0.259704445152019,0.537013278018512,-0.483608982836112,0.628663398474798,0.759118973146847
"POOLPIDM_02774",4.13091130315872,0.41451563272283,0.860117637538394,0.481928999746069,0.629856384388519,0.760211277128267
"POOLPIDM_01724",66.1858586166695,0.119999053821726,0.25042806333087,0.479175745024955,0.631813607834961,0.762224563044832
"POOLPIDM_00206",5.28996128390118,0.374215788960939,0.782079922415345,0.478487911830323,0.632302975966306,0.762465985657448
"POOLPIDM_00684",69.4823870564872,-0.116218052281645,0.243829452660428,-0.476636645054927,0.633620884216092,0.763038955113011
"POOLPIDM_00782",1.54280748583575,-0.666448006549753,1.39833640576012,-0.47660062614724,0.633646537459173,0.763038955113011
"POOLPIDM_01410",6.26886724408434,0.33522386240269,0.70229764446951,0.477324486337849,0.633131077174934,0.763038955113011
"POOLPIDM_00298",3.1076978293961,0.471328299310749,0.992068187053717,0.475096677286385,0.634718066702637,0.763803427485814
"POOLPIDM_01135",2.17709533922725,-0.571758140132834,1.20396420111411,-0.474896296421228,0.634860891358657,0.763803427485814
"POOLPIDM_01634",6.21645123343331,0.337062021569543,0.712022796734639,0.473386558850813,0.635937417550766,0.764749558696998
"POOLPIDM_00511",61.3689169571241,0.116636814227802,0.247217875900859,0.471797655419449,0.637071224586448,0.7651815380428
"POOLPIDM_00948",3.34167188119624,0.482835507673287,1.02231465248515,0.472296378125421,0.636715255216344,0.7651815380428
"POOLPIDM_02802",14.1256453995989,-0.223342367192086,0.473521248244584,-0.471662819820759,0.637167479515913,0.7651815380428
"POOLPIDM_02686",2.19380310477456,-0.555044907156574,1.18245393232947,-0.469400872187145,0.638783125067682,0.766772457959203
"POOLPIDM_02559",16.7659850135692,0.202990734556332,0.433424117989297,0.468342037582101,0.639540010988777,0.767331574404376
"POOLPIDM_01570",26.099788824642,-0.174238379573248,0.37316177109371,-0.466924516577804,0.640553884054276,0.768198379602854
"POOLPIDM_00873",8.83600381406457,0.276551087795791,0.593148604781576,0.466242499040572,0.641041932131178,0.768434075988079
"POOLPIDM_00868",16.3510558535046,-0.209190198249864,0.453388652889186,-0.461392663704339,0.644516913984148,0.771547041445147
"POOLPIDM_01995",17.9050280575835,-0.196720424004099,0.426096691613201,-0.461680242715136,0.644310641437057,0.771547041445147
"POOLPIDM_02481",4.52793936385193,-0.381042678057994,0.824567061699624,-0.462112417239389,0.644000705993439,0.771547041445147
"POOLPIDM_00895",18.7308693569833,-0.191904326956714,0.419164697083722,-0.457825595265681,0.647077745575303,0.77390824669557
"POOLPIDM_01381",16.2253098748085,-0.205181437144325,0.448964699412698,-0.457010177888658,0.647663729973607,0.77390824669557
"POOLPIDM_01439",7.53872650266398,-0.299254205706125,0.654259755320707,-0.457393570783573,0.647388184640311,0.77390824669557
"POOLPIDM_01509",2.73602110080751,-0.485888340367649,1.0608770820563,-0.458006255942346,0.646947946756247,0.77390824669557
"POOLPIDM_02439",73.530737327389,-0.114687278272871,0.251660006791524,-0.455723099331703,0.648589109158231,0.774662841749477
"POOLPIDM_02668",5.04568649210823,-0.36222989438515,0.798491130228998,-0.453642978202233,0.650085814567696,0.77609882572484
"POOLPIDM_00186",28.8268739157751,0.155805066689094,0.344646069375105,0.452072663911684,0.651216635940229,0.776745272551332
"POOLPIDM_00957",3.77752539056812,0.397132573760768,0.87792953808749,0.45235130671864,0.651015919833623,0.776745272551332
"POOLPIDM_01820",55.0307150224424,0.118974633654007,0.264433025582099,0.44992350479713,0.652765598691398,0.778240668543883
"POOLPIDM_01577",2.39687868417085,0.552153727295347,1.23194896573083,0.448195292706618,0.654012259690552,0.779374464983858
"POOLPIDM_02393",9.67462415283611,-0.252875836725128,0.568385516440757,-0.444901971303989,0.656390597978726,0.781855226512392
"POOLPIDM_02696",6.03711191019835,-0.332875630758042,0.749392892255759,-0.444193738955874,0.656902518534243,0.78211158033255
"POOLPIDM_01917",9.71998449878474,-0.248234062278128,0.560817067613679,-0.442629293245984,0.658033893029909,0.783104894820244
"POOLPIDM_01906",1.13241737859191,-0.735089052197878,1.66535241139928,-0.441401499866467,0.658922356584966,0.783808362796918
"POOLPIDM_02169",1.12742103544688,-0.728269821205364,1.66659811703777,-0.436979865607792,0.662125950030509,0.787263872025449
"POOLPIDM_00454",22.2457241829162,0.166089559239048,0.382179845209606,0.434584820002624,0.663863815469759,0.787554013311559
"POOLPIDM_00634",13.6012436362225,0.21735725907593,0.499801215008354,0.434887416334707,0.663644148949797,0.787554013311559
"POOLPIDM_00707",90.4040669724258,0.0943138379824838,0.216660525511439,0.435306975093183,0.663339622654057,0.787554013311559
"POOLPIDM_02098",9.97366844513474,-0.244107341931257,0.560253371320583,-0.435708831802059,0.663047997092948,0.787554013311559
"POOLPIDM_02397",24.017851777691,0.162776767447856,0.373753290408532,0.435519289395238,0.663185540784508,0.787554013311559
"POOLPIDM_01797",4.80600718841937,0.346520188373454,0.802362617435849,0.43187479182523,0.665832416982826,0.789534076098394
"POOLPIDM_02761",15.4728848813853,-0.196474158345173,0.456604189890557,-0.430294251991569,0.666981607832393,0.790541150290552
"POOLPIDM_01930",12.7119181513239,0.224374234409662,0.522215009469616,0.429658723592695,0.66744391314411,0.790733552830506
"POOLPIDM_00251",1.77131114941565,-0.599078390146698,1.39808244930399,-0.428500043359344,0.668287101990158,0.791000714982135
"POOLPIDM_00325",1.42931740766961,0.633384745973611,1.47718901655847,0.428777048078288,0.668085483412053,0.791000714982135
"POOLPIDM_01391",1.11703792344403,-0.714624450702114,1.66924684677284,-0.428111906925989,0.668569648323291,0.791000714982135
"POOLPIDM_00792",15.4580765722037,-0.203929910075514,0.477480527516395,-0.427095762703144,0.669309579118701,0.791520884054238
"POOLPIDM_01436",6.79780605811437,-0.293165801036128,0.689966492702416,-0.424898606145171,0.670910590804251,0.79305843827803
"POOLPIDM_00437",8.91600434133834,-0.253863104055101,0.599402885734519,-0.423526663112427,0.671911049319808,0.793529357530024
"POOLPIDM_00596",17.7624878300306,0.185216684789053,0.437160453907901,0.423681243656303,0.671798295847779,0.793529357530024
"POOLPIDM_02656",6.17119431739299,0.299320180077968,0.709786091468221,0.42170476947331,0.673240522732016,0.79474340256229
"POOLPIDM_01561",4.83261921149722,0.329325746927056,0.781973674868097,0.421146846129579,0.673647855456795,0.794868284236398
"POOLPIDM_01297",36.2742184119259,-0.133143607240212,0.316716697750611,-0.420387078375802,0.674202706123612,0.795167039526551
"POOLPIDM_02910",10.7065701720954,0.246517480217837,0.589584041172817,0.418121019231554,0.67585863773109,0.796763581869031
"POOLPIDM_01098",19.0161383161951,0.17019451754849,0.409562764355708,0.415551735559328,0.677738050311204,0.798622038721651
"POOLPIDM_00871",12.9026605992857,-0.210952712306637,0.509158921980474,-0.414316047897374,0.678642662591947,0.79933067854887
"POOLPIDM_00896",45.6405454029326,0.120272410439118,0.292067410312001,0.411796750314036,0.680488403474965,0.800530520106532
"POOLPIDM_01321",7.60308858923349,0.288832756889656,0.701947746631658,0.411473301646225,0.680725514234133,0.800530520106532
"POOLPIDM_01514",20.1809805383855,-0.170871952576282,0.415894868033982,-0.410853717392637,0.681179801441181,0.800530520106532
"POOLPIDM_02352",6.47831736302128,-0.282043250277293,0.684993896692793,-0.411745639835656,0.68052586897166,0.800530520106532
"POOLPIDM_02562",2.9617773754361,0.421108095401892,1.02476007720025,0.410933353836737,0.681121404487419,0.800530520106532
"POOLPIDM_01729",8.25907449456785,-0.251130410550528,0.611979859119541,-0.410357312921752,0.681543855093839,0.800601426928413
"POOLPIDM_01581",10.3101480251331,-0.228571458523139,0.558832424523491,-0.409016099447056,0.682527846386075,0.801400179542848
"POOLPIDM_03055",2.51584756041173,0.443638135350447,1.09812273039919,0.403996860341082,0.686215027947523,0.805370798606265
"POOLPIDM_00664",39.1064439099558,-0.124396477451659,0.308321668294774,-0.40346329902681,0.686607428698419,0.805472711192271
"POOLPIDM_02093",47.6078084838855,-0.111009306866355,0.277054063705722,-0.400677417907379,0.688657638834744,0.807518476854264
"POOLPIDM_02585",11.549185122975,0.206566544903027,0.517194901528334,0.399397875525481,0.689600059093367,0.808264008790625
"POOLPIDM_00479",20.2478429288948,-0.170127451277058,0.429126397649239,-0.396450677956469,0.691772586557876,0.810193169921521
"POOLPIDM_01874",6.95343554074028,0.260484040835466,0.657238278786293,0.396331207787374,0.691860707698537,0.810193169921521
"POOLPIDM_02713",4.41792185930615,-0.324654492139668,0.824534107278729,-0.393742950441613,0.693770827712515,0.812069228175039
"POOLPIDM_00382",51.8549782189905,0.10839576885723,0.276557727270837,0.391946267157008,0.695097916200428,0.813261476744043
"POOLPIDM_00247",7.52856302931645,0.254733665549046,0.650702092358373,0.391475098267783,0.69544609168394,0.813307851676515
"POOLPIDM_00950",7.56931462590227,0.24642233271709,0.630266811278329,0.390980975528899,0.695811298165273,0.813374093997189
"POOLPIDM_00026",1.33554890073387,-0.582142709398141,1.503442168617,-0.387206586026283,0.698603274774212,0.815710956954864
"POOLPIDM_00644",75.9339470690136,0.0913882812047796,0.236078676541458,0.387109427008037,0.698675198916595,0.815710956954864
"POOLPIDM_02621",6.10497931867914,0.285117833495208,0.736693693384106,0.387023583961306,0.698738748408226,0.815710956954864
"POOLPIDM_02102",9.2801162587534,0.225618587076024,0.584074750730739,0.386283753567076,0.699286531319481,0.815989064434773
"POOLPIDM_02631",2.74279235307105,0.407190397008513,1.06232026224442,0.383302862122033,0.701495217356817,0.817842279059075
"POOLPIDM_02711",5.22053937348402,0.298192029176222,0.777175613206096,0.383686806571407,0.701210592398718,0.817842279059075
"POOLPIDM_00594",44.2120070373671,0.114945534860398,0.300576788225367,0.382416538346315,0.702152425096985,0.818246592641756
"POOLPIDM_02173",19.7990304284245,0.15478503477064,0.405707923225747,0.381518392689889,0.702818626014077,0.818661024380515
"POOLPIDM_00768",41.0129880612611,-0.118601626732881,0.312048721209008,-0.380074067515383,0.703890435034116,0.819547343970817
"POOLPIDM_02604",2.52509448296003,-0.413291427007242,1.10369991858795,-0.374459959674544,0.708062140798033,0.824040531189233
"POOLPIDM_01852",2.62561317054894,-0.395340081087216,1.06113712270864,-0.372562671333256,0.709473959658226,0.824591427539279
"POOLPIDM_01971",1.60496762654862,0.496813992387526,1.33318562305105,0.372651777665098,0.709407631071833,0.824591427539279
"POOLPIDM_02730",1.10840914148699,0.642820166442842,1.7227972195247,0.373125843922705,0.709054784718467,0.824591427539279
"POOLPIDM_00055",22.1495554116438,-0.151240248175057,0.409311080966344,-0.369499520555351,0.711755430464251,0.826878499208359
"POOLPIDM_00376",1.30978633358314,-0.55407113495645,1.50822654021964,-0.367365989247055,0.713346037352532,0.827311877786243
"POOLPIDM_01571",3.71426465433429,-0.336393774407484,0.915817597821338,-0.36731525492384,0.713383876406726,0.827311877786243
"POOLPIDM_01624",1.30978633358314,-0.55407113495645,1.50822654021964,-0.367365989247055,0.713346037352532,0.827311877786243
"POOLPIDM_03138",6.49244045045161,0.272151621286879,0.738482011752785,0.368528436652002,0.712479245459991,0.827311877786243
"POOLPIDM_00690",5.30383754859709,0.279002875787078,0.762030026682195,0.366131078852404,0.714267267634985,0.827608139554207
"POOLPIDM_01393",13.9349552802133,-0.175640535224915,0.479309792464383,-0.366444704419358,0.714033266715106,0.827608139554207
"POOLPIDM_02837",10.890820690254,0.195625701128862,0.536363511157426,0.36472596860051,0.71531597187389,0.828459095720375
"POOLPIDM_00121",18.2636344990945,0.159097659572981,0.442331912130274,0.359679361153857,0.719086927929508,0.83082879310307
"POOLPIDM_00190",1.30498544956334,0.572722535212253,1.59329862865289,0.359457119282453,0.719253150933689,0.83082879310307
"POOLPIDM_00455",32.9838709140888,0.12404786488446,0.344425693021551,0.360158569461593,0.71872855534231,0.83082879310307
"POOLPIDM_01523",8.37692799068749,0.215371826971673,0.598638797054667,0.359769243208615,0.719019705553497,0.83082879310307
"POOLPIDM_01817",6.16687205758489,-0.252936847013914,0.700675599184337,-0.360989946429361,0.718106962646697,0.83082879310307
"POOLPIDM_02185",1.32036490471122,0.546726763386665,1.51764526134774,0.360246743630423,0.71866262164045,0.83082879310307
"POOLPIDM_00974",176.286517714055,-0.0627285246638546,0.175065953280844,-0.358313672580437,0.720108587240419,0.831088544643495
"POOLPIDM_01976",6.54074107482326,-0.248639156458923,0.693561607493364,-0.358496136136402,0.719972058920075,0.831088544643495
"POOLPIDM_00552",1.31017675929593,-0.561201844412861,1.57675765271821,-0.355921433738021,0.721899403716133,0.832790734440143
"POOLPIDM_00631",4.89124935823104,-0.287690180831671,0.812783605213407,-0.353956673075528,0.723371353754792,0.834123748249183
"POOLPIDM_03072",33.5494629609706,0.112128689599225,0.31859049103667,0.351952405215759,0.724873956674907,0.835490926888962
"POOLPIDM_00466",9.85546666652304,0.200029434173859,0.570009723162221,0.350922845779128,0.72564623164434,0.83555585238637
"POOLPIDM_01338",10.6271963999023,-0.187273125776248,0.534153246900875,-0.350598123034532,0.725889864867225,0.83555585238637
"POOLPIDM_01341",32.4206891916215,-0.117818904065039,0.336287457445494,-0.35035176441017,0.726074721505977,0.83555585238637
"POOLPIDM_02390",7.92512263284906,-0.24066854118389,0.687256789681997,-0.350187215022277,0.726198200992858,0.83555585238637
"POOLPIDM_01414",75.7040409263209,0.0821703028498759,0.234955352620662,0.349727307479309,0.726543357884832,0.835588259766325
"POOLPIDM_02830",34.0716955844235,0.109866645288129,0.31693839123459,0.34664984844581,0.728854391611231,0.837880582768079
"POOLPIDM_02341",1.30287628773833,0.52699975343192,1.52225696342516,0.346196316452474,0.729195182813081,0.837906931950864
"POOLPIDM_02636",49.3578757701591,0.0938334436249702,0.273161106755688,0.343509530838494,0.731215171988978,0.839861957892351
"POOLPIDM_01727",5.63254041794756,-0.255097703057966,0.746654481202925,-0.341654285188219,0.732611079085337,0.840366755643581
"POOLPIDM_01940",19.5265615481784,0.140658438766251,0.411067028609322,0.342178839402692,0.732216308832994,0.840366755643581
"POOLPIDM_02725",14.7571700806514,-0.164234515075581,0.480349960690899,-0.341905961310705,0.732421663237459,0.840366755643581
"POOLPIDM_00770",3.73944493710439,-0.320287895202215,0.942890412589916,-0.339687296557034,0.734092029376864,0.841699255953637
"POOLPIDM_00351",3.55251487968129,0.316094919591731,0.932315810682318,0.339042753506879,0.734577522895751,0.841864620184541
"POOLPIDM_00954",1.96923078275232,-0.418813936257253,1.23982728773923,-0.337800224594944,0.735513740624051,0.841864620184541
"POOLPIDM_01594",19.7864167472856,-0.142854002612976,0.422162916717087,-0.338385957070477,0.735072355264702,0.841864620184541
"POOLPIDM_01970",3.22010232690215,-0.340497665999729,1.00738737862453,-0.338000726656553,0.73536264017983,0.841864620184541
"POOLPIDM_00318",1.59825254729136,0.467088280195503,1.38835188834011,0.336433640576487,0.736543884908252,0.842677812768295
"POOLPIDM_01910",4.64750603187198,0.274582873157769,0.822564915704577,0.333813013314058,0.738520662961494,0.844572870961605
"POOLPIDM_00828",1.31825574288621,0.504784793581672,1.51827055041912,0.332473545931802,0.739531711973433,0.845362355924531
"POOLPIDM_01915",18.2556866677578,-0.138285961901542,0.41760177672782,-0.33114313589636,0.7405363701755,0.84614385426208
"POOLPIDM_02613",38.2474124092184,0.100755373118947,0.305146802480993,0.33018656036949,0.741259001191065,0.84623591474216
"POOLPIDM_02884",75.2748526422265,0.0776438406501277,0.234982278950259,0.330424238785102,0.741079429165901,0.84623591474216
"POOLPIDM_02896",23.312794857904,-0.132281328911147,0.401158312417837,-0.329748442987183,0.741590046825664,0.846247343477252
"POOLPIDM_00655",1.37321834941211,0.514026552290431,1.56621943914143,0.328195742846998,0.742763666462806,0.847219828990028
"POOLPIDM_00893",12.2338982699617,0.166423006672096,0.509726146008486,0.326494938459221,0.744049918204368,0.848319889440621
"POOLPIDM_00804",15.7199668355932,0.144887743258166,0.445733078777516,0.325054949153742,0.74513948436575,0.849194846860404
"POOLPIDM_00375",2.52055690775228,0.366483820147831,1.13404366835674,0.323165527372396,0.746569886528504,0.850182875250732
"POOLPIDM_01731",48.8637746736953,0.091252465262782,0.282464862999402,0.323057757675776,0.746651500836663,0.850182875250732
"POOLPIDM_01546",34.4630166396258,-0.101641029041616,0.318227607997219,-0.319397269398777,0.749425281184998,0.852972815718332
"POOLPIDM_03091",1.28616852219101,0.507144158139273,1.59071586433234,0.318815050198883,0.749866764961477,0.853106945376977
"POOLPIDM_02640",1.19351277999445,-0.556232570895742,1.7535040412294,-0.317212026785955,0.751082724762947,0.854121683552687
"POOLPIDM_02211",39.9258164602952,-0.0994791614261649,0.317329349707925,-0.313488687755252,0.753909413751052,0.856966457372908
"POOLPIDM_02772",35.3292745665029,0.0975232674547158,0.312712677189723,0.311862212722346,0.75514524113951,0.858001230880926
"POOLPIDM_01973",1.41374249339651,-0.447993593206698,1.44163494109457,-0.310753839572283,0.755987764042321,0.858588429993778
"POOLPIDM_00481",7.81052080703552,-0.196086510737847,0.633723845731876,-0.309419492510007,0.757002444548143,0.859370561511157
"POOLPIDM_00150",6.14344970531799,0.214709751730696,0.694985193714936,0.308941476268003,0.757366045530403,0.859413213955291
"POOLPIDM_02448",26.2296531704637,-0.112521548706638,0.364945407987742,-0.308324330828182,0.757835553942436,0.859575955332298
"POOLPIDM_02294",11.1874688249232,0.167809128997956,0.545214814019891,0.307785343836666,0.758245674508949,0.85967122494864
"POOLPIDM_01209",5.0420189519003,0.238218202409996,0.77679830646196,0.306666737592407,0.759097050151833,0.859791451967799
"POOLPIDM_02391",14.4738044222354,-0.151518517166489,0.494134114423118,-0.306634398929087,0.759121667585633,0.859791451967799
"POOLPIDM_02956",1.49773385970245,0.449235626547266,1.46636310313341,0.306360427091566,0.759330235273534,0.859791451967799
"POOLPIDM_00675",16.8710379381855,-0.133330979391599,0.436298547308926,-0.305595744505637,0.759912460964745,0.859797825853602
"POOLPIDM_01636",1.94194493861459,0.384888019400939,1.25987799037297,0.30549626419539,0.759988214809898,0.859797825853602
"POOLPIDM_01968",2.474258677117,0.328168044733038,1.07681093751809,0.304759204516833,0.760549554383858,0.86006376034142
"POOLPIDM_00585",9.6442198120425,-0.168887070582823,0.559937366596097,-0.301617789163635,0.762943445416991,0.861912398105386
"POOLPIDM_00625",10.2208182490295,0.169899113607079,0.563836520370982,0.30132690499596,0.76316522654703,0.861912398105386
"POOLPIDM_00835",4.93329727174011,-0.234269830665146,0.776178576777902,-0.301824654369687,0.762785735370141,0.861912398105386
"POOLPIDM_01480",5.85978486816724,0.221126714655545,0.735663597560075,0.300581292032038,0.763733798909659,0.862185136584952
"POOLPIDM_00480",19.1546136968316,0.126733099370872,0.422943724031623,0.299645300710021,0.764447725986535,0.862279867515185
"POOLPIDM_02897",7.46558372467528,-0.20185909758185,0.6737315339619,-0.299613551402011,0.764471946275792,0.862279867515185
"POOLPIDM_00226",4.22779781421268,0.254910554207359,0.861650460480389,0.29583986302896,0.767352378561166,0.864205705415524
"POOLPIDM_00485",224.143209037029,0.0513633426145268,0.173725107938573,0.295658717522214,0.767490727002179,0.864205705415524
"POOLPIDM_01177",1.95193762490465,0.378408846434956,1.27784938165178,0.296129459284016,0.767131217125419,0.864205705415524
"POOLPIDM_02161",3.95772509159603,0.261053448354937,0.880579428321851,0.296456446697187,0.76688152327612,0.864205705415524
"POOLPIDM_01294",2.16908469786147,-0.339987300790079,1.15740486370974,-0.293749673472378,0.768949193947465,0.864371034219837
"POOLPIDM_02027",4.35685063743371,0.256575083735331,0.871744368241329,0.294323764032969,0.768510515361824,0.864371034219837
"POOLPIDM_02777",2.90654785964075,-0.302611750836459,1.02889838655558,-0.294112377656172,0.768672032965471,0.864371034219837
"POOLPIDM_03136",2.67910893537119,0.303038682452821,1.03151182957361,0.29378110242137,0.768925176296753,0.864371034219837
"POOLPIDM_02174",2.14679519686877,0.342614056917939,1.16845358812764,0.293220081994828,0.769353935152199,0.864457362771183
"POOLPIDM_00584",7.18508918820248,-0.197338345628027,0.676752003083975,-0.291596249037685,0.770595343695295,0.865483308896804
"POOLPIDM_00580",12.8037096850095,0.14257490305904,0.490044537410454,0.290942745352186,0.771095108623236,0.865675769306154
"POOLPIDM_00735",1.20602563289501,0.458689370255089,1.59894390362452,0.286870208026262,0.774211702703623,0.867696449118516
"POOLPIDM_01292",1.54387222514608,0.399690201440017,1.39193432877391,0.287147312324773,0.773999526814906,0.867696449118516
"POOLPIDM_02137",4.20504594482531,-0.245953696620052,0.856321297142835,-0.287221277154604,0.773942895565345,0.867696449118516
"POOLPIDM_02152",3.54389777440479,-0.269050536261414,0.935907826225493,-0.287475463632452,0.773748286595138,0.867696449118516
"POOLPIDM_01637",1.96770750576532,0.360119231165377,1.25741481201751,0.286396523823008,0.774574436839309,0.867713975142036
"POOLPIDM_02395",60.1842575085869,-0.0722508943861118,0.252901021891529,-0.285688424055087,0.775116771615296,0.867713975142036
"POOLPIDM_02938",2.16408835471644,-0.336709980028631,1.1791202100234,-0.285560350137623,0.775214875363997,0.867713975142036
"POOLPIDM_03108",29.6454311127957,-0.0976471442893456,0.342635792506074,-0.284988160679724,0.775653212394741,0.867836106906849
"POOLPIDM_02842",4.67501959088818,-0.243035235954257,0.856641983804775,-0.283706893368471,0.776635011568866,0.868565927236118
"POOLPIDM_02584",11.5590261099551,-0.152639246456232,0.540205487515064,-0.28255774882697,0.777515872454771,0.869182289987607
"POOLPIDM_00394",7.17512068144251,0.186821307675171,0.66285647501176,0.28184277399094,0.77806407097344,0.869426405716824
"POOLPIDM_02309",14.7089186906483,-0.13087262054121,0.469777207956849,-0.278584440293304,0.780563755003528,0.871602692108017
"POOLPIDM_02954",8.1580532792263,-0.180384687098955,0.647835436255968,-0.278442142871114,0.780672972711316,0.871602692108017
"POOLPIDM_00072",1.21601831918507,0.442842631704903,1.59583679727514,0.277498696897482,0.781397206271634,0.871763684999651
"POOLPIDM_01894",252.33373686556,0.0480266160164805,0.173135842903734,0.277392683172969,0.781478599261826,0.871763684999651
"POOLPIDM_01122",43.4929713046806,0.0783376880244595,0.285209183823414,0.27466748080932,0.783571717105622,0.873642325519417
"POOLPIDM_01234",2.42159709108395,0.306567870544708,1.11797267613629,0.27421767730872,0.783917344084244,0.873642325519417
"POOLPIDM_01614",3.58886769464063,-0.256266638845074,0.936183887680535,-0.273735365687604,0.784287997520967,0.873642325519417
"POOLPIDM_02544",206.386070548276,-0.0510541254724293,0.186686874801648,-0.273474637821612,0.784488385623847,0.873642325519417
"POOLPIDM_02848",9.63518002529998,-0.15064183462032,0.562814620350283,-0.267657998163878,0.788962583057553,0.878253956477917
"POOLPIDM_03062",1.87218516132144,0.345708318131538,1.29703236260402,0.266537927733328,0.789824953378121,0.878842793205879
"POOLPIDM_00390",1.62314583425699,0.393198287096164,1.48776528166599,0.264287849663936,0.791558122098924,0.879657339735567
"POOLPIDM_00589",25.9497289794139,0.0954487992542624,0.360621404032568,0.264678685698984,0.791256998422248,0.879657339735567
"POOLPIDM_01009",27.0049797167049,-0.0941973532251165,0.356414892385568,-0.26429129432452,0.79155546798852,0.879657339735567
"POOLPIDM_01562",1.6560667412037,-0.353262219305134,1.36966567337358,-0.257918575439673,0.796469748625194,0.884742628477038
"POOLPIDM_02945",2.37354453040286,-0.290350229332782,1.1305883957626,-0.256813381793943,0.797322839280426,0.885317188013144
"POOLPIDM_02839",4.36763274391017,-0.219447786641288,0.856312635888049,-0.256270639301856,0.79774186684732,0.885409499372436
"POOLPIDM_01583",8.96343799290134,-0.158868874348023,0.622779238728128,-0.255096612842255,0.798648480206148,0.885669917468829
"POOLPIDM_02216",9.76722395228701,0.142275320752427,0.557582152586187,0.255164768263336,0.798595841404915,0.885669917468829
"POOLPIDM_00756",6.04167131183118,0.200198447669172,0.793508299104994,0.252295341957958,0.800812788289559,0.887696597952598
"POOLPIDM_00647",5.15290573663118,0.196658116114522,0.785476668114291,0.250367864632623,0.802302878672105,0.888719253186584
"POOLPIDM_00979",4.42277890262014,-0.219320209147055,0.878004908838509,-0.249793830238589,0.802746791288792,0.888719253186584
"POOLPIDM_02250",44.5378711537055,0.0714266905415273,0.28558835772577,0.250103649568633,0.802507193705782,0.888719253186584
"POOLPIDM_02453",2.81623233232801,0.263284467792234,1.05790360792266,0.248873778121647,0.803458419257229,0.889133666314885
"POOLPIDM_00361",3.03337940528482,-0.245933617073908,0.995380636823935,-0.247074945981102,0.804850222943834,0.889926672684542
"POOLPIDM_01768",37.2437845770519,-0.0791148594184626,0.320176429901216,-0.247097699986448,0.804832613699491,0.889926672684542
"POOLPIDM_02097",67.4452744835328,-0.0610365808832386,0.247834070013243,-0.246280024695463,0.805465471799746,0.890233536127518
"POOLPIDM_00508",27.693657984344,-0.0863609311940527,0.352156788820214,-0.245234321574139,0.806275002819463,0.890381611827442
"POOLPIDM_02963",1.64851797569493,0.344596279005149,1.40413247967138,0.245415788035755,0.80613450565498,0.890381611827442
"POOLPIDM_02069",7.29842349417204,0.159079472938456,0.650410663818578,0.244583125381888,0.806779231278305,0.890565349099502
"POOLPIDM_00769",6.28859902077853,-0.192001646787606,0.786520027597181,-0.244115394460038,0.807141450109637,0.890592240472584
"POOLPIDM_00678",21.6365233220133,-0.0964851081610792,0.39667729026759,-0.243233254154762,0.807824707163217,0.890676303090899
"POOLPIDM_00745",36.8497887206279,-0.0750615625558551,0.30982315963155,-0.242272277660328,0.808569193208088,0.890676303090899
"POOLPIDM_00765",22.7307463879051,0.093748709525225,0.386625965121604,0.242479083099705,0.808408962595636,0.890676303090899
"POOLPIDM_02885",30.5469942869665,0.0833928227288769,0.344089851462272,0.242357693417821,0.808503013031638,0.890676303090899
"POOLPIDM_00497",15.1853807318938,-0.112374723581003,0.467113377873516,-0.240572693705705,0.809886315947,0.89127740927305
"POOLPIDM_01551",2.27304085767483,-0.276201514557703,1.14666079091083,-0.2408746481497,0.809652271542728,0.89127740927305
"POOLPIDM_02458",2.06992991460558,0.285307772509671,1.18749935044954,0.240259308269656,0.81012923847429,0.89127740927305
"POOLPIDM_00137",7.50164344507353,0.161400936485671,0.677464825874359,0.238242533518048,0.811692989695557,0.891414033224465
"POOLPIDM_00671",4.78125318757269,0.189722792003826,0.798891433702755,0.237482571473431,0.812282438469334,0.891414033224465
"POOLPIDM_01280",217.954402635543,-0.0435320559114155,0.182116957504731,-0.239033511803998,0.811079597158036,0.891414033224465
"POOLPIDM_01395",11.7540562225789,0.123446787975616,0.518962574793077,0.23787223582517,0.811980190098522,0.891414033224465
"POOLPIDM_01425",2.61473592693585,0.262655361814107,1.10206536688991,0.23833011153897,0.811625068474138,0.891414033224465
"POOLPIDM_01858",32.2586584916256,0.0811610615315134,0.338653998726397,0.239657768213995,0.810595576948166,0.891414033224465
"POOLPIDM_02399",48.0611315224827,0.0647173271980215,0.273141646438539,0.236936871553141,0.812705764922284,0.891507447496937
"POOLPIDM_02877",16.0307860309967,-0.110880022882451,0.469601943402044,-0.236114914855713,0.813343500718997,0.891835885147785
"POOLPIDM_01104",2.53402216766271,-0.270190852858296,1.15352919170377,-0.234229748845127,0.814806621068709,0.893068712323126
"POOLPIDM_00385",22.5887892689789,0.0881727083785294,0.380497503491885,0.231730057541389,0.816747684200852,0.894452387018466
"POOLPIDM_01328",37.0647616277156,-0.0707349131873796,0.304871908438622,-0.232015188115045,0.8165262172403,0.894452387018466
"POOLPIDM_01031",10.9568404921197,-0.119989951382058,0.526802420016005,-0.227770311644378,0.819824807942774,0.897449416003801
"POOLPIDM_00093",6.00830786074778,-0.168904919255168,0.746814103976532,-0.226167286284239,0.821071313175459,0.898440839157538
"POOLPIDM_01613",3.40829814697263,0.21104357956557,0.935086758392228,0.225694116264073,0.8214393345694,0.898470575072588
"POOLPIDM_01929",17.6933058037101,0.0938634492871998,0.425261341258459,0.220719449855078,0.825310886136721,0.902330773893155
"POOLPIDM_01563",4.53010469868323,0.178728402754933,0.81253707835871,0.219963380767751,0.825899674151811,0.902600141403057
"POOLPIDM_00412",54.4870051469903,0.0610319014912579,0.278350929839829,0.219262430796898,0.826445625698735,0.902822490402762
"POOLPIDM_00646",2.71438533433966,0.234100152106353,1.076572486097,0.217449503056741,0.827858056125258,0.903990818536114
"POOLPIDM_00918",8.68486463603227,-0.128600590299448,0.593442962649785,-0.216702528116995,0.828440177668804,0.904251887509304
"POOLPIDM_01421",38.2731467935026,-0.0665286223337746,0.314801459945166,-0.211335177242707,0.832625735276391,0.908444303885996
"POOLPIDM_02953",3.49054659763626,-0.20200915911611,0.959279741054775,-0.210584202366237,0.833211740572527,0.908707549916913
"POOLPIDM_00368",14.7914195282581,0.0994635867891693,0.476065185507784,0.208928503526421,0.834504052561532,0.909608782968907
"POOLPIDM_00450",1.50731554120702,-0.315987137989403,1.51449923384956,-0.208641332347344,0.834728242034061,0.909608782968907
"POOLPIDM_02770",8.88753712795989,-0.130317953769331,0.640079856181005,-0.203596398966317,0.838668907414421,0.913525305762155
"POOLPIDM_00708",7.11432444506267,0.130424000249287,0.644515679322793,0.202359701142301,0.839635530461997,0.914200437132517
"POOLPIDM_02517",48.510379379887,-0.0560324864010748,0.277664206275344,-0.201799458247458,0.840073505092306,0.914299652941089
"POOLPIDM_01106",8.75962075647046,-0.119957288365042,0.597494820290526,-0.200767076619533,0.840880707781107,0.914329108841562
"POOLPIDM_01210",3.53043251449437,0.187262758602429,0.934286307197322,0.200434018094711,0.84114115665432,0.914329108841562
"POOLPIDM_02053",5.35277492887827,-0.153504865996707,0.76315536900599,-0.201144972873148,0.840585217284391,0.914329108841562
"POOLPIDM_00320",4.06102751688455,0.169113939037899,0.846227738386623,0.199844476098507,0.841602215983841,0.914453190986564
"POOLPIDM_01870",7.11701976771485,0.135495716045654,0.680964397571883,0.198976211574044,0.842281352929501,0.914814028150871
"POOLPIDM_00991",41.0219066152339,0.0574643965364757,0.290312518402436,0.197939781765861,0.843092178560192,0.91494070921559
"POOLPIDM_02675",51.7592214173517,-0.0566490986422441,0.285726186965329,-0.198263586701341,0.842838839743806,0.91494070921559
"POOLPIDM_02127",152.457230478899,0.0421872323034835,0.214145294014303,0.197002845650513,0.843825310915563,0.915359473075483
"POOLPIDM_02289",1.756127153393,0.249939215325257,1.27199566972782,0.19649376273328,0.844223714130334,0.915414936424336
"POOLPIDM_00110",4.68124364645491,-0.153228380251893,0.801186746731527,-0.191251766054537,0.848328348594206,0.918389477644744
"POOLPIDM_00392",12.5219549501011,-0.0972155476257697,0.508421122363779,-0.191210678214528,0.848360537960907,0.918389477644744
"POOLPIDM_01415",28.7445309796024,0.0692055434756398,0.360804780492078,0.191808831859863,0.847891952596588,0.918389477644744
"POOLPIDM_01921",3.51333432323426,0.17906806108039,0.934475892626231,0.191624056322246,0.848036697488496,0.918389477644744
"POOLPIDM_02500",17.9921379205453,-0.0813642321718501,0.426686225089548,-0.190688677973549,0.848769509593699,0.918455019412558
"POOLPIDM_01604",3.99952111069653,-0.1674627046179,0.887370945593848,-0.188717813502256,0.850313989301648,0.91899453702302
"POOLPIDM_02610",1.76112349653803,0.244652421999156,1.29053017472164,0.189575127177423,0.849642079376756,0.91899453702302
"POOLPIDM_02733",2.07187921123894,0.228240224094147,1.20697195365693,0.189101514250282,0.850013254698814,0.91899453702302
"POOLPIDM_02385",21.1971969767441,0.0730018627959384,0.391265080071558,0.18657903941386,0.851990702263478,0.920429299658413
"POOLPIDM_00839",1.20320630126182,-0.284803308083032,1.55596881348439,-0.18303921364931,0.854767250301912,0.923026965919283
"POOLPIDM_02925",155.467338673897,0.035405866998089,0.193876393391777,0.182620825458324,0.855095542782583,0.923026965919283
"POOLPIDM_01879",137.158448201088,0.0347796814422818,0.191032000646814,0.182062069833962,0.855534015084751,0.923122252870816
"POOLPIDM_00741",6.48431059578981,0.125655330278223,0.692316385159157,0.181499864761017,0.855975239293626,0.923220429941898
"POOLPIDM_01227",27.3418372854033,-0.0697985297333506,0.387196676504069,-0.180266345164812,0.856943475487754,0.923886708133219
"POOLPIDM_00163",16.1362220599174,-0.0836444933912996,0.466807912913366,-0.179183966418373,0.857793252923909,0.924017045210953
"POOLPIDM_00189",2.71055743640242,0.191522275874745,1.07323984455537,0.178452446437162,0.85836766393414,0.924017045210953
"POOLPIDM_00799",1.77189703425366,0.234014766442822,1.31228215511608,0.178326563026472,0.858466518862528,0.924017045210953
"POOLPIDM_01286",3.96876220040077,-0.156307291506327,0.875512659091709,-0.178532303197633,0.858304954404819,0.924017045210953
"POOLPIDM_01430",7.03246281965444,0.114070731720556,0.646409429974524,0.176468235813101,0.859926101200266,0.925210286842409
"POOLPIDM_01068",97.2631427078921,0.0396928576548726,0.226698412664613,0.175091025950834,0.861008109601578,0.925777030731989
"POOLPIDM_02912",222.617990070029,-0.0324398547841566,0.185472610976463,-0.174903747854573,0.861155265309119,0.925777030731989
"POOLPIDM_02612",15.0752476145094,-0.0804455900123267,0.464382735372076,-0.173231224773831,0.862469680838536,0.926434424894206
"POOLPIDM_03021",27.3221812620007,-0.0609077708316439,0.351450617765834,-0.173303923091198,0.862412540172072,0.926434424894206
"POOLPIDM_00023",79.7441390158278,0.0390280594082899,0.227716538004939,0.171388779006659,0.863918077294458,0.927408078999198
"POOLPIDM_00468",16.7047742616051,0.0781838115409235,0.45745353087595,0.170910936879674,0.864293796811929,0.927408078999198
"POOLPIDM_00555",2.61003874881351,0.179658885074089,1.05226308133334,0.170735710737319,0.864431581980663,0.927408078999198
"POOLPIDM_00986",7.87484294439934,-0.108322974043423,0.64228440605668,-0.168652660755808,0.866069856507818,0.928366852833799
"POOLPIDM_01143",3.21170125982359,-0.169292169486958,1.00615772413461,-0.168256094870776,0.866381812583894,0.928366852833799
"POOLPIDM_01954",1.23029717881198,-0.284492297625239,1.68671092750496,-0.168666896612848,0.866058658347445,0.928366852833799
"POOLPIDM_02276",64.316821892186,0.0414275697764357,0.247543668985379,0.167354592206851,0.867091051393243,0.928749293568708
"POOLPIDM_00238",1.43904678514762,0.24346665993656,1.46775662434023,0.165876723633253,0.868253965559328,0.92886260276558
"POOLPIDM_00990",61.1130010809242,-0.0435020833199794,0.262074259968327,-0.165991438171902,0.868163688050564,0.92886260276558
"POOLPIDM_02894",21.1205226201981,0.0671874098579773,0.404928031400257,0.165924323948729,0.868216505078068,0.92886260276558
"POOLPIDM_01383",38.0755344535366,-0.0519296733122198,0.315138177330557,-0.164783821979618,0.869114138149317,0.929405626029046
"POOLPIDM_01426",1.75479884299356,0.218017485462502,1.32864320221774,0.164090317926282,0.869660043678533,0.929612277022146
"POOLPIDM_03127",37.32523428377,0.0492687667240227,0.301419196946323,0.16345596837615,0.870159438971905,0.929769064098072
"POOLPIDM_02551",7.00326278027926,0.10505504617268,0.648575099296222,0.161978229331772,0.871322997933603,0.930258170333324
"POOLPIDM_02714",18.5270866836821,-0.069654761153879,0.429743691313067,-0.162084429770339,0.871239367306203,0.930258170333324
"POOLPIDM_00061",6.40358182165579,-0.112866383343731,0.704248041478797,-0.16026510078286,0.872672249026398,0.931321477098618
"POOLPIDM_00529",7.00825912342429,0.103672826517608,0.651141965259453,0.159216932787151,0.873497963598797,0.931448475746938
"POOLPIDM_02548",7.52386509637939,0.102411307604193,0.641841984947361,0.159558442741311,0.873228917361137,0.931448475746938
"POOLPIDM_00535",2.02292151416212,-0.189282609429305,1.1967926257385,-0.158158235068088,0.874332113056399,0.931960958356922
"POOLPIDM_01166",5.63410004368286,-0.117809572208022,0.750167552525427,-0.157044345375134,0.875209899128492,0.932519520655903
"POOLPIDM_00381",17.5687941561542,0.0672038575068984,0.434666454924112,0.154610176942758,0.877128646439272,0.9334320193839
"POOLPIDM_00602",35.8376717690034,0.0518079390282324,0.333390480009623,0.155397175788394,0.876508210515429,0.9334320193839
"POOLPIDM_02234",70.2838078630497,0.0378285784582954,0.244580604347285,0.154667123172947,0.877083749950807,0.9334320193839
"POOLPIDM_00354",15.4085329445603,0.0694514131318275,0.450581908393469,0.154137154284453,0.877501593437884,0.933452058233359
"POOLPIDM_01493",18.4701747805228,-0.0643373030848154,0.42063796485998,-0.152951726804383,0.878436343680834,0.934069464276998
"POOLPIDM_01089",1.76564023039602,-0.411121215527838,2.72855884530652,-0.150673391645931,0.88023336395878,0.934472471766147
"POOLPIDM_01384",41.2917900945648,-0.0456942669646066,0.301775990284944,-0.151417834538331,0.879646121736362,0.934472471766147
"POOLPIDM_02665",6.43153716999397,-0.106090193984908,0.699158844325666,-0.151739758205063,0.879392197729928,0.934472471766147
"POOLPIDM_02719",2.61393449643757,-0.168959809427138,1.11834545584434,-0.1510801591263,0.879912483561092,0.934472471766147
"POOLPIDM_02155",20.8198701841977,-0.060397646340661,0.403660618412917,-0.149624817447211,0.881060627106664,0.934974159844269
"POOLPIDM_00216",2.6137067815591,0.156145909757982,1.05264326852093,0.14833696697399,0.882076842629446,0.935236179769004
"POOLPIDM_00641",139.097788195853,0.0295137277640887,0.199466862070844,0.147963062423905,0.882371919228191,0.935236179769004
"POOLPIDM_00731",15.2869725549354,0.0682117918493032,0.458391992105957,0.148806682978738,0.881706177102396,0.935236179769004
"POOLPIDM_00004",1.23747413392624,0.225778818939104,1.57905425261095,0.142983572961968,0.886303154759773,0.937698076778495
"POOLPIDM_00484",18.044780628983,-0.0599753621653918,0.416954091745336,-0.143841644326693,0.885625517384013,0.937698076778495
"POOLPIDM_02167",16.7081591749927,0.0676668762884568,0.473963404964899,0.142768145345458,0.886473295649472,0.937698076778495
"POOLPIDM_02321",16.9173481791326,0.0626625318057663,0.438305427399605,0.142965448038216,0.886317469299515,0.937698076778495
"POOLPIDM_02769",6.19315293587596,-0.105331498527443,0.730181114856131,-0.144253934242324,0.885299952903703,0.937698076778495
"POOLPIDM_01307",14.3717972830663,-0.0654331064558801,0.463567362963269,-0.141151236440829,0.887750467966221,0.938672376076598
"POOLPIDM_00070",14.0538674588938,-0.0667114175296344,0.47653944768117,-0.139991385507014,0.888666796733192,0.939264505288169
"POOLPIDM_02322",21.2718385151475,0.0560510510085574,0.403877817762226,0.138782197346516,0.889622262294531,0.939520946878359
"POOLPIDM_02864",67.6386954958014,-0.0333159080916162,0.239481186646908,-0.139117016071652,0.889357682096226,0.939520946878359
"POOLPIDM_00458",2.89720890787553,-0.139744318601614,1.01272092304724,-0.137988971513621,0.890249133622306,0.939751420671973
"POOLPIDM_02862",55.9387655781149,0.0356120944521984,0.258801575374725,0.137603855002176,0.890553508664108,0.939751420671973
"POOLPIDM_00075",1.29506061296011,-0.202839206075032,1.4890287832641,-0.136222488345986,0.891645397748111,0.940527118232901
"POOLPIDM_00062",1.30005695610514,-0.207830136539031,1.54001006495706,-0.134953752100851,0.892648440201828,0.941208515348807
"POOLPIDM_00069",9.93917339012951,0.0735819112241333,0.558577821481655,0.131730814211266,0.895197211684704,0.941492988525123
"POOLPIDM_00272",15.9529722181702,0.0583137825279319,0.443890690297802,0.131369690337073,0.89548286444515,0.941492988525123
"POOLPIDM_00332",5.37016011594285,-0.100815029651396,0.75512716767375,-0.133507353419646,0.893792149144661,0.941492988525123
"POOLPIDM_00930",1.29006426981508,-0.196592943125248,1.49001918137908,-0.131939874051348,0.895031849373223,0.941492988525123
"POOLPIDM_00949",2.31333417886103,0.148408756223305,1.12586481231928,0.131817563351663,0.895128594230389,0.941492988525123
"POOLPIDM_01489",16.1873519728211,-0.0597111878531823,0.455811770506034,-0.130999661958909,0.895775574818288,0.941492988525123
"POOLPIDM_01622",4.49108325261312,-0.106438703289627,0.81212414449622,-0.131062109175012,0.895726175048784,0.941492988525123
"POOLPIDM_01908",57.7189304920848,-0.0350675478566373,0.267550440153672,-0.131068922317959,0.895720785438409,0.941492988525123
"POOLPIDM_01133",10.0817719847037,0.0740144288188399,0.569885913981245,0.129875869894331,0.896664635603197,0.941734976992112
"POOLPIDM_02266",7.33263996322728,-0.0836345915127074,0.64430711657916,-0.129805475309277,0.896720330899166,0.941734976992112
"POOLPIDM_02836",8.16137127587768,-0.0787274517376239,0.620983645055462,-0.126778623502383,0.899115615173352,0.94387445702786
"POOLPIDM_00806",19.4869403465747,-0.0524980704506908,0.418823383027918,-0.125346560335652,0.900249193004592,0.944312325013969
"POOLPIDM_01418",77.9586788604405,0.0302158130584812,0.241000040545412,0.125376796576877,0.900225256800758,0.944312325013969
"POOLPIDM_00125",17.2590699399351,-0.0522620954487262,0.423607818599139,-0.12337377440661,0.901811123390289,0.94554311025684
"POOLPIDM_02598",5.5676534673561,0.0890812172913265,0.724481937960995,0.122958506794579,0.902139955347478,0.94554311025684
"POOLPIDM_02194",5.42315258448563,0.0917805223709533,0.761098116285455,0.120589606526539,0.904016101552691,0.947132926745983
"POOLPIDM_00041",9.07007419822896,0.0697147279038373,0.585773374660807,0.119013138731691,0.905264946562956,0.947169553502327
"POOLPIDM_00774",15.016489582348,0.0543534911612005,0.460623759276085,0.117999755910599,0.906067851287306,0.947169553502327
"POOLPIDM_01898",4.8890723467192,-0.0973741167142944,0.820712153101704,-0.1186458813194,0.905555914015406,0.947169553502327
"POOLPIDM_01959",21.0766256051544,-0.0480104349588797,0.401274248964281,-0.119644943782957,0.904764415428116,0.947169553502327
"POOLPIDM_02000",2.07421608794243,-0.147426357735538,1.23511662212012,-0.119362297531447,0.904988329911305,0.947169553502327
"POOLPIDM_03107",12.2583853615389,0.0589499414382834,0.500321336276703,0.117824160522471,0.906206985558752,0.947169553502327
"POOLPIDM_01981",3.42576618487282,-0.113601219616155,0.991086872781875,-0.114622867819133,0.90874405327446,0.948703404459002
"POOLPIDM_02068",15.8806745408365,-0.0544685644652381,0.472958689486041,-0.115165585654909,0.908313875806816,0.948703404459002
"POOLPIDM_02440",140.857219680762,0.0230770430525309,0.202153529520789,0.114156023430488,0.909114112163672,0.948703404459002
"POOLPIDM_02991",1.50056460573913,0.166780424973269,1.45629581241253,0.114523727632628,0.908822638208368,0.948703404459002
"POOLPIDM_01427",1.30716246107518,-0.172475157398279,1.52188132967223,-0.113330227551596,0.90976875349049,0.949010856430918
"POOLPIDM_00525",12.1676789159757,-0.055379844125433,0.512219935050438,-0.108117315113829,0.913902633191541,0.95194806531898
"POOLPIDM_00540",13.9610167501096,-0.0511484463784751,0.472700596060989,-0.108204742715991,0.913833282904208,0.95194806531898
"POOLPIDM_00695",12.952727301738,0.0556671279055291,0.510968792841714,0.108944281305206,0.91324668424189,0.95194806531898
"POOLPIDM_01488",20.5678729804837,-0.042619043394314,0.394774447185774,-0.1079579585207,0.914029041472814,0.95194806531898
"POOLPIDM_00173",3.76173493063475,0.0977031095226636,0.918074861785123,0.10642172396779,0.915247757717043,0.95284087256798
"POOLPIDM_01004",23.5455963257727,-0.0396901783758421,0.382583008561525,-0.103742658423523,0.917373572751258,0.954676959246868
"POOLPIDM_02734",3.81107945296697,-0.0962241888514949,0.936775054882692,-0.102718564451468,0.918186339279789,0.955145694688842
"POOLPIDM_01149",10.4162169472288,-0.0562573505317282,0.551703426289408,-0.101970275787661,0.918780268557876,0.955386504109886
"POOLPIDM_01646",7.01369872710806,-0.0715629865952372,0.710672113666901,-0.100697614580638,0.919790505038865,0.955445975328475
"POOLPIDM_02387",68.2924577896833,-0.0248284904424501,0.246979880202598,-0.100528392928538,0.919924842710041,0.955445975328475
"POOLPIDM_02573",1.45098876807105,0.147601122243029,1.45935432687625,0.101141388026697,0.919438223584648,0.955445975328475
"POOLPIDM_01633",5.21231825813213,0.0781104279323935,0.782907505007426,0.0997696757698761,0.920527183129932,0.955695019586648
"POOLPIDM_01545",38.6998045409154,0.0323328472254952,0.326651661934669,0.0989826503070473,0.92115204549719,0.955967240917556
"POOLPIDM_00757",1.1352367102251,0.156529726841607,1.6118015667647,0.0971147628028443,0.922635257256822,0.95634649737552
"POOLPIDM_01607",5.62249206490099,-0.0724962826135382,0.744592189718407,-0.0973637430187861,0.922437536770536,0.95634649737552
"POOLPIDM_02175",1.1352367102251,0.156529726841607,1.6118015667647,0.0971147628028443,0.922635257256822,0.95634649737552
"POOLPIDM_02638",6.05474614602882,-0.0712329686815435,0.736677700011665,-0.0966948893395518,0.922968698529333,0.95634649737552
"POOLPIDM_00379",29.7251399062222,0.0318227742870885,0.332710704218123,0.0956469806460622,0.923800951057507,0.956463142415175
"POOLPIDM_02293",9.97866528081744,0.0525982779451435,0.549964484982713,0.0956394083279701,0.923806965322092,0.956463142415175
"POOLPIDM_00787",13.4366777967624,-0.045400751841433,0.483158388942564,-0.093966601595797,0.92513568737861,0.957462768720069
"POOLPIDM_01893",23.819650482501,-0.0379905386817229,0.413480922374388,-0.0918797860456647,0.926793551916568,0.9588021204286
"POOLPIDM_02523",36.1736087835661,0.0282042425854308,0.311330296859233,0.0905926691682797,0.927816257136205,0.959200119543077
"POOLPIDM_03020",188.682348746787,0.0190131955765045,0.210137720634309,0.0904796888398353,0.927906033700625,0.959200119543077
"POOLPIDM_03073",4.43241675713099,0.0720120322045475,0.8126943636547,0.0886089967213606,0.929392657863962,0.960360268964878
"POOLPIDM_00661",20.1288265197627,0.0371324651911534,0.431752710411026,0.0860040117774905,0.931463228107697,0.961745816408888
"POOLPIDM_02279",113.178350348442,0.0176725624105811,0.2046619692749,0.0863500066631504,0.931188187322201,0.961745816408888
"POOLPIDM_01032",7.22480022500806,-0.0529928390525435,0.641418627833559,-0.0826181790689972,0.934155145886034,0.963393178621121
"POOLPIDM_01905",11.9955452745051,0.0496811402238543,0.59729714231958,0.0831765911869585,0.933711125756295,0.963393178621121
"POOLPIDM_03124",2.36381515292486,-0.093745078056489,1.12964729549821,-0.0829861483580543,0.933862553629577,0.963393178621121
"POOLPIDM_00981",2.84740250968631,-0.0879595120601337,1.07603022273069,-0.0817444623784959,0.934849920781292,0.963732652006057
"POOLPIDM_03081",16.4515757884459,0.0352316291211708,0.446292885166135,0.0789428429002529,0.937078085846926,0.965652007151093
"POOLPIDM_02066",11.9601456076583,0.0390291798015747,0.506384556877846,0.0770741904970646,0.938564524910633,0.966050795651865
"POOLPIDM_02620",2.17690037263969,0.0892157667357629,1.15451735327613,0.0772753796056842,0.938404476557508,0.966050795651865
"POOLPIDM_03109",3.55602020159257,0.0725523280825036,0.932407467569174,0.077811826487888,0.937977738797488,0.966050795651865
"POOLPIDM_02436",126.248442072835,0.0148870409972633,0.197058983232251,0.0755461169700526,0.939780206307681,0.966547258613752
"POOLPIDM_03080",2.12360006694267,-0.090812540672751,1.20155794540793,-0.0755789939385069,0.939754049063846,0.966547258613752
"POOLPIDM_01110",5.26244363188992,-0.0575121139884551,0.774271455421298,-0.0742790058780631,0.940788381759176,0.967206776254754
"POOLPIDM_00538",5.81906837297734,-0.0519742736344164,0.709239202906061,-0.0732817269849936,0.941581932352801,0.967645213911105
"POOLPIDM_00054",29.6887459331175,0.0240180088000779,0.338460342434738,0.0709625494889673,0.943427561495733,0.969164088894292
"POOLPIDM_01275",4.37475882795291,0.0591836667299823,0.843787216821959,0.0701405111977067,0.94408182281156,0.969458389143464
"POOLPIDM_01288",5.72882069535142,0.0510527861368048,0.756230469624652,0.0675095598331873,0.946176051743171,0.970097266586931
"POOLPIDM_02651",10.4558885273664,-0.0368897670939357,0.54539194421606,-0.0676390025286505,0.946073006949671,0.970097266586931
"POOLPIDM_02739",29.8122464310037,-0.0227400500860995,0.333952262547467,-0.0680937146903364,0.945711033695875,0.970097266586931
"POOLPIDM_03036",5.3976891823576,0.0528042224726812,0.776770451211399,0.0679791853440503,0.945802203637668,0.970097266586931
"POOLPIDM_00636",11.8566634929201,0.0337967797988685,0.51614796417593,0.0654788590570683,0.947792738235886,0.971377005439267
"POOLPIDM_00462",3.41086558419726,-0.0595036837299394,0.924080588131831,-0.0643923100367633,0.948657853022668,0.97188577558016
"POOLPIDM_00452",1.5971519517704,-0.0849549308405766,1.34568924306286,-0.0631311658902876,0.949662056998116,0.972536589839563
"POOLPIDM_01332",37.8907176125209,-0.0191118276550626,0.310105286984045,-0.0616301251776011,0.950857386112945,0.972911995943123
"POOLPIDM_01897",1.13890474297069,0.10199726705956,1.6618205867292,0.0613768224284136,0.951059110574894,0.972911995943123
"POOLPIDM_02134",9.84168116997955,-0.0341533866932847,0.565888765087039,-0.060353533769188,0.951874065833579,0.972911995943123
"POOLPIDM_02248",4.76439772605194,0.0480257435012656,0.790896353808164,0.06072318233612,0.951579668911926,0.972911995943123
"POOLPIDM_02437",78.852280487012,0.0151821817289203,0.248007589805714,0.0612166012371388,0.95118670865299,0.972911995943123
"POOLPIDM_00287",21.7572302148408,-0.021966058618751,0.413779366878257,-0.0530864039559853,0.957663064249117,0.977313138738162
"POOLPIDM_00890",4.93005525864088,0.041426316187209,0.774748367863004,0.0534706724216478,0.95735689722682,0.977313138738162
"POOLPIDM_01541",36.6674928010374,0.017036679796714,0.31938556159296,0.0533420474981471,0.957459378812079,0.977313138738162
"POOLPIDM_01872",156.154811729192,0.00998877938822067,0.187344959387533,0.0533175774831409,0.957478875314834,0.977313138738162
"POOLPIDM_02790",4.30847522473751,0.0449362824507402,0.855107405735961,0.0525504540708137,0.958090094305789,0.977370545119992
"POOLPIDM_00588",23.016262814899,-0.0193755961151075,0.383600043848193,-0.0505098902511474,0.959716068185499,0.977559243819443
"POOLPIDM_01864",30.4074900095181,0.0179308191327018,0.349207163284919,0.051347225996255,0.959048836808096,0.977559243819443
"POOLPIDM_02930",1.38863366077062,-0.0763612870839194,1.51340287794953,-0.0504566815594929,0.959758468514689,0.977559243819443
"POOLPIDM_02968",27.6416979993583,0.0184804691480685,0.359007984096867,0.0514764851109333,0.958945839166805,0.977559243819443
"POOLPIDM_00169",1.83408943071977,-0.0668658681140355,1.33976464980523,-0.0499086672601462,0.960195170438043,0.977626291724481
"POOLPIDM_00848",1.5763857277647,-0.064286801783989,1.34839023415956,-0.0476767037875043,0.961973900668875,0.979059151414346
"POOLPIDM_00414",2.18517432281753,0.055351470414646,1.18418195431552,0.0467423694584504,0.962718561287477,0.97906100600069
"POOLPIDM_02060",39.1221433257476,0.013952623690786,0.296473504029757,0.0470619583238898,0.962463846583509,0.97906100600069
"POOLPIDM_00010",8.68661896607808,0.0270182727375139,0.590761807296446,0.0457346301060997,0.963521761844046,0.979155535671186
"POOLPIDM_02145",67.0846697312898,-0.0111095253826042,0.24563585462929,-0.0452276211849061,0.963925878249896,0.979155535671186
"POOLPIDM_02296",2.97494347032384,-0.0493639625459717,1.08486390958607,-0.0455024469979894,0.963706824498238,0.979155535671186
"POOLPIDM_00763",6.55234879132808,0.0299266734451672,0.676013532973442,0.044269340753483,0.964689710240152,0.979483009719585
"POOLPIDM_01586",15.2790921383901,-0.0221607796350782,0.504906717529073,-0.0438908393683674,0.964991417390654,0.979483009719585
"POOLPIDM_00467",16.6269326687911,-0.0196921869500875,0.458173662539786,-0.0429797444945398,0.965717680482679,0.979518860236716
"POOLPIDM_02002",5.48756144913161,-0.0323850477068078,0.754646296181946,-0.0429142074514332,0.965769923275882,0.979518860236716
"POOLPIDM_00270",14.6238714874242,-0.0190051653666297,0.467951725582406,-0.0406135170096364,0.967604008032913,0.980734274649161
"POOLPIDM_01081",108.141349060046,-0.00820631023233945,0.202737204278445,-0.0404775742150841,0.96771238556998,0.980734274649161
"POOLPIDM_00078",1.59887068788262,-0.0521423058841319,1.34427735974051,-0.03878835383659,0.969059130140092,0.981452012569101
"POOLPIDM_00586",64.7396153519605,-0.00968962108715588,0.250667612209237,-0.0386552574612941,0.969165246099154,0.981452012569101
"POOLPIDM_02141",14.3146339780361,0.017728488482822,0.475334013917185,0.037296906940707,0.970248271682402,0.982171445527962
"POOLPIDM_00794",89.0662334203775,0.00759147815506021,0.217997198906365,0.0348237417413832,0.972220288938749,0.982647565100997
"POOLPIDM_00864",51.0009475928831,-0.00978214904692751,0.27605725754058,-0.0354352178025587,0.971732702591034,0.982647565100997
"POOLPIDM_00907",25.4351855517541,-0.0124188390999624,0.361333209101451,-0.0343694927207081,0.972582510375001,0.982647565100997
"POOLPIDM_01928",7.84087787721499,-0.0224869483279562,0.644525364146896,-0.0348891596496288,0.972168124698447,0.982647565100997
"POOLPIDM_02510",2.88113986199218,-0.0360180105748973,1.02956355909956,-0.0349837659429187,0.972092685850441,0.982647565100997
"POOLPIDM_00615",25.8482274703997,-0.0119878359930467,0.383160717733478,-0.0312867040858434,0.975040893820757,0.984599162725156
"POOLPIDM_00860",3.51983310201654,0.0312684479219187,1.00831778216738,0.0310105092609864,0.975261158526321,0.984599162725156
"POOLPIDM_00536",1.69744007883817,0.0412546528159834,1.35741396040164,0.0303920940991181,0.975754349939811,0.984719933553346
"POOLPIDM_01289",2.70701652055756,0.0321139187116044,1.07346621945645,0.0299160962213281,0.976133968666797,0.984726039573547
"POOLPIDM_01378",3.82885506574434,-0.0267232092653584,0.926932836858805,-0.0288297147352317,0.977000401793272,0.985223052458709
"POOLPIDM_01885",4.14178854677182,-0.024027466464107,0.851835359582345,-0.0282067023795393,0.977497291626624,0.985347174274486
"POOLPIDM_00592",455.878684045589,-0.00440191464156544,0.166148462714209,-0.0264938631971404,0.978863428341828,0.985970193774955
"POOLPIDM_01035",6.59848715677171,0.0180070966137291,0.677773738704807,0.0265680057892768,0.97880429192872,0.985970193774955
"POOLPIDM_02922",55.0489439357361,-0.00591162350443983,0.261217065268657,-0.0226310769488197,0.981944554351174,0.988695892005231
"POOLPIDM_00101",7.9467596466693,0.0122570830486685,0.627557265608915,0.0195314176416641,0.984417174165814,0.99058662514687
"POOLPIDM_00548",6.8451220197229,-0.0133984638225254,0.692968590888831,-0.0193348789522191,0.984573959743854,0.99058662514687
"POOLPIDM_01274",1.73186702187952,-0.0263112865541605,1.40171760630627,-0.0187707470005279,0.985023990222274,0.990661288907254
"POOLPIDM_00939",4.89105439164348,0.0139258342601639,0.783516782761456,0.0177734983685776,0.985819546658543,0.990705423176485
"POOLPIDM_01473",2.63514758143939,-0.0187557595939449,1.04525663761041,-0.0179436885823782,0.98568377616704,0.990705423176485
"POOLPIDM_00605",2.66762522784737,-0.0180069853491883,1.04396549403573,-0.0172486403545557,0.986238258558422,0.990748494496952
"POOLPIDM_00734",1.87675833046277,-0.0210627132170942,1.28245949528253,-0.0164236869036195,0.986896382880258,0.991031948675185
"POOLPIDM_01969",3.62033677474457,-0.0136405280518592,0.945281194140172,-0.0144301273911057,0.988486823707657,0.992251053805553
"POOLPIDM_02314",132.900682897936,0.0025958691663266,0.187190439436162,0.0138675307037349,0.988935665983577,0.992323721177277
"POOLPIDM_02386",12.8699399608613,0.00615178986695215,0.500075423938612,0.0123017240449459,0.99018489187124,0.992821367429665
"POOLPIDM_02902",52.1822069423518,-0.00331254197611534,0.266803705857303,-0.0124156520445297,0.990093997421124,0.992821367429665
"POOLPIDM_00185",59.6759048634651,-0.00271012437050201,0.253033711746125,-0.0107105268772295,0.99145439935222,0.993716272506635
"POOLPIDM_03064",23.128480755672,0.00376612768688122,0.381920886602247,0.00986101524948405,0.992132175689512,0.994017641625828
"POOLPIDM_00113",24.1171346052807,-0.0021673952965458,0.378057961806905,-0.0057329709079181,0.995425776081856,0.996715720256797
"POOLPIDM_00210",63.636122253207,-0.00129363256898468,0.250886476198333,-0.00515624671599288,0.995885928583681,0.996715720256797
"POOLPIDM_00878",7.37408954669096,0.00335501352716802,0.718693413843183,0.00466821242903455,0.996275318904501,0.996715720256797
"POOLPIDM_02856",12.8404943461041,0.00225430515728599,0.491118035309841,0.00459014940443751,0.996337603519218,0.996715720256797
"POOLPIDM_00809",1.08452442082542,-0.000816721017388663,1.70260279915781,-0.000479689694973281,0.999617263013083,0.999617263013083
"POOLPIDM_00002",0.74304538976233,2.03401705505673,2.04788691941246,0.993227231335749,0.320599230552127,NA
"POOLPIDM_00014",0.522126085624791,2.85686033919874,2.42628506323911,1.17746277322616,0.239010847614222,NA
"POOLPIDM_00016",0.268122671168556,-1.29681390196005,3.32059486071903,-0.390536622609613,0.696139779997389,NA
"POOLPIDM_00017",0.879020428046391,-0.529680506395864,1.8040315127442,-0.293609342549754,0.769056435971418,NA
"POOLPIDM_00065",0.273509440026373,-1.31869560485691,3.05324745079545,-0.431899355066474,0.665814563537728,NA
"POOLPIDM_00067",0.162643234368195,1.50868352409958,4.04195170992685,0.373256197097636,0.708957774106436,NA
"POOLPIDM_00068",0.587312201238949,-0.934432266821547,2.15967030324052,-0.432673573100236,0.665251931204872,NA
"POOLPIDM_00086",0,NA,NA,NA,NA,NA
"POOLPIDM_00090",0,NA,NA,NA,NA,NA
"POOLPIDM_00095",0.47144965243574,1.33243850397566,2.45584672235136,0.542557681572207,0.587434382578165,NA
"POOLPIDM_00149",0.634092886803935,1.8750447526507,2.21121665933695,0.847969711485869,0.396454839064781,NA
"POOLPIDM_00174",1.0620394607075,-0.0171768555324146,1.69495595957139,-0.0101341013820549,0.99191429537021,NA
"POOLPIDM_00176",0.660704417344115,-2.60196150700797,2.2388209438101,-1.16220170005193,0.245153544277577,NA
"POOLPIDM_00188",0,NA,NA,NA,NA,NA
"POOLPIDM_00213",0.645324962196237,-2.57303437134505,2.42051192300256,-1.06301247554001,0.287776293807036,NA
"POOLPIDM_00223",1.03128055041174,0.0316667150338099,1.70625079016464,0.0185592383114761,0.985192720345605,NA
"POOLPIDM_00244",0.87191492307635,-0.589288428582043,1.9597241468061,-0.30069968242339,0.763643510972919,NA
"POOLPIDM_00277",0.296704569952473,0.546920731426598,3.02347243341061,0.180891588553247,0.85645267129996,NA
"POOLPIDM_00278",0,NA,NA,NA,NA,NA
"POOLPIDM_00291",0,NA,NA,NA,NA,NA
"POOLPIDM_00292",0.162643234368195,1.50868352409958,4.04195170992685,0.373256197097636,0.708957774106436,NA
"POOLPIDM_00297",0,NA,NA,NA,NA,NA
"POOLPIDM_00299",0,NA,NA,NA,NA,NA
"POOLPIDM_00300",0.433333342761377,-1.96847246019132,2.77473157757189,-0.709428067241692,0.478058875448542,NA
"POOLPIDM_00301",0.313802761212576,0.546921202802749,2.96867774960836,0.184230572979806,0.853832576183659,NA
"POOLPIDM_00302",0.649472341951813,1.87609563169052,2.19757496335873,0.853711779107249,0.393264705966856,NA
"POOLPIDM_00303",0.522126085624791,2.85686033919874,2.42628506323911,1.17746277322616,0.239010847614222,NA
"POOLPIDM_00304",0.129064992439247,-0.414870728156822,4.0804728567969,-0.101672218567945,0.919016854217866,NA
"POOLPIDM_00305",0.179741425628298,1.50868709534143,3.88544400266306,0.388292070174576,0.697799904901896,NA
"POOLPIDM_00306",0,NA,NA,NA,NA,NA
"POOLPIDM_00307",0,NA,NA,NA,NA,NA
"POOLPIDM_00308",0,NA,NA,NA,NA,NA
"POOLPIDM_00309",0,NA,NA,NA,NA,NA
"POOLPIDM_00310",0,NA,NA,NA,NA,NA
"POOLPIDM_00311",0.291708226807442,0.54692058513905,3.04027669527444,0.179891713799978,0.857237580511932,NA
"POOLPIDM_00312",0.32528646873639,2.23181913129263,3.09185534957983,0.721838145369875,0.470393994042884,NA
"POOLPIDM_00313",0.324185873215424,0.546921465780475,2.93766400921244,0.186175636173961,0.852307029438435,NA
"POOLPIDM_00314",0.760143581022433,2.06525804887358,2.1122350354634,0.977759583663229,0.32819324472184,NA
"POOLPIDM_00315",0,NA,NA,NA,NA,NA
"POOLPIDM_00316",0.78872547980635,3.39021447042494,2.02861733822363,1.67119466374748,0.0946832339430156,NA
"POOLPIDM_00319",0.806708228389491,0.77454787952013,2.08260280177561,0.371913395516301,0.709957331235731,NA
"POOLPIDM_00322",0.639089229948966,1.87538841245754,2.2067266086534,0.849850817542799,0.395408032440721,NA
"POOLPIDM_00323",0.32528646873639,2.23181913129263,3.09185534957983,0.721838145369875,0.470393994042884,NA
"POOLPIDM_00324",0.179741425628298,1.50868709534143,3.88544400266306,0.388292070174576,0.697799904901896,NA
"POOLPIDM_00327",0.273509440026373,-1.31869560485691,3.05324745079545,-0.431899355066474,0.665814563537728,NA
"POOLPIDM_00334",0,NA,NA,NA,NA,NA
"POOLPIDM_00335",0,NA,NA,NA,NA,NA
"POOLPIDM_00336",0,NA,NA,NA,NA,NA
"POOLPIDM_00337",0,NA,NA,NA,NA,NA
"POOLPIDM_00339",0,NA,NA,NA,NA,NA
"POOLPIDM_00340",0,NA,NA,NA,NA,NA
"POOLPIDM_00341",0,NA,NA,NA,NA,NA
"POOLPIDM_00342",0,NA,NA,NA,NA,NA
"POOLPIDM_00343",0,NA,NA,NA,NA,NA
"POOLPIDM_00344",0,NA,NA,NA,NA,NA
"POOLPIDM_00347",0.179741425628298,1.50868709534143,3.88544400266306,0.388292070174576,0.697799904901896,NA
"POOLPIDM_00348",0.533198788363117,2.70797101170368,2.61222436520224,1.03665330121597,0.299897462990972,NA
"POOLPIDM_00365",0.134061335584278,-0.414870728156822,4.0804728567969,-0.101672218567945,0.919016854217866,NA
"POOLPIDM_00366",0.833340338002371,-1.65898912850045,1.9166438809004,-0.865569835394298,0.386726103507816,NA
"POOLPIDM_00370",0.266599394181559,1.50869830799233,3.34682287477508,0.450785226599038,0.65214434993334,NA
"POOLPIDM_00378",0.724846602981261,0.603099708176188,2.06335021570126,0.292291489630235,0.770063765143507,NA
"POOLPIDM_00387",0.866918579931319,-0.572906175173713,1.87110840016841,-0.306185454098837,0.759463446857879,NA
"POOLPIDM_00388",0.179741425628298,1.50868709534143,3.88544400266306,0.388292070174576,0.697799904901896,NA
"POOLPIDM_00401",0.134061335584278,-0.414870728156822,4.0804728567969,-0.101672218567945,0.919016854217866,NA
"POOLPIDM_00417",0.677643235950243,1.70739718902765,2.32973928178987,0.732870498588969,0.463637417982646,NA
"POOLPIDM_00448",0.437871410506793,-0.299672623654626,2.64714485947776,-0.113205978351237,0.909867256100398,NA
"POOLPIDM_00449",0.134061335584278,-0.414870728156822,4.0804728567969,-0.101672218567945,0.919016854217866,NA
"POOLPIDM_00451",0.162643234368195,1.50868352409958,4.04195170992685,0.373256197097636,0.708957774106436,NA
"POOLPIDM_00465",0.291708226807442,0.54692058513905,3.04027669527444,0.179891713799978,0.857237580511932,NA
"POOLPIDM_00472",0.536635768049899,-2.29798248327523,2.24525309926048,-1.0234848285176,0.306078669559083,NA
"POOLPIDM_00477",0.342384659996493,2.28257152667748,2.8305905188793,0.806394111565528,0.420015641115652,NA
"POOLPIDM_00489",0,NA,NA,NA,NA,NA
"POOLPIDM_00490",0.162643234368195,1.50868352409958,4.04195170992685,0.373256197097636,0.708957774106436,NA
"POOLPIDM_00516",0.324185873215424,0.546921465780475,2.93766400921244,0.186175636173961,0.852307029438435,NA
"POOLPIDM_00549",0.580402155394135,1.53311257373747,2.32219923807184,0.66019855170155,0.509126421583302,NA
"POOLPIDM_00550",0.144444447587126,-0.414870728156822,4.0804728567969,-0.101672218567945,0.919016854217866,NA
"POOLPIDM_00551",0.454351461175637,1.28596332625312,2.61791016532903,0.491217515132531,0.623272612157073,NA
"POOLPIDM_00553",0.129064992439247,-0.414870728156822,4.0804728567969,-0.101672218567945,0.919016854217866,NA
"POOLPIDM_00554",0,NA,NA,NA,NA,NA
"POOLPIDM_00557",1.04555941003865,-0.842455672588474,1.75126943407531,-0.48105428907534,0.630477914705872,NA
"POOLPIDM_00558",0.129064992439247,-0.414870728156822,4.0804728567969,-0.101672218567945,0.919016854217866,NA
"POOLPIDM_00559",0.417953887613499,-1.92456449278058,2.60483951946451,-0.738841866609971,0.460003025904422,NA
"POOLPIDM_00565",0.524729379060053,-0.302325501237969,2.51064314721494,-0.120417551802748,0.904152388242137,NA
"POOLPIDM_00604",0.622609179280122,0.50466381167416,2.23720270431193,0.225578044716951,0.821529618511198,NA
"POOLPIDM_00623",0.591885862917948,2.97070723787759,2.33815958754216,1.27053228261479,0.203895091075581,NA
"POOLPIDM_00624",0.639089229948966,1.87538841245754,2.2067266086534,0.849850817542799,0.395408032440721,NA
"POOLPIDM_00676",0.263126328023525,-1.27632814635439,3.09522534915361,-0.412353868419761,0.680080070538341,NA
"POOLPIDM_00737",0.291708226807442,0.54692058513905,3.04027669527444,0.179891713799978,0.857237580511932,NA
"POOLPIDM_00749",0.748236699494919,-0.207543095399793,2.06561617133819,-0.100475150359294,0.919967110130794,NA
"POOLPIDM_00750",0.977980244714725,-0.36957286048253,1.82431765701341,-0.202581419448386,0.839462214003016,NA
"POOLPIDM_00761",0.9762615086025,-0.430624396690064,1.81169525127187,-0.237691408854635,0.812120447477871,NA
"POOLPIDM_00764",0,NA,NA,NA,NA,NA
"POOLPIDM_00776",0.392191320462773,-1.85383090236966,2.65819784462583,-0.697401401523822,0.485551624696499,NA
"POOLPIDM_00777",0,NA,NA,NA,NA,NA
"POOLPIDM_00778",0.32528646873639,2.23181913129263,3.09185534957983,0.721838145369875,0.470393994042884,NA
"POOLPIDM_00779",0.144444447587126,-0.414870728156822,4.0804728567969,-0.101672218567945,0.919016854217866,NA
"POOLPIDM_00780",0.545105177352963,-0.371127671104849,2.36233648200311,-0.157101951365606,0.875164499713297,NA
"POOLPIDM_00785",0,NA,NA,NA,NA,NA
"POOLPIDM_00786",0.412567118755682,-1.91048120374437,2.61553828844686,-0.73043518887993,0.465124215559505,NA
"POOLPIDM_00791",0,NA,NA,NA,NA,NA
"POOLPIDM_00810",0,NA,NA,NA,NA,NA
"POOLPIDM_00811",0,NA,NA,NA,NA,NA
"POOLPIDM_00812",0.266599394181559,1.50869830799233,3.34682287477508,0.450785226599038,0.65214434993334,NA
"POOLPIDM_00813",0.179741425628298,1.50868709534143,3.88544400266306,0.388292070174576,0.697799904901896,NA
"POOLPIDM_00814",0,NA,NA,NA,NA,NA
"POOLPIDM_00815",0.134061335584278,-0.414870728156822,4.0804728567969,-0.101672218567945,0.919016854217866,NA
"POOLPIDM_00816",0.129064992439247,-0.414870728156822,4.0804728567969,-0.101672218567945,0.919016854217866,NA
"POOLPIDM_00817",0,NA,NA,NA,NA,NA
"POOLPIDM_00818",0,NA,NA,NA,NA,NA
"POOLPIDM_00819",0.872110382201577,1.15470240966853,1.85376266019991,0.622896573795485,0.533352489684768,NA
"POOLPIDM_00820",0,NA,NA,NA,NA,NA
"POOLPIDM_00821",0,NA,NA,NA,NA,NA
"POOLPIDM_00822",0.704470804688351,0.670301771931764,2.16315017639741,0.309872971024189,0.756657557786563,NA
"POOLPIDM_00825",0.162643234368195,1.50868352409958,4.04195170992685,0.373256197097636,0.708957774106436,NA
"POOLPIDM_00827",0,NA,NA,NA,NA,NA
"POOLPIDM_00829",1.00873915501048,-0.421693836404601,1.8124663754865,-0.232662984598217,0.816023114460344,NA
"POOLPIDM_00841",0,NA,NA,NA,NA,NA
"POOLPIDM_00845",0.134061335584278,-0.414870728156822,4.0804728567969,-0.101672218567945,0.919016854217866,NA
"POOLPIDM_00846",0,NA,NA,NA,NA,NA
"POOLPIDM_00847",0.179741425628298,1.50868709534143,3.88544400266306,0.388292070174576,0.697799904901896,NA
"POOLPIDM_00849",0,NA,NA,NA,NA,NA
"POOLPIDM_00850",0,NA,NA,NA,NA,NA
"POOLPIDM_00851",0,NA,NA,NA,NA,NA
"POOLPIDM_00852",0.541632111194929,-2.30813460155368,2.23979068242012,-1.03051352953202,0.302769004431258,NA
"POOLPIDM_00854",0.739572323604296,-0.112044671844432,1.98880176434421,-0.0563377777781574,0.955072724295576,NA
"POOLPIDM_00872",0.308806418067545,0.546921070229443,2.9841903086332,0.183272852487729,0.854583934185178,NA
"POOLPIDM_00875",0.179741425628298,1.50868709534143,3.88544400266306,0.388292070174576,0.697799904901896,NA
"POOLPIDM_00901",0,NA,NA,NA,NA,NA
"POOLPIDM_00902",0,NA,NA,NA,NA,NA
"POOLPIDM_00905",0.933169927393475,2.42719988240435,1.90677684253521,1.2729333754532,0.203041684681285,NA
"POOLPIDM_00910",0.441149017539599,-0.372838043623979,2.49734529279454,-0.149293749927056,0.881321846840992,NA
"POOLPIDM_00912",0.957408987296588,-1.90865938256243,1.86742307255514,-1.02208193237694,0.306742123730369,NA
"POOLPIDM_00922",1.03712608720684,2.54247857832922,1.92562738306762,1.32033777702046,0.186722268133473,NA
"POOLPIDM_00923",0.476445995580771,1.33271188905419,2.44888293474684,0.54421216716591,0.586295480031966,NA
"POOLPIDM_00931",0.94289930487148,1.44695780622431,1.89597524416807,0.763173364565325,0.44536001139665,NA
"POOLPIDM_00933",0,NA,NA,NA,NA,NA
"POOLPIDM_00936",0,NA,NA,NA,NA,NA
"POOLPIDM_00937",0,NA,NA,NA,NA,NA
"POOLPIDM_00943",1.04338239852681,0.0652149171160982,1.71756456153867,0.0379694123740395,0.96971206982386,NA
"POOLPIDM_00944",0.811704571534521,0.759552538058816,2.07841904406171,0.365447256764196,0.71477757108646,NA
"POOLPIDM_00951",0.695842022731312,3.13369355254052,2.23533930839862,1.40188719482836,0.160948934904677,NA
"POOLPIDM_00952",0.737853587492072,-0.184843939063012,2.07315871523909,-0.0891605344560868,0.92895432935823,NA
"POOLPIDM_00953",0,NA,NA,NA,NA,NA
"POOLPIDM_00955",0.739572323604296,-0.112044671844432,1.98880176434421,-0.0563377777781574,0.955072724295576,NA
"POOLPIDM_00958",0.747136103973953,-1.39412775199301,2.09758953294246,-0.664633251691217,0.506285095876371,NA
"POOLPIDM_00960",0,NA,NA,NA,NA,NA
"POOLPIDM_00961",0,NA,NA,NA,NA,NA
"POOLPIDM_00962",0,NA,NA,NA,NA,NA
"POOLPIDM_00963",0,NA,NA,NA,NA,NA
"POOLPIDM_00964",0.591885862917948,2.97070723787759,2.33815958754216,1.27053228261479,0.203895091075581,NA
"POOLPIDM_00965",0.266599394181559,1.50869830799233,3.34682287477508,0.450785226599038,0.65214434993334,NA
"POOLPIDM_00966",0.712940213991415,3.16230436805408,2.22095096852096,1.4238515000446,0.154489463939525,NA
"POOLPIDM_00969",0.273509440026373,-1.31869560485691,3.05324745079545,-0.431899355066474,0.665814563537728,NA
"POOLPIDM_00971",0.144444447587126,-0.414870728156822,4.0804728567969,-0.101672218567945,0.919016854217866,NA
"POOLPIDM_00973",0.144444447587126,-0.414870728156822,4.0804728567969,-0.101672218567945,0.919016854217866,NA
"POOLPIDM_01003",0.307087681955321,0.546921023669982,2.98961918752244,0.182940029938471,0.854845073521712,NA
"POOLPIDM_01030",0.407570775610651,-1.89651857106239,2.47226655031792,-0.767117352624663,0.44301174564436,NA
"POOLPIDM_01034",0,NA,NA,NA,NA,NA
"POOLPIDM_01049",0.620890443167897,0.427108967870339,2.14604043658149,0.199021863982534,0.842245641717386,NA
"POOLPIDM_01053",0.55548828935581,-0.406932372755984,2.46632385748939,-0.164995514080711,0.868947512910814,NA
"POOLPIDM_01054",0.395664386620806,0.546922892061363,2.76340175619746,0.197916531982649,0.843110369373029,NA
"POOLPIDM_01088",1.0009799155156,-0.888217622949645,1.78928177820301,-0.496410142756661,0.619605070446368,NA
"POOLPIDM_01102",0.670697103634177,-2.61986146540016,2.07791476047209,-1.26081277020475,0.207376311741063,NA
"POOLPIDM_01105",0.552015223197777,-2.32842955442013,2.22870090896219,-1.04474743338458,0.296139715815569,NA
"POOLPIDM_01112",0.402184006752834,-1.88163764590485,2.84545993466667,-0.661277153468435,0.508434590251212,NA
"POOLPIDM_01113",0,NA,NA,NA,NA,NA
"POOLPIDM_01130",0,NA,NA,NA,NA,NA
"POOLPIDM_01150",0.79784839337364,-1.32759492117175,2.06249260126349,-0.643684695091007,0.519779916472734,NA
"POOLPIDM_01153",0.695842022731312,3.13369355254052,2.23533930839862,1.40188719482836,0.160948934904677,NA
"POOLPIDM_01159",1.02674297520399,2.54291565822854,1.93001308429171,1.3175639475842,0.187649661026228,NA
"POOLPIDM_01162",0.392191320462773,-1.85383090236966,2.65819784462583,-0.697401401523822,0.485551624696499,NA
"POOLPIDM_01167",0.575210353123877,-0.946955520113293,2.26692302286469,-0.417727249916336,0.676146546482443,NA
"POOLPIDM_01168",0.313802761212576,0.546921202802749,2.96867774960836,0.184230572979806,0.853832576183659,NA
"POOLPIDM_01169",0,NA,NA,NA,NA,NA
"POOLPIDM_01170",0.536635768049899,-2.29798248327523,2.24525309926048,-1.0234848285176,0.306078669559083,NA
"POOLPIDM_01171",0.557011566342808,-2.33952414557919,2.34318850035759,-0.998436167308843,0.31806790307828,NA
"POOLPIDM_01172",0.129064992439247,-0.414870728156822,4.0804728567969,-0.101672218567945,0.919016854217866,NA
"POOLPIDM_01173",0.162643234368195,1.50868352409958,4.04195170992685,0.373256197097636,0.708957774106436,NA
"POOLPIDM_01174",0.129064992439247,-0.414870728156822,4.0804728567969,-0.101672218567945,0.919016854217866,NA
"POOLPIDM_01175",0,NA,NA,NA,NA,NA
"POOLPIDM_01176",0,NA,NA,NA,NA,NA
"POOLPIDM_01179",0.129064992439247,-0.414870728156822,4.0804728567969,-0.101672218567945,0.919016854217866,NA
"POOLPIDM_01201",0.129064992439247,-0.414870728156822,4.0804728567969,-0.101672218567945,0.919016854217866,NA
"POOLPIDM_01206",0.134061335584278,-0.414870728156822,4.0804728567969,-0.101672218567945,0.919016854217866,NA
"POOLPIDM_01221",0.825134237511364,-2.91072197158738,2.07100828861652,-1.40546128549384,0.159884153779216,NA
"POOLPIDM_01258",0.828343994857341,-1.65126005083606,1.93577922474773,-0.853020855749315,0.393647738722344,NA
"POOLPIDM_01272",0.417953887613499,-1.92456449278058,2.60483951946451,-0.738841866609971,0.460003025904422,NA
"POOLPIDM_01273",0.144444447587126,-0.414870728156822,4.0804728567969,-0.101672218567945,0.919016854217866,NA
"POOLPIDM_01285",1.0559425220415,-0.857474439107804,1.76472692675732,-0.485896387767715,0.627040629628007,NA
"POOLPIDM_01290",0.144444447587126,-0.414870728156822,4.0804728567969,-0.101672218567945,0.919016854217866,NA
"POOLPIDM_01293",0.833535797127599,0.0853289893244963,2.01885139520981,0.0422661071176209,0.966286563731881,NA
"POOLPIDM_01303",0.291708226807442,0.54692058513905,3.04027669527444,0.179891713799978,0.857237580511932,NA
"POOLPIDM_01336",1.05094617889647,-0.853424166304713,1.82889687762193,-0.46663328957858,0.640762265526605,NA
"POOLPIDM_01337",0.342384659996493,2.28257152667748,2.8305905188793,0.806394111565528,0.420015641115652,NA
"POOLPIDM_01345",0.453250865654671,-0.355225813039347,2.47938773283799,-0.143271586099502,0.886075695308238,NA
"POOLPIDM_01370",0.144444447587126,-0.414870728156822,4.0804728567969,-0.101672218567945,0.919016854217866,NA
"POOLPIDM_01447",0.144444447587126,-0.414870728156822,4.0804728567969,-0.101672218567945,0.919016854217866,NA
"POOLPIDM_01448",0.850438529262475,-1.65904839601592,1.90796254363988,-0.869539290247755,0.384552227410784,NA
"POOLPIDM_01491",0.587312201238949,-0.934432266821547,2.15967030324052,-0.432673573100236,0.665251931204872,NA
"POOLPIDM_01506",0,NA,NA,NA,NA,NA
"POOLPIDM_01573",0,NA,NA,NA,NA,NA
"POOLPIDM_01601",0,NA,NA,NA,NA,NA
"POOLPIDM_01608",0.307087681955321,0.546921023669982,2.98961918752244,0.182940029938471,0.854845073521712,NA
"POOLPIDM_01609",0.395664386620806,0.546922892061363,2.76340175619746,0.197916531982649,0.843110369373029,NA
"POOLPIDM_01611",0.162643234368195,1.50868352409958,4.04195170992685,0.373256197097636,0.708957774106436,NA
"POOLPIDM_01612",0,NA,NA,NA,NA,NA
"POOLPIDM_01616",0.879020428046391,-0.529680506395864,1.8040315127442,-0.293609342549754,0.769056435971418,NA
"POOLPIDM_01618",0.964972767666245,-3.13543432726251,1.97171297930509,-1.59020829105034,0.111787862257897,NA
"POOLPIDM_01623",0.914317406087564,0.471671405002495,1.80914254012149,0.260715446429567,0.794311953389999,NA
"POOLPIDM_01625",0.718131523724005,0.540093343686549,2.14927845393415,0.251290540180093,0.801589488409968,NA
"POOLPIDM_01626",0,NA,NA,NA,NA,NA
"POOLPIDM_01627",0,NA,NA,NA,NA,NA
"POOLPIDM_01629",0,NA,NA,NA,NA,NA
"POOLPIDM_01631",0.288888895174251,-1.38277175306285,3.22948420332156,-0.428171084299051,0.668526566751625,NA
"POOLPIDM_01638",0,NA,NA,NA,NA,NA
"POOLPIDM_01640",0.291708226807442,0.54692058513905,3.04027669527444,0.179891713799978,0.857237580511932,NA
"POOLPIDM_01645",0.785252413648316,1.04393258181682,1.96131029797868,0.532262836172679,0.594543968028077,NA
"POOLPIDM_01649",0.47144965243574,1.33243850397566,2.45584672235136,0.542557681572207,0.587434382578165,NA
"POOLPIDM_01650",0,NA,NA,NA,NA,NA
"POOLPIDM_01651",0.627605522425152,0.486574466422961,2.34177624975588,0.207780084230372,0.835400683725948,NA
"POOLPIDM_01679",0,NA,NA,NA,NA,NA
"POOLPIDM_01682",0.70684278278775,-2.67886117838402,2.19988115871012,-1.21772995226467,0.223326610909789,NA
"POOLPIDM_01690",0.324185873215424,0.546921465780475,2.93766400921244,0.186175636173961,0.852307029438435,NA
"POOLPIDM_01739",0,NA,NA,NA,NA,NA
"POOLPIDM_01740",0,NA,NA,NA,NA,NA
"POOLPIDM_01749",0.820137894366333,-2.90330096232093,1.96025841032877,-1.48108073253158,0.138585061510337,NA
"POOLPIDM_01761",0.573687076136879,1.49196973879652,2.33080996692005,0.64010784232574,0.522102490864162,NA
"POOLPIDM_01782",0,NA,NA,NA,NA,NA
"POOLPIDM_01783",0,NA,NA,NA,NA,NA
"POOLPIDM_01784",0,NA,NA,NA,NA,NA
"POOLPIDM_01785",0,NA,NA,NA,NA,NA
"POOLPIDM_01786",0,NA,NA,NA,NA,NA
"POOLPIDM_01787",0,NA,NA,NA,NA,NA
"POOLPIDM_01789",0,NA,NA,NA,NA,NA
"POOLPIDM_01790",0,NA,NA,NA,NA,NA
"POOLPIDM_01791",0,NA,NA,NA,NA,NA
"POOLPIDM_01792",0,NA,NA,NA,NA,NA
"POOLPIDM_01793",0.144444447587126,-0.414870728156822,4.0804728567969,-0.101672218567945,0.919016854217866,NA
"POOLPIDM_01794",0,NA,NA,NA,NA,NA
"POOLPIDM_01795",0,NA,NA,NA,NA,NA
"POOLPIDM_01796",0,NA,NA,NA,NA,NA
"POOLPIDM_01800",0.454351461175637,1.28596332625312,2.61791016532903,0.491217515132531,0.623272612157073,NA
"POOLPIDM_01807",0.656187421209069,1.90748438439274,2.19145816427951,0.87041788681367,0.384072075233228,NA
"POOLPIDM_01809",1.05532487398791,3.77561815734562,1.86411138130736,2.02542519465637,0.0428237225456625,NA
"POOLPIDM_01813",0.291708226807442,0.54692058513905,3.04027669527444,0.179891713799978,0.857237580511932,NA
"POOLPIDM_01814",0,NA,NA,NA,NA,NA
"POOLPIDM_01818",0.951368714174544,3.6776604234692,1.90292665012062,1.93263383180644,0.0532813216462053,NA
"POOLPIDM_01822",0,NA,NA,NA,NA,NA
"POOLPIDM_01823",0,NA,NA,NA,NA,NA
"POOLPIDM_01824",0,NA,NA,NA,NA,NA
"POOLPIDM_01825",0,NA,NA,NA,NA,NA
"POOLPIDM_01826",1.0397499597148,1.51730582225001,1.78877198793172,0.848238809913611,0.396304987468976,NA
"POOLPIDM_01827",0,NA,NA,NA,NA,NA
"POOLPIDM_01830",0,NA,NA,NA,NA,NA
"POOLPIDM_01832",1.00895519320841,2.63345973186707,1.90938547936179,1.37921847648454,0.16782740302388,NA
"POOLPIDM_01833",0.291708226807442,0.54692058513905,3.04027669527444,0.179891713799978,0.857237580511932,NA
"POOLPIDM_01834",0.429242628549754,2.46824068262574,2.63380142717713,0.937140004996948,0.348686545638332,NA
"POOLPIDM_01838",0,NA,NA,NA,NA,NA
"POOLPIDM_01845",0.129064992439247,-0.414870728156822,4.0804728567969,-0.101672218567945,0.919016854217866,NA
"POOLPIDM_01875",0.144444447587126,-0.414870728156822,4.0804728567969,-0.101672218567945,0.919016854217866,NA
"POOLPIDM_01946",0.842005206430663,2.18241283760017,2.06237390837171,1.05820425129565,0.28996233351306,NA
"POOLPIDM_01950",0,NA,NA,NA,NA,NA
"POOLPIDM_01951",0.129064992439247,-0.414870728156822,4.0804728567969,-0.101672218567945,0.919016854217866,NA
"POOLPIDM_01952",0.441149017539599,-0.372838043623979,2.49734529279454,-0.149293749927056,0.881321846840992,NA
"POOLPIDM_01953",0.40257443246562,-1.88262370324232,2.63600459547077,-0.714195910916498,0.4751060450453,NA
"POOLPIDM_01972",0.933823431657702,-3.09926892286094,1.88290122430508,-1.64600717385203,0.0997622820523756,NA
"POOLPIDM_01978",0.958968350754838,1.26528402735381,1.8710545701831,0.676241114244992,0.498887572810625,NA
"POOLPIDM_01979",0.924700518090411,0.451407700664938,1.80373109795848,0.250263302094118,0.802383734288324,NA
"POOLPIDM_02009",0.998551009595192,-1.96132522583128,1.91502440467297,-1.02417766637612,0.305751365547472,NA
"POOLPIDM_02015",0.459347804320668,1.28634562574485,2.60928509173456,0.492987765047068,0.622021232365893,NA
"POOLPIDM_02030",0,NA,NA,NA,NA,NA
"POOLPIDM_02050",0,NA,NA,NA,NA,NA
"POOLPIDM_02074",0,NA,NA,NA,NA,NA
"POOLPIDM_02075",0,NA,NA,NA,NA,NA
"POOLPIDM_02136",0.950498941451774,-0.385689060426919,1.83909703374726,-0.209716536620723,0.833888918179854,NA
"POOLPIDM_02166",0.829213767580112,2.30426227261933,2.02144015674567,1.13991119891918,0.254323298912018,NA
"POOLPIDM_02186",0.476445995580771,1.33271188905419,2.44888293474684,0.54421216716591,0.586295480031966,NA
"POOLPIDM_02192",0.47144965243574,1.33243850397566,2.45584672235136,0.542557681572207,0.587434382578165,NA
"POOLPIDM_02203",0.266599394181559,1.50869830799233,3.34682287477508,0.450785226599038,0.65214434993334,NA
"POOLPIDM_02204",0.308806418067545,0.546921070229443,2.9841903086332,0.183272852487729,0.854583934185178,NA
"POOLPIDM_02209",0.838727106860188,-1.66643911211663,2.0014455858919,-0.832617745824961,0.405060347447547,NA
"POOLPIDM_02210",0.917790472245597,2.42727773714576,1.91342775337908,1.26854945678468,0.204601800816166,NA
"POOLPIDM_02214",0.67417016979221,-0.934346830839677,2.0926535428617,-0.446489020615405,0.655244041781035,NA
"POOLPIDM_02218",0.258129984878495,-1.25249970098972,3.36856278650884,-0.371820203561591,0.710026720182325,NA
"POOLPIDM_02219",0.411043841768684,0.546923141088424,2.73183609308684,0.200203497740023,0.841321431752615,NA
"POOLPIDM_02220",0,NA,NA,NA,NA,NA
"POOLPIDM_02222",0.929696861235442,0.445832737747041,1.74313923691626,0.255764271898182,0.798132863370808,NA
"POOLPIDM_02223",0,NA,NA,NA,NA,NA
"POOLPIDM_02225",0.397187663607803,-1.86811288730655,2.64740090354486,-0.705640345141969,0.480411827734705,NA
"POOLPIDM_02229",0,NA,NA,NA,NA,NA
"POOLPIDM_02232",0.696459670784903,-2.66065082847394,2.07907271196758,-1.27972957037946,0.200640261078255,NA
"POOLPIDM_02262",0.681080215637024,-2.63624512959165,2.07039753441245,-1.27330383937102,0.202910244847546,NA
"POOLPIDM_02268",0.666570533211917,1.90802810836575,2.18267134472272,0.874171053273318,0.382025107469065,NA
"POOLPIDM_02269",0.945076316383321,0.41099312680408,1.79349459252247,0.229157717295393,0.818746334854686,NA
"POOLPIDM_02270",0.179741425628298,1.50868709534143,3.88544400266306,0.388292070174576,0.697799904901896,NA
"POOLPIDM_02275",0.342384659996493,2.28257152667748,2.8305905188793,0.806394111565528,0.420015641115652,NA
"POOLPIDM_02287",1.03365302104881,0.572545493105253,1.69838369436055,0.33711198182506,0.736032485377658,NA
"POOLPIDM_02355",0.134061335584278,-0.414870728156822,4.0804728567969,-0.101672218567945,0.919016854217866,NA
"POOLPIDM_02361",0.884016771191422,-0.537957912093543,1.801968642399,-0.298538997536243,0.765291816562174,NA
"POOLPIDM_02362",0.998356043007634,-0.411358402092316,1.74649932032181,-0.235533101734342,0.813794989918615,NA
"POOLPIDM_02452",0.536635768049899,-2.29798248327523,2.24525309926048,-1.0234848285176,0.306078669559083,NA
"POOLPIDM_02463",0,NA,NA,NA,NA,NA
"POOLPIDM_02535",0.288888895174251,-1.38277175306285,3.22948420332156,-0.428171084299051,0.668526566751625,NA
"POOLPIDM_02536",0,NA,NA,NA,NA,NA
"POOLPIDM_02552",0.441149017539599,-0.372838043623979,2.49734529279454,-0.149293749927056,0.881321846840992,NA
"POOLPIDM_02560",0.738049046617299,2.03411205426883,2.05093637719357,0.991796760196059,0.321296678408156,NA
"POOLPIDM_02561",0.162643234368195,1.50868352409958,4.04195170992685,0.373256197097636,0.708957774106436,NA
"POOLPIDM_02563",0.587312201238949,-0.934432266821547,2.15967030324052,-0.432673573100236,0.665251931204872,NA
"POOLPIDM_02565",0.714463490978413,0.639371320182624,2.153437532115,0.29690729851572,0.766537283893054,NA
"POOLPIDM_02567",0.407570775610651,-1.89651857106239,2.47226655031792,-0.767117352624663,0.44301174564436,NA
"POOLPIDM_02576",0.600514644874988,0.484163580040068,2.26045301581597,0.214188738563671,0.830399877634084,NA
"POOLPIDM_02577",0,NA,NA,NA,NA,NA
"POOLPIDM_02581",0.870814327555384,-1.68975351154504,1.98421629422201,-0.851597437469674,0.394437562362779,NA
"POOLPIDM_02586",0.134061335584278,-0.414870728156822,4.0804728567969,-0.101672218567945,0.919016854217866,NA
"POOLPIDM_02591",0.179741425628298,1.50868709534143,3.88544400266306,0.388292070174576,0.697799904901896,NA
"POOLPIDM_02592",0.162643234368195,1.50868352409958,4.04195170992685,0.373256197097636,0.708957774106436,NA
"POOLPIDM_02606",0.753428501765177,2.03382133727675,2.041655107719,0.996163029488852,0.319170939299179,NA
"POOLPIDM_02617",0,NA,NA,NA,NA,NA
"POOLPIDM_02619",0.777436738870095,-0.126380310039972,2.0421226825104,-0.0618867373259925,0.950653029333021,NA
"POOLPIDM_02630",0.853716136295281,-1.68985332725151,1.99402195594291,-0.847459739455295,0.396738918641498,NA
"POOLPIDM_02632",0.296704569952473,0.546920731426598,3.02347243341061,0.180891588553247,0.85645267129996,NA
"POOLPIDM_02634",0,NA,NA,NA,NA,NA
"POOLPIDM_02635",0.563303964134032,1.49258950329492,2.3416762560307,0.637402159863447,0.523862921868929,NA
"POOLPIDM_02639",0,NA,NA,NA,NA,NA
"POOLPIDM_02648",0.291708226807442,0.54692058513905,3.04027669527444,0.179891713799978,0.857237580511932,NA
"POOLPIDM_02649",0,NA,NA,NA,NA,NA
"POOLPIDM_02650",0,NA,NA,NA,NA,NA
"POOLPIDM_02652",0.266599394181559,1.50869830799233,3.34682287477508,0.450785226599038,0.65214434993334,NA
"POOLPIDM_02654",0.134061335584278,-0.414870728156822,4.0804728567969,-0.101672218567945,0.919016854217866,NA
"POOLPIDM_02664",0.162643234368195,1.50868352409958,4.04195170992685,0.373256197097636,0.708957774106436,NA
"POOLPIDM_02683",0,NA,NA,NA,NA,NA
"POOLPIDM_02687",0.342384659996493,2.28257152667748,2.8305905188793,0.806394111565528,0.420015641115652,NA
"POOLPIDM_02689",0,NA,NA,NA,NA,NA
"POOLPIDM_02697",1.01136302751844,-0.90080869059502,1.76881063136775,-0.509273674988294,0.61056040751341,NA
"POOLPIDM_02698",0.162643234368195,1.50868352409958,4.04195170992685,0.373256197097636,0.708957774106436,NA
"POOLPIDM_02699",0,NA,NA,NA,NA,NA
"POOLPIDM_02709",0,NA,NA,NA,NA,NA
"POOLPIDM_02716",0.446340819809857,2.5127293085356,2.6013522311681,0.965931978925938,0.33407821915516,NA
"POOLPIDM_02720",0,NA,NA,NA,NA,NA
"POOLPIDM_02726",0.590785267396983,1.53230614650105,2.31182109321593,0.662813463808953,0.507450029568109,NA
"POOLPIDM_02731",0.650321305341267,-2.58423490802057,2.24827821568166,-1.14942843372125,0.250379361100421,NA
"POOLPIDM_02736",0,NA,NA,NA,NA,NA
"POOLPIDM_02740",0.768154222388213,1.01497617537457,1.9723630943145,0.514599050398138,0.606833228822654,NA
"POOLPIDM_02749",0,NA,NA,NA,NA,NA
"POOLPIDM_02750",0,NA,NA,NA,NA,NA
"POOLPIDM_02751",1.04056306689362,-0.835380687953717,1.75284409550553,-0.47658584702183,0.633657063516474,NA
"POOLPIDM_02753",0,NA,NA,NA,NA,NA
"POOLPIDM_02756",0.71985025983623,0.617453993753079,2.06764716931169,0.298626382159112,0.765225133421118,NA
"POOLPIDM_02759",0.266599394181559,1.50869830799233,3.34682287477508,0.450785226599038,0.65214434993334,NA
"POOLPIDM_02764",0,NA,NA,NA,NA,NA
"POOLPIDM_02765",0.397187663607803,-1.86811288730655,2.64740090354486,-0.705640345141969,0.480411827734705,NA
"POOLPIDM_02766",0.134061335584278,-0.414870728156822,4.0804728567969,-0.101672218567945,0.919016854217866,NA
"POOLPIDM_02768",0.437871410506793,-0.299672623654626,2.64714485947776,-0.113205978351237,0.909867256100398,NA
"POOLPIDM_02773",0.308806418067545,0.546921070229443,2.9841903086332,0.183272852487729,0.854583934185178,NA
"POOLPIDM_02775",1.00895519320841,2.63345973186707,1.90938547936179,1.37921847648454,0.16782740302388,NA
"POOLPIDM_02781",0.88359408972539,2.38158347370142,2.01070640912375,1.18445112767074,0.236234531517366,NA
"POOLPIDM_02782",0,NA,NA,NA,NA,NA
"POOLPIDM_02785",0.296704569952473,0.546920731426598,3.02347243341061,0.180891588553247,0.85645267129996,NA
"POOLPIDM_02789",0,NA,NA,NA,NA,NA
"POOLPIDM_02792",0.667671128732882,3.22555728267471,2.2319770534566,1.44515700897524,0.148413788905306,NA
"POOLPIDM_02793",0.179741425628298,1.50868709534143,3.88544400266306,0.388292070174576,0.697799904901896,NA
"POOLPIDM_02797",0.486829107583619,1.33327341388834,2.43478093195719,0.547594814953883,0.583970150474965,NA
"POOLPIDM_02808",0.278505783171404,-1.3391563180702,3.03407179798263,-0.441372652737028,0.658943236921079,NA
"POOLPIDM_02809",0.843723450005219,-1.67402698483127,1.9121145838929,-0.875484659200231,0.381310253707777,NA
"POOLPIDM_02810",0,NA,NA,NA,NA,NA
"POOLPIDM_02811",0,NA,NA,NA,NA,NA
"POOLPIDM_02812",1.05165634870465,-0.00287885728109531,1.7162483196113,-0.00167741302246247,0.998661618674925,NA
"POOLPIDM_02813",0,NA,NA,NA,NA,NA
"POOLPIDM_02814",0.994460295383569,0.533347630928872,1.76986542545122,0.301349256988224,0.763148183850018,NA
"POOLPIDM_02815",0.813618274234305,-1.35575687874693,2.03504897590432,-0.666203563058949,0.50528099580924,NA
"POOLPIDM_02818",1.00182910916567,1.23462044166929,1.91126503378875,0.645970297076945,0.518298591837678,NA
"POOLPIDM_02819",0,NA,NA,NA,NA,NA
"POOLPIDM_02821",1.02174613952129,-0.916729584207235,1.78224928546074,-0.514366644265618,0.60699567532935,NA
"POOLPIDM_02822",0.411043841768684,0.546923141088424,2.73183609308684,0.200203497740023,0.841321431752615,NA
"POOLPIDM_02823",0.441149017539599,-0.372838043623979,2.49734529279454,-0.149293749927056,0.881321846840992,NA
"POOLPIDM_02838",0.411043841768684,0.546923141088424,2.73183609308684,0.200203497740023,0.841321431752615,NA
"POOLPIDM_02857",0,NA,NA,NA,NA,NA
"POOLPIDM_02895",0.937296497815735,-1.65932670863,1.86937630949326,-0.887636534283352,0.374736294836043,NA
"POOLPIDM_02932",0.563303964134032,1.49258950329492,2.3416762560307,0.637402159863447,0.523862921868929,NA
"POOLPIDM_02933",0,NA,NA,NA,NA,NA
"POOLPIDM_02934",0,NA,NA,NA,NA,NA
"POOLPIDM_02935",0.273509440026373,-1.31869560485691,3.05324745079545,-0.431899355066474,0.665814563537728,NA
"POOLPIDM_02940",0.162643234368195,1.50868352409958,4.04195170992685,0.373256197097636,0.708957774106436,NA
"POOLPIDM_02941",0,NA,NA,NA,NA,NA
"POOLPIDM_02943",0.476445995580771,1.33271188905419,2.44888293474684,0.54421216716591,0.586295480031966,NA
"POOLPIDM_02957",1.0132772227559,0.622792401083225,1.84668303819676,0.337249212886781,0.735929041486003,NA
"POOLPIDM_02962",0.313802761212576,0.546921202802749,2.96867774960836,0.184230572979806,0.853832576183659,NA
"POOLPIDM_02974",0,NA,NA,NA,NA,NA
"POOLPIDM_02975",0,NA,NA,NA,NA,NA
"POOLPIDM_02980",0.709467147833382,0.645901915109936,2.07664148897282,0.311031980503011,0.755776309641986,NA
"POOLPIDM_02981",0.266599394181559,1.50869830799233,3.34682287477508,0.450785226599038,0.65214434993334,NA
"POOLPIDM_02982",0.855012190941474,1.13079300839616,1.92123253812895,0.588576856759576,0.556145162657255,NA
"POOLPIDM_02984",0,NA,NA,NA,NA,NA
"POOLPIDM_02993",0,NA,NA,NA,NA,NA
"POOLPIDM_02994",0.134061335584278,-0.414870728156822,4.0804728567969,-0.101672218567945,0.919016854217866,NA
"POOLPIDM_02998",0.420773219246689,-0.299098635237307,2.67985490784587,-0.111610010811268,0.911132634141683,NA
"POOLPIDM_03000",0.278505783171404,-1.3391563180702,3.03407179798263,-0.441372652737028,0.658943236921079,NA
"POOLPIDM_03003",0,NA,NA,NA,NA,NA
"POOLPIDM_03004",0,NA,NA,NA,NA,NA
"POOLPIDM_03005",0,NA,NA,NA,NA,NA
"POOLPIDM_03006",0,NA,NA,NA,NA,NA
"POOLPIDM_03007",0,NA,NA,NA,NA,NA
"POOLPIDM_03008",0,NA,NA,NA,NA,NA
"POOLPIDM_03009",0,NA,NA,NA,NA,NA
"POOLPIDM_03010",0,NA,NA,NA,NA,NA
"POOLPIDM_03011",0.162643234368195,1.50868352409958,4.04195170992685,0.373256197097636,0.708957774106436,NA
"POOLPIDM_03012",0,NA,NA,NA,NA,NA
"POOLPIDM_03016",0,NA,NA,NA,NA,NA
"POOLPIDM_03035",0.129064992439247,-0.414870728156822,4.0804728567969,-0.101672218567945,0.919016854217866,NA
"POOLPIDM_03037",0.934270522914441,3.65801924923825,1.92776439538602,1.8975447715465,0.0577560756373446,NA
"POOLPIDM_03043",0.134061335584278,-0.414870728156822,4.0804728567969,-0.101672218567945,0.919016854217866,NA
"POOLPIDM_03044",0,NA,NA,NA,NA,NA
"POOLPIDM_03045",0,NA,NA,NA,NA,NA
"POOLPIDM_03046",0,NA,NA,NA,NA,NA
"POOLPIDM_03047",0,NA,NA,NA,NA,NA
"POOLPIDM_03048",0,NA,NA,NA,NA,NA
"POOLPIDM_03049",0,NA,NA,NA,NA,NA
"POOLPIDM_03050",0,NA,NA,NA,NA,NA
"POOLPIDM_03051",0,NA,NA,NA,NA,NA
"POOLPIDM_03052",0,NA,NA,NA,NA,NA
"POOLPIDM_03053",0.429242628549754,2.46824068262574,2.63380142717713,0.937140004996948,0.348686545638332,NA
"POOLPIDM_03056",0.783533677536091,0.975074246367646,1.95983282752356,0.497529295700057,0.618815849326617,NA
"POOLPIDM_03058",0.524729379060053,-0.302325501237969,2.51064314721494,-0.120417551802748,0.904152388242137,NA
"POOLPIDM_03059",1.04685546468484,1.56266392689608,1.78903919475864,0.873465450882365,0.382409429708871,NA
"POOLPIDM_03067",0,NA,NA,NA,NA,NA
"POOLPIDM_03068",0,NA,NA,NA,NA,NA
"POOLPIDM_03071",0,NA,NA,NA,NA,NA
"POOLPIDM_03079",0,NA,NA,NA,NA,NA
"POOLPIDM_03084",0.858907938565539,0.0193406998183794,1.91079571489102,0.0101218040566322,0.991924106713089,NA
"POOLPIDM_03085",0.134061335584278,-0.414870728156822,4.0804728567969,-0.101672218567945,0.919016854217866,NA
"POOLPIDM_03086",0.263126328023525,-1.27632814635439,3.09522534915361,-0.412353868419761,0.680080070538341,NA
"POOLPIDM_03087",0.608984054178052,3.00024893300362,2.21053215298047,1.35725188568661,0.174701189556252,NA
"POOLPIDM_03088",0.162643234368195,1.50868352409958,4.04195170992685,0.373256197097636,0.708957774106436,NA
"POOLPIDM_03089",0,NA,NA,NA,NA,NA
"POOLPIDM_03098",0,NA,NA,NA,NA,NA
"POOLPIDM_03099",0.278505783171404,-1.3391563180702,3.03407179798263,-0.441372652737028,0.658943236921079,NA
"POOLPIDM_03101",0,NA,NA,NA,NA,NA
"POOLPIDM_03102",0.441149017539599,-0.372838043623979,2.49734529279454,-0.149293749927056,0.881321846840992,NA
"POOLPIDM_03110",0,NA,NA,NA,NA,NA
"POOLPIDM_03116",0,NA,NA,NA,NA,NA
"POOLPIDM_03130",0.565217666833815,-0.922069075231291,2.27746139124629,-0.404867050117899,0.685575239647837,NA
"POOLPIDM_03131",0,NA,NA,NA,NA,NA
"POOLPIDM_03137",0.524729379060053,-0.302325501237969,2.51064314721494,-0.120417551802748,0.904152388242137,NA
