"","BH1","BH2","BH3","Serum1","Serum2","Serum3"
"POOLPIDM_00001",1.73333337104551,0.804368013505669,1.54877990927097,0,3.90343762483668,4.31379421507915
"POOLPIDM_00002",0,0.804368013505669,0,1.59959636508935,0.975859406209169,1.07844855376979
"POOLPIDM_00003",9.5333335407503,4.82620808103401,6.19511963708387,23.9939454763403,15.6137504993467,6.47069132261873
"POOLPIDM_00004",0.866666685522754,1.60873602701134,0.774389954635484,3.1991927301787,0.975859406209169,0
"POOLPIDM_00005",66.7333347852521,52.2839208778685,47.2377872327645,47.9878909526806,40.0102356545759,55.0008762422592
"POOLPIDM_00006",6.06666679865928,5.63057609453968,3.87194977317742,11.1971745556255,11.71031287451,16.1767283065468
"POOLPIDM_00007",0.866666685522754,3.21747205402267,1.54877990927097,4.79878909526806,8.78273465588252,5.39224276884894
"POOLPIDM_00008",3.46666674209102,4.82620808103401,4.6463397278129,11.1971745556255,6.83101584346418,15.098279752777
"POOLPIDM_00009",4.33333342761377,8.84804814856235,4.6463397278129,7.99798182544676,7.80687524967335,14.0198311990073
"POOLPIDM_00010",7.80000016970479,8.84804814856235,9.29267945562581,7.99798182544676,11.71031287451,6.47069132261873
"POOLPIDM_00011",6.06666679865928,3.21747205402267,6.19511963708387,11.1971745556255,7.80687524967335,6.47069132261873
"POOLPIDM_00012",12.1333335973186,13.6742562295964,12.3902392741677,20.7947527461616,17.565469311765,10.7844855376979
"POOLPIDM_00013",11.2666669117958,8.04368013505668,6.96950959171936,9.59757819053611,7.80687524967335,1.07844855376979
"POOLPIDM_00014",0,0,0,0,0.975859406209169,2.15689710753958
"POOLPIDM_00015",14.7333336538868,8.84804814856235,15.4877990927097,6.39838546035741,11.71031287451,9.7060369839281
"POOLPIDM_00016",0,1.60873602701134,0,0,0,0
"POOLPIDM_00017",0.866666685522754,0.804368013505669,1.54877990927097,0,0.975859406209169,1.07844855376979
"POOLPIDM_00018",6.06666679865928,8.84804814856235,4.6463397278129,0,0,2.15689710753958
"POOLPIDM_00019",17.3333337104551,27.3485124591927,18.5853589112516,9.59757819053611,17.565469311765,17.2551768603166
"POOLPIDM_00020",26.8666672512054,28.9572484862041,30.2012082307839,33.5915236668764,32.2033604049026,31.2750080593239
"POOLPIDM_00021",61.5333346721156,46.6533447833288,53.4329068698484,19.1951563810722,17.565469311765,15.098279752777
"POOLPIDM_00022",105.733335633776,82.0455373775782,83.6341151006323,180.754389255097,121.006566369937,130.492275006144
"POOLPIDM_00023",84.9333351812299,74.8062252560272,77.4389954635484,67.1830473337528,87.8273465588252,86.2758843015831
"POOLPIDM_00024",73.6666682694341,103.763473742231,91.3780146469871,110.372149191165,116.127269338891,129.413826452375
"POOLPIDM_00025",3.46666674209102,9.65241616206802,5.42072968244839,4.79878909526806,2.92757821862751,1.07844855376979
"POOLPIDM_00026",2.60000005656826,1.60873602701134,0.774389954635484,0,1.95171881241834,1.07844855376979
"POOLPIDM_00027",22.5333338235916,16.0873602701134,17.0365790019806,12.7967709207148,9.75859406209169,6.47069132261873
"POOLPIDM_00028",24.2666671946371,22.5223043781587,20.9085287751581,12.7967709207148,19.5171881241834,22.6474196291656
"POOLPIDM_00029",20.8000004525461,19.304832324136,20.1341388205226,14.3963672858042,4.87929703104584,14.0198311990073
"POOLPIDM_00030",162.933336878278,184.200275092798,174.237739792984,38.3903127621445,81.9721901215702,72.2560531025758
"POOLPIDM_00031",13.0000002828413,16.0873602701134,9.29267945562581,17.5955600159829,17.565469311765,24.8043167367051
"POOLPIDM_00032",39.8666675340467,57.9144969724081,55.7560767337548,57.5854691432167,77.0928930905243,77.6482958714248
"POOLPIDM_00033",35.5333341064329,36.1965606077551,49.560957096671,6.39838546035741,16.5896099055559,22.6474196291656
"POOLPIDM_00034",18.2000003959778,20.1092003376417,22.457308684429,14.3963672858042,17.565469311765,9.7060369839281
"POOLPIDM_00035",89.2666686088437,81.2411693640725,68.1463160079226,425.492633113768,255.675164426802,260.984550012289
"POOLPIDM_00036",36.4000007919557,28.9572484862041,28.6524283215129,62.3842582384847,40.9860950607851,36.6672508281728
"POOLPIDM_00037",49.400001074797,69.1756491614875,73.567045690371,44.7886982225019,84.8997683401977,111.080201038288
"POOLPIDM_00038",0.866666685522754,3.21747205402267,5.42072968244839,73.5814327941102,42.9378138732034,73.3345016563456
"POOLPIDM_00039",2.60000005656826,4.02184006752834,2.32316986390645,25.5935418414296,36.1067980297392,30.1965595055541
"POOLPIDM_00040",14.7333336538868,4.82620808103401,6.19511963708387,111.971745556255,68.3101584346418,81.9620900865039
"POOLPIDM_00041",11.2666669117958,7.23931212155102,8.51828950099032,4.79878909526806,10.7344534683009,11.8629340914677
"POOLPIDM_00042",6.06666679865928,9.65241616206802,5.42072968244839,4.79878909526806,5.85515643725501,4.31379421507915
"POOLPIDM_00043",170.733337047983,162.482338728145,185.079199157881,100.774571000629,126.861722807192,102.45261260813
"POOLPIDM_00044",94.4666687219802,123.068306066367,87.5060648738097,71.9818364290208,66.3584396222235,64.7069132261873
"POOLPIDM_00045",18.2000003959778,16.0873602701134,30.9755981854194,6.39838546035741,5.85515643725501,6.47069132261873
"POOLPIDM_00046",61.5333346721156,65.9581771074648,59.6280265069323,47.9878909526806,30.2516415924842,31.2750080593239
"POOLPIDM_00047",107.466669004822,122.263938052862,100.670694102613,65.5834509686634,29.2757821862751,32.3534566130937
"POOLPIDM_00048",17.3333337104551,12.065520202585,17.8109689566161,12.7967709207148,14.6378910931375,9.7060369839281
"POOLPIDM_00049",60.6666679865928,62.7407050534421,82.8597251459968,31.991927301787,36.1067980297392,49.6086334734103
"POOLPIDM_00050",18.2000003959778,10.4567841755737,14.7134091380742,11.1971745556255,3.90343762483668,8.62758843015831
"POOLPIDM_00051",24.2666671946371,32.1747205402267,20.1341388205226,4.79878909526806,24.3964851552292,15.098279752777
"POOLPIDM_00052",22.5333338235916,23.3266723916644,20.1341388205226,7.99798182544676,7.80687524967335,4.31379421507915
"POOLPIDM_00053",34.6666674209102,30.5659845132154,30.9755981854194,7.99798182544676,11.71031287451,9.7060369839281
"POOLPIDM_00054",31.2000006788192,24.9354084186757,31.7499881400548,35.1911200319658,30.2516415924842,24.8043167367051
"POOLPIDM_00055",23.4000005091144,22.5223043781587,24.7804785483355,11.1971745556255,17.565469311765,33.4319051668634
"POOLPIDM_00056",77.1333350115251,90.8935855261405,95.2499644201645,111.971745556255,106.368675276799,107.844855376979
"POOLPIDM_00057",52.0000011313653,54.6970249183855,40.2682776410452,91.1769928100931,68.3101584346418,79.8051929789644
"POOLPIDM_00058",19.0666670815006,27.3485124591927,29.4268182761484,47.9878909526806,57.575704966341,45.2948392583311
"POOLPIDM_00059",147.333336538868,127.894514147401,114.609713286052,438.289404034483,339.599073360791,306.27938927062
"POOLPIDM_00060",43.3333342761377,40.2184006752834,44.1402274142226,35.1911200319658,36.1067980297392,22.6474196291656
"POOLPIDM_00061",7.80000016970479,8.04368013505668,4.6463397278129,1.59959636508935,8.78273465588252,7.54913987638852
"POOLPIDM_00062",1.73333337104551,2.41310404051701,0,1.59959636508935,0.975859406209169,1.07844855376979
"POOLPIDM_00063",37.2666674774784,41.0227686887891,41.8170575503161,71.9818364290208,69.286017840851,60.3931190111082
"POOLPIDM_00064",3.46666674209102,7.23931212155102,8.51828950099032,1.59959636508935,3.90343762483668,8.62758843015831
"POOLPIDM_00065",0.866666685522754,0,0.774389954635484,0,0,0
"POOLPIDM_00066",1.73333337104551,1.60873602701134,0,1.59959636508935,1.95171881241834,3.23534566130937
"POOLPIDM_00067",0,0,0,0,0.975859406209169,0
"POOLPIDM_00068",0.866666685522754,0.804368013505669,0.774389954635484,0,0,1.07844855376979
"POOLPIDM_00069",11.2666669117958,7.23931212155102,10.8414593648968,7.99798182544676,13.6620316869284,8.62758843015831
"POOLPIDM_00070",19.0666670815006,11.2611521890794,13.1646292288032,11.1971745556255,15.6137504993467,14.0198311990073
"POOLPIDM_00071",65.8666680997293,79.6324333370612,85.9572849645387,94.3761855402718,75.141174278106,87.3543328553529
"POOLPIDM_00072",0,2.41310404051701,0.774389954635484,0,1.95171881241834,2.15689710753958
"POOLPIDM_00073",33.8000007353874,30.5659845132154,26.3292584576065,27.193138206519,16.5896099055559,16.1767283065468
"POOLPIDM_00074",2.60000005656826,4.02184006752834,5.42072968244839,20.7947527461616,12.6861722807192,4.31379421507915
"POOLPIDM_00075",1.73333337104551,1.60873602701134,0.774389954635484,1.59959636508935,0.975859406209169,1.07844855376979
"POOLPIDM_00076",2.60000005656826,2.41310404051701,2.32316986390645,6.39838546035741,5.85515643725501,4.31379421507915
"POOLPIDM_00077",58.9333346155473,61.9363370399365,70.469485871829,14.3963672858042,14.6378910931375,26.9612138442447
"POOLPIDM_00078",1.73333337104551,0.804368013505669,2.32316986390645,1.59959636508935,0.975859406209169,2.15689710753958
"POOLPIDM_00079",7.80000016970479,13.6742562295964,6.96950959171936,14.3963672858042,13.6620316869284,9.7060369839281
"POOLPIDM_00080",9.5333335407503,14.478624243102,8.51828950099032,17.5955600159829,25.3723445614384,16.1767283065468
"POOLPIDM_00081",3.46666674209102,8.84804814856235,5.42072968244839,12.7967709207148,18.5413287179742,22.6474196291656
"POOLPIDM_00082",9.5333335407503,18.5004643106304,9.29267945562581,22.3943491112509,34.1550792173209,26.9612138442447
"POOLPIDM_00083",61.5333346721156,56.3057609453968,42.5914475049516,67.1830473337528,55.6239861539226,58.2362219035686
"POOLPIDM_00084",16.4666670249323,18.5004643106304,9.29267945562581,11.1971745556255,11.71031287451,8.62758843015831
"POOLPIDM_00085",182.000003959778,150.41681852556,175.786519702255,163.158829239114,137.596176275493,132.649172113684
"POOLPIDM_00086",0,0,0,0,0,0
"POOLPIDM_00087",6.93333348418204,4.82620808103401,0,4.79878909526806,7.80687524967335,4.31379421507915
"POOLPIDM_00088",10.4000002262731,13.6742562295964,13.1646292288032,22.3943491112509,38.0585168421576,24.8043167367051
"POOLPIDM_00089",8.66666685522754,4.82620808103401,7.74389954635484,20.7947527461616,19.5171881241834,38.8241479357124
"POOLPIDM_00090",0,0,0,0,0,0
"POOLPIDM_00091",4.33333342761377,1.60873602701134,6.96950959171936,7.99798182544676,6.83101584346418,7.54913987638852
"POOLPIDM_00092",14.7333336538868,15.2829922566077,10.8414593648968,9.59757819053611,5.85515643725501,6.47069132261873
"POOLPIDM_00093",8.66666685522754,5.63057609453968,5.42072968244839,0,8.78273465588252,7.54913987638852
"POOLPIDM_00094",6.06666679865928,4.82620808103401,9.29267945562581,9.59757819053611,16.5896099055559,12.9413826452375
"POOLPIDM_00095",0,0,0.774389954635484,0,0.975859406209169,1.07844855376979
"POOLPIDM_00096",41.6000009050922,25.7397764321814,35.6219379132323,3.1991927301787,2.92757821862751,5.39224276884894
"POOLPIDM_00097",58.9333346155473,50.6751848508571,58.0792465976613,7.99798182544676,6.83101584346418,6.47069132261873
"POOLPIDM_00098",91.0000019798892,77.2193292965442,102.993863966519,4.79878909526806,19.5171881241834,14.0198311990073
"POOLPIDM_00099",6.93333348418204,10.4567841755737,12.3902392741677,4.79878909526806,8.78273465588252,6.47069132261873
"POOLPIDM_00100",37.2666674774784,38.6096646482721,31.7499881400548,30.3923309366977,13.6620316869284,20.490522521626
"POOLPIDM_00101",7.80000016970479,5.63057609453968,10.0670694102613,9.59757819053611,4.87929703104584,9.7060369839281
"POOLPIDM_00102",13.0000002828413,7.23931212155102,12.3902392741677,4.79878909526806,7.80687524967335,7.54913987638852
"POOLPIDM_00103",16.4666670249323,15.2829922566077,12.3902392741677,14.3963672858042,5.85515643725501,4.31379421507915
"POOLPIDM_00104",26.0000005656826,25.7397764321814,35.6219379132323,92.7765891751824,66.3584396222235,65.7853617799571
"POOLPIDM_00105",58.0666679300246,57.9144969724081,58.0792465976613,118.370131016612,122.958285182355,113.237098145828
"POOLPIDM_00106",6.06666679865928,8.84804814856235,6.96950959171936,38.3903127621445,30.2516415924842,40.981045043252
"POOLPIDM_00107",36.4000007919557,33.7834565672381,37.1707178225032,9.59757819053611,5.85515643725501,5.39224276884894
"POOLPIDM_00108",24.2666671946371,18.5004643106304,30.9755981854194,12.7967709207148,1.95171881241834,0
"POOLPIDM_00109",1645.80003580771,1448.66679232371,1347.43852106574,1382.0512594372,981.714562646424,1043.93820004916
"POOLPIDM_00110",4.33333342761377,4.02184006752834,6.19511963708387,6.39838546035741,3.90343762483668,3.23534566130937
"POOLPIDM_00111",8.66666685522754,3.21747205402267,3.87194977317742,11.1971745556255,14.6378910931375,8.62758843015831
"POOLPIDM_00112",4.33333342761377,1.60873602701134,2.32316986390645,7.99798182544676,8.78273465588252,6.47069132261873
"POOLPIDM_00113",22.5333338235916,28.9572484862041,20.1341388205226,31.991927301787,19.5171881241834,21.5689710753958
"POOLPIDM_00114",241.800005260848,224.418675768081,188.951148931058,502.273258638057,323.985322861444,360.201816959109
"POOLPIDM_00115",34.6666674209102,41.0227686887891,24.7804785483355,70.3822400639315,59.5274237787593,61.471567564878
"POOLPIDM_00116",9.5333335407503,12.8698882160907,9.29267945562581,17.5955600159829,28.2999227800659,26.9612138442447
"POOLPIDM_00117",4.33333342761377,9.65241616206802,9.29267945562581,11.1971745556255,17.565469311765,10.7844855376979
"POOLPIDM_00118",130.866669513936,106.980945796254,111.51215346751,129.567305572238,124.910003994774,122.943135129756
"POOLPIDM_00119",11.2666669117958,11.2611521890794,6.96950959171936,20.7947527461616,13.6620316869284,20.490522521626
"POOLPIDM_00120",5.20000011313653,8.04368013505668,5.42072968244839,20.7947527461616,24.3964851552292,22.6474196291656
"POOLPIDM_00121",24.2666671946371,12.8698882160907,15.4877990927097,11.1971745556255,26.3482039676476,19.4120739678562
"POOLPIDM_00122",18.2000003959778,13.6742562295964,14.7134091380742,31.991927301787,24.3964851552292,31.2750080593239
"POOLPIDM_00123",33.8000007353874,24.1310404051701,22.457308684429,54.386276413038,37.0826574359484,50.6870820271801
"POOLPIDM_00124",99.6666688351168,105.372209769243,82.0853351913613,142.364076492952,82.9480495277793,99.2172669468205
"POOLPIDM_00125",17.3333337104551,17.6960962971247,17.8109689566161,15.9959636508935,18.5413287179742,16.1767283065468
"POOLPIDM_00126",46.8000010182287,42.6315047158004,43.3658374595871,51.1870836828593,46.8412514980401,58.2362219035686
"POOLPIDM_00127",60.6666679865928,52.2839208778685,40.2682776410452,25.5935418414296,17.565469311765,17.2551768603166
"POOLPIDM_00128",64.1333347286838,46.6533447833288,53.4329068698484,36.7907163970551,41.9619544669943,34.5103537206332
"POOLPIDM_00129",15.6000003394096,17.6960962971247,17.0365790019806,4.79878909526806,8.78273465588252,3.23534566130937
"POOLPIDM_00130",53.7333345024108,63.5450730669478,65.8231461440161,20.7947527461616,22.4447663428109,23.7258681829354
"POOLPIDM_00131",83.2000018101844,64.3494410804535,86.7316749191742,35.1911200319658,44.8895326856218,49.6086334734103
"POOLPIDM_00132",58.0666679300246,63.5450730669478,56.5304666883903,25.5935418414296,38.0585168421576,29.1181109517843
"POOLPIDM_00133",203.666671097847,197.874531322394,171.140179974442,46.3882945875912,46.8412514980401,58.2362219035686
"POOLPIDM_00134",25.1333338801599,28.9572484862041,20.1341388205226,1.59959636508935,8.78273465588252,4.31379421507915
"POOLPIDM_00135",7.80000016970479,6.43494410804535,8.51828950099032,3.1991927301787,7.80687524967335,5.39224276884894
"POOLPIDM_00136",13.8666669683641,11.2611521890794,13.9390191834387,6.39838546035741,5.85515643725501,4.31379421507915
"POOLPIDM_00137",9.5333335407503,9.65241616206802,2.32316986390645,6.39838546035741,11.71031287451,5.39224276884894
"POOLPIDM_00138",53.7333345024108,51.4795528643628,51.8841269605774,51.1870836828593,62.4550019973868,66.8638103337269
"POOLPIDM_00139",7.80000016970479,17.6960962971247,9.29267945562581,22.3943491112509,14.6378910931375,26.9612138442447
"POOLPIDM_00140",26.8666672512054,37.8052966347664,35.6219379132323,41.5895054923232,43.9136732794126,49.6086334734103
"POOLPIDM_00141",11.2666669117958,9.65241616206802,14.7134091380742,3.1991927301787,4.87929703104584,4.31379421507915
"POOLPIDM_00142",88.400001923321,104.567841755737,101.445084057248,27.193138206519,23.4206257490201,29.1181109517843
"POOLPIDM_00143",12.1333335973186,7.23931212155102,5.42072968244839,11.1971745556255,15.6137504993467,8.62758843015831
"POOLPIDM_00144",22.5333338235916,21.717936364653,25.554868502971,51.1870836828593,37.0826574359484,42.0594935970218
"POOLPIDM_00145",45.933334332706,41.8271367022948,28.6524283215129,36.7907163970551,31.2275009986934,26.9612138442447
"POOLPIDM_00146",39.8666675340467,44.2402407428118,43.3658374595871,46.3882945875912,37.0826574359484,31.2750080593239
"POOLPIDM_00147",19.9333337670234,21.717936364653,13.1646292288032,30.3923309366977,46.8412514980401,40.981045043252
"POOLPIDM_00148",48.5333343892743,28.9572484862041,34.0731580039613,12.7967709207148,11.71031287451,17.2551768603166
"POOLPIDM_00149",0,0,0.774389954635484,0,1.95171881241834,1.07844855376979
"POOLPIDM_00150",6.06666679865928,4.02184006752834,6.96950959171936,6.39838546035741,5.85515643725501,7.54913987638852
"POOLPIDM_00151",8.66666685522754,6.43494410804535,3.09755981854194,7.99798182544676,13.6620316869284,11.8629340914677
"POOLPIDM_00152",29.4666673077737,27.3485124591927,21.6829187297936,76.7806255242889,63.430861403596,62.5500161186477
"POOLPIDM_00153",17.3333337104551,11.2611521890794,18.5853589112516,15.9959636508935,21.4689069366017,18.3336254140864
"POOLPIDM_00154",90.1333352943665,102.15473771522,111.51215346751,79.9798182544676,88.8032059650344,110.001752484518
"POOLPIDM_00155",38.1333341630012,32.1747205402267,34.8475479585968,11.1971745556255,33.1792198111117,32.3534566130937
"POOLPIDM_00156",26.8666672512054,42.6315047158004,21.6829187297936,20.7947527461616,10.7344534683009,8.62758843015831
"POOLPIDM_00157",20.8000004525461,17.6960962971247,15.4877990927097,7.99798182544676,20.4930475303925,10.7844855376979
"POOLPIDM_00158",9.5333335407503,12.8698882160907,6.96950959171936,9.59757819053611,3.90343762483668,5.39224276884894
"POOLPIDM_00159",42.466667590615,41.0227686887891,37.9451077771387,12.7967709207148,21.4689069366017,18.3336254140864
"POOLPIDM_00160",4.33333342761377,4.82620808103401,6.19511963708387,0,0,0
"POOLPIDM_00161",13.0000002828413,9.65241616206802,5.42072968244839,11.1971745556255,0,6.47069132261873
"POOLPIDM_00162",8.66666685522754,7.23931212155102,8.51828950099032,4.79878909526806,8.78273465588252,5.39224276884894
"POOLPIDM_00163",14.7333336538868,10.4567841755737,24.7804785483355,12.7967709207148,14.6378910931375,19.4120739678562
"POOLPIDM_00164",57.2000012445018,32.1747205402267,27.1036484122419,41.5895054923232,40.9860950607851,48.5301849196405
"POOLPIDM_00165",65.8666680997293,55.5013929318911,61.9511963708387,22.3943491112509,40.0102356545759,34.5103537206332
"POOLPIDM_00166",1.73333337104551,0.804368013505669,0,25.5935418414296,33.1792198111117,30.1965595055541
"POOLPIDM_00167",0,0,0.774389954635484,9.59757819053611,3.90343762483668,5.39224276884894
"POOLPIDM_00168",5.20000011313653,0.804368013505669,3.09755981854194,27.193138206519,11.71031287451,25.8827652904749
"POOLPIDM_00169",2.60000005656826,3.21747205402267,0,0,1.95171881241834,3.23534566130937
"POOLPIDM_00170",5.20000011313653,8.84804814856235,7.74389954635484,6.39838546035741,2.92757821862751,5.39224276884894
"POOLPIDM_00171",4.33333342761377,5.63057609453968,12.3902392741677,1.59959636508935,3.90343762483668,1.07844855376979
"POOLPIDM_00172",12.1333335973186,12.065520202585,13.9390191834387,7.99798182544676,7.80687524967335,5.39224276884894
"POOLPIDM_00173",2.60000005656826,3.21747205402267,4.6463397278129,7.99798182544676,1.95171881241834,2.15689710753958
"POOLPIDM_00174",1.73333337104551,1.60873602701134,0,0,1.95171881241834,1.07844855376979
"POOLPIDM_00175",29.4666673077737,24.1310404051701,27.8780383668774,15.9959636508935,8.78273465588252,21.5689710753958
"POOLPIDM_00176",0.866666685522754,0,3.09755981854194,0,0,0
"POOLPIDM_00177",17.3333337104551,11.2611521890794,17.8109689566161,28.7927345716083,15.6137504993467,16.1767283065468
"POOLPIDM_00178",192.400004186051,164.895442768662,139.390191834387,118.370131016612,111.247972307845,113.237098145828
"POOLPIDM_00179",1.73333337104551,0.804368013505669,3.09755981854194,0,0.975859406209169,0
"POOLPIDM_00180",136.933336312595,164.091074755156,147.134091380742,140.764480127863,143.451332712748,201.66987955495
"POOLPIDM_00181",290.333339650123,314.507893280716,284.201113351223,303.923309366977,381.561027827785,440.007009938074
"POOLPIDM_00182",16.4666670249323,16.891728283619,11.6158493195323,6.39838546035741,11.71031287451,9.7060369839281
"POOLPIDM_00183",58.0666679300246,67.5669131344762,73.567045690371,12.7967709207148,19.5171881241834,20.490522521626
"POOLPIDM_00184",510.466677772902,546.165881170349,570.725396566352,151.961654683488,162.968520836931,161.767283065468
"POOLPIDM_00185",66.7333347852521,57.1101289589025,54.9816867791194,63.9838546035741,52.6964079352951,62.5500161186477
"POOLPIDM_00186",26.8666672512054,30.5659845132154,24.0060885937,33.5915236668764,23.4206257490201,34.5103537206332
"POOLPIDM_00187",32.0666673643419,43.4358727293061,54.9816867791194,15.9959636508935,12.6861722807192,24.8043167367051
"POOLPIDM_00188",0,0,0,0,0,0
"POOLPIDM_00189",3.46666674209102,3.21747205402267,0.774389954635484,4.79878909526806,2.92757821862751,1.07844855376979
"POOLPIDM_00190",0,0,3.09755981854194,1.59959636508935,0.975859406209169,2.15689710753958
"POOLPIDM_00191",5.20000011313653,4.02184006752834,2.32316986390645,11.1971745556255,5.85515643725501,5.39224276884894
"POOLPIDM_00192",19.9333337670234,22.5223043781587,12.3902392741677,57.5854691432167,58.5515643725501,65.7853617799571
"POOLPIDM_00193",49.400001074797,51.4795528643628,46.463397278129,87.9778000799144,80.996330715361,59.3146704573384
"POOLPIDM_00194",3.46666674209102,2.41310404051701,0.774389954635484,1.59959636508935,0,1.07844855376979
"POOLPIDM_00195",37.2666674774784,38.6096646482721,20.1341388205226,11.1971745556255,19.5171881241834,14.0198311990073
"POOLPIDM_00196",64.1333347286838,62.7407050534421,77.4389954635484,67.1830473337528,98.5618000271261,76.569847317655
"POOLPIDM_00197",22.5333338235916,29.7616164997097,30.9755981854194,36.7907163970551,35.1309386235301,46.3732878121009
"POOLPIDM_00198",25.1333338801599,32.9790885537324,17.8109689566161,43.1891018574125,46.8412514980401,37.7456993819426
"POOLPIDM_00199",46.8000010182287,46.6533447833288,70.469485871829,30.3923309366977,41.9619544669943,38.8241479357124
"POOLPIDM_00200",20.8000004525461,28.1528804726984,25.554868502971,6.39838546035741,11.71031287451,20.490522521626
"POOLPIDM_00201",28.6000006222509,30.5659845132154,35.6219379132323,41.5895054923232,25.3723445614384,48.5301849196405
"POOLPIDM_00202",27.7333339367281,36.1965606077551,27.8780383668774,22.3943491112509,23.4206257490201,29.1181109517843
"POOLPIDM_00203",4.33333342761377,8.04368013505668,7.74389954635484,11.1971745556255,8.78273465588252,9.7060369839281
"POOLPIDM_00204",31.2000006788192,23.3266723916644,50.3353470513065,12.7967709207148,22.4447663428109,20.490522521626
"POOLPIDM_00205",96.2000020930257,151.221186539066,130.871902333397,111.971745556255,162.968520836931,162.845731619238
"POOLPIDM_00206",3.46666674209102,4.02184006752834,6.19511963708387,6.39838546035741,1.95171881241834,9.7060369839281
"POOLPIDM_00207",13.8666669683641,11.2611521890794,13.9390191834387,17.5955600159829,4.87929703104584,6.47069132261873
"POOLPIDM_00208",6.06666679865928,9.65241616206802,8.51828950099032,12.7967709207148,17.565469311765,9.7060369839281
"POOLPIDM_00209",15.6000003394096,12.065520202585,22.457308684429,11.1971745556255,13.6620316869284,14.0198311990073
"POOLPIDM_00210",57.2000012445018,57.9144969724081,75.115825599642,70.3822400639315,57.575704966341,63.6284646724175
"POOLPIDM_00211",6.06666679865928,6.43494410804535,5.42072968244839,6.39838546035741,10.7344534683009,10.7844855376979
"POOLPIDM_00212",35.5333341064329,32.1747205402267,37.1707178225032,78.3802218893783,73.1894554656877,64.7069132261873
"POOLPIDM_00213",0,0,3.87194977317742,0,0,0
"POOLPIDM_00214",29.4666673077737,28.9572484862041,24.0060885937,15.9959636508935,13.6620316869284,8.62758843015831
"POOLPIDM_00215",34.6666674209102,34.5878245807437,38.7194977317742,19.1951563810722,26.3482039676476,19.4120739678562
"POOLPIDM_00216",3.46666674209102,1.60873602701134,2.32316986390645,3.1991927301787,2.92757821862751,2.15689710753958
"POOLPIDM_00217",99.6666688351168,84.4586414180952,89.0548447830807,57.5854691432167,42.9378138732034,40.981045043252
"POOLPIDM_00218",14.7333336538868,21.717936364653,23.2316986390645,35.1911200319658,47.8171109042493,46.3732878121009
"POOLPIDM_00219",23.4000005091144,22.5223043781587,25.554868502971,39.9899091272338,42.9378138732034,45.2948392583311
"POOLPIDM_00220",10.4000002262731,22.5223043781587,12.3902392741677,22.3943491112509,21.4689069366017,19.4120739678562
"POOLPIDM_00221",51.1333344458425,58.7188649859138,55.7560767337548,52.7866800479486,88.8032059650344,53.9224276884894
"POOLPIDM_00222",69.3333348418204,71.5887532020045,76.6646055089129,121.569323746791,84.8997683401977,90.5896785166622
"POOLPIDM_00223",0,1.60873602701134,1.54877990927097,0,1.95171881241834,1.07844855376979
"POOLPIDM_00224",13.0000002828413,19.304832324136,14.7134091380742,1.59959636508935,9.75859406209169,9.7060369839281
"POOLPIDM_00226",1.73333337104551,4.82620808103401,4.6463397278129,7.99798182544676,2.92757821862751,3.23534566130937
"POOLPIDM_00227",58.9333346155473,68.3712811479818,50.3353470513065,108.772552826076,69.286017840851,58.2362219035686
"POOLPIDM_00228",42.466667590615,39.4140326617778,32.5243780946903,11.1971745556255,4.87929703104584,4.31379421507915
"POOLPIDM_00229",401.266675397035,390.118486550249,356.993769086958,95.9757819053611,86.851487152616,81.9620900865039
"POOLPIDM_00230",142.133336425732,143.177506404009,128.54873246949,15.9959636508935,39.0343762483668,33.4319051668634
"POOLPIDM_00231",63.2666680431611,61.9363370399365,68.1463160079226,30.3923309366977,18.5413287179742,29.1181109517843
"POOLPIDM_00232",39.000000848524,41.0227686887891,54.2072968244839,46.3882945875912,107.344534683009,77.6482958714248
"POOLPIDM_00233",30.3333339932964,39.4140326617778,39.4938876864097,59.185065508306,90.7549247774527,84.1189871940435
"POOLPIDM_00234",85.8000018667527,65.9581771074648,82.8597251459968,259.134611144475,233.230398083991,243.729373151972
"POOLPIDM_00235",23.4000005091144,26.5441444456871,37.1707178225032,51.1870836828593,60.5032831849685,78.7267444251946
"POOLPIDM_00236",48.5333343892743,34.5878245807437,54.2072968244839,63.9838546035741,75.141174278106,94.9034727317414
"POOLPIDM_00237",2.60000005656826,1.60873602701134,2.32316986390645,15.9959636508935,5.85515643725501,3.23534566130937
"POOLPIDM_00238",0,0.804368013505669,3.09755981854194,1.59959636508935,0.975859406209169,2.15689710753958
"POOLPIDM_00239",60.6666679865928,64.3494410804535,56.5304666883903,55.9858727781273,98.5618000271261,95.9819212855112
"POOLPIDM_00240",81.4666684391389,137.546930309469,122.353612832406,206.347931096526,207.858053522553,187.650048355943
"POOLPIDM_00241",6.93333348418204,5.63057609453968,6.19511963708387,9.59757819053611,12.6861722807192,9.7060369839281
"POOLPIDM_00242",13.8666669683641,27.3485124591927,18.5853589112516,23.9939454763403,32.2033604049026,43.1379421507915
"POOLPIDM_00243",11.2666669117958,8.84804814856235,16.2621890473452,33.5915236668764,29.2757821862751,34.5103537206332
"POOLPIDM_00244",0.866666685522754,2.41310404051701,0,0,1.95171881241834,0
"POOLPIDM_00245",39.8666675340467,46.6533447833288,44.9146173688581,41.5895054923232,53.6722673415043,52.8439791347196
"POOLPIDM_00246",23.4000005091144,31.3703525267211,20.9085287751581,35.1911200319658,21.4689069366017,43.1379421507915
"POOLPIDM_00247",4.33333342761377,5.63057609453968,10.8414593648968,4.79878909526806,8.78273465588252,10.7844855376979
"POOLPIDM_00248",52.866667816888,49.0664488238458,55.7560767337548,62.3842582384847,94.6583624022894,95.9819212855112
"POOLPIDM_00249",23.4000005091144,17.6960962971247,12.3902392741677,36.7907163970551,27.3240633738567,30.1965595055541
"POOLPIDM_00250",159.466670136187,163.286706741651,152.55482106319,105.573360095897,105.39281587059,113.237098145828
"POOLPIDM_00251",2.60000005656826,4.02184006752834,0,0,2.92757821862751,1.07844855376979
"POOLPIDM_00252",11.2666669117958,5.63057609453968,13.1646292288032,15.9959636508935,9.75859406209169,16.1767283065468
"POOLPIDM_00253",59.8000013010701,56.3057609453968,72.7926557357355,91.1769928100931,89.7790653712435,92.7465756242018
"POOLPIDM_00254",13.8666669683641,10.4567841755737,17.0365790019806,15.9959636508935,28.2999227800659,25.8827652904749
"POOLPIDM_00255",140.400003054686,123.872674079873,139.390191834387,71.9818364290208,80.996330715361,117.550892360907
"POOLPIDM_00256",32.9333340498647,38.6096646482721,39.4938876864097,9.59757819053611,26.3482039676476,18.3336254140864
"POOLPIDM_00257",34.6666674209102,62.7407050534421,48.7865671420355,35.1911200319658,30.2516415924842,28.0396623980145
"POOLPIDM_00258",26.8666672512054,39.4140326617778,33.2987680493258,27.193138206519,27.3240633738567,18.3336254140864
"POOLPIDM_00259",96.2000020930257,109.394049836771,137.067021970481,63.9838546035741,90.7549247774527,83.0405386402737
"POOLPIDM_00260",314.60000684476,357.943766010023,260.969414712158,190.351967445633,234.206257490201,226.474196291656
"POOLPIDM_00261",195.00000424262,188.222115160326,196.695048477413,135.965691032595,175.65469311765,167.159525834317
"POOLPIDM_00262",381.333341630012,468.946551873805,256.323074984345,489.476487717342,419.619544669943,407.65355332498
"POOLPIDM_00263",132.600002884981,137.546930309469,140.938971743658,148.76246195331,190.292584210788,187.650048355943
"POOLPIDM_00264",141.266669740209,152.829922566077,148.682871290013,174.356003794739,229.326960459155,276.082829765066
"POOLPIDM_00265",207.133337839938,264.637076443365,186.627979067152,180.754389255097,186.389146585951,154.21814318908
"POOLPIDM_00266",97.9333354640712,90.8935855261405,94.475574465529,36.7907163970551,34.1550792173209,46.3732878121009
"POOLPIDM_00267",143.866669796777,132.720722228435,138.615801879752,46.3882945875912,54.6481267477135,49.6086334734103
"POOLPIDM_00268",29.4666673077737,25.7397764321814,26.3292584576065,6.39838546035741,8.78273465588252,7.54913987638852
"POOLPIDM_00269",59.8000013010701,49.8708168373514,44.9146173688581,17.5955600159829,22.4447663428109,21.5689710753958
"POOLPIDM_00270",15.6000003394096,15.2829922566077,13.9390191834387,7.99798182544676,16.5896099055559,18.3336254140864
"POOLPIDM_00271",38.1333341630012,53.8926569048798,41.8170575503161,17.5955600159829,40.0102356545759,40.981045043252
"POOLPIDM_00272",17.3333337104551,15.2829922566077,14.7134091380742,12.7967709207148,20.4930475303925,15.098279752777
"POOLPIDM_00273",25.1333338801599,21.717936364653,18.5853589112516,44.7886982225019,31.2275009986934,36.6672508281728
"POOLPIDM_00274",2.60000005656826,3.21747205402267,4.6463397278129,23.9939454763403,31.2275009986934,35.588802274403
"POOLPIDM_00275",5.20000011313653,4.02184006752834,3.87194977317742,25.5935418414296,24.3964851552292,22.6474196291656
"POOLPIDM_00276",131.733336199459,105.372209769243,88.2804548284452,163.158829239114,160.040942618304,197.356085339871
"POOLPIDM_00277",0,0.804368013505669,0,0,0.975859406209169,0
"POOLPIDM_00278",0,0,0,0,0,0
"POOLPIDM_00279",1.73333337104551,1.60873602701134,0,4.79878909526806,2.92757821862751,0
"POOLPIDM_00280",20.8000004525461,16.0873602701134,20.9085287751581,62.3842582384847,47.8171109042493,58.2362219035686
"POOLPIDM_00281",1.73333337104551,1.60873602701134,0,7.99798182544676,13.6620316869284,12.9413826452375
"POOLPIDM_00283",13.8666669683641,14.478624243102,11.6158493195323,9.59757819053611,17.565469311765,5.39224276884894
"POOLPIDM_00284",253.933338858167,238.092931997678,259.420634802887,388.701916716713,328.86461989249,324.613014684706
"POOLPIDM_00285",93.6000020364575,70.7843851884988,66.5975360986516,529.466396844576,371.802433765693,350.495779975181
"POOLPIDM_00286",14.7333336538868,23.3266723916644,20.1341388205226,94.3761855402718,88.8032059650344,73.3345016563456
"POOLPIDM_00287",23.4000005091144,23.3266723916644,17.8109689566161,35.1911200319658,14.6378910931375,16.1767283065468
"POOLPIDM_00288",1.73333337104551,1.60873602701134,0,3.1991927301787,1.95171881241834,2.15689710753958
"POOLPIDM_00289",4.33333342761377,4.82620808103401,2.32316986390645,0,1.95171881241834,3.23534566130937
"POOLPIDM_00290",4.33333342761377,0.804368013505669,4.6463397278129,23.9939454763403,24.3964851552292,32.3534566130937
"POOLPIDM_00291",0,0,0,0,0,0
"POOLPIDM_00292",0,0,0,0,0.975859406209169,0
"POOLPIDM_00293",3.46666674209102,0.804368013505669,2.32316986390645,23.9939454763403,12.6861722807192,14.0198311990073
"POOLPIDM_00294",75.4000016404796,73.1974892290158,53.4329068698484,1257.28274296023,1011.96620423891,1001.87870645213
"POOLPIDM_00295",42.466667590615,41.8271367022948,32.5243780946903,22.3943491112509,24.3964851552292,20.490522521626
"POOLPIDM_00296",0,0,1.54877990927097,6.39838546035741,6.83101584346418,5.39224276884894
"POOLPIDM_00297",0,0,0,0,0,0
"POOLPIDM_00298",0.866666685522754,3.21747205402267,3.87194977317742,1.59959636508935,5.85515643725501,3.23534566130937
"POOLPIDM_00299",0,0,0,0,0,0
"POOLPIDM_00300",2.60000005656826,0,0,0,0,0
"POOLPIDM_00301",0,0.804368013505669,0,0,0,1.07844855376979
"POOLPIDM_00302",0.866666685522754,0,0,0,1.95171881241834,1.07844855376979
"POOLPIDM_00303",0,0,0,0,0.975859406209169,2.15689710753958
"POOLPIDM_00304",0,0,0.774389954635484,0,0,0
"POOLPIDM_00305",0,0,0,0,0,1.07844855376979
"POOLPIDM_00306",0,0,0,0,0,0
"POOLPIDM_00307",0,0,0,0,0,0
"POOLPIDM_00308",0,0,0,0,0,0
"POOLPIDM_00309",0,0,0,0,0,0
"POOLPIDM_00310",0,0,0,0,0,0
"POOLPIDM_00311",0,0,0.774389954635484,0,0.975859406209169,0
"POOLPIDM_00312",0,0,0,0,1.95171881241834,0
"POOLPIDM_00313",0.866666685522754,0,0,0,0,1.07844855376979
"POOLPIDM_00314",0,0.804368013505669,0,1.59959636508935,0,2.15689710753958
"POOLPIDM_00315",0,0,0,0,0,0
"POOLPIDM_00316",0,0,0,1.59959636508935,0.975859406209169,2.15689710753958
"POOLPIDM_00317",3.46666674209102,2.41310404051701,4.6463397278129,4.79878909526806,4.87929703104584,5.39224276884894
"POOLPIDM_00318",1.73333337104551,0.804368013505669,1.54877990927097,1.59959636508935,3.90343762483668,0
"POOLPIDM_00319",0.866666685522754,0,0.774389954635484,3.1991927301787,0,0
"POOLPIDM_00320",4.33333342761377,4.02184006752834,3.09755981854194,4.79878909526806,4.87929703104584,3.23534566130937
"POOLPIDM_00321",5.20000011313653,3.21747205402267,6.96950959171936,7.99798182544676,6.83101584346418,6.47069132261873
"POOLPIDM_00322",0,0.804368013505669,0,0,1.95171881241834,1.07844855376979
"POOLPIDM_00323",0,0,0,0,1.95171881241834,0
"POOLPIDM_00324",0,0,0,0,0,1.07844855376979
"POOLPIDM_00325",0.866666685522754,0.804368013505669,1.54877990927097,3.1991927301787,0,2.15689710753958
"POOLPIDM_00326",6.06666679865928,2.41310404051701,3.09755981854194,12.7967709207148,4.87929703104584,4.31379421507915
"POOLPIDM_00327",0.866666685522754,0,0.774389954635484,0,0,0
"POOLPIDM_00328",27.7333339367281,19.304832324136,25.554868502971,47.9878909526806,41.9619544669943,35.588802274403
"POOLPIDM_00329",0.866666685522754,0,0,1.59959636508935,4.87929703104584,2.15689710753958
"POOLPIDM_00330",3.46666674209102,3.21747205402267,2.32316986390645,6.39838546035741,5.85515643725501,2.15689710753958
"POOLPIDM_00331",10.4000002262731,12.8698882160907,14.7134091380742,35.1911200319658,25.3723445614384,37.7456993819426
"POOLPIDM_00332",3.46666674209102,7.23931212155102,6.19511963708387,3.1991927301787,7.80687524967335,4.31379421507915
"POOLPIDM_00333",0.866666685522754,3.21747205402267,0.774389954635484,3.1991927301787,3.90343762483668,1.07844855376979
"POOLPIDM_00334",0,0,0,0,0,0
"POOLPIDM_00335",0,0,0,0,0,0
"POOLPIDM_00336",0,0,0,0,0,0
"POOLPIDM_00337",0,0,0,0,0,0
"POOLPIDM_00339",0,0,0,0,0,0
"POOLPIDM_00340",0,0,0,0,0,0
"POOLPIDM_00341",0,0,0,0,0,0
"POOLPIDM_00342",0,0,0,0,0,0
"POOLPIDM_00343",0,0,0,0,0,0
"POOLPIDM_00344",0,0,0,0,0,0
"POOLPIDM_00345",15.6000003394096,12.065520202585,10.8414593648968,7.99798182544676,4.87929703104584,4.31379421507915
"POOLPIDM_00346",26.0000005656826,29.7616164997097,31.7499881400548,14.3963672858042,14.6378910931375,18.3336254140864
"POOLPIDM_00347",0,0,0,0,0,1.07844855376979
"POOLPIDM_00348",0,0,0,3.1991927301787,0,0
"POOLPIDM_00349",4.33333342761377,9.65241616206802,7.74389954635484,3.1991927301787,6.83101584346418,4.31379421507915
"POOLPIDM_00350",8.66666685522754,13.6742562295964,11.6158493195323,27.193138206519,22.4447663428109,12.9413826452375
"POOLPIDM_00351",3.46666674209102,2.41310404051701,3.87194977317742,1.59959636508935,7.80687524967335,2.15689710753958
"POOLPIDM_00352",39.000000848524,42.6315047158004,57.3048566430258,23.9939454763403,34.1550792173209,28.0396623980145
"POOLPIDM_00353",64.1333347286838,68.3712811479818,55.7560767337548,83.1790109846463,65.3825802160143,89.5112299628925
"POOLPIDM_00354",16.4666670249323,15.2829922566077,13.1646292288032,17.5955600159829,12.6861722807192,17.2551768603166
"POOLPIDM_00355",3.46666674209102,2.41310404051701,0,1.59959636508935,1.95171881241834,5.39224276884894
"POOLPIDM_00356",17.3333337104551,12.8698882160907,13.1646292288032,31.991927301787,24.3964851552292,19.4120739678562
"POOLPIDM_00357",37.2666674774784,36.1965606077551,30.2012082307839,59.185065508306,47.8171109042493,32.3534566130937
"POOLPIDM_00358",22.5333338235916,16.0873602701134,11.6158493195323,35.1911200319658,31.2275009986934,28.0396623980145
"POOLPIDM_00359",4.33333342761377,8.04368013505668,6.96950959171936,11.1971745556255,13.6620316869284,14.0198311990073
"POOLPIDM_00360",7.80000016970479,3.21747205402267,5.42072968244839,25.5935418414296,6.83101584346418,11.8629340914677
"POOLPIDM_00361",4.33333342761377,1.60873602701134,3.87194977317742,3.1991927301787,1.95171881241834,3.23534566130937
"POOLPIDM_00362",4.33333342761377,7.23931212155102,3.09755981854194,7.99798182544676,5.85515643725501,5.39224276884894
"POOLPIDM_00363",110.06666906139,102.15473771522,106.865813739697,350.311603954568,209.809772334971,231.866439060505
"POOLPIDM_00364",3.46666674209102,0.804368013505669,0.774389954635484,1.59959636508935,0,0
"POOLPIDM_00365",0,0.804368013505669,0,0,0,0
"POOLPIDM_00366",0.866666685522754,1.60873602701134,1.54877990927097,0,0.975859406209169,0
"POOLPIDM_00367",6.06666679865928,4.02184006752834,8.51828950099032,9.59757819053611,10.7344534683009,8.62758843015831
"POOLPIDM_00368",14.7333336538868,12.8698882160907,15.4877990927097,11.1971745556255,10.7344534683009,23.7258681829354
"POOLPIDM_00369",27.7333339367281,14.478624243102,16.2621890473452,9.59757819053611,13.6620316869284,8.62758843015831
"POOLPIDM_00370",0,0,0,1.59959636508935,0,0
"POOLPIDM_00371",15.6000003394096,13.6742562295964,12.3902392741677,19.1951563810722,22.4447663428109,18.3336254140864
"POOLPIDM_00372",12.1333335973186,12.065520202585,13.9390191834387,22.3943491112509,26.3482039676476,11.8629340914677
"POOLPIDM_00373",46.8000010182287,58.7188649859138,41.0426675956806,81.579414619557,67.3342990284327,65.7853617799571
"POOLPIDM_00374",44.2000009616605,40.2184006752834,30.9755981854194,11.1971745556255,11.71031287451,14.0198311990073
"POOLPIDM_00375",2.60000005656826,1.60873602701134,2.32316986390645,3.1991927301787,0,5.39224276884894
"POOLPIDM_00376",0.866666685522754,2.41310404051701,1.54877990927097,0,1.95171881241834,1.07844855376979
"POOLPIDM_00377",19.9333337670234,19.304832324136,34.0731580039613,14.3963672858042,16.5896099055559,7.54913987638852
"POOLPIDM_00378",0.866666685522754,0.804368013505669,0,1.59959636508935,0,1.07844855376979
"POOLPIDM_00379",32.0666673643419,27.3485124591927,28.6524283215129,31.991927301787,30.2516415924842,28.0396623980145
"POOLPIDM_00380",12.1333335973186,5.63057609453968,8.51828950099032,12.7967709207148,12.6861722807192,11.8629340914677
"POOLPIDM_00381",13.0000002828413,20.1092003376417,17.8109689566161,22.3943491112509,12.6861722807192,19.4120739678562
"POOLPIDM_00382",42.466667590615,51.4795528643628,56.5304666883903,44.7886982225019,67.3342990284327,48.5301849196405
"POOLPIDM_00383",1.73333337104551,0.804368013505669,1.54877990927097,1.59959636508935,2.92757821862751,3.23534566130937
"POOLPIDM_00384",8.66666685522754,7.23931212155102,7.74389954635484,11.1971745556255,9.75859406209169,11.8629340914677
"POOLPIDM_00385",24.2666671946371,23.3266723916644,17.8109689566161,27.193138206519,22.4447663428109,20.490522521626
"POOLPIDM_00386",0,1.60873602701134,0.774389954635484,1.59959636508935,0.975859406209169,3.23534566130937
"POOLPIDM_00387",0.866666685522754,1.60873602701134,0.774389954635484,0,1.95171881241834,0
"POOLPIDM_00388",0,0,0,0,0,1.07844855376979
"POOLPIDM_00389",2.60000005656826,4.82620808103401,7.74389954635484,1.59959636508935,0.975859406209169,2.15689710753958
"POOLPIDM_00390",0.866666685522754,0,3.09755981854194,4.79878909526806,0.975859406209169,0
"POOLPIDM_00391",31.2000006788192,24.1310404051701,27.8780383668774,19.1951563810722,19.5171881241834,11.8629340914677
"POOLPIDM_00392",13.8666669683641,16.0873602701134,9.29267945562581,7.99798182544676,11.71031287451,16.1767283065468
"POOLPIDM_00393",7.80000016970479,7.23931212155102,17.0365790019806,6.39838546035741,10.7344534683009,7.54913987638852
"POOLPIDM_00394",6.93333348418204,3.21747205402267,10.0670694102613,6.39838546035741,7.80687524967335,8.62758843015831
"POOLPIDM_00395",13.8666669683641,13.6742562295964,12.3902392741677,30.3923309366977,25.3723445614384,18.3336254140864
"POOLPIDM_00396",20.8000004525461,32.1747205402267,34.8475479585968,54.386276413038,44.8895326856218,52.8439791347196
"POOLPIDM_00397",24.2666671946371,12.8698882160907,14.7134091380742,39.9899091272338,40.0102356545759,40.981045043252
"POOLPIDM_00398",10.4000002262731,16.891728283619,16.2621890473452,30.3923309366977,20.4930475303925,24.8043167367051
"POOLPIDM_00399",125.666669400799,129.503250174413,105.317033830426,134.366094667506,94.6583624022894,102.45261260813
"POOLPIDM_00400",4.33333342761377,1.60873602701134,4.6463397278129,1.59959636508935,0.975859406209169,0
"POOLPIDM_00401",0,0.804368013505669,0,0,0,0
"POOLPIDM_00402",18.2000003959778,18.5004643106304,29.4268182761484,3.1991927301787,8.78273465588252,0
"POOLPIDM_00403",32.9333340498647,23.3266723916644,27.1036484122419,9.59757819053611,17.565469311765,18.3336254140864
"POOLPIDM_00404",21.6666671380689,22.5223043781587,30.9755981854194,3.1991927301787,5.85515643725501,4.31379421507915
"POOLPIDM_00405",15.6000003394096,20.9135683511474,27.1036484122419,1.59959636508935,9.75859406209169,8.62758843015831
"POOLPIDM_00406",0.866666685522754,1.60873602701134,3.09755981854194,0,1.95171881241834,0
"POOLPIDM_00407",27.7333339367281,29.7616164997097,36.3963278678677,65.5834509686634,78.0687524967335,77.6482958714248
"POOLPIDM_00408",15.6000003394096,12.8698882160907,14.7134091380742,39.9899091272338,41.9619544669943,31.2750080593239
"POOLPIDM_00409",34.6666674209102,32.9790885537324,39.4938876864097,89.5773964450037,92.706643589871,117.550892360907
"POOLPIDM_00410",14.7333336538868,14.478624243102,15.4877990927097,27.193138206519,21.4689069366017,21.5689710753958
"POOLPIDM_00412",59.8000013010701,54.6970249183855,44.1402274142226,73.5814327941102,42.9378138732034,51.7655305809499
"POOLPIDM_00413",12.1333335973186,14.478624243102,20.1341388205226,3.1991927301787,11.71031287451,9.7060369839281
"POOLPIDM_00414",1.73333337104551,4.02184006752834,0.774389954635484,1.59959636508935,3.90343762483668,1.07844855376979
"POOLPIDM_00415",41.6000009050922,57.1101289589025,61.1768064162032,70.3822400639315,58.5515643725501,51.7655305809499
"POOLPIDM_00416",154.26667002305,139.155666336481,105.317033830426,92.7765891751824,94.6583624022894,90.5896785166622
"POOLPIDM_00417",0.866666685522754,0,0,3.1991927301787,0,0
"POOLPIDM_00418",2.60000005656826,0.804368013505669,6.19511963708387,0,0.975859406209169,1.07844855376979
"POOLPIDM_00419",8.66666685522754,4.02184006752834,11.6158493195323,7.99798182544676,4.87929703104584,4.31379421507915
"POOLPIDM_00420",8.66666685522754,10.4567841755737,6.19511963708387,11.1971745556255,25.3723445614384,11.8629340914677
"POOLPIDM_00421",55.4666678734563,61.9363370399365,56.5304666883903,31.991927301787,38.0585168421576,50.6870820271801
"POOLPIDM_00422",19.0666670815006,23.3266723916644,34.0731580039613,46.3882945875912,37.0826574359484,24.8043167367051
"POOLPIDM_00423",325.000007071033,275.093860618939,255.54868502971,263.933400239743,201.027037679089,226.474196291656
"POOLPIDM_00424",0.866666685522754,0.804368013505669,0,3.1991927301787,3.90343762483668,5.39224276884894
"POOLPIDM_00425",18.2000003959778,17.6960962971247,18.5853589112516,636.639353305562,801.180572497728,720.403633918219
"POOLPIDM_00426",44.2000009616605,55.5013929318911,36.3963278678677,13905.2912017217,9248.21959264429,9391.13000622732
"POOLPIDM_00427",14.7333336538868,12.065520202585,8.51828950099032,188.752371080544,228.351101052945,237.258681829353
"POOLPIDM_00428",25.1333338801599,23.3266723916644,22.457308684429,127.967709207148,139.547895087911,141.276760543842
"POOLPIDM_00429",84.0666684957072,82.8499053910839,80.5365552820903,286.327749350994,347.405948610464,290.102660964073
"POOLPIDM_00430",112.666669117958,97.3285296341859,90.6036246923516,311.921291192424,376.681730796739,344.025088652563
"POOLPIDM_00431",184.600004016347,168.112914822685,149.457261244648,417.494651288321,576.732909069619,576.969976266837
"POOLPIDM_00432",16.4666670249323,23.3266723916644,21.6829187297936,110.372149191165,99.5376594333352,94.9034727317414
"POOLPIDM_00433",4.33333342761377,0.804368013505669,3.09755981854194,33.5915236668764,31.2275009986934,35.588802274403
"POOLPIDM_00434",302.466673247441,303.246741091637,347.701089631332,163.158829239114,221.520085209481,232.944887614274
"POOLPIDM_00435",30.3333339932964,30.5659845132154,37.1707178225032,17.5955600159829,7.80687524967335,15.098279752777
"POOLPIDM_00436",17.3333337104551,15.2829922566077,13.9390191834387,12.7967709207148,13.6620316869284,5.39224276884894
"POOLPIDM_00437",6.06666679865928,14.478624243102,8.51828950099032,7.99798182544676,7.80687524967335,8.62758843015831
"POOLPIDM_00438",2.60000005656826,4.82620808103401,5.42072968244839,1.59959636508935,0.975859406209169,3.23534566130937
"POOLPIDM_00439",46.8000010182287,45.8489767698231,37.1707178225032,23.9939454763403,35.1309386235301,42.0594935970218
"POOLPIDM_00440",1.73333337104551,4.82620808103401,6.19511963708387,59.185065508306,83.9239089339885,63.6284646724175
"POOLPIDM_00441",8.66666685522754,5.63057609453968,6.96950959171936,975.753782704505,736.773851687923,739.815707886075
"POOLPIDM_00442",6.06666679865928,1.60873602701134,3.09755981854194,1.59959636508935,2.92757821862751,2.15689710753958
"POOLPIDM_00443",28.6000006222509,28.1528804726984,39.4938876864097,439.889000399572,470.364233792819,516.576857255729
"POOLPIDM_00444",52.0000011313653,46.6533447833288,50.3353470513065,75.1810291591996,58.5515643725501,65.7853617799571
"POOLPIDM_00445",188.066670758438,243.723508092218,204.438948023768,188.752371080544,141.499613900329,128.335377898605
"POOLPIDM_00446",0.866666685522754,0,0,0,1.95171881241834,4.31379421507915
"POOLPIDM_00447",5.20000011313653,2.41310404051701,3.87194977317742,1.59959636508935,2.92757821862751,2.15689710753958
"POOLPIDM_00448",0,0,1.54877990927097,0,0,1.07844855376979
"POOLPIDM_00449",0,0.804368013505669,0,0,0,0
"POOLPIDM_00450",0,3.21747205402267,1.54877990927097,3.1991927301787,0,1.07844855376979
"POOLPIDM_00451",0,0,0,0,0.975859406209169,0
"POOLPIDM_00452",2.60000005656826,0.804368013505669,1.54877990927097,1.59959636508935,1.95171881241834,1.07844855376979
"POOLPIDM_00453",2.60000005656826,3.21747205402267,0.774389954635484,0,0.975859406209169,1.07844855376979
"POOLPIDM_00454",19.0666670815006,24.1310404051701,20.1341388205226,19.1951563810722,28.2999227800659,22.6474196291656
"POOLPIDM_00455",28.6000006222509,43.4358727293061,22.457308684429,38.3903127621445,38.0585168421576,26.9612138442447
"POOLPIDM_00456",29.4666673077737,35.3921925942494,38.7194977317742,27.193138206519,29.2757821862751,35.588802274403
"POOLPIDM_00457",23.4000005091144,20.9135683511474,21.6829187297936,14.3963672858042,7.80687524967335,11.8629340914677
"POOLPIDM_00458",4.33333342761377,3.21747205402267,1.54877990927097,3.1991927301787,2.92757821862751,2.15689710753958
"POOLPIDM_00459",117.866669231095,104.567841755737,124.676782696313,52.7866800479486,82.9480495277793,71.177604548806
"POOLPIDM_00460",77.1333350115251,73.1974892290158,89.8292347377161,38.3903127621445,48.7929703104584,60.3931190111082
"POOLPIDM_00461",9.5333335407503,6.43494410804535,8.51828950099032,59.185065508306,71.2377366532693,91.668127070432
"POOLPIDM_00462",4.33333342761377,3.21747205402267,3.09755981854194,1.59959636508935,3.90343762483668,4.31379421507915
"POOLPIDM_00463",4.33333342761377,8.84804814856235,5.42072968244839,1.59959636508935,0,3.23534566130937
"POOLPIDM_00464",86.6666685522754,93.3066895666575,90.6036246923516,100.774571000629,117.1031287451,117.550892360907
"POOLPIDM_00465",0,0,0.774389954635484,0,0.975859406209169,0
"POOLPIDM_00466",5.20000011313653,13.6742562295964,8.51828950099032,11.1971745556255,9.75859406209169,10.7844855376979
"POOLPIDM_00467",9.5333335407503,21.717936364653,19.3597488658871,11.1971745556255,18.5413287179742,19.4120739678562
"POOLPIDM_00468",10.4000002262731,13.6742562295964,24.7804785483355,14.3963672858042,17.565469311765,19.4120739678562
"POOLPIDM_00469",25.1333338801599,21.717936364653,20.1341388205226,14.3963672858042,24.3964851552292,14.0198311990073
"POOLPIDM_00470",69.3333348418204,92.5023215531519,86.7316749191742,79.9798182544676,86.851487152616,108.923303930749
"POOLPIDM_00471",131.733336199459,94.9154255936689,113.060933376781,6.39838546035741,8.78273465588252,15.098279752777
"POOLPIDM_00472",0.866666685522754,0.804368013505669,1.54877990927097,0,0,0
"POOLPIDM_00473",10.4000002262731,15.2829922566077,24.0060885937,9.59757819053611,3.90343762483668,6.47069132261873
"POOLPIDM_00474",0.866666685522754,0.804368013505669,2.32316986390645,12.7967709207148,23.4206257490201,16.1767283065468
"POOLPIDM_00475",104.000002262731,108.589681823265,95.2499644201645,119.969727381701,101.489378245754,111.080201038288
"POOLPIDM_00476",9.5333335407503,10.4567841755737,7.74389954635484,6.39838546035741,5.85515643725501,3.23534566130937
"POOLPIDM_00477",0,0,0,0,0.975859406209169,1.07844855376979
"POOLPIDM_00478",18.2000003959778,11.2611521890794,15.4877990927097,11.1971745556255,11.71031287451,12.9413826452375
"POOLPIDM_00479",15.6000003394096,23.3266723916644,26.3292584576065,9.59757819053611,28.2999227800659,18.3336254140864
"POOLPIDM_00480",12.1333335973186,16.891728283619,25.554868502971,22.3943491112509,18.5413287179742,19.4120739678562
"POOLPIDM_00481",8.66666685522754,4.82620808103401,11.6158493195323,6.39838546035741,7.80687524967335,7.54913987638852
"POOLPIDM_00482",3.46666674209102,8.84804814856235,5.42072968244839,11.1971745556255,8.78273465588252,10.7844855376979
"POOLPIDM_00483",37.2666674774784,45.0446087563174,45.6890073234936,36.7907163970551,27.3240633738567,21.5689710753958
"POOLPIDM_00484",19.9333337670234,19.304832324136,16.2621890473452,15.9959636508935,19.5171881241834,17.2551768603166
"POOLPIDM_00485",242.666671946371,222.005571727565,194.371878613506,259.134611144475,208.833912928762,217.846607861497
"POOLPIDM_00486",9.5333335407503,11.2611521890794,8.51828950099032,11.1971745556255,7.80687524967335,2.15689710753958
"POOLPIDM_00487",2.60000005656826,1.60873602701134,4.6463397278129,12.7967709207148,27.3240633738567,24.8043167367051
"POOLPIDM_00489",0,0,0,0,0,0
"POOLPIDM_00490",0,0,0,0,0.975859406209169,0
"POOLPIDM_00491",1.73333337104551,1.60873602701134,0.774389954635484,7.99798182544676,9.75859406209169,6.47069132261873
"POOLPIDM_00492",25.1333338801599,26.5441444456871,20.9085287751581,201.549142001258,137.596176275493,154.21814318908
"POOLPIDM_00495",18.2000003959778,16.0873602701134,13.9390191834387,35.1911200319658,19.5171881241834,17.2551768603166
"POOLPIDM_00496",7.80000016970479,11.2611521890794,8.51828950099032,51.1870836828593,80.0204713091518,64.7069132261873
"POOLPIDM_00497",12.1333335973186,21.717936364653,13.1646292288032,17.5955600159829,14.6378910931375,11.8629340914677
"POOLPIDM_00498",15.6000003394096,19.304832324136,10.8414593648968,11.1971745556255,9.75859406209169,5.39224276884894
"POOLPIDM_00499",540.800011766199,472.164023927827,434.432764550507,222.34389474742,157.113364399676,181.179357033324
"POOLPIDM_00500",8.66666685522754,2.41310404051701,4.6463397278129,11.1971745556255,11.71031287451,12.9413826452375
"POOLPIDM_00501",6.06666679865928,11.2611521890794,10.0670694102613,19.1951563810722,24.3964851552292,29.1181109517843
"POOLPIDM_00502",4.33333342761377,2.41310404051701,6.19511963708387,7.99798182544676,13.6620316869284,16.1767283065468
"POOLPIDM_00503",120.466669287663,114.220257917805,127.774342514855,89.5773964450037,113.199691120264,92.7465756242018
"POOLPIDM_00504",37.2666674774784,29.7616164997097,34.0731580039613,9.59757819053611,11.71031287451,14.0198311990073
"POOLPIDM_00505",25.1333338801599,28.1528804726984,35.6219379132323,28.7927345716083,21.4689069366017,21.5689710753958
"POOLPIDM_00506",1.73333337104551,0,3.09755981854194,6.39838546035741,9.75859406209169,5.39224276884894
"POOLPIDM_00507",221.000004808302,221.201203714059,223.798696889655,119.969727381701,107.344534683009,107.844855376979
"POOLPIDM_00508",22.5333338235916,33.7834565672381,28.6524283215129,31.991927301787,24.3964851552292,24.8043167367051
"POOLPIDM_00509",8.66666685522754,8.84804814856235,9.29267945562581,7.99798182544676,4.87929703104584,8.62758843015831
"POOLPIDM_00510",5.20000011313653,8.04368013505668,2.32316986390645,3.1991927301787,3.90343762483668,2.15689710753958
"POOLPIDM_00511",58.0666679300246,56.3057609453968,62.7255863254742,57.5854691432167,63.430861403596,70.0991559950363
"POOLPIDM_00512",159.466670136187,135.938194282458,171.140179974442,83.1790109846463,128.81344161961,125.100032237295
"POOLPIDM_00513",2.60000005656826,7.23931212155102,5.42072968244839,7.99798182544676,0.975859406209169,2.15689710753958
"POOLPIDM_00514",24.2666671946371,14.478624243102,20.9085287751581,12.7967709207148,13.6620316869284,22.6474196291656
"POOLPIDM_00515",25.1333338801599,29.7616164997097,19.3597488658871,12.7967709207148,16.5896099055559,21.5689710753958
"POOLPIDM_00516",0.866666685522754,0,0,0,0,1.07844855376979
"POOLPIDM_00517",30.3333339932964,32.1747205402267,16.2621890473452,9.59757819053611,9.75859406209169,10.7844855376979
"POOLPIDM_00518",83.2000018101844,62.7407050534421,99.8963041479774,33.5915236668764,42.9378138732034,44.2163907045613
"POOLPIDM_00519",8.66666685522754,5.63057609453968,9.29267945562581,15.9959636508935,8.78273465588252,15.098279752777
"POOLPIDM_00520",3.46666674209102,9.65241616206802,13.1646292288032,4.79878909526806,4.87929703104584,6.47069132261873
"POOLPIDM_00521",12.1333335973186,8.84804814856235,10.8414593648968,20.7947527461616,15.6137504993467,6.47069132261873
"POOLPIDM_00522",52.0000011313653,53.8926569048798,50.3353470513065,123.16892011188,107.344534683009,89.5112299628925
"POOLPIDM_00523",61.5333346721156,61.9363370399365,65.8231461440161,257.535014779386,175.65469311765,187.650048355943
"POOLPIDM_00524",27.7333339367281,28.9572484862041,20.9085287751581,47.9878909526806,54.6481267477135,46.3732878121009
"POOLPIDM_00525",15.6000003394096,12.8698882160907,8.51828950099032,14.3963672858042,9.75859406209169,11.8629340914677
"POOLPIDM_00526",10.4000002262731,6.43494410804535,7.74389954635484,30.3923309366977,11.71031287451,11.8629340914677
"POOLPIDM_00527",9.5333335407503,18.5004643106304,10.0670694102613,9.59757819053611,5.85515643725501,11.8629340914677
"POOLPIDM_00528",13.8666669683641,14.478624243102,7.74389954635484,14.3963672858042,2.92757821862751,7.54913987638852
"POOLPIDM_00529",6.93333348418204,8.04368013505668,5.42072968244839,6.39838546035741,8.78273465588252,6.47069132261873
"POOLPIDM_00530",6.93333348418204,7.23931212155102,9.29267945562581,7.99798182544676,4.87929703104584,0
"POOLPIDM_00531",13.0000002828413,11.2611521890794,6.96950959171936,22.3943491112509,14.6378910931375,20.490522521626
"POOLPIDM_00532",56.333334558979,56.3057609453968,44.1402274142226,67.1830473337528,64.4067208098051,71.177604548806
"POOLPIDM_00533",42.466667590615,32.1747205402267,36.3963278678677,75.1810291591996,55.6239861539226,59.3146704573384
"POOLPIDM_00534",5.20000011313653,4.02184006752834,1.54877990927097,20.7947527461616,17.565469311765,14.0198311990073
"POOLPIDM_00535",2.60000005656826,1.60873602701134,2.32316986390645,1.59959636508935,2.92757821862751,1.07844855376979
"POOLPIDM_00536",0.866666685522754,2.41310404051701,1.54877990927097,3.1991927301787,0,2.15689710753958
"POOLPIDM_00537",0,0,1.54877990927097,1.59959636508935,2.92757821862751,1.07844855376979
"POOLPIDM_00538",6.06666679865928,5.63057609453968,6.19511963708387,4.79878909526806,6.83101584346418,5.39224276884894
"POOLPIDM_00539",200.200004355756,177.765330984753,163.396280428087,342.313622129121,240.061413927456,229.709541952965
"POOLPIDM_00540",16.4666670249323,14.478624243102,11.6158493195323,14.3963672858042,11.71031287451,15.098279752777
"POOLPIDM_00541",22.5333338235916,14.478624243102,10.0670694102613,12.7967709207148,7.80687524967335,16.1767283065468
"POOLPIDM_00543",13.8666669683641,20.1092003376417,20.1341388205226,17.5955600159829,25.3723445614384,19.4120739678562
"POOLPIDM_00544",9.5333335407503,14.478624243102,13.9390191834387,30.3923309366977,29.2757821862751,34.5103537206332
"POOLPIDM_00545",36.4000007919557,38.6096646482721,45.6890073234936,124.768516476969,147.354770337584,147.747451866461
"POOLPIDM_00546",35.5333341064329,24.9354084186757,27.1036484122419,100.774571000629,104.416956464381,113.237098145828
"POOLPIDM_00547",53.7333345024108,75.6105932695328,63.4999762801097,516.669625923861,444.991889231381,449.713046922002
"POOLPIDM_00548",2.60000005656826,8.04368013505668,10.0670694102613,4.79878909526806,5.85515643725501,9.7060369839281
"POOLPIDM_00549",0,0.804368013505669,0,1.59959636508935,0,1.07844855376979
"POOLPIDM_00550",0.866666685522754,0,0,0,0,0
"POOLPIDM_00551",0,0,0.774389954635484,0,1.95171881241834,0
"POOLPIDM_00552",1.73333337104551,0,3.09755981854194,0,1.95171881241834,1.07844855376979
"POOLPIDM_00553",0,0,0.774389954635484,0,0,0
"POOLPIDM_00554",0,0,0,0,0,0
"POOLPIDM_00555",1.73333337104551,3.21747205402267,2.32316986390645,3.1991927301787,1.95171881241834,3.23534566130937
"POOLPIDM_00556",5.20000011313653,5.63057609453968,6.19511963708387,0,2.92757821862751,1.07844855376979
"POOLPIDM_00557",1.73333337104551,1.60873602701134,0.774389954635484,0,0,2.15689710753958
"POOLPIDM_00558",0,0,0.774389954635484,0,0,0
"POOLPIDM_00559",1.73333337104551,0,0.774389954635484,0,0,0
"POOLPIDM_00560",8.66666685522754,8.04368013505668,12.3902392741677,3.1991927301787,5.85515643725501,1.07844855376979
"POOLPIDM_00561",3.46666674209102,4.82620808103401,1.54877990927097,0,0.975859406209169,5.39224276884894
"POOLPIDM_00562",39.000000848524,34.5878245807437,35.6219379132323,22.3943491112509,21.4689069366017,18.3336254140864
"POOLPIDM_00563",259.133338971304,236.484195970667,200.56699825059,132.766498302416,96.6100812147077,97.060369839281
"POOLPIDM_00564",73.6666682694341,85.2630094316009,72.0182657811,38.3903127621445,37.0826574359484,31.2750080593239
"POOLPIDM_00565",0,0,1.54877990927097,1.59959636508935,0,0
"POOLPIDM_00566",13.0000002828413,10.4567841755737,18.5853589112516,3.1991927301787,8.78273465588252,12.9413826452375
"POOLPIDM_00567",1.73333337104551,2.41310404051701,1.54877990927097,1.59959636508935,3.90343762483668,3.23534566130937
"POOLPIDM_00568",0,0.804368013505669,0.774389954635484,0,2.92757821862751,2.15689710753958
"POOLPIDM_00569",14.7333336538868,12.065520202585,13.1646292288032,28.7927345716083,17.565469311765,21.5689710753958
"POOLPIDM_00570",14.7333336538868,11.2611521890794,19.3597488658871,35.1911200319658,23.4206257490201,37.7456993819426
"POOLPIDM_00571",0.866666685522754,1.60873602701134,0.774389954635484,1.59959636508935,4.87929703104584,2.15689710753958
"POOLPIDM_00572",3.46666674209102,1.60873602701134,1.54877990927097,4.79878909526806,3.90343762483668,5.39224276884894
"POOLPIDM_00573",3.46666674209102,4.02184006752834,2.32316986390645,1.59959636508935,2.92757821862751,0
"POOLPIDM_00574",8.66666685522754,8.04368013505668,6.19511963708387,3.1991927301787,0,2.15689710753958
"POOLPIDM_00575",5.20000011313653,3.21747205402267,4.6463397278129,0,0,3.23534566130937
"POOLPIDM_00576",64.1333347286838,53.0882888913741,43.3658374595871,31.991927301787,19.5171881241834,24.8043167367051
"POOLPIDM_00577",17.3333337104551,25.7397764321814,13.9390191834387,31.991927301787,21.4689069366017,25.8827652904749
"POOLPIDM_00578",16.4666670249323,9.65241616206802,16.2621890473452,27.193138206519,19.5171881241834,16.1767283065468
"POOLPIDM_00579",6.06666679865928,5.63057609453968,5.42072968244839,4.79878909526806,4.87929703104584,2.15689710753958
"POOLPIDM_00580",13.0000002828413,11.2611521890794,12.3902392741677,12.7967709207148,16.5896099055559,10.7844855376979
"POOLPIDM_00581",31.2000006788192,28.9572484862041,37.1707178225032,19.1951563810722,22.4447663428109,32.3534566130937
"POOLPIDM_00582",78.8666683825707,74.8062252560272,68.1463160079226,142.364076492952,98.5618000271261,113.237098145828
"POOLPIDM_00583",5.20000011313653,8.84804814856235,3.87194977317742,4.79878909526806,2.92757821862751,4.31379421507915
"POOLPIDM_00584",10.4000002262731,5.63057609453968,6.96950959171936,6.39838546035741,2.92757821862751,10.7844855376979
"POOLPIDM_00585",10.4000002262731,10.4567841755737,10.0670694102613,6.39838546035741,9.75859406209169,10.7844855376979
"POOLPIDM_00586",68.4666681562976,56.3057609453968,71.2438758264645,51.1870836828593,72.2135960594785,69.0207074412665
"POOLPIDM_00587",5.20000011313653,16.0873602701134,17.8109689566161,23.9939454763403,15.6137504993467,21.5689710753958
"POOLPIDM_00588",16.4666670249323,28.9572484862041,24.0060885937,22.3943491112509,21.4689069366017,24.8043167367051
"POOLPIDM_00589",29.4666673077737,24.1310404051701,22.457308684429,19.1951563810722,30.2516415924842,30.1965595055541
"POOLPIDM_00590",28.6000006222509,20.9135683511474,22.457308684429,81.579414619557,79.0446119029427,71.177604548806
"POOLPIDM_00591",99.6666688351168,98.1328976476915,88.2804548284452,262.333803874654,213.713209959808,225.395747737886
"POOLPIDM_00592",434.2000094469,501.925640427537,430.560814777329,548.661553225648,376.681730796739,443.242355599383
"POOLPIDM_00593",26.8666672512054,32.9790885537324,29.4268182761484,22.3943491112509,21.4689069366017,31.2750080593239
"POOLPIDM_00594",44.2000009616605,32.9790885537324,51.1097370059419,35.1911200319658,57.575704966341,44.2163907045613
"POOLPIDM_00595",1.73333337104551,2.41310404051701,3.09755981854194,4.79878909526806,4.87929703104584,3.23534566130937
"POOLPIDM_00596",19.9333337670234,15.2829922566077,15.4877990927097,9.59757819053611,21.4689069366017,24.8043167367051
"POOLPIDM_00597",26.0000005656826,24.9354084186757,44.9146173688581,36.7907163970551,53.6722673415043,48.5301849196405
"POOLPIDM_00598",13.8666669683641,18.5004643106304,12.3902392741677,17.5955600159829,14.6378910931375,24.8043167367051
"POOLPIDM_00599",91.0000019798892,104.567841755737,113.060933376781,124.768516476969,118.078988151309,100.29571550059
"POOLPIDM_00600",197.600004299188,170.526018863202,164.945060337358,239.939454763403,229.326960459155,248.043167367051
"POOLPIDM_00601",34.6666674209102,34.5878245807437,48.0121771874,68.7826436988422,54.6481267477135,56.079324796029
"POOLPIDM_00602",46.8000010182287,28.1528804726984,31.7499881400548,23.9939454763403,39.0343762483668,45.2948392583311
"POOLPIDM_00603",79.7333350680934,57.1101289589025,71.2438758264645,23.9939454763403,16.5896099055559,14.0198311990073
"POOLPIDM_00604",0,0.804368013505669,0.774389954635484,0,0,2.15689710753958
"POOLPIDM_00605",2.60000005656826,3.21747205402267,2.32316986390645,1.59959636508935,1.95171881241834,4.31379421507915
"POOLPIDM_00606",38.1333341630012,31.3703525267211,30.2012082307839,52.7866800479486,50.7446891228768,64.7069132261873
"POOLPIDM_00607",7.80000016970479,5.63057609453968,9.29267945562581,4.79878909526806,3.90343762483668,5.39224276884894
"POOLPIDM_00608",66.7333347852521,60.3276010129251,54.2072968244839,41.5895054923232,39.0343762483668,38.8241479357124
"POOLPIDM_00609",130.866669513936,123.872674079873,110.737763512874,103.973763730808,108.320394089218,79.8051929789644
"POOLPIDM_00610",89.2666686088437,85.2630094316009,82.0853351913613,43.1891018574125,24.3964851552292,42.0594935970218
"POOLPIDM_00611",2.60000005656826,3.21747205402267,4.6463397278129,4.79878909526806,5.85515643725501,5.39224276884894
"POOLPIDM_00612",185.466670701869,164.895442768662,226.896256708197,65.5834509686634,87.8273465588252,100.29571550059
"POOLPIDM_00613",3.46666674209102,4.02184006752834,8.51828950099032,4.79878909526806,1.95171881241834,4.31379421507915
"POOLPIDM_00614",14.7333336538868,8.04368013505668,6.96950959171936,19.1951563810722,9.75859406209169,18.3336254140864
"POOLPIDM_00615",19.9333337670234,24.1310404051701,32.5243780946903,38.3903127621445,18.5413287179742,21.5689710753958
"POOLPIDM_00617",3.46666674209102,2.41310404051701,2.32316986390645,20.7947527461616,10.7344534683009,19.4120739678562
"POOLPIDM_00618",49.400001074797,54.6970249183855,41.0426675956806,12.7967709207148,16.5896099055559,19.4120739678562
"POOLPIDM_00619",1033.93335582865,931.458159639564,1064.01179766915,308.722098462245,422.54712288857,424.908730185297
"POOLPIDM_00620",260.866672342349,249.354084186757,319.048661309819,158.360040143846,197.123600054252,185.493151248404
"POOLPIDM_00621",610.133346608019,759.323404749351,723.280217629542,284.728152985905,265.433758488894,290.102660964073
"POOLPIDM_00622",461.066676698105,527.665416859719,558.335157292184,252.736225684118,297.637118893796,275.004381211296
"POOLPIDM_00623",0,0,0,1.59959636508935,1.95171881241834,0
"POOLPIDM_00624",0,0.804368013505669,0,0,1.95171881241834,1.07844855376979
"POOLPIDM_00625",7.80000016970479,12.8698882160907,8.51828950099032,7.99798182544676,16.5896099055559,7.54913987638852
"POOLPIDM_00626",33.8000007353874,24.1310404051701,21.6829187297936,22.3943491112509,35.1309386235301,31.2750080593239
"POOLPIDM_00627",65.8666680997293,39.4140326617778,61.1768064162032,76.7806255242889,70.2618772470602,64.7069132261873
"POOLPIDM_00628",46.8000010182287,21.717936364653,38.7194977317742,54.386276413038,40.0102356545759,46.3732878121009
"POOLPIDM_00629",9.5333335407503,11.2611521890794,15.4877990927097,15.9959636508935,18.5413287179742,25.8827652904749
"POOLPIDM_00630",5.20000011313653,4.02184006752834,2.32316986390645,20.7947527461616,14.6378910931375,14.0198311990073
"POOLPIDM_00631",8.66666685522754,2.41310404051701,5.42072968244839,1.59959636508935,5.85515643725501,5.39224276884894
"POOLPIDM_00632",6.93333348418204,11.2611521890794,8.51828950099032,17.5955600159829,11.71031287451,9.7060369839281
"POOLPIDM_00633",70.2000015273431,52.2839208778685,61.9511963708387,116.770534651523,128.81344161961,100.29571550059
"POOLPIDM_00634",16.4666670249323,10.4567841755737,11.6158493195323,6.39838546035741,20.4930475303925,16.1767283065468
"POOLPIDM_00635",33.8000007353874,28.9572484862041,40.2682776410452,19.1951563810722,33.1792198111117,28.0396623980145
"POOLPIDM_00636",9.5333335407503,10.4567841755737,14.7134091380742,15.9959636508935,10.7344534683009,9.7060369839281
"POOLPIDM_00637",45.933334332706,32.1747205402267,46.463397278129,28.7927345716083,20.4930475303925,36.6672508281728
"POOLPIDM_00638",16.4666670249323,20.1092003376417,21.6829187297936,28.7927345716083,24.3964851552292,21.5689710753958
"POOLPIDM_00639",80.6000017536162,89.2848494991292,102.219474011884,108.772552826076,113.199691120264,105.687958269439
"POOLPIDM_00640",123.066669344231,128.698882160907,140.938971743658,100.774571000629,95.6342218084986,91.668127070432
"POOLPIDM_00641",121.333335973186,135.938194282458,156.426770836368,123.16892011188,132.716879244447,165.002628726778
"POOLPIDM_00642",35.5333341064329,27.3485124591927,34.8475479585968,33.5915236668764,45.8653920918309,36.6672508281728
"POOLPIDM_00643",6.06666679865928,5.63057609453968,7.74389954635484,7.99798182544676,11.71031287451,6.47069132261873
"POOLPIDM_00644",72.8000015839114,76.4149612830385,72.7926557357355,59.185065508306,84.8997683401977,89.5112299628925
"POOLPIDM_00645",2.60000005656826,2.41310404051701,2.32316986390645,7.99798182544676,2.92757821862751,1.07844855376979
"POOLPIDM_00646",2.60000005656826,0.804368013505669,3.87194977317742,4.79878909526806,0.975859406209169,3.23534566130937
"POOLPIDM_00647",5.20000011313653,6.43494410804535,3.09755981854194,1.59959636508935,4.87929703104584,9.7060369839281
"POOLPIDM_00648",2.60000005656826,0,1.54877990927097,3.1991927301787,1.95171881241834,2.15689710753958
"POOLPIDM_00649",1.73333337104551,0,3.09755981854194,3.1991927301787,3.90343762483668,3.23534566130937
"POOLPIDM_00652",3.46666674209102,3.21747205402267,6.19511963708387,28.7927345716083,17.565469311765,18.3336254140864
"POOLPIDM_00653",32.0666673643419,49.8708168373514,28.6524283215129,57.5854691432167,50.7446891228768,50.6870820271801
"POOLPIDM_00654",52.866667816888,45.8489767698231,40.2682776410452,95.9757819053611,87.8273465588252,87.3543328553529
"POOLPIDM_00655",2.60000005656826,0.804368013505669,0,1.59959636508935,0,3.23534566130937
"POOLPIDM_00656",2.60000005656826,2.41310404051701,0.774389954635484,1.59959636508935,6.83101584346418,7.54913987638852
"POOLPIDM_00657",5.20000011313653,8.04368013505668,6.96950959171936,1.59959636508935,1.95171881241834,2.15689710753958
"POOLPIDM_00658",18.2000003959778,31.3703525267211,19.3597488658871,1.59959636508935,5.85515643725501,5.39224276884894
"POOLPIDM_00659",36.4000007919557,48.2620808103401,47.2377872327645,201.549142001258,227.375241646736,186.571599802173
"POOLPIDM_00660",100.53333552064,98.9372656611972,122.353612832406,169.557214699471,188.34086539837,177.944011372015
"POOLPIDM_00661",18.2000003959778,16.891728283619,25.554868502971,7.99798182544676,27.3240633738567,24.8043167367051
"POOLPIDM_00662",27.7333339367281,26.5441444456871,24.0060885937,31.991927301787,34.1550792173209,47.4517363658707
"POOLPIDM_00663",48.5333343892743,46.6533447833288,56.5304666883903,71.9818364290208,88.8032059650344,86.2758843015831
"POOLPIDM_00664",40.7333342195695,45.0446087563174,36.3963278678677,41.5895054923232,43.9136732794126,26.9612138442447
"POOLPIDM_00665",12.1333335973186,12.065520202585,13.9390191834387,11.1971745556255,11.71031287451,21.5689710753958
"POOLPIDM_00666",6.93333348418204,16.0873602701134,6.96950959171936,23.9939454763403,26.3482039676476,35.588802274403
"POOLPIDM_00667",13.0000002828413,7.23931212155102,13.9390191834387,12.7967709207148,27.3240633738567,24.8043167367051
"POOLPIDM_00668",17.3333337104551,19.304832324136,35.6219379132323,33.5915236668764,45.8653920918309,43.1379421507915
"POOLPIDM_00669",16.4666670249323,17.6960962971247,16.2621890473452,23.9939454763403,38.0585168421576,30.1965595055541
"POOLPIDM_00670",13.8666669683641,21.717936364653,31.7499881400548,31.991927301787,62.4550019973868,50.6870820271801
"POOLPIDM_00671",3.46666674209102,4.02184006752834,6.19511963708387,1.59959636508935,5.85515643725501,7.54913987638852
"POOLPIDM_00672",2.60000005656826,4.02184006752834,2.32316986390645,3.1991927301787,7.80687524967335,6.47069132261873
"POOLPIDM_00673",45.0666676471832,45.8489767698231,51.1097370059419,55.9858727781273,64.4067208098051,64.7069132261873
"POOLPIDM_00674",25.1333338801599,19.304832324136,33.2987680493258,44.7886982225019,43.9136732794126,40.981045043252
"POOLPIDM_00675",14.7333336538868,21.717936364653,16.2621890473452,17.5955600159829,13.6620316869284,17.2551768603166
"POOLPIDM_00676",0,0.804368013505669,0.774389954635484,0,0,0
"POOLPIDM_00677",13.8666669683641,12.8698882160907,10.8414593648968,19.1951563810722,22.4447663428109,18.3336254140864
"POOLPIDM_00678",25.1333338801599,16.0873602701134,26.3292584576065,15.9959636508935,21.4689069366017,24.8043167367051
"POOLPIDM_00679",68.4666681562976,78.0236973100498,70.469485871829,87.9778000799144,136.620316869284,145.590554758921
"POOLPIDM_00680",33.8000007353874,38.6096646482721,35.6219379132323,62.3842582384847,70.2618772470602,63.6284646724175
"POOLPIDM_00681",12.1333335973186,3.21747205402267,9.29267945562581,12.7967709207148,19.5171881241834,14.0198311990073
"POOLPIDM_00682",44.2000009616605,33.7834565672381,39.4938876864097,145.563269223131,143.451332712748,138.041414882533
"POOLPIDM_00683",101.400002206162,85.2630094316009,107.640203694332,217.545105652152,156.137504993467,163.924180173008
"POOLPIDM_00684",69.3333348418204,61.1319690264308,85.9572849645387,70.3822400639315,65.3825802160143,64.7069132261873
"POOLPIDM_00685",146.466669853346,160.873602701134,186.627979067152,201.549142001258,315.202588205562,368.829405389268
"POOLPIDM_00686",31.2000006788192,32.1747205402267,35.6219379132323,4.79878909526806,0.975859406209169,5.39224276884894
"POOLPIDM_00687",0.866666685522754,0,0,4.79878909526806,0,2.15689710753958
"POOLPIDM_00688",46.8000010182287,44.2402407428118,39.4938876864097,35.1911200319658,21.4689069366017,20.490522521626
"POOLPIDM_00689",39.000000848524,54.6970249183855,48.0121771874,11.1971745556255,37.0826574359484,17.2551768603166
"POOLPIDM_00690",6.06666679865928,4.82620808103401,3.87194977317742,1.59959636508935,6.83101584346418,8.62758843015831
"POOLPIDM_00691",16.4666670249323,8.04368013505668,16.2621890473452,39.9899091272338,46.8412514980401,32.3534566130937
"POOLPIDM_00692",5.20000011313653,4.82620808103401,8.51828950099032,22.3943491112509,16.5896099055559,15.098279752777
"POOLPIDM_00693",0.866666685522754,0.804368013505669,0,19.1951563810722,5.85515643725501,11.8629340914677
"POOLPIDM_00694",27.7333339367281,28.9572484862041,18.5853589112516,20.7947527461616,19.5171881241834,24.8043167367051
"POOLPIDM_00695",15.6000003394096,11.2611521890794,11.6158493195323,11.1971745556255,20.4930475303925,7.54913987638852
"POOLPIDM_00696",4.33333342761377,7.23931212155102,7.74389954635484,4.79878909526806,15.6137504993467,14.0198311990073
"POOLPIDM_00697",42.466667590615,54.6970249183855,39.4938876864097,9.59757819053611,8.78273465588252,7.54913987638852
"POOLPIDM_00698",51.1333344458425,45.8489767698231,36.3963278678677,23.9939454763403,29.2757821862751,35.588802274403
"POOLPIDM_00699",91.866668665412,86.8717454586122,90.6036246923516,44.7886982225019,55.6239861539226,51.7655305809499
"POOLPIDM_00700",0.866666685522754,0.804368013505669,0.774389954635484,0,3.90343762483668,1.07844855376979
"POOLPIDM_00701",33.8000007353874,28.1528804726984,30.2012082307839,23.9939454763403,21.4689069366017,29.1181109517843
"POOLPIDM_00702",6.93333348418204,8.04368013505668,3.87194977317742,0,4.87929703104584,5.39224276884894
"POOLPIDM_00703",51.1333344458425,65.9581771074648,80.5365552820903,108.772552826076,77.0928930905243,89.5112299628925
"POOLPIDM_00704",80.6000017536162,75.6105932695328,88.2804548284452,89.5773964450037,108.320394089218,114.315546699598
"POOLPIDM_00705",65.0000014142066,65.9581771074648,54.2072968244839,131.166901937327,70.2618772470602,91.668127070432
"POOLPIDM_00706",15.6000003394096,12.8698882160907,26.3292584576065,17.5955600159829,27.3240633738567,19.4120739678562
"POOLPIDM_00707",78.8666683825707,96.5241616206802,87.5060648738097,84.7786073497357,96.6100812147077,98.1388183930508
"POOLPIDM_00708",6.93333348418204,5.63057609453968,7.74389954635484,7.99798182544676,6.83101584346418,7.54913987638852
"POOLPIDM_00709",1.73333337104551,3.21747205402267,7.74389954635484,4.79878909526806,6.83101584346418,8.62758843015831
"POOLPIDM_00710",50.2666677603198,71.5887532020045,51.8841269605774,70.3822400639315,68.3101584346418,73.3345016563456
"POOLPIDM_00711",16.4666670249323,17.6960962971247,17.8109689566161,4.79878909526806,17.565469311765,6.47069132261873
"POOLPIDM_00712",29.4666673077737,23.3266723916644,25.554868502971,1.59959636508935,0,3.23534566130937
"POOLPIDM_00713",44.2000009616605,55.5013929318911,71.2438758264645,17.5955600159829,22.4447663428109,20.490522521626
"POOLPIDM_00714",9.5333335407503,8.04368013505668,8.51828950099032,4.79878909526806,2.92757821862751,2.15689710753958
"POOLPIDM_00715",18.2000003959778,23.3266723916644,21.6829187297936,17.5955600159829,8.78273465588252,9.7060369839281
"POOLPIDM_00716",26.0000005656826,34.5878245807437,28.6524283215129,25.5935418414296,25.3723445614384,23.7258681829354
"POOLPIDM_00717",24.2666671946371,13.6742562295964,23.2316986390645,12.7967709207148,16.5896099055559,21.5689710753958
"POOLPIDM_00718",13.0000002828413,12.065520202585,10.8414593648968,1.59959636508935,1.95171881241834,5.39224276884894
"POOLPIDM_00719",58.0666679300246,66.7625451209705,46.463397278129,35.1911200319658,29.2757821862751,24.8043167367051
"POOLPIDM_00720",5.20000011313653,7.23931212155102,13.1646292288032,1.59959636508935,6.83101584346418,4.31379421507915
"POOLPIDM_00721",13.8666669683641,13.6742562295964,16.2621890473452,6.39838546035741,9.75859406209169,6.47069132261873
"POOLPIDM_00722",13.0000002828413,14.478624243102,19.3597488658871,27.193138206519,20.4930475303925,23.7258681829354
"POOLPIDM_00723",13.8666669683641,23.3266723916644,14.7134091380742,17.5955600159829,22.4447663428109,24.8043167367051
"POOLPIDM_00724",11.2666669117958,10.4567841755737,10.0670694102613,7.99798182544676,8.78273465588252,4.31379421507915
"POOLPIDM_00725",3.46666674209102,3.21747205402267,3.87194977317742,1.59959636508935,0.975859406209169,0
"POOLPIDM_00726",13.8666669683641,8.84804814856235,11.6158493195323,7.99798182544676,4.87929703104584,6.47069132261873
"POOLPIDM_00727",4.33333342761377,2.41310404051701,3.87194977317742,1.59959636508935,0.975859406209169,3.23534566130937
"POOLPIDM_00728",8.66666685522754,10.4567841755737,14.7134091380742,43.1891018574125,28.2999227800659,24.8043167367051
"POOLPIDM_00729",24.2666671946371,20.1092003376417,17.8109689566161,83.1790109846463,59.5274237787593,70.0991559950363
"POOLPIDM_00730",16.4666670249323,24.9354084186757,20.1341388205226,121.569323746791,90.7549247774527,106.766406823209
"POOLPIDM_00731",13.8666669683641,13.6742562295964,17.8109689566161,9.59757819053611,19.5171881241834,17.2551768603166
"POOLPIDM_00732",59.8000013010701,34.5878245807437,38.7194977317742,31.991927301787,29.2757821862751,28.0396623980145
"POOLPIDM_00733",14.7333336538868,22.5223043781587,16.2621890473452,7.99798182544676,5.85515643725501,12.9413826452375
"POOLPIDM_00734",2.60000005656826,1.60873602701134,1.54877990927097,1.59959636508935,3.90343762483668,0
"POOLPIDM_00735",0,0.804368013505669,2.32316986390645,0,1.95171881241834,2.15689710753958
"POOLPIDM_00736",6.06666679865928,4.82620808103401,3.09755981854194,4.79878909526806,0.975859406209169,3.23534566130937
"POOLPIDM_00737",0,0,0.774389954635484,0,0.975859406209169,0
"POOLPIDM_00738",8.66666685522754,10.4567841755737,6.19511963708387,3.1991927301787,0.975859406209169,2.15689710753958
"POOLPIDM_00739",72.8000015839114,83.6542734045895,87.5060648738097,9.59757819053611,29.2757821862751,21.5689710753958
"POOLPIDM_00740",3.46666674209102,4.02184006752834,3.09755981854194,15.9959636508935,14.6378910931375,17.2551768603166
"POOLPIDM_00741",8.66666685522754,3.21747205402267,6.96950959171936,4.79878909526806,8.78273465588252,6.47069132261873
"POOLPIDM_00742",23.4000005091144,24.1310404051701,32.5243780946903,54.386276413038,97.5859406209169,75.4913987638852
"POOLPIDM_00743",19.9333337670234,18.5004643106304,26.3292584576065,25.5935418414296,37.0826574359484,28.0396623980145
"POOLPIDM_00744",54.6000011879335,53.0882888913741,44.9146173688581,57.5854691432167,18.5413287179742,34.5103537206332
"POOLPIDM_00745",32.9333340498647,44.2402407428118,35.6219379132323,41.5895054923232,32.2033604049026,34.5103537206332
"POOLPIDM_00746",30.3333339932964,41.8271367022948,44.9146173688581,15.9959636508935,19.5171881241834,20.490522521626
"POOLPIDM_00747",0.866666685522754,1.60873602701134,2.32316986390645,4.79878909526806,0,3.23534566130937
"POOLPIDM_00748",17.3333337104551,11.2611521890794,13.1646292288032,70.3822400639315,99.5376594333352,110.001752484518
"POOLPIDM_00749",1.73333337104551,0.804368013505669,0,0,1.95171881241834,0
"POOLPIDM_00750",0.866666685522754,0,2.32316986390645,1.59959636508935,0,1.07844855376979
"POOLPIDM_00751",166.400003620369,145.590610444526,192.0487087496,41.5895054923232,85.8756277464069,103.5310611619
"POOLPIDM_00752",16.4666670249323,16.891728283619,19.3597488658871,4.79878909526806,11.71031287451,11.8629340914677
"POOLPIDM_00753",11.2666669117958,12.8698882160907,9.29267945562581,14.3963672858042,17.565469311765,9.7060369839281
"POOLPIDM_00754",33.8000007353874,33.7834565672381,33.2987680493258,17.5955600159829,25.3723445614384,22.6474196291656
"POOLPIDM_00755",63.2666680431611,67.5669131344762,61.1768064162032,47.9878909526806,53.6722673415043,53.9224276884894
"POOLPIDM_00756",0.866666685522754,6.43494410804535,9.29267945562581,7.99798182544676,1.95171881241834,9.7060369839281
"POOLPIDM_00757",0,1.60873602701134,1.54877990927097,1.59959636508935,0.975859406209169,1.07844855376979
"POOLPIDM_00758",4.33333342761377,1.60873602701134,2.32316986390645,0,6.83101584346418,4.31379421507915
"POOLPIDM_00759",6.93333348418204,8.84804814856235,8.51828950099032,19.1951563810722,13.6620316869284,5.39224276884894
"POOLPIDM_00760",65.8666680997293,61.1319690264308,69.6950959171936,95.9757819053611,74.1653148718968,71.177604548806
"POOLPIDM_00761",1.73333337104551,0,1.54877990927097,1.59959636508935,0.975859406209169,0
"POOLPIDM_00762",0,0,1.54877990927097,3.1991927301787,1.95171881241834,2.15689710753958
"POOLPIDM_00763",5.20000011313653,7.23931212155102,6.96950959171936,6.39838546035741,4.87929703104584,8.62758843015831
"POOLPIDM_00764",0,0,0,0,0,0
"POOLPIDM_00765",15.6000003394096,21.717936364653,28.6524283215129,22.3943491112509,25.3723445614384,22.6474196291656
"POOLPIDM_00766",17.3333337104551,18.5004643106304,17.0365790019806,20.7947527461616,36.1067980297392,39.9025964894822
"POOLPIDM_00767",25.1333338801599,16.0873602701134,24.7804785483355,31.991927301787,26.3482039676476,25.8827652904749
"POOLPIDM_00768",47.6666677037515,43.4358727293061,35.6219379132323,54.386276413038,28.2999227800659,36.6672508281728
"POOLPIDM_00769",4.33333342761377,4.82620808103401,10.0670694102613,14.3963672858042,1.95171881241834,2.15689710753958
"POOLPIDM_00770",3.46666674209102,4.02184006752834,4.6463397278129,6.39838546035741,3.90343762483668,0
"POOLPIDM_00771",10.4000002262731,12.8698882160907,10.0670694102613,4.79878909526806,7.80687524967335,6.47069132261873
"POOLPIDM_00772",6.93333348418204,1.60873602701134,3.09755981854194,1.59959636508935,1.95171881241834,4.31379421507915
"POOLPIDM_00773",3.46666674209102,1.60873602701134,0,3.1991927301787,0,5.39224276884894
"POOLPIDM_00774",11.2666669117958,14.478624243102,18.5853589112516,12.7967709207148,14.6378910931375,18.3336254140864
"POOLPIDM_00775",180.266670588733,202.700739403428,167.268230201265,183.953581985276,149.306489150003,171.473320049396
"POOLPIDM_00776",0,0.804368013505669,1.54877990927097,0,0,0
"POOLPIDM_00777",0,0,0,0,0,0
"POOLPIDM_00778",0,0,0,0,1.95171881241834,0
"POOLPIDM_00779",0.866666685522754,0,0,0,0,0
"POOLPIDM_00780",0.866666685522754,0.804368013505669,0,1.59959636508935,0,0
"POOLPIDM_00781",6.93333348418204,8.04368013505668,10.0670694102613,3.1991927301787,5.85515643725501,1.07844855376979
"POOLPIDM_00782",0.866666685522754,2.41310404051701,2.32316986390645,1.59959636508935,0.975859406209169,1.07844855376979
"POOLPIDM_00783",7.80000016970479,28.1528804726984,20.1341388205226,11.1971745556255,16.5896099055559,3.23534566130937
"POOLPIDM_00784",31.2000006788192,36.1965606077551,24.7804785483355,47.9878909526806,45.8653920918309,37.7456993819426
"POOLPIDM_00785",0,0,0,0,0,0
"POOLPIDM_00786",0.866666685522754,1.60873602701134,0,0,0,0
"POOLPIDM_00787",17.3333337104551,12.065520202585,11.6158493195323,12.7967709207148,11.71031287451,15.098279752777
"POOLPIDM_00788",100.53333552064,94.1110575801632,58.8536365522968,129.567305572238,116.127269338891,91.668127070432
"POOLPIDM_00789",5.20000011313653,2.41310404051701,4.6463397278129,0,0.975859406209169,0
"POOLPIDM_00790",2.60000005656826,1.60873602701134,3.87194977317742,3.1991927301787,10.7344534683009,6.47069132261873
"POOLPIDM_00791",0,0,0,0,0,0
"POOLPIDM_00792",13.8666669683641,23.3266723916644,12.3902392741677,15.9959636508935,18.5413287179742,8.62758843015831
"POOLPIDM_00793",104.866668948253,78.0236973100498,82.8597251459968,67.1830473337528,28.2999227800659,31.2750080593239
"POOLPIDM_00794",86.6666685522754,86.0673774451065,94.475574465529,81.579414619557,101.489378245754,84.1189871940435
"POOLPIDM_00795",19.9333337670234,26.5441444456871,25.554868502971,17.5955600159829,19.5171881241834,19.4120739678562
"POOLPIDM_00796",23.4000005091144,17.6960962971247,20.1341388205226,17.5955600159829,23.4206257490201,31.2750080593239
"POOLPIDM_00797",13.0000002828413,14.478624243102,15.4877990927097,20.7947527461616,16.5896099055559,19.4120739678562
"POOLPIDM_00798",34.6666674209102,41.0227686887891,41.0426675956806,67.1830473337528,63.430861403596,59.3146704573384
"POOLPIDM_00799",2.60000005656826,0,2.32316986390645,1.59959636508935,1.95171881241834,2.15689710753958
"POOLPIDM_00800",1.73333337104551,2.41310404051701,5.42072968244839,1.59959636508935,0,1.07844855376979
"POOLPIDM_00801",19.9333337670234,13.6742562295964,18.5853589112516,17.5955600159829,22.4447663428109,23.7258681829354
"POOLPIDM_00802",79.7333350680934,87.6761134721179,96.0243543748,33.5915236668764,28.2999227800659,31.2750080593239
"POOLPIDM_00803",37.2666674774784,25.7397764321814,35.6219379132323,6.39838546035741,12.6861722807192,16.1767283065468
"POOLPIDM_00804",13.0000002828413,14.478624243102,17.0365790019806,19.1951563810722,16.5896099055559,14.0198311990073
"POOLPIDM_00805",17.3333337104551,8.04368013505668,16.2621890473452,3.1991927301787,6.83101584346418,2.15689710753958
"POOLPIDM_00806",19.9333337670234,19.304832324136,19.3597488658871,28.7927345716083,16.5896099055559,12.9413826452375
"POOLPIDM_00807",68.4666681562976,60.3276010129251,79.7621653274549,17.5955600159829,22.4447663428109,28.0396623980145
"POOLPIDM_00808",0,1.60873602701134,4.6463397278129,0,0,1.07844855376979
"POOLPIDM_00809",2.60000005656826,0,0.774389954635484,0,0.975859406209169,2.15689710753958
"POOLPIDM_00810",0,0,0,0,0,0
"POOLPIDM_00811",0,0,0,0,0,0
"POOLPIDM_00812",0,0,0,1.59959636508935,0,0
"POOLPIDM_00813",0,0,0,0,0,1.07844855376979
"POOLPIDM_00814",0,0,0,0,0,0
"POOLPIDM_00815",0,0.804368013505669,0,0,0,0
"POOLPIDM_00816",0,0,0.774389954635484,0,0,0
"POOLPIDM_00817",0,0,0,0,0,0
"POOLPIDM_00818",0,0,0,0,0,0
"POOLPIDM_00819",0,0.804368013505669,0.774389954635484,1.59959636508935,0.975859406209169,1.07844855376979
"POOLPIDM_00820",0,0,0,0,0,0
"POOLPIDM_00821",0,0,0,0,0,0
"POOLPIDM_00822",0,0,1.54877990927097,1.59959636508935,0,1.07844855376979
"POOLPIDM_00823",5.20000011313653,7.23931212155102,6.19511963708387,12.7967709207148,12.6861722807192,12.9413826452375
"POOLPIDM_00824",5.20000011313653,6.43494410804535,7.74389954635484,11.1971745556255,14.6378910931375,16.1767283065468
"POOLPIDM_00825",0,0,0,0,0.975859406209169,0
"POOLPIDM_00826",20.8000004525461,24.1310404051701,20.1341388205226,9.59757819053611,7.80687524967335,3.23534566130937
"POOLPIDM_00827",0,0,0,0,0,0
"POOLPIDM_00828",0.866666685522754,2.41310404051701,0,1.59959636508935,1.95171881241834,1.07844855376979
"POOLPIDM_00829",2.60000005656826,0,0.774389954635484,1.59959636508935,0,1.07844855376979
"POOLPIDM_00830",9.5333335407503,11.2611521890794,5.42072968244839,6.39838546035741,5.85515643725501,5.39224276884894
"POOLPIDM_00831",4.33333342761377,8.84804814856235,4.6463397278129,0,3.90343762483668,3.23534566130937
"POOLPIDM_00832",1.73333337104551,2.41310404051701,3.87194977317742,3.1991927301787,2.92757821862751,7.54913987638852
"POOLPIDM_00833",27.7333339367281,21.717936364653,23.2316986390645,49.5874873177699,46.8412514980401,33.4319051668634
"POOLPIDM_00834",47.6666677037515,49.0664488238458,29.4268182761484,14.3963672858042,12.6861722807192,16.1767283065468
"POOLPIDM_00835",4.33333342761377,4.82620808103401,6.96950959171936,3.1991927301787,4.87929703104584,5.39224276884894
"POOLPIDM_00836",6.06666679865928,1.60873602701134,4.6463397278129,0,0,2.15689710753958
"POOLPIDM_00837",6.06666679865928,11.2611521890794,13.9390191834387,7.99798182544676,4.87929703104584,3.23534566130937
"POOLPIDM_00838",13.0000002828413,13.6742562295964,17.0365790019806,3.1991927301787,6.83101584346418,7.54913987638852
"POOLPIDM_00839",1.73333337104551,0.804368013505669,1.54877990927097,0,0.975859406209169,2.15689710753958
"POOLPIDM_00840",3.46666674209102,1.60873602701134,2.32316986390645,3.1991927301787,4.87929703104584,6.47069132261873
"POOLPIDM_00841",0,0,0,0,0,0
"POOLPIDM_00842",7.80000016970479,8.04368013505668,3.87194977317742,4.79878909526806,4.87929703104584,4.31379421507915
"POOLPIDM_00843",19.0666670815006,16.0873602701134,13.9390191834387,9.59757819053611,4.87929703104584,3.23534566130937
"POOLPIDM_00844",7.80000016970479,1.60873602701134,0,1.59959636508935,0.975859406209169,0
"POOLPIDM_00845",0,0.804368013505669,0,0,0,0
"POOLPIDM_00846",0,0,0,0,0,0
"POOLPIDM_00847",0,0,0,0,0,1.07844855376979
"POOLPIDM_00848",0.866666685522754,2.41310404051701,1.54877990927097,1.59959636508935,1.95171881241834,1.07844855376979
"POOLPIDM_00849",0,0,0,0,0,0
"POOLPIDM_00850",0,0,0,0,0,0
"POOLPIDM_00851",0,0,0,0,0,0
"POOLPIDM_00852",0.866666685522754,1.60873602701134,0.774389954635484,0,0,0
"POOLPIDM_00853",3.46666674209102,4.02184006752834,1.54877990927097,1.59959636508935,0.975859406209169,1.07844855376979
"POOLPIDM_00854",0,1.60873602701134,0.774389954635484,0,0.975859406209169,1.07844855376979
"POOLPIDM_00855",31.2000006788192,29.7616164997097,27.1036484122419,57.5854691432167,44.8895326856218,43.1379421507915
"POOLPIDM_00856",6.06666679865928,8.84804814856235,5.42072968244839,15.9959636508935,10.7344534683009,4.31379421507915
"POOLPIDM_00857",8.66666685522754,8.84804814856235,15.4877990927097,23.9939454763403,15.6137504993467,14.0198311990073
"POOLPIDM_00858",7.80000016970479,12.8698882160907,6.96950959171936,0,0.975859406209169,3.23534566130937
"POOLPIDM_00859",19.0666670815006,15.2829922566077,22.457308684429,15.9959636508935,11.71031287451,20.490522521626
"POOLPIDM_00860",6.93333348418204,1.60873602701134,1.54877990927097,7.99798182544676,1.95171881241834,1.07844855376979
"POOLPIDM_00861",9.5333335407503,6.43494410804535,6.96950959171936,3.1991927301787,1.95171881241834,3.23534566130937
"POOLPIDM_00862",5.20000011313653,10.4567841755737,10.8414593648968,3.1991927301787,4.87929703104584,9.7060369839281
"POOLPIDM_00863",18.2000003959778,23.3266723916644,12.3902392741677,9.59757819053611,3.90343762483668,3.23534566130937
"POOLPIDM_00864",58.9333346155473,42.6315047158004,51.1097370059419,60.7846618733954,42.9378138732034,49.6086334734103
"POOLPIDM_00865",25.1333338801599,16.0873602701134,20.1341388205226,12.7967709207148,11.71031287451,11.8629340914677
"POOLPIDM_00866",8.66666685522754,8.04368013505668,3.87194977317742,3.1991927301787,5.85515643725501,6.47069132261873
"POOLPIDM_00867",4.33333342761377,4.82620808103401,2.32316986390645,1.59959636508935,1.95171881241834,1.07844855376979
"POOLPIDM_00868",23.4000005091144,16.891728283619,12.3902392741677,15.9959636508935,17.565469311765,11.8629340914677
"POOLPIDM_00869",0,1.60873602701134,2.32316986390645,11.1971745556255,6.83101584346418,5.39224276884894
"POOLPIDM_00870",6.93333348418204,6.43494410804535,4.6463397278129,9.59757819053611,6.83101584346418,12.9413826452375
"POOLPIDM_00871",14.7333336538868,11.2611521890794,14.7134091380742,19.1951563810722,7.80687524967335,9.7060369839281
"POOLPIDM_00872",0,0,0.774389954635484,0,0,1.07844855376979
"POOLPIDM_00873",9.5333335407503,5.63057609453968,8.51828950099032,12.7967709207148,6.83101584346418,9.7060369839281
"POOLPIDM_00874",5.20000011313653,3.21747205402267,6.96950959171936,4.79878909526806,2.92757821862751,2.15689710753958
"POOLPIDM_00875",0,0,0,0,0,1.07844855376979
"POOLPIDM_00876",15.6000003394096,32.1747205402267,24.7804785483355,3.1991927301787,6.83101584346418,2.15689710753958
"POOLPIDM_00877",22.5333338235916,18.5004643106304,23.2316986390645,4.79878909526806,0.975859406209169,9.7060369839281
"POOLPIDM_00878",8.66666685522754,3.21747205402267,10.8414593648968,0,10.7344534683009,10.7844855376979
"POOLPIDM_00879",0.866666685522754,0.804368013505669,3.09755981854194,12.7967709207148,18.5413287179742,19.4120739678562
"POOLPIDM_00880",2.60000005656826,4.02184006752834,0,28.7927345716083,22.4447663428109,19.4120739678562
"POOLPIDM_00881",0.866666685522754,1.60873602701134,3.09755981854194,4.79878909526806,2.92757821862751,2.15689710753958
"POOLPIDM_00883",2.60000005656826,0.804368013505669,0.774389954635484,6.39838546035741,1.95171881241834,1.07844855376979
"POOLPIDM_00884",14.7333336538868,21.717936364653,20.9085287751581,92.7765891751824,75.141174278106,76.569847317655
"POOLPIDM_00886",27.7333339367281,27.3485124591927,26.3292584576065,49.5874873177699,61.4791425911776,55.0008762422592
"POOLPIDM_00887",6.93333348418204,6.43494410804535,6.96950959171936,3.1991927301787,3.90343762483668,2.15689710753958
"POOLPIDM_00888",4.33333342761377,5.63057609453968,6.19511963708387,11.1971745556255,5.85515643725501,9.7060369839281
"POOLPIDM_00889",14.7333336538868,23.3266723916644,32.5243780946903,23.9939454763403,34.1550792173209,28.0396623980145
"POOLPIDM_00890",5.20000011313653,3.21747205402267,6.19511963708387,4.79878909526806,5.85515643725501,4.31379421507915
"POOLPIDM_00891",40.7333342195695,42.6315047158004,29.4268182761484,65.5834509686634,69.286017840851,92.7465756242018
"POOLPIDM_00892",56.333334558979,74.0018572425215,83.6341151006323,89.5773964450037,118.078988151309,128.335377898605
"POOLPIDM_00893",11.2666669117958,9.65241616206802,13.1646292288032,17.5955600159829,8.78273465588252,12.9413826452375
"POOLPIDM_00894",8.66666685522754,6.43494410804535,8.51828950099032,17.5955600159829,16.5896099055559,14.0198311990073
"POOLPIDM_00895",19.9333337670234,22.5223043781587,17.0365790019806,20.7947527461616,12.6861722807192,19.4120739678562
"POOLPIDM_00896",44.2000009616605,40.2184006752834,45.6890073234936,62.3842582384847,46.8412514980401,34.5103537206332
"POOLPIDM_00897",38.1333341630012,36.1965606077551,37.1707178225032,49.5874873177699,61.4791425911776,49.6086334734103
"POOLPIDM_00898",119.60000260214,114.220257917805,168.0426201559,142.364076492952,171.751255492814,163.924180173008
"POOLPIDM_00899",4.33333342761377,5.63057609453968,3.09755981854194,1.59959636508935,0,0
"POOLPIDM_00900",0.866666685522754,0.804368013505669,2.32316986390645,1.59959636508935,4.87929703104584,5.39224276884894
"POOLPIDM_00901",0,0,0,0,0,0
"POOLPIDM_00902",0,0,0,0,0,0
"POOLPIDM_00903",175.933337161119,202.700739403428,216.829187297936,222.34389474742,171.751255492814,153.13969463531
"POOLPIDM_00904",0,1.60873602701134,3.09755981854194,15.9959636508935,12.6861722807192,14.0198311990073
"POOLPIDM_00905",0.866666685522754,0,0,1.59959636508935,0.975859406209169,2.15689710753958
"POOLPIDM_00906",3.46666674209102,0.804368013505669,1.54877990927097,11.1971745556255,9.75859406209169,11.8629340914677
"POOLPIDM_00907",27.7333339367281,20.9135683511474,27.8780383668774,27.193138206519,27.3240633738567,21.5689710753958
"POOLPIDM_00908",22.5333338235916,16.0873602701134,14.7134091380742,55.9858727781273,45.8653920918309,48.5301849196405
"POOLPIDM_00909",1.73333337104551,4.02184006752834,3.09755981854194,4.79878909526806,6.83101584346418,3.23534566130937
"POOLPIDM_00910",0.866666685522754,0.804368013505669,0,0,0.975859406209169,0
"POOLPIDM_00911",0,0.804368013505669,0.774389954635484,3.1991927301787,1.95171881241834,2.15689710753958
"POOLPIDM_00912",0.866666685522754,0.804368013505669,3.09755981854194,0,0.975859406209169,0
"POOLPIDM_00913",26.0000005656826,24.9354084186757,22.457308684429,47.9878909526806,46.8412514980401,38.8241479357124
"POOLPIDM_00914",21.6666671380689,24.9354084186757,21.6829187297936,52.7866800479486,72.2135960594785,65.7853617799571
"POOLPIDM_00916",13.8666669683641,10.4567841755737,17.0365790019806,11.1971745556255,8.78273465588252,10.7844855376979
"POOLPIDM_00917",18.2000003959778,14.478624243102,15.4877990927097,51.1870836828593,46.8412514980401,44.2163907045613
"POOLPIDM_00918",6.93333348418204,9.65241616206802,10.8414593648968,6.39838546035741,10.7344534683009,7.54913987638852
"POOLPIDM_00919",1.73333337104551,3.21747205402267,3.09755981854194,4.79878909526806,4.87929703104584,4.31379421507915
"POOLPIDM_00920",1.73333337104551,4.02184006752834,6.19511963708387,6.39838546035741,7.80687524967335,8.62758843015831
"POOLPIDM_00921",1.73333337104551,1.60873602701134,0,4.79878909526806,3.90343762483668,3.23534566130937
"POOLPIDM_00922",0.866666685522754,0,0,3.1991927301787,0,2.15689710753958
"POOLPIDM_00923",0,0.804368013505669,0,0,0.975859406209169,1.07844855376979
"POOLPIDM_00924",38.1333341630012,33.7834565672381,37.9451077771387,105.573360095897,77.0928930905243,91.668127070432
"POOLPIDM_00925",455.866676584969,464.924711806276,406.554726183629,3703.06558518185,2610.42391160953,2567.78600652587
"POOLPIDM_00926",15.6000003394096,16.891728283619,13.9390191834387,46.3882945875912,45.8653920918309,44.2163907045613
"POOLPIDM_00927",6.93333348418204,6.43494410804535,9.29267945562581,12.7967709207148,22.4447663428109,25.8827652904749
"POOLPIDM_00928",2.60000005656826,3.21747205402267,2.32316986390645,4.79878909526806,11.71031287451,10.7844855376979
"POOLPIDM_00929",2.60000005656826,3.21747205402267,3.09755981854194,4.79878909526806,10.7344534683009,11.8629340914677
"POOLPIDM_00930",1.73333337104551,0.804368013505669,1.54877990927097,1.59959636508935,0.975859406209169,1.07844855376979
"POOLPIDM_00931",0,0,1.54877990927097,0,1.95171881241834,2.15689710753958
"POOLPIDM_00932",0,0.804368013505669,0,3.1991927301787,2.92757821862751,2.15689710753958
"POOLPIDM_00933",0,0,0,0,0,0
"POOLPIDM_00934",0.866666685522754,0,1.54877990927097,0,2.92757821862751,2.15689710753958
"POOLPIDM_00935",0,0.804368013505669,0,3.1991927301787,2.92757821862751,3.23534566130937
"POOLPIDM_00936",0,0,0,0,0,0
"POOLPIDM_00937",0,0,0,0,0,0
"POOLPIDM_00938",3.46666674209102,0.804368013505669,0.774389954635484,6.39838546035741,5.85515643725501,4.31379421507915
"POOLPIDM_00939",6.93333348418204,3.21747205402267,4.6463397278129,3.1991927301787,4.87929703104584,6.47069132261873
"POOLPIDM_00940",271.266672568622,340.247669712898,301.237692353203,2085.87366007652,1654.08169352454,1774.0478709513
"POOLPIDM_00941",0,0,3.09755981854194,9.59757819053611,5.85515643725501,9.7060369839281
"POOLPIDM_00942",0,1.60873602701134,0,4.79878909526806,0.975859406209169,1.07844855376979
"POOLPIDM_00943",0,0.804368013505669,2.32316986390645,0,0.975859406209169,2.15689710753958
"POOLPIDM_00944",0.866666685522754,0.804368013505669,0,3.1991927301787,0,0
"POOLPIDM_00945",0.866666685522754,2.41310404051701,1.54877990927097,1.59959636508935,0.975859406209169,0
"POOLPIDM_00946",1.73333337104551,1.60873602701134,4.6463397278129,3.1991927301787,0,0
"POOLPIDM_00947",0.866666685522754,2.41310404051701,3.09755981854194,4.79878909526806,3.90343762483668,5.39224276884894
"POOLPIDM_00948",0.866666685522754,5.63057609453968,1.54877990927097,7.99798182544676,2.92757821862751,1.07844855376979
"POOLPIDM_00949",1.73333337104551,2.41310404051701,2.32316986390645,3.1991927301787,0.975859406209169,3.23534566130937
"POOLPIDM_00950",6.06666679865928,7.23931212155102,7.74389954635484,4.79878909526806,8.78273465588252,10.7844855376979
"POOLPIDM_00951",0,0,0,3.1991927301787,0.975859406209169,0
"POOLPIDM_00952",0.866666685522754,1.60873602701134,0,0,1.95171881241834,0
"POOLPIDM_00953",0,0,0,0,0,0
"POOLPIDM_00954",2.60000005656826,2.41310404051701,1.54877990927097,3.1991927301787,0.975859406209169,1.07844855376979
"POOLPIDM_00955",0,1.60873602701134,0.774389954635484,0,0.975859406209169,1.07844855376979
"POOLPIDM_00956",1.73333337104551,0.804368013505669,2.32316986390645,1.59959636508935,0.975859406209169,0
"POOLPIDM_00957",3.46666674209102,2.41310404051701,3.87194977317742,4.79878909526806,4.87929703104584,3.23534566130937
"POOLPIDM_00958",2.60000005656826,0.804368013505669,0,0,0,1.07844855376979
"POOLPIDM_00959",3.46666674209102,4.82620808103401,3.87194977317742,6.39838546035741,3.90343762483668,7.54913987638852
"POOLPIDM_00960",0,0,0,0,0,0
"POOLPIDM_00961",0,0,0,0,0,0
"POOLPIDM_00962",0,0,0,0,0,0
"POOLPIDM_00963",0,0,0,0,0,0
"POOLPIDM_00964",0,0,0,1.59959636508935,1.95171881241834,0
"POOLPIDM_00965",0,0,0,1.59959636508935,0,0
"POOLPIDM_00966",0,0,0,3.1991927301787,0,1.07844855376979
"POOLPIDM_00967",25.1333338801599,28.1528804726984,25.554868502971,39.9899091272338,26.3482039676476,30.1965595055541
"POOLPIDM_00968",6.93333348418204,7.23931212155102,4.6463397278129,6.39838546035741,0,0
"POOLPIDM_00969",0.866666685522754,0,0.774389954635484,0,0,0
"POOLPIDM_00970",12.1333335973186,8.84804814856235,15.4877990927097,7.99798182544676,6.83101584346418,3.23534566130937
"POOLPIDM_00971",0.866666685522754,0,0,0,0,0
"POOLPIDM_00972",2.60000005656826,1.60873602701134,4.6463397278129,3.1991927301787,0,1.07844855376979
"POOLPIDM_00973",0.866666685522754,0,0,0,0,0
"POOLPIDM_00974",170.733337047983,171.330386876707,198.243828386684,171.156811064561,173.702974305232,172.551768603166
"POOLPIDM_00975",97.9333354640712,111.807153877288,113.835323331416,28.7927345716083,31.2275009986934,33.4319051668634
"POOLPIDM_00976",1.73333337104551,3.21747205402267,3.87194977317742,0,0.975859406209169,0
"POOLPIDM_00977",34.6666674209102,35.3921925942494,23.2316986390645,4.79878909526806,8.78273465588252,3.23534566130937
"POOLPIDM_00978",14.7333336538868,12.065520202585,9.29267945562581,67.1830473337528,81.9721901215702,77.6482958714248
"POOLPIDM_00979",4.33333342761377,1.60873602701134,8.51828950099032,1.59959636508935,2.92757821862751,7.54913987638852
"POOLPIDM_00980",6.06666679865928,8.04368013505668,3.87194977317742,3.1991927301787,2.92757821862751,3.23534566130937
"POOLPIDM_00981",0,4.82620808103401,3.87194977317742,3.1991927301787,1.95171881241834,3.23534566130937
"POOLPIDM_00982",5.20000011313653,4.02184006752834,5.42072968244839,1.59959636508935,0.975859406209169,1.07844855376979
"POOLPIDM_00983",10.4000002262731,11.2611521890794,14.7134091380742,9.59757819053611,2.92757821862751,3.23534566130937
"POOLPIDM_00984",13.0000002828413,19.304832324136,10.0670694102613,3.1991927301787,2.92757821862751,3.23534566130937
"POOLPIDM_00985",165.533336934846,156.851762633605,168.817010110536,33.5915236668764,47.8171109042493,42.0594935970218
"POOLPIDM_00986",7.80000016970479,7.23931212155102,10.0670694102613,1.59959636508935,9.75859406209169,10.7844855376979
"POOLPIDM_00987",14.7333336538868,12.8698882160907,6.19511963708387,27.193138206519,19.5171881241834,22.6474196291656
"POOLPIDM_00988",101.400002206162,100.546001688209,89.8292347377161,446.287385859929,307.395712955888,351.574228528951
"POOLPIDM_00989",0,0,0.774389954635484,6.39838546035741,7.80687524967335,7.54913987638852
"POOLPIDM_00990",57.2000012445018,69.1756491614875,61.1768064162032,41.5895054923232,66.3584396222235,71.177604548806
"POOLPIDM_00991",39.000000848524,39.4140326617778,42.5914475049516,36.7907163970551,41.9619544669943,46.3732878121009
"POOLPIDM_00992",25.1333338801599,20.1092003376417,19.3597488658871,23.9939454763403,28.2999227800659,22.6474196291656
"POOLPIDM_00993",16.4666670249323,10.4567841755737,13.1646292288032,6.39838546035741,4.87929703104584,11.8629340914677
"POOLPIDM_00994",10.4000002262731,4.82620808103401,10.0670694102613,3.1991927301787,0.975859406209169,1.07844855376979
"POOLPIDM_00995",14.7333336538868,7.23931212155102,8.51828950099032,6.39838546035741,3.90343762483668,2.15689710753958
"POOLPIDM_00996",34.6666674209102,33.7834565672381,31.7499881400548,11.1971745556255,7.80687524967335,7.54913987638852
"POOLPIDM_00997",6.06666679865928,6.43494410804535,10.0670694102613,6.39838546035741,2.92757821862751,4.31379421507915
"POOLPIDM_00998",57.2000012445018,70.7843851884988,66.5975360986516,46.3882945875912,37.0826574359484,58.2362219035686
"POOLPIDM_00999",29.4666673077737,32.1747205402267,30.2012082307839,1.59959636508935,8.78273465588252,6.47069132261873
"POOLPIDM_01000",6.93333348418204,4.82620808103401,10.0670694102613,0,0.975859406209169,2.15689710753958
"POOLPIDM_01001",194.133337557097,199.483267349406,225.347476798926,1353.25852486559,1736.05388364611,2060.91518625407
"POOLPIDM_01002",19.9333337670234,14.478624243102,17.0365790019806,11.1971745556255,10.7344534683009,10.7844855376979
"POOLPIDM_01003",0.866666685522754,0,0,0,0.975859406209169,0
"POOLPIDM_01004",31.2000006788192,20.1092003376417,20.9085287751581,17.5955600159829,23.4206257490201,28.0396623980145
"POOLPIDM_01005",19.9333337670234,10.4567841755737,14.7134091380742,30.3923309366977,29.2757821862751,32.3534566130937
"POOLPIDM_01006",187.200004072915,204.30947543044,267.938924303877,28.7927345716083,30.2516415924842,38.8241479357124
"POOLPIDM_01007",121.333335973186,100.546001688209,116.158493195323,39.9899091272338,38.0585168421576,36.6672508281728
"POOLPIDM_01008",63.2666680431611,76.4149612830385,68.9207059625581,19.1951563810722,28.2999227800659,29.1181109517843
"POOLPIDM_01009",32.0666673643419,20.9135683511474,30.9755981854194,23.9939454763403,29.2757821862751,24.8043167367051
"POOLPIDM_01010",11.2666669117958,10.4567841755737,12.3902392741677,6.39838546035741,5.85515643725501,6.47069132261873
"POOLPIDM_01011",5.20000011313653,10.4567841755737,8.51828950099032,11.1971745556255,16.5896099055559,15.098279752777
"POOLPIDM_01012",52.0000011313653,51.4795528643628,54.9816867791194,44.7886982225019,43.9136732794126,29.1181109517843
"POOLPIDM_01013",53.7333345024108,54.6970249183855,60.4024164615677,30.3923309366977,32.2033604049026,49.6086334734103
"POOLPIDM_01014",125.666669400799,139.155666336481,125.451172650948,83.1790109846463,84.8997683401977,100.29571550059
"POOLPIDM_01015",58.0666679300246,48.2620808103401,62.7255863254742,3.1991927301787,20.4930475303925,19.4120739678562
"POOLPIDM_01016",68.4666681562976,85.2630094316009,104.54264387579,17.5955600159829,34.1550792173209,32.3534566130937
"POOLPIDM_01017",15.6000003394096,24.9354084186757,20.1341388205226,9.59757819053611,5.85515643725501,8.62758843015831
"POOLPIDM_01018",58.9333346155473,69.1756491614875,57.3048566430258,15.9959636508935,16.5896099055559,15.098279752777
"POOLPIDM_01019",358.80000780642,328.986517523818,359.316938950865,140.764480127863,182.485708961115,228.631093399195
"POOLPIDM_01020",25.1333338801599,15.2829922566077,25.554868502971,17.5955600159829,19.5171881241834,12.9413826452375
"POOLPIDM_01021",6.93333348418204,7.23931212155102,4.6463397278129,15.9959636508935,23.4206257490201,30.1965595055541
"POOLPIDM_01022",30.3333339932964,26.5441444456871,22.457308684429,137.565287397684,109.296253495427,127.256929344835
"POOLPIDM_01023",44.2000009616605,41.0227686887891,51.1097370059419,259.134611144475,177.606411930069,180.100908479555
"POOLPIDM_01024",13.8666669683641,20.9135683511474,12.3902392741677,9.59757819053611,8.78273465588252,4.31379421507915
"POOLPIDM_01025",14.7333336538868,9.65241616206802,12.3902392741677,3.1991927301787,1.95171881241834,1.07844855376979
"POOLPIDM_01026",5.20000011313653,6.43494410804535,5.42072968244839,30.3923309366977,40.9860950607851,32.3534566130937
"POOLPIDM_01027",1.73333337104551,4.82620808103401,3.09755981854194,38.3903127621445,30.2516415924842,16.1767283065468
"POOLPIDM_01028",1.73333337104551,0,2.32316986390645,3.1991927301787,2.92757821862751,2.15689710753958
"POOLPIDM_01029",0.866666685522754,1.60873602701134,4.6463397278129,3.1991927301787,7.80687524967335,10.7844855376979
"POOLPIDM_01030",0.866666685522754,0.804368013505669,0.774389954635484,0,0,0
"POOLPIDM_01031",12.1333335973186,10.4567841755737,11.6158493195323,11.1971745556255,11.71031287451,8.62758843015831
"POOLPIDM_01032",6.93333348418204,8.04368013505668,6.96950959171936,7.99798182544676,5.85515643725501,7.54913987638852
"POOLPIDM_01033",2.60000005656826,4.02184006752834,3.87194977317742,27.193138206519,29.2757821862751,31.2750080593239
"POOLPIDM_01034",0,0,0,0,0,0
"POOLPIDM_01035",7.80000016970479,7.23931212155102,4.6463397278129,6.39838546035741,4.87929703104584,8.62758843015831
"POOLPIDM_01036",70.2000015273431,74.8062252560272,87.5060648738097,7.99798182544676,17.565469311765,21.5689710753958
"POOLPIDM_01037",33.8000007353874,38.6096646482721,43.3658374595871,11.1971745556255,11.71031287451,11.8629340914677
"POOLPIDM_01038",170.733337047983,214.766259606013,211.408457615487,87.9778000799144,80.996330715361,80.8836415327341
"POOLPIDM_01039",45.933334332706,49.8708168373514,51.1097370059419,12.7967709207148,17.565469311765,18.3336254140864
"POOLPIDM_01040",103.133335577208,82.8499053910839,102.993863966519,63.9838546035741,67.3342990284327,40.981045043252
"POOLPIDM_01041",183.733337330824,213.961891592508,212.957237524758,102.374167365719,129.789301025819,118.629340914677
"POOLPIDM_01042",18.2000003959778,18.5004643106304,25.554868502971,27.193138206519,33.1792198111117,53.9224276884894
"POOLPIDM_01043",124.800002715277,123.068306066367,115.384103240687,111.971745556255,94.6583624022894,90.5896785166622
"POOLPIDM_01044",143.000003111254,116.633361958322,156.426770836368,35.1911200319658,51.7205485290859,55.0008762422592
"POOLPIDM_01045",49.400001074797,54.6970249183855,44.9146173688581,30.3923309366977,29.2757821862751,31.2750080593239
"POOLPIDM_01046",16.4666670249323,18.5004643106304,24.0060885937,20.7947527461616,33.1792198111117,25.8827652904749
"POOLPIDM_01047",39.8666675340467,49.0664488238458,61.9511963708387,78.3802218893783,81.9721901215702,75.4913987638852
"POOLPIDM_01048",10.4000002262731,14.478624243102,10.0670694102613,7.99798182544676,20.4930475303925,14.0198311990073
"POOLPIDM_01049",0.866666685522754,0.804368013505669,0,0,0.975859406209169,1.07844855376979
"POOLPIDM_01050",2.60000005656826,1.60873602701134,2.32316986390645,7.99798182544676,2.92757821862751,3.23534566130937
"POOLPIDM_01051",5.20000011313653,4.82620808103401,8.51828950099032,28.7927345716083,28.2999227800659,21.5689710753958
"POOLPIDM_01052",26.0000005656826,17.6960962971247,17.8109689566161,228.742280207777,117.1031287451,115.393995253367
"POOLPIDM_01053",1.73333337104551,0,0,1.59959636508935,0,0
"POOLPIDM_01054",0,0,0.774389954635484,1.59959636508935,0,0
"POOLPIDM_01055",0.866666685522754,0.804368013505669,0.774389954635484,3.1991927301787,3.90343762483668,1.07844855376979
"POOLPIDM_01056",12.1333335973186,13.6742562295964,9.29267945562581,9.59757819053611,3.90343762483668,7.54913987638852
"POOLPIDM_01057",5.20000011313653,7.23931212155102,8.51828950099032,7.99798182544676,11.71031287451,15.098279752777
"POOLPIDM_01058",70.2000015273431,91.6979535396462,78.2133854181839,63.9838546035741,81.9721901215702,72.2560531025758
"POOLPIDM_01059",25.1333338801599,23.3266723916644,17.0365790019806,20.7947527461616,52.6964079352951,38.8241479357124
"POOLPIDM_01060",69.3333348418204,65.1538090939592,70.469485871829,121.569323746791,128.81344161961,132.649172113684
"POOLPIDM_01061",106.600002319299,103.763473742231,112.286543422145,238.339858398313,213.713209959808,244.807821705742
"POOLPIDM_01062",128.266669457368,142.373138390503,154.103600972461,57.5854691432167,65.3825802160143,79.8051929789644
"POOLPIDM_01063",4.33333342761377,8.04368013505668,4.6463397278129,9.59757819053611,8.78273465588252,10.7844855376979
"POOLPIDM_01064",8.66666685522754,12.065520202585,11.6158493195323,11.1971745556255,26.3482039676476,31.2750080593239
"POOLPIDM_01065",7.80000016970479,6.43494410804535,10.8414593648968,23.9939454763403,20.4930475303925,17.2551768603166
"POOLPIDM_01066",13.8666669683641,15.2829922566077,10.0670694102613,14.3963672858042,7.80687524967335,5.39224276884894
"POOLPIDM_01067",254.80000554369,253.375924254286,259.420634802887,68.7826436988422,61.4791425911776,73.3345016563456
"POOLPIDM_01068",101.400002206162,83.6542734045895,103.768253921155,79.9798182544676,90.7549247774527,124.021583683526
"POOLPIDM_01069",19.9333337670234,28.1528804726984,37.1707178225032,22.3943491112509,17.565469311765,19.4120739678562
"POOLPIDM_01070",2.60000005656826,2.41310404051701,0.774389954635484,7.99798182544676,13.6620316869284,11.8629340914677
"POOLPIDM_01071",6.06666679865928,5.63057609453968,1.54877990927097,25.5935418414296,19.5171881241834,21.5689710753958
"POOLPIDM_01072",0,0,0,1.59959636508935,0.975859406209169,6.47069132261873
"POOLPIDM_01073",58.0666679300246,62.7407050534421,85.9572849645387,3.1991927301787,3.90343762483668,2.15689710753958
"POOLPIDM_01074",258.266672285781,226.831779808599,233.865766299916,1.59959636508935,7.80687524967335,5.39224276884894
"POOLPIDM_01075",143.000003111254,170.526018863202,154.877990927097,1.59959636508935,7.80687524967335,4.31379421507915
"POOLPIDM_01076",73.6666682694341,60.3276010129251,63.4999762801097,9.59757819053611,13.6620316869284,11.8629340914677
"POOLPIDM_01077",91.0000019798892,88.4804814856235,78.2133854181839,51.1870836828593,58.5515643725501,46.3732878121009
"POOLPIDM_01078",44.2000009616605,31.3703525267211,58.8536365522968,31.991927301787,29.2757821862751,29.1181109517843
"POOLPIDM_01079",15.6000003394096,16.891728283619,17.8109689566161,7.99798182544676,7.80687524967335,6.47069132261873
"POOLPIDM_01080",42.466667590615,60.3276010129251,61.1768064162032,41.5895054923232,48.7929703104584,36.6672508281728
"POOLPIDM_01081",101.400002206162,103.763473742231,120.0304429685,108.772552826076,110.272112901636,104.609509715669
"POOLPIDM_01082",217.533338066211,139.155666336481,154.103600972461,118.370131016612,148.330629743794,171.473320049396
"POOLPIDM_01083",36.4000007919557,37.8052966347664,33.2987680493258,11.1971745556255,5.85515643725501,8.62758843015831
"POOLPIDM_01084",1.73333337104551,1.60873602701134,3.87194977317742,1.59959636508935,1.95171881241834,1.07844855376979
"POOLPIDM_01085",36.4000007919557,34.5878245807437,24.0060885937,57.5854691432167,40.9860950607851,60.3931190111082
"POOLPIDM_01086",36.4000007919557,35.3921925942494,33.2987680493258,14.3963672858042,17.565469311765,18.3336254140864
"POOLPIDM_01087",6.93333348418204,4.82620808103401,6.96950959171936,4.79878909526806,2.92757821862751,5.39224276884894
"POOLPIDM_01088",0.866666685522754,2.41310404051701,0.774389954635484,0,1.95171881241834,0
"POOLPIDM_01089",6.06666679865928,0,0,1.59959636508935,2.92757821862751,0
"POOLPIDM_01090",15.6000003394096,11.2611521890794,13.1646292288032,4.79878909526806,5.85515643725501,10.7844855376979
"POOLPIDM_01091",35.5333341064329,38.6096646482721,48.0121771874,15.9959636508935,19.5171881241834,16.1767283065468
"POOLPIDM_01092",30.3333339932964,23.3266723916644,29.4268182761484,11.1971745556255,18.5413287179742,11.8629340914677
"POOLPIDM_01093",17.3333337104551,28.1528804726984,20.9085287751581,11.1971745556255,12.6861722807192,7.54913987638852
"POOLPIDM_01094",31.2000006788192,36.1965606077551,27.8780383668774,15.9959636508935,21.4689069366017,17.2551768603166
"POOLPIDM_01095",7.80000016970479,9.65241616206802,7.74389954635484,9.59757819053611,0.975859406209169,4.31379421507915
"POOLPIDM_01096",52.866667816888,77.2193292965442,61.1768064162032,38.3903127621445,24.3964851552292,30.1965595055541
"POOLPIDM_01097",1579.93336770798,1133.35453102949,946.304524564561,540.663571400201,454.750483293473,436.771664276764
"POOLPIDM_01098",17.3333337104551,20.1092003376417,16.2621890473452,20.7947527461616,23.4206257490201,16.1767283065468
"POOLPIDM_01099",15.6000003394096,15.2829922566077,10.8414593648968,12.7967709207148,6.83101584346418,7.54913987638852
"POOLPIDM_01100",1.73333337104551,4.02184006752834,4.6463397278129,0,0.975859406209169,3.23534566130937
"POOLPIDM_01101",21.6666671380689,24.9354084186757,20.1341388205226,7.99798182544676,2.92757821862751,0
"POOLPIDM_01102",0.866666685522754,1.60873602701134,1.54877990927097,0,0,0
"POOLPIDM_01103",1.73333337104551,2.41310404051701,1.54877990927097,0,1.95171881241834,0
"POOLPIDM_01104",5.20000011313653,3.21747205402267,0,1.59959636508935,1.95171881241834,3.23534566130937
"POOLPIDM_01105",1.73333337104551,0.804368013505669,0.774389954635484,0,0,0
"POOLPIDM_01106",6.93333348418204,10.4567841755737,10.0670694102613,7.99798182544676,11.71031287451,5.39224276884894
"POOLPIDM_01107",8.66666685522754,7.23931212155102,13.1646292288032,0,6.83101584346418,7.54913987638852
"POOLPIDM_01108",44.2000009616605,49.8708168373514,51.1097370059419,36.7907163970551,30.2516415924842,31.2750080593239
"POOLPIDM_01109",6.93333348418204,8.04368013505668,8.51828950099032,4.79878909526806,4.87929703104584,4.31379421507915
"POOLPIDM_01110",7.80000016970479,4.02184006752834,4.6463397278129,1.59959636508935,4.87929703104584,8.62758843015831
"POOLPIDM_01111",280.800006109372,287.159380821524,252.451125211168,70.3822400639315,64.4067208098051,62.5500161186477
"POOLPIDM_01112",0,2.41310404051701,0,0,0,0
"POOLPIDM_01113",0,0,0,0,0,0
"POOLPIDM_01114",9.5333335407503,5.63057609453968,16.2621890473452,11.1971745556255,14.6378910931375,14.0198311990073
"POOLPIDM_01115",2.60000005656826,3.21747205402267,6.96950959171936,4.79878909526806,8.78273465588252,10.7844855376979
"POOLPIDM_01116",33.8000007353874,24.1310404051701,37.9451077771387,36.7907163970551,28.2999227800659,20.490522521626
"POOLPIDM_01117",19.9333337670234,41.8271367022948,27.1036484122419,15.9959636508935,27.3240633738567,24.8043167367051
"POOLPIDM_01118",45.933334332706,29.7616164997097,26.3292584576065,20.7947527461616,21.4689069366017,18.3336254140864
"POOLPIDM_01119",132.600002884981,113.415889904299,100.670694102613,52.7866800479486,48.7929703104584,44.2163907045613
"POOLPIDM_01120",21.6666671380689,18.5004643106304,26.3292584576065,44.7886982225019,43.9136732794126,31.2750080593239
"POOLPIDM_01121",23.4000005091144,28.1528804726984,34.8475479585968,43.1891018574125,62.4550019973868,53.9224276884894
"POOLPIDM_01122",38.1333341630012,43.4358727293061,44.9146173688581,47.9878909526806,39.0343762483668,47.4517363658707
"POOLPIDM_01123",3.46666674209102,7.23931212155102,6.96950959171936,15.9959636508935,19.5171881241834,12.9413826452375
"POOLPIDM_01124",4.33333342761377,5.63057609453968,4.6463397278129,7.99798182544676,14.6378910931375,11.8629340914677
"POOLPIDM_01125",16.4666670249323,12.8698882160907,11.6158493195323,43.1891018574125,57.575704966341,80.8836415327341
"POOLPIDM_01126",16.4666670249323,24.1310404051701,24.7804785483355,71.9818364290208,86.851487152616,72.2560531025758
"POOLPIDM_01127",34.6666674209102,24.9354084186757,30.2012082307839,54.386276413038,62.4550019973868,69.0207074412665
"POOLPIDM_01128",39.8666675340467,34.5878245807437,27.8780383668774,47.9878909526806,68.3101584346418,61.471567564878
"POOLPIDM_01129",19.0666670815006,14.478624243102,20.1341388205226,35.1911200319658,46.8412514980401,36.6672508281728
"POOLPIDM_01130",0,0,0,0,0,0
"POOLPIDM_01131",8.66666685522754,12.8698882160907,10.8414593648968,7.99798182544676,5.85515643725501,7.54913987638852
"POOLPIDM_01132",2.60000005656826,4.02184006752834,9.29267945562581,9.59757819053611,8.78273465588252,6.47069132261873
"POOLPIDM_01133",13.0000002828413,11.2611521890794,5.42072968244839,9.59757819053611,13.6620316869284,7.54913987638852
"POOLPIDM_01134",11.2666669117958,14.478624243102,13.1646292288032,6.39838546035741,7.80687524967335,3.23534566130937
"POOLPIDM_01135",2.60000005656826,1.60873602701134,3.87194977317742,0,3.90343762483668,1.07844855376979
"POOLPIDM_01136",6.93333348418204,4.82620808103401,6.96950959171936,1.59959636508935,0.975859406209169,3.23534566130937
"POOLPIDM_01137",34.6666674209102,29.7616164997097,23.2316986390645,22.3943491112509,24.3964851552292,23.7258681829354
"POOLPIDM_01138",29.4666673077737,32.1747205402267,24.7804785483355,15.9959636508935,20.4930475303925,14.0198311990073
"POOLPIDM_01139",22.5333338235916,19.304832324136,24.0060885937,33.5915236668764,26.3482039676476,34.5103537206332
"POOLPIDM_01140",27.7333339367281,28.1528804726984,14.7134091380742,17.5955600159829,19.5171881241834,21.5689710753958
"POOLPIDM_01141",58.9333346155473,53.8926569048798,56.5304666883903,46.3882945875912,51.7205485290859,39.9025964894822
"POOLPIDM_01142",8.66666685522754,8.84804814856235,6.19511963708387,1.59959636508935,3.90343762483668,1.07844855376979
"POOLPIDM_01143",3.46666674209102,4.82620808103401,1.54877990927097,6.39838546035741,1.95171881241834,1.07844855376979
"POOLPIDM_01144",3.46666674209102,8.04368013505668,6.19511963708387,4.79878909526806,5.85515643725501,1.07844855376979
"POOLPIDM_01145",17.3333337104551,8.84804814856235,6.19511963708387,31.991927301787,39.0343762483668,58.2362219035686
"POOLPIDM_01146",7.80000016970479,7.23931212155102,9.29267945562581,3.1991927301787,3.90343762483668,7.54913987638852
"POOLPIDM_01147",6.06666679865928,4.02184006752834,2.32316986390645,11.1971745556255,12.6861722807192,14.0198311990073
"POOLPIDM_01148",3.46666674209102,0.804368013505669,1.54877990927097,1.59959636508935,0,0
"POOLPIDM_01149",12.1333335973186,6.43494410804535,13.1646292288032,11.1971745556255,8.78273465588252,10.7844855376979
"POOLPIDM_01150",0,2.41310404051701,0.774389954635484,1.59959636508935,0,0
"POOLPIDM_01151",7.80000016970479,8.04368013505668,3.87194977317742,9.59757819053611,2.92757821862751,0
"POOLPIDM_01152",13.8666669683641,11.2611521890794,7.74389954635484,6.39838546035741,2.92757821862751,5.39224276884894
"POOLPIDM_01153",0,0,0,3.1991927301787,0.975859406209169,0
"POOLPIDM_01154",3.46666674209102,1.60873602701134,1.54877990927097,11.1971745556255,5.85515643725501,4.31379421507915
"POOLPIDM_01155",34.6666674209102,38.6096646482721,34.8475479585968,33.5915236668764,28.2999227800659,28.0396623980145
"POOLPIDM_01156",11.2666669117958,12.065520202585,17.0365790019806,4.79878909526806,3.90343762483668,4.31379421507915
"POOLPIDM_01157",10.4000002262731,8.84804814856235,9.29267945562581,41.5895054923232,38.0585168421576,46.3732878121009
"POOLPIDM_01158",2.60000005656826,1.60873602701134,3.09755981854194,7.99798182544676,10.7344534683009,6.47069132261873
"POOLPIDM_01159",0,0.804368013505669,0,3.1991927301787,0,2.15689710753958
"POOLPIDM_01160",3.46666674209102,2.41310404051701,7.74389954635484,12.7967709207148,9.75859406209169,9.7060369839281
"POOLPIDM_01161",20.8000004525461,29.7616164997097,20.1341388205226,89.5773964450037,59.5274237787593,58.2362219035686
"POOLPIDM_01162",0,0.804368013505669,1.54877990927097,0,0,0
"POOLPIDM_01163",20.8000004525461,16.0873602701134,22.457308684429,55.9858727781273,21.4689069366017,36.6672508281728
"POOLPIDM_01164",42.466667590615,41.8271367022948,42.5914475049516,115.170938286433,79.0446119029427,84.1189871940435
"POOLPIDM_01165",10.4000002262731,6.43494410804535,10.0670694102613,23.9939454763403,24.3964851552292,20.490522521626
"POOLPIDM_01166",2.60000005656826,6.43494410804535,8.51828950099032,4.79878909526806,3.90343762483668,7.54913987638852
"POOLPIDM_01167",0.866666685522754,1.60873602701134,0,0,0.975859406209169,0
"POOLPIDM_01168",0,0.804368013505669,0,0,0,1.07844855376979
"POOLPIDM_01169",0,0,0,0,0,0
"POOLPIDM_01170",0.866666685522754,0.804368013505669,1.54877990927097,0,0,0
"POOLPIDM_01171",1.73333337104551,1.60873602701134,0,0,0,0
"POOLPIDM_01172",0,0,0.774389954635484,0,0,0
"POOLPIDM_01173",0,0,0,0,0.975859406209169,0
"POOLPIDM_01174",0,0,0.774389954635484,0,0,0
"POOLPIDM_01175",0,0,0,0,0,0
"POOLPIDM_01176",0,0,0,0,0,0
"POOLPIDM_01177",0.866666685522754,3.21747205402267,0.774389954635484,4.79878909526806,0.975859406209169,1.07844855376979
"POOLPIDM_01178",1.73333337104551,6.43494410804535,3.87194977317742,1.59959636508935,0,3.23534566130937
"POOLPIDM_01179",0,0,0.774389954635484,0,0,0
"POOLPIDM_01180",25.1333338801599,12.8698882160907,18.5853589112516,14.3963672858042,10.7344534683009,22.6474196291656
"POOLPIDM_01181",24.2666671946371,17.6960962971247,23.2316986390645,19.1951563810722,39.0343762483668,30.1965595055541
"POOLPIDM_01182",1.73333337104551,0,1.54877990927097,14.3963672858042,8.78273465588252,6.47069132261873
"POOLPIDM_01183",3.46666674209102,5.63057609453968,3.09755981854194,6.39838546035741,5.85515643725501,9.7060369839281
"POOLPIDM_01184",7.80000016970479,16.891728283619,7.74389954635484,43.1891018574125,24.3964851552292,35.588802274403
"POOLPIDM_01185",0,1.60873602701134,1.54877990927097,4.79878909526806,2.92757821862751,7.54913987638852
"POOLPIDM_01187",0.866666685522754,0,0,12.7967709207148,13.6620316869284,35.588802274403
"POOLPIDM_01188",0,0,0.774389954635484,4.79878909526806,14.6378910931375,11.8629340914677
"POOLPIDM_01189",4.33333342761377,3.21747205402267,3.87194977317742,111.971745556255,113.199691120264,118.629340914677
"POOLPIDM_01190",5.20000011313653,4.82620808103401,8.51828950099032,46.3882945875912,78.0687524967335,46.3732878121009
"POOLPIDM_01191",1.73333337104551,0,0.774389954635484,7.99798182544676,5.85515643725501,5.39224276884894
"POOLPIDM_01192",14.7333336538868,14.478624243102,12.3902392741677,134.366094667506,109.296253495427,133.727620667454
"POOLPIDM_01193",3.46666674209102,3.21747205402267,3.09755981854194,225.543087477599,177.606411930069,182.257805587094
"POOLPIDM_01194",1.73333337104551,4.82620808103401,1.54877990927097,30.3923309366977,44.8895326856218,26.9612138442447
"POOLPIDM_01195",0,2.41310404051701,0.774389954635484,17.5955600159829,32.2033604049026,19.4120739678562
"POOLPIDM_01196",15.6000003394096,12.065520202585,15.4877990927097,123.16892011188,161.016802024513,141.276760543842
"POOLPIDM_01197",21.6666671380689,27.3485124591927,25.554868502971,15.9959636508935,21.4689069366017,11.8629340914677
"POOLPIDM_01198",2.60000005656826,3.21747205402267,3.09755981854194,1.59959636508935,1.95171881241834,0
"POOLPIDM_01199",2.60000005656826,1.60873602701134,0.774389954635484,3.1991927301787,1.95171881241834,3.23534566130937
"POOLPIDM_01200",7.80000016970479,3.21747205402267,4.6463397278129,4.79878909526806,2.92757821862751,4.31379421507915
"POOLPIDM_01201",0,0,0.774389954635484,0,0,0
"POOLPIDM_01202",8.66666685522754,11.2611521890794,10.8414593648968,89.5773964450037,88.8032059650344,103.5310611619
"POOLPIDM_01203",6.06666679865928,6.43494410804535,9.29267945562581,60.7846618733954,66.3584396222235,60.3931190111082
"POOLPIDM_01204",14.7333336538868,8.04368013505668,10.0670694102613,102.374167365719,125.885863400983,126.178480791065
"POOLPIDM_01205",1.73333337104551,5.63057609453968,2.32316986390645,12.7967709207148,12.6861722807192,5.39224276884894
"POOLPIDM_01206",0,0.804368013505669,0,0,0,0
"POOLPIDM_01207",27.7333339367281,15.2829922566077,15.4877990927097,135.965691032595,98.5618000271261,83.0405386402737
"POOLPIDM_01208",53.7333345024108,54.6970249183855,53.4329068698484,244.738243858671,196.147740648043,181.179357033324
"POOLPIDM_01209",5.20000011313653,4.82620808103401,3.87194977317742,4.79878909526806,2.92757821862751,8.62758843015831
"POOLPIDM_01210",1.73333337104551,3.21747205402267,4.6463397278129,6.39838546035741,1.95171881241834,3.23534566130937
"POOLPIDM_01211",66.7333347852521,77.2193292965442,69.6950959171936,11.1971745556255,5.85515643725501,9.7060369839281
"POOLPIDM_01212",9.5333335407503,4.02184006752834,3.09755981854194,0,3.90343762483668,0
"POOLPIDM_01213",9.5333335407503,8.84804814856235,6.19511963708387,3.1991927301787,3.90343762483668,4.31379421507915
"POOLPIDM_01214",52.866667816888,43.4358727293061,37.9451077771387,19.1951563810722,9.75859406209169,20.490522521626
"POOLPIDM_01215",2.60000005656826,4.02184006752834,4.6463397278129,0,0,0
"POOLPIDM_01216",616.200013406678,563.057609453968,471.60348237301,540.663571400201,403.029934764387,418.438038862678
"POOLPIDM_01217",3.46666674209102,10.4567841755737,6.19511963708387,0,0.975859406209169,7.54913987638852
"POOLPIDM_01218",780.000016970479,793.911229330095,827.048471550697,1038.13804094299,1283.25511916506,1302.7658529539
"POOLPIDM_01219",117.000002545572,125.481410106884,105.317033830426,231.941472937956,167.847817867977,174.708665710706
"POOLPIDM_01220",11.2666669117958,14.478624243102,18.5853589112516,22.3943491112509,33.1792198111117,25.8827652904749
"POOLPIDM_01221",1.73333337104551,3.21747205402267,0,0,0,0
"POOLPIDM_01222",71.9333348983886,88.4804814856235,98.3475242387065,1.59959636508935,6.83101584346418,4.31379421507915
"POOLPIDM_01223",69.3333348418204,114.220257917805,101.445084057248,1.59959636508935,3.90343762483668,6.47069132261873
"POOLPIDM_01224",5.20000011313653,8.04368013505668,5.42072968244839,6.39838546035741,0,0
"POOLPIDM_01225",4.33333342761377,6.43494410804535,7.74389954635484,6.39838546035741,2.92757821862751,4.31379421507915
"POOLPIDM_01226",13.0000002828413,12.065520202585,13.1646292288032,6.39838546035741,10.7344534683009,14.0198311990073
"POOLPIDM_01227",29.4666673077737,30.5659845132154,22.457308684429,44.7886982225019,19.5171881241834,17.2551768603166
"POOLPIDM_01228",21.6666671380689,24.1310404051701,19.3597488658871,11.1971745556255,9.75859406209169,15.098279752777
"POOLPIDM_01229",25.1333338801599,25.7397764321814,37.9451077771387,12.7967709207148,14.6378910931375,9.7060369839281
"POOLPIDM_01230",23.4000005091144,29.7616164997097,27.8780383668774,9.59757819053611,20.4930475303925,16.1767283065468
"POOLPIDM_01231",3.46666674209102,4.02184006752834,3.09755981854194,6.39838546035741,5.85515643725501,6.47069132261873
"POOLPIDM_01232",0.866666685522754,0,0,0,0.975859406209169,5.39224276884894
"POOLPIDM_01233",0,0.804368013505669,2.32316986390645,0,6.83101584346418,5.39224276884894
"POOLPIDM_01234",2.60000005656826,2.41310404051701,1.54877990927097,1.59959636508935,0.975859406209169,5.39224276884894
"POOLPIDM_01235",13.0000002828413,9.65241616206802,8.51828950099032,22.3943491112509,19.5171881241834,18.3336254140864
"POOLPIDM_01236",64.1333347286838,48.2620808103401,50.3353470513065,54.386276413038,30.2516415924842,35.588802274403
"POOLPIDM_01237",17.3333337104551,20.9135683511474,16.2621890473452,17.5955600159829,7.80687524967335,15.098279752777
"POOLPIDM_01238",13.8666669683641,12.8698882160907,11.6158493195323,7.99798182544676,8.78273465588252,9.7060369839281
"POOLPIDM_01239",36.4000007919557,53.0882888913741,65.8231461440161,6.39838546035741,16.5896099055559,14.0198311990073
"POOLPIDM_01240",34.6666674209102,41.8271367022948,41.8170575503161,31.991927301787,36.1067980297392,34.5103537206332
"POOLPIDM_01241",29.4666673077737,35.3921925942494,44.1402274142226,54.386276413038,38.0585168421576,52.8439791347196
"POOLPIDM_01242",29.4666673077737,29.7616164997097,37.9451077771387,49.5874873177699,54.6481267477135,45.2948392583311
"POOLPIDM_01243",10.4000002262731,8.04368013505668,9.29267945562581,20.7947527461616,12.6861722807192,16.1767283065468
"POOLPIDM_01244",7.80000016970479,8.04368013505668,10.8414593648968,11.1971745556255,10.7344534683009,10.7844855376979
"POOLPIDM_01245",13.8666669683641,11.2611521890794,9.29267945562581,3.1991927301787,6.83101584346418,7.54913987638852
"POOLPIDM_01246",31.2000006788192,24.1310404051701,29.4268182761484,15.9959636508935,15.6137504993467,10.7844855376979
"POOLPIDM_01247",22.5333338235916,22.5223043781587,29.4268182761484,11.1971745556255,4.87929703104584,6.47069132261873
"POOLPIDM_01248",32.0666673643419,20.1092003376417,36.3963278678677,14.3963672858042,12.6861722807192,14.0198311990073
"POOLPIDM_01249",78.8666683825707,71.5887532020045,73.567045690371,35.1911200319658,42.9378138732034,31.2750080593239
"POOLPIDM_01250",38.1333341630012,38.6096646482721,44.1402274142226,20.7947527461616,19.5171881241834,11.8629340914677
"POOLPIDM_01251",8.66666685522754,4.82620808103401,3.09755981854194,0,0.975859406209169,2.15689710753958
"POOLPIDM_01252",19.9333337670234,20.1092003376417,26.3292584576065,22.3943491112509,36.1067980297392,28.0396623980145
"POOLPIDM_01253",19.9333337670234,23.3266723916644,16.2621890473452,30.3923309366977,31.2275009986934,37.7456993819426
"POOLPIDM_01254",4.33333342761377,5.63057609453968,6.96950959171936,0,0,1.07844855376979
"POOLPIDM_01255",3.46666674209102,3.21747205402267,5.42072968244839,3.1991927301787,0,2.15689710753958
"POOLPIDM_01256",8.66666685522754,6.43494410804535,6.19511963708387,4.79878909526806,1.95171881241834,0
"POOLPIDM_01257",30.3333339932964,45.0446087563174,58.8536365522968,6.39838546035741,7.80687524967335,9.7060369839281
"POOLPIDM_01258",0.866666685522754,0.804368013505669,2.32316986390645,0,0.975859406209169,0
"POOLPIDM_01259",104.866668948253,98.9372656611972,97.573134284071,14.3963672858042,23.4206257490201,20.490522521626
"POOLPIDM_01260",62.4000013576383,85.2630094316009,75.115825599642,14.3963672858042,17.565469311765,19.4120739678562
"POOLPIDM_01261",25.1333338801599,20.9135683511474,24.0060885937,6.39838546035741,7.80687524967335,15.098279752777
"POOLPIDM_01262",48.5333343892743,57.1101289589025,55.7560767337548,41.5895054923232,59.5274237787593,76.569847317655
"POOLPIDM_01263",209.733337896507,204.30947543044,191.274318794965,569.456305971809,441.088451606544,459.41908390593
"POOLPIDM_01264",12.1333335973186,8.04368013505668,4.6463397278129,23.9939454763403,16.5896099055559,20.490522521626
"POOLPIDM_01265",16.4666670249323,13.6742562295964,12.3902392741677,54.386276413038,38.0585168421576,48.5301849196405
"POOLPIDM_01266",66.7333347852521,75.6105932695328,59.6280265069323,143.963672858042,114.175550526473,119.707789468447
"POOLPIDM_01267",86.6666685522754,70.7843851884988,92.9267945562581,270.331785700101,224.447663428109,227.552644845425
"POOLPIDM_01268",9.5333335407503,12.065520202585,15.4877990927097,19.1951563810722,18.5413287179742,19.4120739678562
"POOLPIDM_01269",3.46666674209102,8.84804814856235,3.87194977317742,135.965691032595,124.910003994774,138.041414882533
"POOLPIDM_01270",10.4000002262731,13.6742562295964,22.457308684429,79.9798182544676,59.5274237787593,62.5500161186477
"POOLPIDM_01271",4.33333342761377,5.63057609453968,3.87194977317742,17.5955600159829,16.5896099055559,11.8629340914677
"POOLPIDM_01272",1.73333337104551,0,0.774389954635484,0,0,0
"POOLPIDM_01273",0.866666685522754,0,0,0,0,0
"POOLPIDM_01274",4.33333342761377,0.804368013505669,0,3.1991927301787,0.975859406209169,1.07844855376979
"POOLPIDM_01275",5.20000011313653,4.02184006752834,3.87194977317742,1.59959636508935,2.92757821862751,8.62758843015831
"POOLPIDM_01276",9.5333335407503,6.43494410804535,6.96950959171936,1.59959636508935,7.80687524967335,5.39224276884894
"POOLPIDM_01277",70.2000015273431,63.5450730669478,58.8536365522968,59.185065508306,38.0585168421576,46.3732878121009
"POOLPIDM_01278",31.2000006788192,32.9790885537324,33.2987680493258,36.7907163970551,22.4447663428109,19.4120739678562
"POOLPIDM_01279",48.5333343892743,51.4795528643628,48.0121771874,19.1951563810722,18.5413287179742,21.5689710753958
"POOLPIDM_01280",251.333338801599,226.027411795093,185.079199157881,246.33784022376,205.906334710135,193.042291124792
"POOLPIDM_01281",6.93333348418204,10.4567841755737,4.6463397278129,1.59959636508935,0.975859406209169,1.07844855376979
"POOLPIDM_01282",37.2666674774784,38.6096646482721,54.2072968244839,12.7967709207148,14.6378910931375,16.1767283065468
"POOLPIDM_01283",6.06666679865928,5.63057609453968,5.42072968244839,0,2.92757821862751,6.47069132261873
"POOLPIDM_01284",7.80000016970479,9.65241616206802,4.6463397278129,47.9878909526806,76.1170336843152,93.8250241779716
"POOLPIDM_01285",2.60000005656826,0.804368013505669,0.774389954635484,0,0,2.15689710753958
"POOLPIDM_01286",4.33333342761377,4.02184006752834,3.87194977317742,6.39838546035741,1.95171881241834,3.23534566130937
"POOLPIDM_01287",0,3.21747205402267,3.87194977317742,1.59959636508935,0,1.07844855376979
"POOLPIDM_01288",7.80000016970479,6.43494410804535,2.32316986390645,9.59757819053611,3.90343762483668,4.31379421507915
"POOLPIDM_01289",1.73333337104551,0.804368013505669,5.42072968244839,3.1991927301787,2.92757821862751,2.15689710753958
"POOLPIDM_01290",0.866666685522754,0,0,0,0,0
"POOLPIDM_01291",28.6000006222509,23.3266723916644,19.3597488658871,25.5935418414296,47.8171109042493,48.5301849196405
"POOLPIDM_01292",2.60000005656826,0.804368013505669,0.774389954635484,0,2.92757821862751,2.15689710753958
"POOLPIDM_01293",0,0,2.32316986390645,1.59959636508935,0,1.07844855376979
"POOLPIDM_01294",2.60000005656826,1.60873602701134,3.09755981854194,1.59959636508935,1.95171881241834,2.15689710753958
"POOLPIDM_01295",71.0666682128659,49.8708168373514,62.7255863254742,15.9959636508935,25.3723445614384,18.3336254140864
"POOLPIDM_01296",8.66666685522754,4.82620808103401,4.6463397278129,12.7967709207148,6.83101584346418,11.8629340914677
"POOLPIDM_01297",46.8000010182287,37.0009286212607,30.2012082307839,33.5915236668764,31.2275009986934,38.8241479357124
"POOLPIDM_01298",5.20000011313653,13.6742562295964,10.0670694102613,1.59959636508935,8.78273465588252,6.47069132261873
"POOLPIDM_01299",2.60000005656826,4.82620808103401,0.774389954635484,20.7947527461616,20.4930475303925,19.4120739678562
"POOLPIDM_01300",6.93333348418204,5.63057609453968,7.74389954635484,47.9878909526806,42.9378138732034,58.2362219035686
"POOLPIDM_01301",43.3333342761377,46.6533447833288,46.463397278129,155.160847413667,185.413287179742,210.297467985109
"POOLPIDM_01302",3.46666674209102,5.63057609453968,3.09755981854194,6.39838546035741,5.85515643725501,14.0198311990073
"POOLPIDM_01303",0,0,0.774389954635484,0,0.975859406209169,0
"POOLPIDM_01304",117.000002545572,114.220257917805,127.774342514855,127.967709207148,158.089223805885,160.688834511699
"POOLPIDM_01305",93.6000020364575,83.6542734045895,78.2133854181839,83.1790109846463,78.0687524967335,75.4913987638852
"POOLPIDM_01306",8.66666685522754,12.065520202585,15.4877990927097,7.99798182544676,6.83101584346418,14.0198311990073
"POOLPIDM_01307",16.4666670249323,12.8698882160907,14.7134091380742,14.3963672858042,12.6861722807192,15.098279752777
"POOLPIDM_01308",3.46666674209102,2.41310404051701,3.87194977317742,4.79878909526806,7.80687524967335,18.3336254140864
"POOLPIDM_01309",10.4000002262731,15.2829922566077,17.8109689566161,22.3943491112509,18.5413287179742,19.4120739678562
"POOLPIDM_01310",12.1333335973186,17.6960962971247,9.29267945562581,27.193138206519,16.5896099055559,31.2750080593239
"POOLPIDM_01311",1.73333337104551,2.41310404051701,0,3.1991927301787,0.975859406209169,4.31379421507915
"POOLPIDM_01312",4.33333342761377,4.02184006752834,2.32316986390645,7.99798182544676,10.7344534683009,18.3336254140864
"POOLPIDM_01313",30.3333339932964,24.1310404051701,26.3292584576065,89.5773964450037,85.8756277464069,143.433657651382
"POOLPIDM_01314",9.5333335407503,4.02184006752834,4.6463397278129,14.3963672858042,21.4689069366017,33.4319051668634
"POOLPIDM_01315",11.2666669117958,8.04368013505668,10.0670694102613,17.5955600159829,18.5413287179742,31.2750080593239
"POOLPIDM_01316",3.46666674209102,5.63057609453968,3.09755981854194,9.59757819053611,16.5896099055559,12.9413826452375
"POOLPIDM_01317",3.46666674209102,5.63057609453968,4.6463397278129,9.59757819053611,9.75859406209169,21.5689710753958
"POOLPIDM_01318",6.93333348418204,14.478624243102,3.87194977317742,14.3963672858042,16.5896099055559,23.7258681829354
"POOLPIDM_01319",64.1333347286838,53.0882888913741,49.560957096671,55.9858727781273,60.5032831849685,67.9422588874967
"POOLPIDM_01320",14.7333336538868,14.478624243102,6.19511963708387,19.1951563810722,21.4689069366017,18.3336254140864
"POOLPIDM_01321",0.866666685522754,8.04368013505668,11.6158493195323,6.39838546035741,6.83101584346418,11.8629340914677
"POOLPIDM_01322",6.06666679865928,5.63057609453968,4.6463397278129,9.59757819053611,8.78273465588252,3.23534566130937
"POOLPIDM_01323",19.0666670815006,28.1528804726984,23.2316986390645,163.158829239114,197.123600054252,198.434533893641
"POOLPIDM_01324",23.4000005091144,34.5878245807437,24.7804785483355,12.7967709207148,9.75859406209169,16.1767283065468
"POOLPIDM_01325",19.9333337670234,12.8698882160907,12.3902392741677,20.7947527461616,26.3482039676476,23.7258681829354
"POOLPIDM_01326",501.800010917675,468.946551873805,384.0974174992,743.812309766549,473.291812011447,491.772540519024
"POOLPIDM_01327",44.2000009616605,42.6315047158004,48.0121771874,36.7907163970551,40.0102356545759,38.8241479357124
"POOLPIDM_01328",37.2666674774784,37.8052966347664,38.7194977317742,38.3903127621445,40.0102356545759,30.1965595055541
"POOLPIDM_01329",197.600004299188,174.54785893073,198.243828386684,49.5874873177699,51.7205485290859,53.9224276884894
"POOLPIDM_01330",16.4666670249323,14.478624243102,13.1646292288032,6.39838546035741,4.87929703104584,3.23534566130937
"POOLPIDM_01331",78.0000016970479,76.4149612830385,82.0853351913613,35.1911200319658,38.0585168421576,35.588802274403
"POOLPIDM_01332",43.3333342761377,37.0009286212607,34.8475479585968,31.991927301787,47.8171109042493,32.3534566130937
"POOLPIDM_01333",3.46666674209102,4.82620808103401,0.774389954635484,6.39838546035741,10.7344534683009,18.3336254140864
"POOLPIDM_01334",55.4666678734563,54.6970249183855,28.6524283215129,38.3903127621445,21.4689069366017,20.490522521626
"POOLPIDM_01335",4.33333342761377,6.43494410804535,1.54877990927097,3.1991927301787,0.975859406209169,1.07844855376979
"POOLPIDM_01336",2.60000005656826,0,1.54877990927097,0,0,2.15689710753958
"POOLPIDM_01337",0,0,0,0,0.975859406209169,1.07844855376979
"POOLPIDM_01338",11.2666669117958,11.2611521890794,11.6158493195323,7.99798182544676,9.75859406209169,11.8629340914677
"POOLPIDM_01339",39.8666675340467,42.6315047158004,37.9451077771387,62.3842582384847,57.575704966341,43.1379421507915
"POOLPIDM_01340",104.866668948253,159.264866674122,128.54873246949,84.7786073497357,86.851487152616,92.7465756242018
"POOLPIDM_01341",35.5333341064329,27.3485124591927,38.7194977317742,25.5935418414296,26.3482039676476,40.981045043252
"POOLPIDM_01342",14.7333336538868,15.2829922566077,15.4877990927097,14.3963672858042,6.83101584346418,11.8629340914677
"POOLPIDM_01343",65.0000014142066,46.6533447833288,53.4329068698484,35.1911200319658,26.3482039676476,36.6672508281728
"POOLPIDM_01344",235.733338462189,238.897300011184,224.57308684429,131.166901937327,130.765160432029,125.100032237295
"POOLPIDM_01345",0.866666685522754,0,0.774389954635484,0,0,1.07844855376979
"POOLPIDM_01346",39.000000848524,21.717936364653,20.9085287751581,20.7947527461616,9.75859406209169,12.9413826452375
"POOLPIDM_01347",12.1333335973186,16.0873602701134,18.5853589112516,36.7907163970551,32.2033604049026,24.8043167367051
"POOLPIDM_01348",10.4000002262731,14.478624243102,6.96950959171936,7.99798182544676,8.78273465588252,8.62758843015831
"POOLPIDM_01349",258.266672285781,241.310404051701,208.310897796945,587.051865987792,435.233295169289,415.202693201369
"POOLPIDM_01350",5.20000011313653,2.41310404051701,1.54877990927097,0,0.975859406209169,2.15689710753958
"POOLPIDM_01351",2.60000005656826,2.41310404051701,2.32316986390645,4.79878909526806,7.80687524967335,14.0198311990073
"POOLPIDM_01352",35.5333341064329,43.4358727293061,37.1707178225032,52.7866800479486,81.9721901215702,75.4913987638852
"POOLPIDM_01353",5.20000011313653,5.63057609453968,4.6463397278129,0,4.87929703104584,5.39224276884894
"POOLPIDM_01354",26.8666672512054,20.1092003376417,19.3597488658871,75.1810291591996,87.8273465588252,81.9620900865039
"POOLPIDM_01355",8.66666685522754,10.4567841755737,8.51828950099032,7.99798182544676,3.90343762483668,8.62758843015831
"POOLPIDM_01356",160.33333682171,172.134754890213,160.298720609545,203.148738366348,173.702974305232,150.98279752777
"POOLPIDM_01357",115.266669174526,121.459570039356,133.195072197303,332.716043938585,350.333526829092,350.495779975181
"POOLPIDM_01358",10.4000002262731,9.65241616206802,5.42072968244839,3.1991927301787,8.78273465588252,7.54913987638852
"POOLPIDM_01359",57.2000012445018,44.2402407428118,40.2682776410452,17.5955600159829,53.6722673415043,42.0594935970218
"POOLPIDM_01360",82.3333351246617,82.0455373775782,69.6950959171936,14.3963672858042,19.5171881241834,30.1965595055541
"POOLPIDM_01361",66.7333347852521,34.5878245807437,44.9146173688581,15.9959636508935,13.6620316869284,23.7258681829354
"POOLPIDM_01362",90.1333352943665,106.980945796254,95.2499644201645,70.3822400639315,66.3584396222235,73.3345016563456
"POOLPIDM_01363",14.7333336538868,13.6742562295964,20.1341388205226,15.9959636508935,26.3482039676476,22.6474196291656
"POOLPIDM_01364",13.0000002828413,15.2829922566077,14.7134091380742,17.5955600159829,16.5896099055559,20.490522521626
"POOLPIDM_01365",12.1333335973186,13.6742562295964,20.1341388205226,4.79878909526806,8.78273465588252,7.54913987638852
"POOLPIDM_01366",19.9333337670234,29.7616164997097,27.8780383668774,83.1790109846463,78.0687524967335,53.9224276884894
"POOLPIDM_01367",73.6666682694341,57.9144969724081,74.3414356450065,25.5935418414296,34.1550792173209,23.7258681829354
"POOLPIDM_01368",43.3333342761377,44.2402407428118,51.1097370059419,223.943491112509,229.326960459155,222.160402076576
"POOLPIDM_01369",33.8000007353874,50.6751848508571,48.7865671420355,9.59757819053611,7.80687524967335,7.54913987638852
"POOLPIDM_01370",0.866666685522754,0,0,0,0,0
"POOLPIDM_01371",16.4666670249323,16.0873602701134,6.96950959171936,36.7907163970551,31.2275009986934,28.0396623980145
"POOLPIDM_01372",117.866669231095,103.763473742231,75.115825599642,11.1971745556255,17.565469311765,21.5689710753958
"POOLPIDM_01373",30.3333339932964,18.5004643106304,28.6524283215129,12.7967709207148,6.83101584346418,5.39224276884894
"POOLPIDM_01374",45.933334332706,48.2620808103401,49.560957096671,11.1971745556255,13.6620316869284,18.3336254140864
"POOLPIDM_01375",110.933335746913,100.546001688209,103.768253921155,55.9858727781273,78.0687524967335,64.7069132261873
"POOLPIDM_01376",71.9333348983886,54.6970249183855,53.4329068698484,15.9959636508935,14.6378910931375,14.0198311990073
"POOLPIDM_01377",13.8666669683641,12.065520202585,11.6158493195323,4.79878909526806,7.80687524967335,2.15689710753958
"POOLPIDM_01378",7.80000016970479,2.41310404051701,1.54877990927097,3.1991927301787,5.85515643725501,2.15689710753958
"POOLPIDM_01379",19.9333337670234,17.6960962971247,16.2621890473452,6.39838546035741,10.7344534683009,10.7844855376979
"POOLPIDM_01380",9.5333335407503,16.0873602701134,6.19511963708387,12.7967709207148,6.83101584346418,5.39224276884894
"POOLPIDM_01381",15.6000003394096,16.891728283619,20.1341388205226,9.59757819053611,14.6378910931375,20.490522521626
"POOLPIDM_01382",16.4666670249323,17.6960962971247,27.8780383668774,4.79878909526806,10.7344534683009,12.9413826452375
"POOLPIDM_01383",32.9333340498647,40.2184006752834,41.8170575503161,51.1870836828593,33.1792198111117,29.1181109517843
"POOLPIDM_01384",35.5333341064329,39.4140326617778,51.1097370059419,38.3903127621445,48.7929703104584,34.5103537206332
"POOLPIDM_01385",75.4000016404796,71.5887532020045,74.3414356450065,11.1971745556255,18.5413287179742,20.490522521626
"POOLPIDM_01386",160.33333682171,142.373138390503,159.52433065491,62.3842582384847,71.2377366532693,56.079324796029
"POOLPIDM_01387",71.0666682128659,92.5023215531519,78.9877753728194,11.1971745556255,11.71031287451,9.7060369839281
"POOLPIDM_01388",8.66666685522754,8.84804814856235,10.0670694102613,12.7967709207148,21.4689069366017,21.5689710753958
"POOLPIDM_01389",100.53333552064,120.65520202585,130.097512378761,142.364076492952,168.823677274186,201.66987955495
"POOLPIDM_01390",72.8000015839114,73.1974892290158,74.3414356450065,68.7826436988422,105.39281587059,93.8250241779716
"POOLPIDM_01391",0.866666685522754,1.60873602701134,1.54877990927097,1.59959636508935,0,1.07844855376979
"POOLPIDM_01392",14.7333336538868,15.2829922566077,20.9085287751581,12.7967709207148,11.71031287451,9.7060369839281
"POOLPIDM_01393",12.1333335973186,14.478624243102,17.8109689566161,11.1971745556255,10.7344534683009,17.2551768603166
"POOLPIDM_01394",29.4666673077737,30.5659845132154,22.457308684429,20.7947527461616,21.4689069366017,19.4120739678562
"POOLPIDM_01395",6.93333348418204,14.478624243102,12.3902392741677,11.1971745556255,13.6620316869284,11.8629340914677
"POOLPIDM_01396",0,2.41310404051701,0.774389954635484,6.39838546035741,3.90343762483668,6.47069132261873
"POOLPIDM_01397",136.066669627072,110.198417850277,116.158493195323,179.154792890007,125.885863400983,150.98279752777
"POOLPIDM_01398",39.8666675340467,40.2184006752834,36.3963278678677,55.9858727781273,68.3101584346418,46.3732878121009
"POOLPIDM_01400",7.80000016970479,12.8698882160907,6.96950959171936,60.7846618733954,49.7688297166676,47.4517363658707
"POOLPIDM_01401",6.06666679865928,0.804368013505669,4.6463397278129,65.5834509686634,47.8171109042493,38.8241479357124
"POOLPIDM_01402",0.866666685522754,1.60873602701134,1.54877990927097,6.39838546035741,3.90343762483668,2.15689710753958
"POOLPIDM_01403",4.33333342761377,3.21747205402267,3.87194977317742,12.7967709207148,12.6861722807192,11.8629340914677
"POOLPIDM_01404",6.06666679865928,4.82620808103401,8.51828950099032,81.579414619557,52.6964079352951,57.1577733497988
"POOLPIDM_01405",19.9333337670234,13.6742562295964,15.4877990927097,17.5955600159829,10.7344534683009,6.47069132261873
"POOLPIDM_01406",1.73333337104551,0,0,15.9959636508935,11.71031287451,18.3336254140864
"POOLPIDM_01407",1.73333337104551,1.60873602701134,1.54877990927097,14.3963672858042,13.6620316869284,9.7060369839281
"POOLPIDM_01408",9.5333335407503,10.4567841755737,6.19511963708387,9.59757819053611,14.6378910931375,12.9413826452375
"POOLPIDM_01410",3.46666674209102,7.23931212155102,6.19511963708387,3.1991927301787,7.80687524967335,9.7060369839281
"POOLPIDM_01411",15.6000003394096,12.065520202585,26.3292584576065,54.386276413038,40.0102356545759,60.3931190111082
"POOLPIDM_01412",18.2000003959778,20.1092003376417,17.8109689566161,17.5955600159829,11.71031287451,11.8629340914677
"POOLPIDM_01413",37.2666674774784,32.9790885537324,30.2012082307839,33.5915236668764,24.3964851552292,32.3534566130937
"POOLPIDM_01414",81.4666684391389,63.5450730669478,76.6646055089129,65.5834509686634,83.9239089339885,83.0405386402737
"POOLPIDM_01415",28.6000006222509,23.3266723916644,30.9755981854194,43.1891018574125,20.4930475303925,25.8827652904749
"POOLPIDM_01416",3.46666674209102,4.82620808103401,8.51828950099032,6.39838546035741,12.6861722807192,6.47069132261873
"POOLPIDM_01417",72.8000015839114,34.5878245807437,55.7560767337548,30.3923309366977,26.3482039676476,29.1181109517843
"POOLPIDM_01418",77.1333350115251,80.4368013505669,72.0182657811,102.374167365719,62.4550019973868,73.3345016563456
"POOLPIDM_01419",30.3333339932964,20.9135683511474,17.8109689566161,91.1769928100931,58.5515643725501,81.9620900865039
"POOLPIDM_01420",3.46666674209102,8.04368013505668,8.51828950099032,57.5854691432167,44.8895326856218,49.6086334734103
"POOLPIDM_01421",44.2000009616605,28.1528804726984,45.6890073234936,31.991927301787,42.9378138732034,36.6672508281728
"POOLPIDM_01422",30.3333339932964,29.7616164997097,35.6219379132323,19.1951563810722,10.7344534683009,7.54913987638852
"POOLPIDM_01423",13.8666669683641,11.2611521890794,11.6158493195323,19.1951563810722,19.5171881241834,18.3336254140864
"POOLPIDM_01424",3.46666674209102,2.41310404051701,0.774389954635484,0,0.975859406209169,1.07844855376979
"POOLPIDM_01425",3.46666674209102,0.804368013505669,3.09755981854194,0,2.92757821862751,5.39224276884894
"POOLPIDM_01426",2.60000005656826,0,2.32316986390645,1.59959636508935,2.92757821862751,1.07844855376979
"POOLPIDM_01427",1.73333337104551,0.804368013505669,1.54877990927097,1.59959636508935,0,2.15689710753958
"POOLPIDM_01428",27.7333339367281,21.717936364653,30.9755981854194,23.9939454763403,17.565469311765,20.490522521626
"POOLPIDM_01429",3.46666674209102,5.63057609453968,6.96950959171936,9.59757819053611,9.75859406209169,3.23534566130937
"POOLPIDM_01430",6.93333348418204,6.43494410804535,6.96950959171936,6.39838546035741,6.83101584346418,8.62758843015831
"POOLPIDM_01431",8.66666685522754,3.21747205402267,7.74389954635484,9.59757819053611,7.80687524967335,7.54913987638852
"POOLPIDM_01432",69.3333348418204,95.7197936071746,57.3048566430258,86.378203714825,108.320394089218,93.8250241779716
"POOLPIDM_01433",17.3333337104551,12.065520202585,17.8109689566161,25.5935418414296,15.6137504993467,22.6474196291656
"POOLPIDM_01434",98.800002149594,110.198417850277,113.835323331416,79.9798182544676,110.272112901636,106.766406823209
"POOLPIDM_01435",96.2000020930257,102.15473771522,114.609713286052,73.5814327941102,92.706643589871,84.1189871940435
"POOLPIDM_01436",7.80000016970479,9.65241616206802,4.6463397278129,9.59757819053611,5.85515643725501,3.23534566130937
"POOLPIDM_01437",32.0666673643419,40.2184006752834,34.8475479585968,11.1971745556255,9.75859406209169,14.0198311990073
"POOLPIDM_01438",95.333335407503,111.002785863782,126.999952560219,27.193138206519,65.3825802160143,58.2362219035686
"POOLPIDM_01439",9.5333335407503,7.23931212155102,8.51828950099032,3.1991927301787,4.87929703104584,11.8629340914677
"POOLPIDM_01440",5.20000011313653,4.02184006752834,6.96950959171936,1.59959636508935,0,2.15689710753958
"POOLPIDM_01441",112.666669117958,107.78531380976,89.0548447830807,39.9899091272338,60.5032831849685,52.8439791347196
"POOLPIDM_01442",68.4666681562976,72.3931212155102,77.4389954635484,36.7907163970551,58.5515643725501,44.2163907045613
"POOLPIDM_01443",62.4000013576383,65.1538090939592,65.0487561893807,33.5915236668764,32.2033604049026,37.7456993819426
"POOLPIDM_01444",97.9333354640712,90.0892175126349,95.2499644201645,22.3943491112509,35.1309386235301,24.8043167367051
"POOLPIDM_01445",6.93333348418204,2.41310404051701,3.09755981854194,6.39838546035741,9.75859406209169,7.54913987638852
"POOLPIDM_01446",22.5333338235916,18.5004643106304,19.3597488658871,23.9939454763403,32.2033604049026,21.5689710753958
"POOLPIDM_01447",0.866666685522754,0,0,0,0,0
"POOLPIDM_01448",0.866666685522754,1.60873602701134,1.54877990927097,0,0,1.07844855376979
"POOLPIDM_01449",3.46666674209102,0.804368013505669,5.42072968244839,1.59959636508935,0,0
"POOLPIDM_01450",6.93333348418204,9.65241616206802,6.19511963708387,1.59959636508935,0.975859406209169,2.15689710753958
"POOLPIDM_01451",23.4000005091144,26.5441444456871,23.2316986390645,4.79878909526806,5.85515643725501,5.39224276884894
"POOLPIDM_01452",65.0000014142066,43.4358727293061,48.7865671420355,33.5915236668764,21.4689069366017,19.4120739678562
"POOLPIDM_01453",7.80000016970479,7.23931212155102,8.51828950099032,415.895054923232,541.601970446089,661.08896346088
"POOLPIDM_01454",2.60000005656826,2.41310404051701,1.54877990927097,467.082138606091,643.091348691842,674.030346106118
"POOLPIDM_01455",12.1333335973186,7.23931212155102,4.6463397278129,826.991320751195,1140.77964585852,1332.96241245946
"POOLPIDM_01456",5.20000011313653,4.82620808103401,3.87194977317742,142.364076492952,190.292584210788,179.022459925785
"POOLPIDM_01457",7.80000016970479,2.41310404051701,1.54877990927097,651.035720591366,716.28080415753,839.032974832896
"POOLPIDM_01458",0,1.60873602701134,1.54877990927097,335.915236668764,431.329857544453,497.164783287873
"POOLPIDM_01459",3.46666674209102,2.41310404051701,3.87194977317742,825.391724386106,1068.56604979904,1143.15546699598
"POOLPIDM_01460",0,0,0,195.150756540901,234.206257490201,220.003504969037
"POOLPIDM_01461",0.866666685522754,0,0,68.7826436988422,30.2516415924842,40.981045043252
"POOLPIDM_01462",2.60000005656826,1.60873602701134,2.32316986390645,452.685771320287,606.984550662103,541.381173992434
"POOLPIDM_01463",4.33333342761377,1.60873602701134,3.87194977317742,23.9939454763403,50.7446891228768,31.2750080593239
"POOLPIDM_01464",26.0000005656826,15.2829922566077,28.6524283215129,326.317658478228,378.633449609157,347.260434313872
"POOLPIDM_01465",13.8666669683641,16.0873602701134,18.5853589112516,207.947527461616,221.520085209481,212.454365092648
"POOLPIDM_01466",3.46666674209102,1.60873602701134,0.774389954635484,54.386276413038,62.4550019973868,53.9224276884894
"POOLPIDM_01467",30.3333339932964,32.9790885537324,46.463397278129,86.378203714825,105.39281587059,83.0405386402737
"POOLPIDM_01468",12.1333335973186,10.4567841755737,10.8414593648968,35.1911200319658,46.8412514980401,50.6870820271801
"POOLPIDM_01469",0.866666685522754,1.60873602701134,0.774389954635484,0,5.85515643725501,3.23534566130937
"POOLPIDM_01470",2.60000005656826,7.23931212155102,6.19511963708387,15.9959636508935,7.80687524967335,14.0198311990073
"POOLPIDM_01471",1.73333337104551,3.21747205402267,1.54877990927097,14.3963672858042,5.85515643725501,5.39224276884894
"POOLPIDM_01472",0,0.804368013505669,0.774389954635484,1.59959636508935,5.85515643725501,3.23534566130937
"POOLPIDM_01473",1.73333337104551,3.21747205402267,3.09755981854194,1.59959636508935,2.92757821862751,3.23534566130937
"POOLPIDM_01474",39.000000848524,48.2620808103401,44.9146173688581,73.5814327941102,97.5859406209169,106.766406823209
"POOLPIDM_01475",22.5333338235916,21.717936364653,27.1036484122419,47.9878909526806,38.0585168421576,34.5103537206332
"POOLPIDM_01476",22.5333338235916,24.1310404051701,46.463397278129,55.9858727781273,61.4791425911776,50.6870820271801
"POOLPIDM_01477",6.93333348418204,6.43494410804535,5.42072968244839,7.99798182544676,6.83101584346418,15.098279752777
"POOLPIDM_01478",39.000000848524,43.4358727293061,34.0731580039613,180.754389255097,157.113364399676,135.884517774993
"POOLPIDM_01479",49.400001074797,41.0227686887891,46.463397278129,75.1810291591996,65.3825802160143,66.8638103337269
"POOLPIDM_01480",3.46666674209102,7.23931212155102,5.42072968244839,6.39838546035741,2.92757821862751,9.7060369839281
"POOLPIDM_01481",22.5333338235916,23.3266723916644,30.9755981854194,31.991927301787,32.2033604049026,52.8439791347196
"POOLPIDM_01482",4.33333342761377,7.23931212155102,8.51828950099032,6.39838546035741,8.78273465588252,10.7844855376979
"POOLPIDM_01483",4.33333342761377,0,3.09755981854194,17.5955600159829,26.3482039676476,19.4120739678562
"POOLPIDM_01484",0.866666685522754,1.60873602701134,0,4.79878909526806,3.90343762483668,2.15689710753958
"POOLPIDM_01485",8.66666685522754,4.02184006752834,3.09755981854194,0,4.87929703104584,4.31379421507915
"POOLPIDM_01486",12.1333335973186,20.1092003376417,20.9085287751581,132.766498302416,119.054847557519,107.844855376979
"POOLPIDM_01487",1.73333337104551,5.63057609453968,3.09755981854194,6.39838546035741,9.75859406209169,14.0198311990073
"POOLPIDM_01488",20.8000004525461,17.6960962971247,24.0060885937,20.7947527461616,18.5413287179742,21.5689710753958
"POOLPIDM_01489",16.4666670249323,15.2829922566077,17.0365790019806,23.9939454763403,14.6378910931375,9.7060369839281
"POOLPIDM_01490",41.6000009050922,41.0227686887891,45.6890073234936,20.7947527461616,34.1550792173209,30.1965595055541
"POOLPIDM_01491",0.866666685522754,0.804368013505669,0.774389954635484,0,0,1.07844855376979
"POOLPIDM_01493",21.6666671380689,20.1092003376417,14.7134091380742,20.7947527461616,19.5171881241834,14.0198311990073
"POOLPIDM_01494",26.0000005656826,20.1092003376417,31.7499881400548,43.1891018574125,34.1550792173209,33.4319051668634
"POOLPIDM_01495",11.2666669117958,12.8698882160907,4.6463397278129,15.9959636508935,18.5413287179742,16.1767283065468
"POOLPIDM_01496",4.33333342761377,9.65241616206802,6.96950959171936,17.5955600159829,14.6378910931375,25.8827652904749
"POOLPIDM_01497",62.4000013576383,61.9363370399365,51.8841269605774,222.34389474742,178.582271336278,167.159525834317
"POOLPIDM_01498",6.06666679865928,4.02184006752834,8.51828950099032,9.59757819053611,11.71031287451,12.9413826452375
"POOLPIDM_01499",8.66666685522754,15.2829922566077,13.1646292288032,19.1951563810722,13.6620316869284,30.1965595055541
"POOLPIDM_01500",8.66666685522754,5.63057609453968,10.0670694102613,25.5935418414296,24.3964851552292,23.7258681829354
"POOLPIDM_01501",26.8666672512054,20.9135683511474,20.1341388205226,81.579414619557,89.7790653712435,71.177604548806
"POOLPIDM_01502",44.2000009616605,36.1965606077551,24.7804785483355,111.971745556255,98.5618000271261,93.8250241779716
"POOLPIDM_01503",14.7333336538868,16.891728283619,17.0365790019806,41.5895054923232,30.2516415924842,38.8241479357124
"POOLPIDM_01504",20.8000004525461,8.04368013505668,12.3902392741677,41.5895054923232,35.1309386235301,38.8241479357124
"POOLPIDM_01505",19.0666670815006,20.1092003376417,20.1341388205226,35.1911200319658,35.1309386235301,25.8827652904749
"POOLPIDM_01506",0,0,0,0,0,0
"POOLPIDM_01507",18.2000003959778,24.9354084186757,20.9085287751581,22.3943491112509,31.2275009986934,35.588802274403
"POOLPIDM_01508",32.9333340498647,49.8708168373514,38.7194977317742,31.991927301787,55.6239861539226,47.4517363658707
"POOLPIDM_01509",2.60000005656826,1.60873602701134,5.42072968244839,1.59959636508935,1.95171881241834,3.23534566130937
"POOLPIDM_01510",91.0000019798892,108.589681823265,77.4389954635484,43.1891018574125,43.9136732794126,49.6086334734103
"POOLPIDM_01511",17.3333337104551,16.891728283619,24.7804785483355,57.5854691432167,68.3101584346418,67.9422588874967
"POOLPIDM_01512",6.93333348418204,5.63057609453968,4.6463397278129,7.99798182544676,13.6620316869284,11.8629340914677
"POOLPIDM_01513",0.866666685522754,1.60873602701134,0.774389954635484,0,5.85515643725501,3.23534566130937
"POOLPIDM_01514",14.7333336538868,21.717936364653,27.1036484122419,23.9939454763403,19.5171881241834,14.0198311990073
"POOLPIDM_01515",6.06666679865928,8.04368013505668,7.74389954635484,1.59959636508935,10.7344534683009,3.23534566130937
"POOLPIDM_01516",30.3333339932964,37.0009286212607,34.8475479585968,14.3963672858042,8.78273465588252,11.8629340914677
"POOLPIDM_01517",19.0666670815006,26.5441444456871,17.8109689566161,94.3761855402718,89.7790653712435,72.2560531025758
"POOLPIDM_01518",90.1333352943665,91.6979535396462,106.091423785061,55.9858727781273,55.6239861539226,59.3146704573384
"POOLPIDM_01519",21.6666671380689,24.1310404051701,18.5853589112516,14.3963672858042,12.6861722807192,7.54913987638852
"POOLPIDM_01520",60.6666679865928,48.2620808103401,58.8536365522968,33.5915236668764,28.2999227800659,46.3732878121009
"POOLPIDM_01521",197.600004299188,215.570627619519,196.695048477413,132.766498302416,145.403051525166,163.924180173008
"POOLPIDM_01522",85.8000018667527,90.8935855261405,93.7011845108936,49.5874873177699,50.7446891228768,62.5500161186477
"POOLPIDM_01523",6.93333348418204,8.84804814856235,7.74389954635484,6.39838546035741,11.71031287451,8.62758843015831
"POOLPIDM_01524",382.200008315535,361.965606077551,288.847453079036,204.748334731437,161.016802024513,134.806069221224
"POOLPIDM_01525",82.3333351246617,68.3712811479818,76.6646055089129,52.7866800479486,36.1067980297392,37.7456993819426
"POOLPIDM_01526",86.6666685522754,71.5887532020045,86.7316749191742,55.9858727781273,75.141174278106,59.3146704573384
"POOLPIDM_01527",52.866667816888,54.6970249183855,54.9816867791194,15.9959636508935,20.4930475303925,22.6474196291656
"POOLPIDM_01528",32.9333340498647,31.3703525267211,30.9755981854194,3.1991927301787,4.87929703104584,2.15689710753958
"POOLPIDM_01529",13.8666669683641,14.478624243102,17.0365790019806,7.99798182544676,3.90343762483668,6.47069132261873
"POOLPIDM_01530",48.5333343892743,45.0446087563174,42.5914475049516,9.59757819053611,21.4689069366017,9.7060369839281
"POOLPIDM_01531",121.333335973186,125.481410106884,116.158493195323,30.3923309366977,20.4930475303925,15.098279752777
"POOLPIDM_01532",180.266670588733,181.787171052281,178.884079520797,65.5834509686634,53.6722673415043,39.9025964894822
"POOLPIDM_01533",32.0666673643419,30.5659845132154,40.2682776410452,15.9959636508935,7.80687524967335,7.54913987638852
"POOLPIDM_01534",14.7333336538868,14.478624243102,17.8109689566161,7.99798182544676,8.78273465588252,7.54913987638852
"POOLPIDM_01535",1.73333337104551,1.60873602701134,3.87194977317742,14.3963672858042,4.87929703104584,16.1767283065468
"POOLPIDM_01536",175.933337161119,210.744419538485,168.817010110536,383.903127621445,494.760718948049,515.498408701959
"POOLPIDM_01537",17.3333337104551,15.2829922566077,26.3292584576065,41.5895054923232,50.7446891228768,65.7853617799571
"POOLPIDM_01538",3.46666674209102,2.41310404051701,2.32316986390645,6.39838546035741,6.83101584346418,5.39224276884894
"POOLPIDM_01539",13.0000002828413,22.5223043781587,23.2316986390645,22.3943491112509,31.2275009986934,25.8827652904749
"POOLPIDM_01540",22.5333338235916,20.9135683511474,26.3292584576065,17.5955600159829,25.3723445614384,35.588802274403
"POOLPIDM_01541",36.4000007919557,39.4140326617778,34.8475479585968,22.3943491112509,44.8895326856218,42.0594935970218
"POOLPIDM_01542",60.6666679865928,78.8280653235555,56.5304666883903,46.3882945875912,35.1309386235301,45.2948392583311
"POOLPIDM_01543",45.933334332706,45.8489767698231,43.3658374595871,91.1769928100931,77.0928930905243,66.8638103337269
"POOLPIDM_01544",18.2000003959778,27.3485124591927,20.1341388205226,38.3903127621445,23.4206257490201,18.3336254140864
"POOLPIDM_01545",41.6000009050922,49.8708168373514,23.2316986390645,41.5895054923232,37.0826574359484,38.8241479357124
"POOLPIDM_01546",39.8666675340467,29.7616164997097,37.9451077771387,28.7927345716083,38.0585168421576,32.3534566130937
"POOLPIDM_01547",42.466667590615,41.8271367022948,48.0121771874,35.1911200319658,21.4689069366017,21.5689710753958
"POOLPIDM_01548",19.0666670815006,25.7397764321814,27.8780383668774,9.59757819053611,3.90343762483668,4.31379421507915
"POOLPIDM_01549",29.4666673077737,34.5878245807437,33.2987680493258,25.5935418414296,41.9619544669943,51.7655305809499
"POOLPIDM_01550",23.4000005091144,20.1092003376417,34.0731580039613,31.991927301787,33.1792198111117,33.4319051668634
"POOLPIDM_01551",2.60000005656826,1.60873602701134,3.09755981854194,3.1991927301787,0.975859406209169,2.15689710753958
"POOLPIDM_01552",63.2666680431611,76.4149612830385,54.9816867791194,55.9858727781273,45.8653920918309,33.4319051668634
"POOLPIDM_01553",32.0666673643419,30.5659845132154,37.1707178225032,31.991927301787,46.8412514980401,46.3732878121009
"POOLPIDM_01554",39.8666675340467,41.0227686887891,36.3963278678677,41.5895054923232,42.9378138732034,46.3732878121009
"POOLPIDM_01555",6.93333348418204,15.2829922566077,10.8414593648968,14.3963672858042,14.6378910931375,20.490522521626
"POOLPIDM_01556",48.5333343892743,46.6533447833288,50.3353470513065,52.7866800479486,76.1170336843152,94.9034727317414
"POOLPIDM_01557",94.4666687219802,90.8935855261405,105.317033830426,33.5915236668764,29.2757821862751,38.8241479357124
"POOLPIDM_01558",97.0666687785485,98.1328976476915,110.737763512874,118.370131016612,157.113364399676,149.904348974001
"POOLPIDM_01559",22.5333338235916,24.1310404051701,30.2012082307839,4.79878909526806,5.85515643725501,9.7060369839281
"POOLPIDM_01560",47.6666677037515,49.0664488238458,57.3048566430258,19.1951563810722,32.2033604049026,40.981045043252
"POOLPIDM_01561",2.60000005656826,4.82620808103401,5.42072968244839,4.79878909526806,4.87929703104584,6.47069132261873
"POOLPIDM_01562",1.73333337104551,3.21747205402267,0.774389954635484,0,0.975859406209169,3.23534566130937
"POOLPIDM_01563",3.46666674209102,4.82620808103401,4.6463397278129,3.1991927301787,7.80687524967335,3.23534566130937
"POOLPIDM_01564",41.6000009050922,34.5878245807437,48.7865671420355,131.166901937327,115.151409932682,114.315546699598
"POOLPIDM_01565",62.4000013576383,73.1974892290158,79.7621653274549,113.571341921344,131.741019838238,172.551768603166
"POOLPIDM_01566",71.9333348983886,80.4368013505669,109.188983603603,59.185065508306,95.6342218084986,71.177604548806
"POOLPIDM_01567",13.8666669683641,8.84804814856235,13.9390191834387,22.3943491112509,33.1792198111117,16.1767283065468
"POOLPIDM_01568",17.3333337104551,19.304832324136,23.2316986390645,12.7967709207148,15.6137504993467,15.098279752777
"POOLPIDM_01569",12.1333335973186,11.2611521890794,8.51828950099032,4.79878909526806,3.90343762483668,8.62758843015831
"POOLPIDM_01570",29.4666673077737,20.1092003376417,33.2987680493258,27.193138206519,29.2757821862751,17.2551768603166
"POOLPIDM_01571",4.33333342761377,3.21747205402267,4.6463397278129,4.79878909526806,0.975859406209169,4.31379421507915
"POOLPIDM_01572",23.4000005091144,24.1310404051701,25.554868502971,11.1971745556255,21.4689069366017,19.4120739678562
"POOLPIDM_01573",0,0,0,0,0,0
"POOLPIDM_01574",8.66666685522754,4.02184006752834,3.87194977317742,0,0.975859406209169,4.31379421507915
"POOLPIDM_01575",33.8000007353874,43.4358727293061,37.9451077771387,17.5955600159829,18.5413287179742,11.8629340914677
"POOLPIDM_01576",81.4666684391389,100.546001688209,107.640203694332,33.5915236668764,39.0343762483668,45.2948392583311
"POOLPIDM_01577",3.46666674209102,0,2.32316986390645,3.1991927301787,0,5.39224276884894
"POOLPIDM_01578",110.06666906139,83.6542734045895,106.865813739697,108.772552826076,111.247972307845,112.158649592058
"POOLPIDM_01579",69.3333348418204,64.3494410804535,74.3414356450065,51.1870836828593,71.2377366532693,60.3931190111082
"POOLPIDM_01580",78.8666683825707,73.1974892290158,67.3719260532871,23.9939454763403,23.4206257490201,29.1181109517843
"POOLPIDM_01581",14.7333336538868,11.2611521890794,7.74389954635484,6.39838546035741,8.78273465588252,12.9413826452375
"POOLPIDM_01582",0.866666685522754,0.804368013505669,2.32316986390645,0,2.92757821862751,3.23534566130937
"POOLPIDM_01583",11.2666669117958,4.82620808103401,12.3902392741677,6.39838546035741,4.87929703104584,14.0198311990073
"POOLPIDM_01584",47.6666677037515,66.7625451209705,58.0792465976613,36.7907163970551,37.0826574359484,36.6672508281728
"POOLPIDM_01585",32.9333340498647,20.9135683511474,27.1036484122419,201.549142001258,241.037273333665,216.768159307728
"POOLPIDM_01586",13.8666669683641,8.04368013505668,24.7804785483355,9.59757819053611,22.4447663428109,12.9413826452375
"POOLPIDM_01587",21.6666671380689,9.65241616206802,21.6829187297936,6.39838546035741,6.83101584346418,8.62758843015831
"POOLPIDM_01588",24.2666671946371,40.2184006752834,20.1341388205226,100.774571000629,139.547895087911,124.021583683526
"POOLPIDM_01589",2.60000005656826,4.02184006752834,3.09755981854194,7.99798182544676,9.75859406209169,17.2551768603166
"POOLPIDM_01590",98.800002149594,111.807153877288,93.7011845108936,39.9899091272338,26.3482039676476,37.7456993819426
"POOLPIDM_01591",83.2000018101844,81.2411693640725,63.4999762801097,49.5874873177699,40.9860950607851,46.3732878121009
"POOLPIDM_01592",23.4000005091144,28.9572484862041,41.8170575503161,14.3963672858042,19.5171881241834,19.4120739678562
"POOLPIDM_01593",57.2000012445018,60.3276010129251,54.9816867791194,30.3923309366977,30.2516415924842,18.3336254140864
"POOLPIDM_01594",13.8666669683641,21.717936364653,26.3292584576065,22.3943491112509,21.4689069366017,12.9413826452375
"POOLPIDM_01595",119.60000260214,147.199346471537,139.390191834387,79.9798182544676,112.223831714054,116.472443807137
"POOLPIDM_01596",84.0666684957072,66.7625451209705,78.2133854181839,54.386276413038,31.2275009986934,23.7258681829354
"POOLPIDM_01597",23.4000005091144,24.9354084186757,27.8780383668774,7.99798182544676,6.83101584346418,12.9413826452375
"POOLPIDM_01598",15.6000003394096,17.6960962971247,18.5853589112516,6.39838546035741,1.95171881241834,4.31379421507915
"POOLPIDM_01599",60.6666679865928,49.0664488238458,47.2377872327645,25.5935418414296,7.80687524967335,12.9413826452375
"POOLPIDM_01600",5.20000011313653,5.63057609453968,10.0670694102613,0,1.95171881241834,1.07844855376979
"POOLPIDM_01601",0,0,0,0,0,0
"POOLPIDM_01602",5.20000011313653,3.21747205402267,1.54877990927097,9.59757819053611,7.80687524967335,9.7060369839281
"POOLPIDM_01603",5.20000011313653,6.43494410804535,6.19511963708387,1.59959636508935,2.92757821862751,7.54913987638852
"POOLPIDM_01604",6.06666679865928,4.02184006752834,2.32316986390645,6.39838546035741,1.95171881241834,3.23534566130937
"POOLPIDM_01605",3.46666674209102,6.43494410804535,6.19511963708387,6.39838546035741,5.85515643725501,0
"POOLPIDM_01606",9.5333335407503,8.04368013505668,12.3902392741677,6.39838546035741,15.6137504993467,12.9413826452375
"POOLPIDM_01607",6.93333348418204,7.23931212155102,3.09755981854194,6.39838546035741,6.83101584346418,3.23534566130937
"POOLPIDM_01608",0.866666685522754,0,0,0,0.975859406209169,0
"POOLPIDM_01609",0,0,0.774389954635484,1.59959636508935,0,0
"POOLPIDM_01610",0.866666685522754,3.21747205402267,0.774389954635484,4.79878909526806,3.90343762483668,2.15689710753958
"POOLPIDM_01611",0,0,0,0,0.975859406209169,0
"POOLPIDM_01612",0,0,0,0,0,0
"POOLPIDM_01613",1.73333337104551,4.82620808103401,3.09755981854194,1.59959636508935,4.87929703104584,4.31379421507915
"POOLPIDM_01614",6.06666679865928,1.60873602701134,3.87194977317742,4.79878909526806,1.95171881241834,3.23534566130937
"POOLPIDM_01615",29.4666673077737,30.5659845132154,34.8475479585968,12.7967709207148,7.80687524967335,7.54913987638852
"POOLPIDM_01616",0.866666685522754,0.804368013505669,1.54877990927097,0,0.975859406209169,1.07844855376979
"POOLPIDM_01617",13.8666669683641,18.5004643106304,17.8109689566161,35.1911200319658,28.2999227800659,34.5103537206332
"POOLPIDM_01618",3.46666674209102,0,2.32316986390645,0,0,0
"POOLPIDM_01619",50.2666677603198,45.8489767698231,44.9146173688581,62.3842582384847,56.5998455601318,61.471567564878
"POOLPIDM_01620",11.2666669117958,11.2611521890794,16.2621890473452,67.1830473337528,58.5515643725501,69.0207074412665
"POOLPIDM_01621",7.80000016970479,3.21747205402267,4.6463397278129,4.79878909526806,3.90343762483668,3.23534566130937
"POOLPIDM_01622",6.06666679865928,3.21747205402267,4.6463397278129,4.79878909526806,3.90343762483668,4.31379421507915
"POOLPIDM_01623",0,0.804368013505669,1.54877990927097,0,0.975859406209169,2.15689710753958
"POOLPIDM_01624",0.866666685522754,2.41310404051701,1.54877990927097,0,1.95171881241834,1.07844855376979
"POOLPIDM_01625",1.73333337104551,0,0,1.59959636508935,0.975859406209169,0
"POOLPIDM_01626",0,0,0,0,0,0
"POOLPIDM_01627",0,0,0,0,0,0
"POOLPIDM_01628",3.46666674209102,0.804368013505669,0,1.59959636508935,4.87929703104584,2.15689710753958
"POOLPIDM_01629",0,0,0,0,0,0
"POOLPIDM_01630",7.80000016970479,4.82620808103401,5.42072968244839,12.7967709207148,5.85515643725501,11.8629340914677
"POOLPIDM_01631",1.73333337104551,0,0,0,0,0
"POOLPIDM_01632",3.46666674209102,8.04368013505668,4.6463397278129,9.59757819053611,11.71031287451,11.8629340914677
"POOLPIDM_01633",1.73333337104551,8.84804814856235,4.6463397278129,4.79878909526806,5.85515643725501,5.39224276884894
"POOLPIDM_01634",9.5333335407503,3.21747205402267,3.87194977317742,6.39838546035741,7.80687524967335,6.47069132261873
"POOLPIDM_01635",4.33333342761377,2.41310404051701,4.6463397278129,0,1.95171881241834,3.23534566130937
"POOLPIDM_01636",0.866666685522754,1.60873602701134,2.32316986390645,4.79878909526806,0.975859406209169,1.07844855376979
"POOLPIDM_01637",2.60000005656826,0.804368013505669,1.54877990927097,4.79878909526806,0.975859406209169,1.07844855376979
"POOLPIDM_01638",0,0,0,0,0,0
"POOLPIDM_01639",6.93333348418204,7.23931212155102,4.6463397278129,3.1991927301787,3.90343762483668,4.31379421507915
"POOLPIDM_01640",0,0,0.774389954635484,0,0.975859406209169,0
"POOLPIDM_01641",3.46666674209102,1.60873602701134,1.54877990927097,0,1.95171881241834,1.07844855376979
"POOLPIDM_01642",6.93333348418204,6.43494410804535,5.42072968244839,4.79878909526806,1.95171881241834,2.15689710753958
"POOLPIDM_01643",14.7333336538868,12.8698882160907,17.8109689566161,1.59959636508935,3.90343762483668,10.7844855376979
"POOLPIDM_01644",17.3333337104551,16.891728283619,17.8109689566161,46.3882945875912,24.3964851552292,20.490522521626
"POOLPIDM_01645",0,0.804368013505669,0.774389954635484,0,0.975859406209169,2.15689710753958
"POOLPIDM_01646",6.93333348418204,12.065520202585,3.09755981854194,1.59959636508935,9.75859406209169,8.62758843015831
"POOLPIDM_01647",0.866666685522754,0,1.54877990927097,1.59959636508935,3.90343762483668,3.23534566130937
"POOLPIDM_01648",1.73333337104551,1.60873602701134,0.774389954635484,3.1991927301787,3.90343762483668,7.54913987638852
"POOLPIDM_01649",0,0,0.774389954635484,0,0.975859406209169,1.07844855376979
"POOLPIDM_01650",0,0,0,0,0,0
"POOLPIDM_01651",0,1.60873602701134,0,0,0,2.15689710753958
"POOLPIDM_01668",84.0666684957072,57.9144969724081,72.7926557357355,78.3802218893783,90.7549247774527,100.29571550059
"POOLPIDM_01669",19.0666670815006,17.6960962971247,22.457308684429,17.5955600159829,13.6620316869284,20.490522521626
"POOLPIDM_01670",174.200003790074,152.829922566077,150.231651199284,97.5753782704505,91.7307841836619,115.393995253367
"POOLPIDM_01671",20.8000004525461,16.0873602701134,24.7804785483355,6.39838546035741,11.71031287451,17.2551768603166
"POOLPIDM_01672",128.266669457368,96.5241616206802,109.963373558239,28.7927345716083,44.8895326856218,52.8439791347196
"POOLPIDM_01673",43.3333342761377,48.2620808103401,36.3963278678677,22.3943491112509,12.6861722807192,24.8043167367051
"POOLPIDM_01674",299.866673190873,228.44051583561,356.219379132323,84.7786073497357,141.499613900329,116.472443807137
"POOLPIDM_01675",318.933340272374,263.028340416354,293.493792806848,118.370131016612,160.040942618304,113.237098145828
"POOLPIDM_01676",48.5333343892743,59.5232329994195,52.6585169152129,65.5834509686634,70.2618772470602,77.6482958714248
"POOLPIDM_01677",133.466669570504,84.4586414180952,56.5304666883903,695.824418813868,469.38837438661,461.57598101347
"POOLPIDM_01678",130.866669513936,113.415889904299,109.188983603603,214.345912921973,167.847817867977,168.237974388087
"POOLPIDM_01679",0,0,0,0,0,0
"POOLPIDM_01680",342.333340781488,291.181220889052,241.609665846271,142.364076492952,183.461568367324,201.66987955495
"POOLPIDM_01681",12.1333335973186,13.6742562295964,11.6158493195323,15.9959636508935,24.3964851552292,22.6474196291656
"POOLPIDM_01682",3.46666674209102,0,0.774389954635484,0,0,0
"POOLPIDM_01683",90.1333352943665,131.111986201424,106.865813739697,164.758425604203,120.030706963728,147.747451866461
"POOLPIDM_01684",7.80000016970479,7.23931212155102,4.6463397278129,12.7967709207148,11.71031287451,16.1767283065468
"POOLPIDM_01685",197.600004299188,216.374995633025,247.804785483355,41.5895054923232,54.6481267477135,58.2362219035686
"POOLPIDM_01686",2.60000005656826,4.02184006752834,3.09755981854194,9.59757819053611,4.87929703104584,10.7844855376979
"POOLPIDM_01687",6.93333348418204,11.2611521890794,12.3902392741677,11.1971745556255,2.92757821862751,9.7060369839281
"POOLPIDM_01688",114.400002489004,131.111986201424,117.707273104594,222.34389474742,157.113364399676,145.590554758921
"POOLPIDM_01689",16.4666670249323,20.1092003376417,17.8109689566161,17.5955600159829,11.71031287451,12.9413826452375
"POOLPIDM_01690",0.866666685522754,0,0,0,0,1.07844855376979
"POOLPIDM_01691",57.2000012445018,53.0882888913741,76.6646055089129,22.3943491112509,31.2275009986934,28.0396623980145
"POOLPIDM_01692",112.666669117958,139.155666336481,148.682871290013,17.5955600159829,24.3964851552292,24.8043167367051
"POOLPIDM_01693",39.000000848524,33.7834565672381,41.0426675956806,9.59757819053611,13.6620316869284,12.9413826452375
"POOLPIDM_01694",91.866668665412,103.763473742231,91.3780146469871,23.9939454763403,19.5171881241834,19.4120739678562
"POOLPIDM_01695",143.866669796777,167.308546809179,191.274318794965,15.9959636508935,41.9619544669943,35.588802274403
"POOLPIDM_01696",131.733336199459,131.91635421493,140.938971743658,17.5955600159829,29.2757821862751,18.3336254140864
"POOLPIDM_01697",20.8000004525461,20.9135683511474,22.457308684429,3.1991927301787,0.975859406209169,3.23534566130937
"POOLPIDM_01698",133.466669570504,152.025554552571,140.164581789023,19.1951563810722,14.6378910931375,20.490522521626
"POOLPIDM_01699",34.6666674209102,42.6315047158004,40.2682776410452,7.99798182544676,3.90343762483668,4.31379421507915
"POOLPIDM_01700",400.400008711513,411.836422914902,391.066927090919,11.1971745556255,11.71031287451,9.7060369839281
"POOLPIDM_01701",143.866669796777,155.243026606594,195.146268568142,9.59757819053611,7.80687524967335,11.8629340914677
"POOLPIDM_01702",374.40000814583,472.968391941333,457.664463189571,23.9939454763403,14.6378910931375,16.1767283065468
"POOLPIDM_01703",41.6000009050922,34.5878245807437,39.4938876864097,0,0.975859406209169,2.15689710753958
"POOLPIDM_01704",51.1333344458425,68.3712811479818,82.8597251459968,3.1991927301787,4.87929703104584,5.39224276884894
"POOLPIDM_01705",231.400005034575,188.222115160326,263.292584576065,4.79878909526806,6.83101584346418,5.39224276884894
"POOLPIDM_01706",253.066672172644,308.877317186177,298.914522489297,12.7967709207148,10.7344534683009,5.39224276884894
"POOLPIDM_01707",216.666671380689,209.940051524979,257.097464938981,1.59959636508935,5.85515643725501,5.39224276884894
"POOLPIDM_01708",45.0666676471832,49.8708168373514,51.1097370059419,1.59959636508935,0,1.07844855376979
"POOLPIDM_01709",284.266672851463,266.245812470376,252.451125211168,9.59757819053611,16.5896099055559,14.0198311990073
"POOLPIDM_01710",161.200003507232,234.07109193015,183.53041924861,3.1991927301787,10.7344534683009,4.31379421507915
"POOLPIDM_01711",29.4666673077737,24.1310404051701,32.5243780946903,20.7947527461616,16.5896099055559,12.9413826452375
"POOLPIDM_01712",35.5333341064329,26.5441444456871,40.2682776410452,31.991927301787,40.9860950607851,44.2163907045613
"POOLPIDM_01713",34.6666674209102,28.1528804726984,31.7499881400548,39.9899091272338,38.0585168421576,36.6672508281728
"POOLPIDM_01714",20.8000004525461,19.304832324136,23.2316986390645,31.991927301787,40.9860950607851,30.1965595055541
"POOLPIDM_01715",26.8666672512054,38.6096646482721,41.8170575503161,51.1870836828593,35.1309386235301,36.6672508281728
"POOLPIDM_01716",968.933354414439,1088.30992227317,1314.91414297105,503.872855003146,821.67362002812,939.328690333486
"POOLPIDM_01717",146.466669853346,189.026483173832,210.634067660852,99.1749746355398,108.320394089218,110.001752484518
"POOLPIDM_01718",136.066669627072,165.699810782168,144.0365315622,159.959636508935,154.185786181049,161.767283065468
"POOLPIDM_01719",7.80000016970479,4.82620808103401,10.0670694102613,119.969727381701,135.644457463074,160.688834511699
"POOLPIDM_01720",7.80000016970479,4.82620808103401,6.19511963708387,23.9939454763403,26.3482039676476,32.3534566130937
"POOLPIDM_01721",117.866669231095,136.742562295964,140.164581789023,91.1769928100931,91.7307841836619,79.8051929789644
"POOLPIDM_01722",50.2666677603198,41.0227686887891,41.8170575503161,25.5935418414296,32.2033604049026,25.8827652904749
"POOLPIDM_01723",15.6000003394096,30.5659845132154,35.6219379132323,27.193138206519,27.3240633738567,39.9025964894822
"POOLPIDM_01724",71.9333348983886,64.3494410804535,53.4329068698484,79.9798182544676,70.2618772470602,57.1577733497988
"POOLPIDM_01725",49.400001074797,45.8489767698231,54.9816867791194,41.5895054923232,39.0343762483668,37.7456993819426
"POOLPIDM_01726",81.4666684391389,91.6979535396462,81.3109452367258,36.7907163970551,40.0102356545759,42.0594935970218
"POOLPIDM_01727",7.80000016970479,4.02184006752834,6.96950959171936,1.59959636508935,5.85515643725501,7.54913987638852
"POOLPIDM_01728",45.0666676471832,50.6751848508571,53.4329068698484,33.5915236668764,32.2033604049026,28.0396623980145
"POOLPIDM_01729",7.80000016970479,7.23931212155102,11.6158493195323,9.59757819053611,6.83101584346418,6.47069132261873
"POOLPIDM_01730",23.4000005091144,28.9572484862041,17.0365790019806,19.1951563810722,25.3723445614384,33.4319051668634
"POOLPIDM_01731",45.933334332706,45.8489767698231,51.1097370059419,36.7907163970551,48.7929703104584,64.7069132261873
"POOLPIDM_01732",22.5333338235916,25.7397764321814,16.2621890473452,44.7886982225019,62.4550019973868,60.3931190111082
"POOLPIDM_01733",210.600004582029,180.17843502527,197.469438432048,247.93743658885,341.550792173209,321.377669023397
"POOLPIDM_01734",4.33333342761377,4.02184006752834,5.42072968244839,1.59959636508935,0,3.23534566130937
"POOLPIDM_01735",16.4666670249323,20.9135683511474,17.8109689566161,11.1971745556255,13.6620316869284,16.1767283065468
"POOLPIDM_01736",32.0666673643419,41.0227686887891,29.4268182761484,70.3822400639315,53.6722673415043,63.6284646724175
"POOLPIDM_01737",60.6666679865928,58.7188649859138,48.7865671420355,131.166901937327,79.0446119029427,95.9819212855112
"POOLPIDM_01738",4.33333342761377,2.41310404051701,3.09755981854194,1.59959636508935,0,0
"POOLPIDM_01739",0,0,0,0,0,0
"POOLPIDM_01740",0,0,0,0,0,0
"POOLPIDM_01741",21.6666671380689,12.8698882160907,17.0365790019806,20.7947527461616,39.0343762483668,56.079324796029
"POOLPIDM_01742",59.8000013010701,63.5450730669478,60.4024164615677,63.9838546035741,101.489378245754,98.1388183930508
"POOLPIDM_01743",21.6666671380689,29.7616164997097,17.0365790019806,6.39838546035741,7.80687524967335,11.8629340914677
"POOLPIDM_01744",68.4666681562976,90.8935855261405,90.6036246923516,20.7947527461616,29.2757821862751,36.6672508281728
"POOLPIDM_01745",40.7333342195695,32.9790885537324,33.2987680493258,4.79878909526806,10.7344534683009,12.9413826452375
"POOLPIDM_01746",182.866670645301,173.743490917224,192.823098704236,30.3923309366977,41.9619544669943,50.6870820271801
"POOLPIDM_01747",45.933334332706,49.0664488238458,48.7865671420355,22.3943491112509,23.4206257490201,12.9413826452375
"POOLPIDM_01748",42.466667590615,37.8052966347664,44.9146173688581,47.9878909526806,23.4206257490201,15.098279752777
"POOLPIDM_01749",1.73333337104551,2.41310404051701,0.774389954635484,0,0,0
"POOLPIDM_01750",97.9333354640712,119.046465998839,111.51215346751,60.7846618733954,68.3101584346418,71.177604548806
"POOLPIDM_01751",17.3333337104551,14.478624243102,27.8780383668774,4.79878909526806,9.75859406209169,11.8629340914677
"POOLPIDM_01752",38.1333341630012,37.8052966347664,40.2682776410452,17.5955600159829,16.5896099055559,14.0198311990073
"POOLPIDM_01753",33.8000007353874,42.6315047158004,36.3963278678677,19.1951563810722,26.3482039676476,23.7258681829354
"POOLPIDM_01754",27.7333339367281,34.5878245807437,37.9451077771387,20.7947527461616,20.4930475303925,31.2750080593239
"POOLPIDM_01755",37.2666674774784,50.6751848508571,49.560957096671,11.1971745556255,12.6861722807192,16.1767283065468
"POOLPIDM_01756",44.2000009616605,48.2620808103401,47.2377872327645,20.7947527461616,22.4447663428109,24.8043167367051
"POOLPIDM_01757",36.4000007919557,32.9790885537324,31.7499881400548,25.5935418414296,18.5413287179742,12.9413826452375
"POOLPIDM_01758",89.2666686088437,111.807153877288,77.4389954635484,15.9959636508935,20.4930475303925,23.7258681829354
"POOLPIDM_01759",13.8666669683641,14.478624243102,24.7804785483355,7.99798182544676,15.6137504993467,6.47069132261873
"POOLPIDM_01760",44.2000009616605,45.8489767698231,54.2072968244839,20.7947527461616,21.4689069366017,14.0198311990073
"POOLPIDM_01761",0.866666685522754,0,0,1.59959636508935,0.975859406209169,0
"POOLPIDM_01762",209.733337896507,246.136612132735,258.646244848252,49.5874873177699,77.0928930905243,61.471567564878
"POOLPIDM_01763",50.2666677603198,35.3921925942494,49.560957096671,11.1971745556255,5.85515643725501,15.098279752777
"POOLPIDM_01764",99.6666688351168,111.002785863782,78.9877753728194,19.1951563810722,18.5413287179742,12.9413826452375
"POOLPIDM_01765",58.0666679300246,53.0882888913741,78.9877753728194,17.5955600159829,12.6861722807192,11.8629340914677
"POOLPIDM_01766",52.866667816888,50.6751848508571,54.2072968244839,14.3963672858042,23.4206257490201,18.3336254140864
"POOLPIDM_01767",74.5333349549569,78.0236973100498,82.0853351913613,47.9878909526806,41.9619544669943,47.4517363658707
"POOLPIDM_01768",33.8000007353874,33.7834565672381,47.2377872327645,36.7907163970551,44.8895326856218,26.9612138442447
"POOLPIDM_01769",116.133335860049,139.155666336481,130.097512378761,119.969727381701,104.416956464381,125.100032237295
"POOLPIDM_01770",24.2666671946371,28.9572484862041,63.4999762801097,20.7947527461616,29.2757821862751,29.1181109517843
"POOLPIDM_01771",32.9333340498647,51.4795528643628,40.2682776410452,19.1951563810722,24.3964851552292,19.4120739678562
"POOLPIDM_01772",40.7333342195695,40.2184006752834,48.7865671420355,35.1911200319658,16.5896099055559,18.3336254140864
"POOLPIDM_01773",24.2666671946371,17.6960962971247,20.1341388205226,3.1991927301787,13.6620316869284,11.8629340914677
"POOLPIDM_01774",20.8000004525461,20.9135683511474,27.1036484122419,17.5955600159829,16.5896099055559,14.0198311990073
"POOLPIDM_01775",32.9333340498647,24.9354084186757,30.2012082307839,15.9959636508935,18.5413287179742,28.0396623980145
"POOLPIDM_01776",91.0000019798892,86.0673774451065,84.4085050552678,55.9858727781273,50.7446891228768,40.981045043252
"POOLPIDM_01777",67.6000014707748,64.3494410804535,64.2743662347452,19.1951563810722,36.1067980297392,48.5301849196405
"POOLPIDM_01778",69.3333348418204,49.8708168373514,63.4999762801097,27.193138206519,37.0826574359484,28.0396623980145
"POOLPIDM_01779",16.4666670249323,22.5223043781587,17.0365790019806,17.5955600159829,24.3964851552292,22.6474196291656
"POOLPIDM_01780",26.0000005656826,41.8271367022948,41.8170575503161,76.7806255242889,79.0446119029427,92.7465756242018
"POOLPIDM_01781",12.1333335973186,13.6742562295964,23.2316986390645,17.5955600159829,8.78273465588252,6.47069132261873
"POOLPIDM_01782",0,0,0,0,0,0
"POOLPIDM_01783",0,0,0,0,0,0
"POOLPIDM_01784",0,0,0,0,0,0
"POOLPIDM_01785",0,0,0,0,0,0
"POOLPIDM_01786",0,0,0,0,0,0
"POOLPIDM_01787",0,0,0,0,0,0
"POOLPIDM_01789",0,0,0,0,0,0
"POOLPIDM_01790",0,0,0,0,0,0
"POOLPIDM_01791",0,0,0,0,0,0
"POOLPIDM_01792",0,0,0,0,0,0
"POOLPIDM_01793",0.866666685522754,0,0,0,0,0
"POOLPIDM_01794",0,0,0,0,0,0
"POOLPIDM_01795",0,0,0,0,0,0
"POOLPIDM_01796",0,0,0,0,0,0
"POOLPIDM_01797",4.33333342761377,5.63057609453968,3.09755981854194,1.59959636508935,8.78273465588252,5.39224276884894
"POOLPIDM_01798",3.46666674209102,0.804368013505669,1.54877990927097,12.7967709207148,11.71031287451,3.23534566130937
"POOLPIDM_01799",10.4000002262731,6.43494410804535,9.29267945562581,33.5915236668764,9.75859406209169,16.1767283065468
"POOLPIDM_01800",0,0,0.774389954635484,0,1.95171881241834,0
"POOLPIDM_01801",0,0.804368013505669,0,0,3.90343762483668,5.39224276884894
"POOLPIDM_01802",0,0,0,1.59959636508935,6.83101584346418,3.23534566130937
"POOLPIDM_01803",0,0,0.774389954635484,3.1991927301787,7.80687524967335,1.07844855376979
"POOLPIDM_01804",0.866666685522754,0,0,1.59959636508935,2.92757821862751,4.31379421507915
"POOLPIDM_01805",1.73333337104551,0.804368013505669,0,15.9959636508935,13.6620316869284,17.2551768603166
"POOLPIDM_01806",1.73333337104551,2.41310404051701,0.774389954635484,1.59959636508935,6.83101584346418,7.54913987638852
"POOLPIDM_01807",0,0.804368013505669,0,0,0.975859406209169,2.15689710753958
"POOLPIDM_01808",0.866666685522754,0,1.54877990927097,4.79878909526806,9.75859406209169,2.15689710753958
"POOLPIDM_01809",0,0,0,3.1991927301787,0.975859406209169,2.15689710753958
"POOLPIDM_01810",47.6666677037515,31.3703525267211,31.7499881400548,87.9778000799144,57.575704966341,58.2362219035686
"POOLPIDM_01811",10.4000002262731,12.065520202585,9.29267945562581,22.3943491112509,13.6620316869284,11.8629340914677
"POOLPIDM_01812",1.73333337104551,6.43494410804535,1.54877990927097,14.3963672858042,8.78273465588252,14.0198311990073
"POOLPIDM_01813",0,0,0.774389954635484,0,0.975859406209169,0
"POOLPIDM_01814",0,0,0,0,0,0
"POOLPIDM_01815",1.73333337104551,1.60873602701134,1.54877990927097,7.99798182544676,9.75859406209169,9.7060369839281
"POOLPIDM_01816",3.46666674209102,0,0.774389954635484,7.99798182544676,4.87929703104584,11.8629340914677
"POOLPIDM_01817",6.93333348418204,8.04368013505668,5.42072968244839,3.1991927301787,5.85515643725501,7.54913987638852
"POOLPIDM_01818",0,0,0,1.59959636508935,1.95171881241834,2.15689710753958
"POOLPIDM_01819",3.46666674209102,5.63057609453968,0.774389954635484,73.5814327941102,83.9239089339885,63.6284646724175
"POOLPIDM_01820",49.400001074797,49.8708168373514,58.0792465976613,68.7826436988422,56.5998455601318,47.4517363658707
"POOLPIDM_01821",0,0,0.774389954635484,1.59959636508935,7.80687524967335,0
"POOLPIDM_01822",0,0,0,0,0,0
"POOLPIDM_01823",0,0,0,0,0,0
"POOLPIDM_01824",0,0,0,0,0,0
"POOLPIDM_01825",0,0,0,0,0,0
"POOLPIDM_01826",0,1.60873602701134,0,1.59959636508935,1.95171881241834,1.07844855376979
"POOLPIDM_01827",0,0,0,0,0,0
"POOLPIDM_01828",0,0,0,3.1991927301787,0.975859406209169,4.31379421507915
"POOLPIDM_01829",2.60000005656826,0.804368013505669,0,4.79878909526806,10.7344534683009,5.39224276884894
"POOLPIDM_01830",0,0,0,0,0,0
"POOLPIDM_01831",1.73333337104551,0,0,0,0.975859406209169,4.31379421507915
"POOLPIDM_01832",0.866666685522754,0,0,0,1.95171881241834,3.23534566130937
"POOLPIDM_01833",0,0,0.774389954635484,0,0.975859406209169,0
"POOLPIDM_01834",0,0,0,1.59959636508935,0.975859406209169,0
"POOLPIDM_01835",2.60000005656826,1.60873602701134,0.774389954635484,3.1991927301787,27.3240633738567,21.5689710753958
"POOLPIDM_01836",0,0.804368013505669,1.54877990927097,6.39838546035741,15.6137504993467,11.8629340914677
"POOLPIDM_01837",0.866666685522754,0.804368013505669,0,14.3963672858042,13.6620316869284,9.7060369839281
"POOLPIDM_01838",0,0,0,0,0,0
"POOLPIDM_01839",0,0,0,4.79878909526806,4.87929703104584,5.39224276884894
"POOLPIDM_01840",0,0.804368013505669,1.54877990927097,0,3.90343762483668,3.23534566130937
"POOLPIDM_01841",0,2.41310404051701,0.774389954635484,1.59959636508935,1.95171881241834,3.23534566130937
"POOLPIDM_01842",0,3.21747205402267,0.774389954635484,9.59757819053611,7.80687524967335,1.07844855376979
"POOLPIDM_01843",4.33333342761377,1.60873602701134,4.6463397278129,23.9939454763403,28.2999227800659,40.981045043252
"POOLPIDM_01844",0,0,0,3.1991927301787,0.975859406209169,3.23534566130937
"POOLPIDM_01845",0,0,0.774389954635484,0,0,0
"POOLPIDM_01846",11.2666669117958,6.43494410804535,3.87194977317742,41.5895054923232,45.8653920918309,61.471567564878
"POOLPIDM_01847",51.1333344458425,49.0664488238458,34.8475479585968,3976.59656361213,2664.09617895103,2916.12488939351
"POOLPIDM_01848",159.466670136187,161.677970714639,186.627979067152,890.975175354769,723.111820000994,715.01139114937
"POOLPIDM_01849",52.0000011313653,33.7834565672381,26.3292584576065,5365.04620850969,3781.45519906053,3970.84757498036
"POOLPIDM_01850",6.93333348418204,5.63057609453968,8.51828950099032,17.5955600159829,11.71031287451,17.2551768603166
"POOLPIDM_01851",2.60000005656826,2.41310404051701,3.87194977317742,4.79878909526806,4.87929703104584,4.31379421507915
"POOLPIDM_01852",4.33333342761377,2.41310404051701,2.32316986390645,1.59959636508935,2.92757821862751,2.15689710753958
"POOLPIDM_01853",3.46666674209102,4.82620808103401,4.6463397278129,39.9899091272338,43.9136732794126,33.4319051668634
"POOLPIDM_01854",45.0666676471832,37.0009286212607,34.0731580039613,28.7927345716083,23.4206257490201,32.3534566130937
"POOLPIDM_01855",218.400004751734,240.506036038195,250.127955347261,273.530978430279,282.999227800659,271.769035549987
"POOLPIDM_01856",26.0000005656826,28.1528804726984,28.6524283215129,7.99798182544676,7.80687524967335,5.39224276884894
"POOLPIDM_01857",32.9333340498647,33.7834565672381,33.2987680493258,78.3802218893783,42.9378138732034,49.6086334734103
"POOLPIDM_01858",31.2000006788192,34.5878245807437,29.4268182761484,19.1951563810722,37.0826574359484,42.0594935970218
"POOLPIDM_01859",11.2666669117958,16.0873602701134,12.3902392741677,19.1951563810722,21.4689069366017,21.5689710753958
"POOLPIDM_01860",63.2666680431611,80.4368013505669,62.7255863254742,155.160847413667,105.39281587059,124.021583683526
"POOLPIDM_01861",42.466667590615,43.4358727293061,44.1402274142226,28.7927345716083,35.1309386235301,37.7456993819426
"POOLPIDM_01862",40.7333342195695,48.2620808103401,38.7194977317742,28.7927345716083,35.1309386235301,39.9025964894822
"POOLPIDM_01863",67.6000014707748,82.0455373775782,81.3109452367258,39.9899091272338,61.4791425911776,56.079324796029
"POOLPIDM_01864",19.9333337670234,31.3703525267211,39.4938876864097,27.193138206519,33.1792198111117,31.2750080593239
"POOLPIDM_01865",55.4666678734563,63.5450730669478,57.3048566430258,23.9939454763403,25.3723445614384,20.490522521626
"POOLPIDM_01866",27.7333339367281,31.3703525267211,36.3963278678677,1.59959636508935,3.90343762483668,5.39224276884894
"POOLPIDM_01868",8.66666685522754,16.891728283619,13.9390191834387,44.7886982225019,28.2999227800659,35.588802274403
"POOLPIDM_01869",18.2000003959778,20.9135683511474,18.5853589112516,19.1951563810722,9.75859406209169,8.62758843015831
"POOLPIDM_01870",5.20000011313653,8.04368013505668,6.96950959171936,9.59757819053611,10.7344534683009,2.15689710753958
"POOLPIDM_01871",0.866666685522754,1.60873602701134,0,3.1991927301787,2.92757821862751,2.15689710753958
"POOLPIDM_01872",142.133336425732,169.721650849696,156.426770836368,132.766498302416,169.799536680395,166.081077280547
"POOLPIDM_01873",36.4000007919557,41.8271367022948,44.1402274142226,25.5935418414296,26.3482039676476,26.9612138442447
"POOLPIDM_01874",7.80000016970479,4.82620808103401,6.19511963708387,9.59757819053611,6.83101584346418,6.47069132261873
"POOLPIDM_01875",0.866666685522754,0,0,0,0,0
"POOLPIDM_01876",26.8666672512054,24.9354084186757,30.2012082307839,46.3882945875912,22.4447663428109,35.588802274403
"POOLPIDM_01877",1.73333337104551,3.21747205402267,2.32316986390645,3.1991927301787,6.83101584346418,5.39224276884894
"POOLPIDM_01878",9.5333335407503,4.02184006752834,2.32316986390645,4.79878909526806,8.78273465588252,15.098279752777
"POOLPIDM_01879",121.333335973186,131.91635421493,153.329211017826,134.366094667506,138.572035681702,143.433657651382
"POOLPIDM_01880",101.400002206162,77.2193292965442,101.445084057248,51.1870836828593,101.489378245754,89.5112299628925
"POOLPIDM_01881",185.466670701869,213.961891592508,204.438948023768,91.1769928100931,65.3825802160143,77.6482958714248
"POOLPIDM_01882",46.8000010182287,47.4577127968344,50.3353470513065,20.7947527461616,18.5413287179742,22.6474196291656
"POOLPIDM_01883",5.20000011313653,4.02184006752834,6.19511963708387,4.79878909526806,3.90343762483668,2.15689710753958
"POOLPIDM_01884",39.8666675340467,41.8271367022948,44.9146173688581,9.59757819053611,11.71031287451,9.7060369839281
"POOLPIDM_01885",5.20000011313653,3.21747205402267,3.87194977317742,6.39838546035741,2.92757821862751,3.23534566130937
"POOLPIDM_01886",13.8666669683641,11.2611521890794,10.0670694102613,9.59757819053611,3.90343762483668,6.47069132261873
"POOLPIDM_01887",6.93333348418204,4.02184006752834,2.32316986390645,11.1971745556255,6.83101584346418,10.7844855376979
"POOLPIDM_01888",177.666670532165,181.787171052281,251.676735256532,20.7947527461616,33.1792198111117,20.490522521626
"POOLPIDM_01889",396.066675283899,395.749062644789,467.731532599832,59.185065508306,86.851487152616,67.9422588874967
"POOLPIDM_01890",98.800002149594,102.15473771522,107.640203694332,22.3943491112509,34.1550792173209,28.0396623980145
"POOLPIDM_01891",194.133337557097,214.766259606013,293.493792806848,36.7907163970551,40.9860950607851,47.4517363658707
"POOLPIDM_01892",32.0666673643419,21.717936364653,24.7804785483355,19.1951563810722,21.4689069366017,23.7258681829354
"POOLPIDM_01893",19.9333337670234,29.7616164997097,24.0060885937,7.99798182544676,33.1792198111117,28.0396623980145
"POOLPIDM_01894",249.600005430553,239.701668024689,252.451125211168,313.520887557513,232.254538677782,226.474196291656
"POOLPIDM_01895",29.4666673077737,26.5441444456871,26.3292584576065,52.7866800479486,55.6239861539226,42.0594935970218
"POOLPIDM_01896",27.7333339367281,43.4358727293061,41.0426675956806,11.1971745556255,14.6378910931375,17.2551768603166
"POOLPIDM_01897",1.73333337104551,0,1.54877990927097,1.59959636508935,1.95171881241834,0
"POOLPIDM_01898",6.93333348418204,1.60873602701134,6.96950959171936,1.59959636508935,6.83101584346418,5.39224276884894
"POOLPIDM_01899",48.5333343892743,37.8052966347664,62.7255863254742,92.7765891751824,122.958285182355,121.864686575986
"POOLPIDM_01900",106.600002319299,72.3931212155102,109.963373558239,73.5814327941102,80.0204713091518,90.5896785166622
"POOLPIDM_01901",18.2000003959778,17.6960962971247,13.9390191834387,9.59757819053611,4.87929703104584,7.54913987638852
"POOLPIDM_01902",92.7333353509347,86.8717454586122,75.115825599642,25.5935418414296,31.2275009986934,22.6474196291656
"POOLPIDM_01903",45.0666676471832,48.2620808103401,48.7865671420355,35.1911200319658,32.2033604049026,28.0396623980145
"POOLPIDM_01904",5.20000011313653,4.02184006752834,2.32316986390645,3.1991927301787,1.95171881241834,3.23534566130937
"POOLPIDM_01905",20.8000004525461,11.2611521890794,3.87194977317742,7.99798182544676,20.4930475303925,7.54913987638852
"POOLPIDM_01906",1.73333337104551,1.60873602701134,0.774389954635484,1.59959636508935,0,1.07844855376979
"POOLPIDM_01907",3.46666674209102,0.804368013505669,3.87194977317742,3.1991927301787,6.83101584346418,6.47069132261873
"POOLPIDM_01908",60.6666679865928,51.4795528643628,61.9511963708387,68.7826436988422,41.9619544669943,61.471567564878
"POOLPIDM_01909",14.7333336538868,16.891728283619,23.2316986390645,15.9959636508935,16.5896099055559,7.54913987638852
"POOLPIDM_01910",4.33333342761377,4.02184006752834,3.87194977317742,9.59757819053611,3.90343762483668,2.15689710753958
"POOLPIDM_01911",18.2000003959778,18.5004643106304,18.5853589112516,14.3963672858042,8.78273465588252,11.8629340914677
"POOLPIDM_01912",134.333336256027,139.155666336481,120.804832923135,94.3761855402718,67.3342990284327,75.4913987638852
"POOLPIDM_01913",84.0666684957072,66.7625451209705,75.8902155542774,36.7907163970551,39.0343762483668,34.5103537206332
"POOLPIDM_01914",76.2666683260024,78.8280653235555,76.6646055089129,23.9939454763403,37.0826574359484,35.588802274403
"POOLPIDM_01915",20.8000004525461,16.891728283619,19.3597488658871,20.7947527461616,16.5896099055559,15.098279752777
"POOLPIDM_01916",15.6000003394096,20.9135683511474,21.6829187297936,11.1971745556255,7.80687524967335,7.54913987638852
"POOLPIDM_01917",11.2666669117958,8.84804814856235,11.6158493195323,7.99798182544676,7.80687524967335,10.7844855376979
"POOLPIDM_01918",9.5333335407503,16.0873602701134,18.5853589112516,19.1951563810722,4.87929703104584,7.54913987638852
"POOLPIDM_01919",3.46666674209102,5.63057609453968,4.6463397278129,1.59959636508935,1.95171881241834,1.07844855376979
"POOLPIDM_01920",63.2666680431611,74.8062252560272,76.6646055089129,118.370131016612,98.5618000271261,115.393995253367
"POOLPIDM_01921",1.73333337104551,3.21747205402267,4.6463397278129,6.39838546035741,2.92757821862751,2.15689710753958
"POOLPIDM_01922",23.4000005091144,33.7834565672381,41.0426675956806,51.1870836828593,94.6583624022894,98.1388183930508
"POOLPIDM_01923",36.4000007919557,24.1310404051701,31.7499881400548,134.366094667506,168.823677274186,171.473320049396
"POOLPIDM_01924",65.8666680997293,74.8062252560272,58.0792465976613,11.1971745556255,12.6861722807192,17.2551768603166
"POOLPIDM_01925",128.266669457368,104.567841755737,99.121914193342,84.7786073497357,95.6342218084986,80.8836415327341
"POOLPIDM_01926",42.466667590615,51.4795528643628,69.6950959171936,28.7927345716083,34.1550792173209,48.5301849196405
"POOLPIDM_01927",7.80000016970479,8.04368013505668,11.6158493195323,4.79878909526806,4.87929703104584,3.23534566130937
"POOLPIDM_01928",4.33333342761377,7.23931212155102,12.3902392741677,4.79878909526806,10.7344534683009,7.54913987638852
"POOLPIDM_01929",17.3333337104551,20.1092003376417,13.9390191834387,17.5955600159829,15.6137504993467,21.5689710753958
"POOLPIDM_01930",15.6000003394096,8.84804814856235,10.0670694102613,22.3943491112509,10.7344534683009,8.62758843015831
"POOLPIDM_01931",130.866669513936,153.634290579583,164.170670382723,153.561251048578,208.833912928762,205.98367377003
"POOLPIDM_01932",130.000002828413,149.612450512054,137.067021970481,81.579414619557,120.030706963728,98.1388183930508
"POOLPIDM_01933",225.333338235916,234.07109193015,225.347476798926,103.973763730808,133.692738650656,126.178480791065
"POOLPIDM_01934",30.3333339932964,32.1747205402267,33.2987680493258,9.59757819053611,13.6620316869284,6.47069132261873
"POOLPIDM_01935",45.0666676471832,40.2184006752834,43.3658374595871,118.370131016612,120.030706963728,117.550892360907
"POOLPIDM_01936",28.6000006222509,39.4140326617778,30.9755981854194,55.9858727781273,65.3825802160143,77.6482958714248
"POOLPIDM_01937",11.2666669117958,15.2829922566077,10.0670694102613,11.1971745556255,18.5413287179742,22.6474196291656
"POOLPIDM_01938",190.666670815006,230.853619876127,210.634067660852,391.901109446891,405.957512983014,393.633722125973
"POOLPIDM_01939",6.93333348418204,4.02184006752834,8.51828950099032,1.59959636508935,1.95171881241834,3.23534566130937
"POOLPIDM_01940",19.0666670815006,22.5223043781587,13.9390191834387,22.3943491112509,16.5896099055559,22.6474196291656
"POOLPIDM_01941",0.866666685522754,4.82620808103401,5.42072968244839,3.1991927301787,1.95171881241834,2.15689710753958
"POOLPIDM_01942",3.46666674209102,13.6742562295964,12.3902392741677,4.79878909526806,4.87929703104584,1.07844855376979
"POOLPIDM_01943",268.666672512054,234.07109193015,205.213337978403,60.7846618733954,47.8171109042493,55.0008762422592
"POOLPIDM_01944",3.46666674209102,2.41310404051701,5.42072968244839,3.1991927301787,8.78273465588252,6.47069132261873
"POOLPIDM_01945",18.2000003959778,25.7397764321814,14.7134091380742,81.579414619557,82.9480495277793,126.178480791065
"POOLPIDM_01946",0,0,0.774389954635484,3.1991927301787,0,1.07844855376979
"POOLPIDM_01947",16.4666670249323,8.84804814856235,14.7134091380742,1.59959636508935,6.83101584346418,6.47069132261873
"POOLPIDM_01948",48.5333343892743,32.1747205402267,53.4329068698484,11.1971745556255,9.75859406209169,9.7060369839281
"POOLPIDM_01949",13.0000002828413,22.5223043781587,38.7194977317742,1.59959636508935,1.95171881241834,6.47069132261873
"POOLPIDM_01950",0,0,0,0,0,0
"POOLPIDM_01951",0,0,0.774389954635484,0,0,0
"POOLPIDM_01952",0.866666685522754,0.804368013505669,0,0,0.975859406209169,0
"POOLPIDM_01953",0.866666685522754,0,1.54877990927097,0,0,0
"POOLPIDM_01954",1.73333337104551,2.41310404051701,0,0,0,3.23534566130937
"POOLPIDM_01955",1.73333337104551,2.41310404051701,3.87194977317742,0,1.95171881241834,0
"POOLPIDM_01956",11.2666669117958,2.41310404051701,6.96950959171936,1.59959636508935,0,1.07844855376979
"POOLPIDM_01957",36.4000007919557,34.5878245807437,31.7499881400548,49.5874873177699,62.4550019973868,69.0207074412665
"POOLPIDM_01958",17.3333337104551,15.2829922566077,21.6829187297936,7.99798182544676,12.6861722807192,11.8629340914677
"POOLPIDM_01959",14.7333336538868,21.717936364653,27.8780383668774,19.1951563810722,22.4447663428109,20.490522521626
"POOLPIDM_01960",16.4666670249323,9.65241616206802,17.8109689566161,6.39838546035741,11.71031287451,12.9413826452375
"POOLPIDM_01961",0.866666685522754,1.60873602701134,5.42072968244839,6.39838546035741,7.80687524967335,6.47069132261873
"POOLPIDM_01962",21.6666671380689,12.8698882160907,15.4877990927097,46.3882945875912,65.3825802160143,65.7853617799571
"POOLPIDM_01963",17.3333337104551,15.2829922566077,17.8109689566161,46.3882945875912,49.7688297166676,52.8439791347196
"POOLPIDM_01964",65.8666680997293,94.1110575801632,95.2499644201645,166.358021969293,184.437427773533,155.29659174285
"POOLPIDM_01965",40.7333342195695,35.3921925942494,42.5914475049516,43.1891018574125,62.4550019973868,59.3146704573384
"POOLPIDM_01966",50.2666677603198,45.0446087563174,62.7255863254742,83.1790109846463,89.7790653712435,95.9819212855112
"POOLPIDM_01967",7.80000016970479,6.43494410804535,12.3902392741677,20.7947527461616,19.5171881241834,16.1767283065468
"POOLPIDM_01968",2.60000005656826,2.41310404051701,1.54877990927097,3.1991927301787,2.92757821862751,2.15689710753958
"POOLPIDM_01969",6.06666679865928,4.02184006752834,0.774389954635484,4.79878909526806,3.90343762483668,2.15689710753958
"POOLPIDM_01970",4.33333342761377,2.41310404051701,3.87194977317742,4.79878909526806,3.90343762483668,0
"POOLPIDM_01971",0.866666685522754,1.60873602701134,1.54877990927097,1.59959636508935,2.92757821862751,1.07844855376979
"POOLPIDM_01972",0.866666685522754,2.41310404051701,2.32316986390645,0,0,0
"POOLPIDM_01973",0.866666685522754,2.41310404051701,1.54877990927097,1.59959636508935,0.975859406209169,1.07844855376979
"POOLPIDM_01974",0,0.804368013505669,0.774389954635484,1.59959636508935,2.92757821862751,2.15689710753958
"POOLPIDM_01975",9.5333335407503,11.2611521890794,8.51828950099032,3.1991927301787,4.87929703104584,10.7844855376979
"POOLPIDM_01976",5.20000011313653,10.4567841755737,5.42072968244839,7.99798182544676,5.85515643725501,4.31379421507915
"POOLPIDM_01977",2.60000005656826,0.804368013505669,4.6463397278129,15.9959636508935,10.7344534683009,7.54913987638852
"POOLPIDM_01978",0,0.804368013505669,0.774389954635484,3.1991927301787,0.975859406209169,0
"POOLPIDM_01979",0.866666685522754,0,1.54877990927097,0,0.975859406209169,2.15689710753958
"POOLPIDM_01980",12.1333335973186,10.4567841755737,10.8414593648968,9.59757819053611,10.7344534683009,4.31379421507915
"POOLPIDM_01981",3.46666674209102,0.804368013505669,6.19511963708387,4.79878909526806,0.975859406209169,4.31379421507915
"POOLPIDM_01982",3.46666674209102,5.63057609453968,5.42072968244839,0,5.85515643725501,1.07844855376979
"POOLPIDM_01983",4.33333342761377,9.65241616206802,6.96950959171936,4.79878909526806,2.92757821862751,2.15689710753958
"POOLPIDM_01984",49.400001074797,43.4358727293061,41.0426675956806,25.5935418414296,16.5896099055559,17.2551768603166
"POOLPIDM_01985",52.0000011313653,49.0664488238458,47.2377872327645,23.9939454763403,9.75859406209169,12.9413826452375
"POOLPIDM_01986",97.0666687785485,99.7416336747029,83.6341151006323,51.1870836828593,39.0343762483668,55.0008762422592
"POOLPIDM_01987",218.400004751734,212.353155565496,170.365790019806,148.76246195331,90.7549247774527,99.2172669468205
"POOLPIDM_01988",249.600005430553,218.788099673542,206.762117887674,105.573360095897,74.1653148718968,58.2362219035686
"POOLPIDM_01989",31.2000006788192,40.2184006752834,48.0121771874,11.1971745556255,30.2516415924842,33.4319051668634
"POOLPIDM_01990",89.2666686088437,71.5887532020045,86.7316749191742,57.5854691432167,53.6722673415043,48.5301849196405
"POOLPIDM_01991",58.0666679300246,66.7625451209705,49.560957096671,14.3963672858042,20.4930475303925,23.7258681829354
"POOLPIDM_01992",6.93333348418204,10.4567841755737,10.0670694102613,0,1.95171881241834,3.23534566130937
"POOLPIDM_01993",20.8000004525461,11.2611521890794,17.0365790019806,14.3963672858042,6.83101584346418,7.54913987638852
"POOLPIDM_01994",10.4000002262731,8.04368013505668,3.87194977317742,6.39838546035741,0.975859406209169,4.31379421507915
"POOLPIDM_01995",19.9333337670234,15.2829922566077,21.6829187297936,20.7947527461616,14.6378910931375,15.098279752777
"POOLPIDM_01996",71.0666682128659,61.9363370399365,65.8231461440161,55.9858727781273,41.9619544669943,51.7655305809499
"POOLPIDM_01997",14.7333336538868,14.478624243102,4.6463397278129,7.99798182544676,6.83101584346418,10.7844855376979
"POOLPIDM_01998",25.1333338801599,23.3266723916644,11.6158493195323,12.7967709207148,9.75859406209169,10.7844855376979
"POOLPIDM_01999",11.2666669117958,9.65241616206802,7.74389954635484,3.1991927301787,0.975859406209169,2.15689710753958
"POOLPIDM_02000",2.60000005656826,1.60873602701134,2.32316986390645,1.59959636508935,0,4.31379421507915
"POOLPIDM_02001",3.46666674209102,2.41310404051701,0.774389954635484,11.1971745556255,0,1.07844855376979
"POOLPIDM_02002",4.33333342761377,6.43494410804535,5.42072968244839,9.59757819053611,3.90343762483668,3.23534566130937
"POOLPIDM_02003",28.6000006222509,11.2611521890794,17.0365790019806,6.39838546035741,7.80687524967335,9.7060369839281
"POOLPIDM_02004",30.3333339932964,21.717936364653,26.3292584576065,23.9939454763403,20.4930475303925,21.5689710753958
"POOLPIDM_02005",5.20000011313653,4.82620808103401,6.19511963708387,7.99798182544676,4.87929703104584,15.098279752777
"POOLPIDM_02006",51.1333344458425,60.3276010129251,69.6950959171936,27.193138206519,50.7446891228768,60.3931190111082
"POOLPIDM_02007",56.333334558979,61.1319690264308,60.4024164615677,60.7846618733954,52.6964079352951,38.8241479357124
"POOLPIDM_02008",9.5333335407503,8.04368013505668,16.2621890473452,11.1971745556255,3.90343762483668,3.23534566130937
"POOLPIDM_02009",3.46666674209102,0,1.54877990927097,0,0.975859406209169,0
"POOLPIDM_02010",8.66666685522754,7.23931212155102,7.74389954635484,9.59757819053611,8.78273465588252,10.7844855376979
"POOLPIDM_02011",0,0,1.54877990927097,3.1991927301787,6.83101584346418,12.9413826452375
"POOLPIDM_02012",0.866666685522754,3.21747205402267,3.09755981854194,0,0.975859406209169,0
"POOLPIDM_02013",19.0666670815006,25.7397764321814,22.457308684429,30.3923309366977,26.3482039676476,23.7258681829354
"POOLPIDM_02014",50.2666677603198,48.2620808103401,39.4938876864097,46.3882945875912,37.0826574359484,35.588802274403
"POOLPIDM_02015",0,0.804368013505669,0,0,1.95171881241834,0
"POOLPIDM_02016",25.1333338801599,21.717936364653,27.8780383668774,22.3943491112509,14.6378910931375,18.3336254140864
"POOLPIDM_02017",271.266672568622,316.116629307728,364.737668633313,17.5955600159829,23.4206257490201,24.8043167367051
"POOLPIDM_02018",359.666674491943,372.422390253124,347.701089631332,62.3842582384847,40.0102356545759,34.5103537206332
"POOLPIDM_02019",294.666673077737,250.158452200263,217.603577252571,155.160847413667,113.199691120264,89.5112299628925
"POOLPIDM_02020",219.266671437257,217.983731660036,254.774295075074,75.1810291591996,89.7790653712435,83.0405386402737
"POOLPIDM_02021",113.533335803481,115.828993944816,146.359701426106,502.273258638057,628.453457598705,627.657058294017
"POOLPIDM_02022",51.1333344458425,63.5450730669478,58.0792465976613,14.3963672858042,9.75859406209169,15.098279752777
"POOLPIDM_02023",126.533336086322,152.829922566077,144.0365315622,46.3882945875912,55.6239861539226,65.7853617799571
"POOLPIDM_02024",22.5333338235916,16.0873602701134,22.457308684429,7.99798182544676,9.75859406209169,11.8629340914677
"POOLPIDM_02025",62.4000013576383,70.7843851884988,70.469485871829,20.7947527461616,25.3723445614384,34.5103537206332
"POOLPIDM_02026",60.6666679865928,65.9581771074648,50.3353470513065,41.5895054923232,25.3723445614384,28.0396623980145
"POOLPIDM_02027",3.46666674209102,3.21747205402267,5.42072968244839,3.1991927301787,9.75859406209169,1.07844855376979
"POOLPIDM_02028",5.20000011313653,5.63057609453968,12.3902392741677,3.1991927301787,5.85515643725501,4.31379421507915
"POOLPIDM_02029",6.06666679865928,0.804368013505669,2.32316986390645,7.99798182544676,2.92757821862751,8.62758843015831
"POOLPIDM_02030",0,0,0,0,0,0
"POOLPIDM_02031",94.4666687219802,72.3931212155102,78.9877753728194,68.7826436988422,73.1894554656877,63.6284646724175
"POOLPIDM_02046",13.0000002828413,8.84804814856235,11.6158493195323,4.79878909526806,7.80687524967335,10.7844855376979
"POOLPIDM_02047",0.866666685522754,3.21747205402267,1.54877990927097,33.5915236668764,18.5413287179742,17.2551768603166
"POOLPIDM_02048",4.33333342761377,4.02184006752834,3.09755981854194,35.1911200319658,42.9378138732034,46.3732878121009
"POOLPIDM_02049",18.2000003959778,14.478624243102,19.3597488658871,124.768516476969,132.716879244447,108.923303930749
"POOLPIDM_02050",0,0,0,0,0,0
"POOLPIDM_02051",20.8000004525461,22.5223043781587,26.3292584576065,33.5915236668764,39.0343762483668,49.6086334734103
"POOLPIDM_02052",10.4000002262731,14.478624243102,16.2621890473452,36.7907163970551,23.4206257490201,20.490522521626
"POOLPIDM_02053",3.46666674209102,5.63057609453968,7.74389954635484,4.79878909526806,2.92757821862751,7.54913987638852
"POOLPIDM_02054",29.4666673077737,26.5441444456871,27.1036484122419,7.99798182544676,18.5413287179742,18.3336254140864
"POOLPIDM_02055",25.1333338801599,16.0873602701134,26.3292584576065,6.39838546035741,4.87929703104584,14.0198311990073
"POOLPIDM_02056",37.2666674774784,33.7834565672381,27.1036484122419,28.7927345716083,20.4930475303925,19.4120739678562
"POOLPIDM_02057",29.4666673077737,29.7616164997097,45.6890073234936,14.3963672858042,33.1792198111117,24.8043167367051
"POOLPIDM_02058",40.7333342195695,44.2402407428118,37.1707178225032,51.1870836828593,49.7688297166676,52.8439791347196
"POOLPIDM_02059",18.2000003959778,12.8698882160907,19.3597488658871,28.7927345716083,33.1792198111117,30.1965595055541
"POOLPIDM_02060",38.1333341630012,40.2184006752834,37.9451077771387,44.7886982225019,38.0585168421576,35.588802274403
"POOLPIDM_02061",6.93333348418204,7.23931212155102,4.6463397278129,0,1.95171881241834,4.31379421507915
"POOLPIDM_02062",6.93333348418204,5.63057609453968,12.3902392741677,3.1991927301787,3.90343762483668,5.39224276884894
"POOLPIDM_02063",17.3333337104551,14.478624243102,24.0060885937,23.9939454763403,37.0826574359484,37.7456993819426
"POOLPIDM_02064",22.5333338235916,19.304832324136,28.6524283215129,51.1870836828593,40.0102356545759,37.7456993819426
"POOLPIDM_02065",3.46666674209102,2.41310404051701,6.19511963708387,11.1971745556255,3.90343762483668,5.39224276884894
"POOLPIDM_02066",11.2666669117958,10.4567841755737,13.9390191834387,9.59757819053611,14.6378910931375,11.8629340914677
"POOLPIDM_02067",4.33333342761377,2.41310404051701,2.32316986390645,4.79878909526806,3.90343762483668,9.7060369839281
"POOLPIDM_02068",22.5333338235916,12.8698882160907,13.1646292288032,17.5955600159829,20.4930475303925,8.62758843015831
"POOLPIDM_02069",7.80000016970479,4.82620808103401,7.74389954635484,11.1971745556255,6.83101584346418,5.39224276884894
"POOLPIDM_02070",13.0000002828413,13.6742562295964,9.29267945562581,22.3943491112509,18.5413287179742,24.8043167367051
"POOLPIDM_02071",93.6000020364575,78.8280653235555,64.2743662347452,140.764480127863,115.151409932682,135.884517774993
"POOLPIDM_02072",16.4666670249323,16.0873602701134,25.554868502971,79.9798182544676,55.6239861539226,40.981045043252
"POOLPIDM_02073",275.600005996236,289.572484862041,247.804785483355,177.555196524918,121.982425776146,138.041414882533
"POOLPIDM_02074",0,0,0,0,0,0
"POOLPIDM_02075",0,0,0,0,0,0
"POOLPIDM_02076",45.0666676471832,39.4140326617778,41.8170575503161,62.3842582384847,67.3342990284327,65.7853617799571
"POOLPIDM_02077",9.5333335407503,4.02184006752834,10.8414593648968,33.5915236668764,35.1309386235301,28.0396623980145
"POOLPIDM_02078",11.2666669117958,3.21747205402267,7.74389954635484,28.7927345716083,39.0343762483668,47.4517363658707
"POOLPIDM_02079",10.4000002262731,5.63057609453968,9.29267945562581,47.9878909526806,46.8412514980401,63.6284646724175
"POOLPIDM_02080",3.46666674209102,5.63057609453968,9.29267945562581,33.5915236668764,37.0826574359484,39.9025964894822
"POOLPIDM_02081",12.1333335973186,4.82620808103401,4.6463397278129,30.3923309366977,39.0343762483668,39.9025964894822
"POOLPIDM_02082",1.73333337104551,2.41310404051701,6.19511963708387,14.3963672858042,16.5896099055559,17.2551768603166
"POOLPIDM_02083",32.9333340498647,29.7616164997097,27.1036484122419,60.7846618733954,87.8273465588252,81.9620900865039
"POOLPIDM_02084",4.33333342761377,4.82620808103401,3.87194977317742,41.5895054923232,29.2757821862751,31.2750080593239
"POOLPIDM_02085",8.66666685522754,17.6960962971247,7.74389954635484,145.563269223131,116.127269338891,113.237098145828
"POOLPIDM_02086",53.7333345024108,57.9144969724081,61.1768064162032,31.991927301787,47.8171109042493,47.4517363658707
"POOLPIDM_02087",89.2666686088437,111.002785863782,96.7987443294355,39.9899091272338,29.2757821862751,38.8241479357124
"POOLPIDM_02088",138.666669683641,193.852691254866,199.018218341319,60.7846618733954,70.2618772470602,67.9422588874967
"POOLPIDM_02089",15.6000003394096,20.1092003376417,21.6829187297936,14.3963672858042,25.3723445614384,29.1181109517843
"POOLPIDM_02090",5.20000011313653,9.65241616206802,3.09755981854194,15.9959636508935,30.2516415924842,28.0396623980145
"POOLPIDM_02091",0.866666685522754,2.41310404051701,3.09755981854194,19.1951563810722,21.4689069366017,34.5103537206332
"POOLPIDM_02092",14.7333336538868,7.23931212155102,2.32316986390645,30.3923309366977,27.3240633738567,32.3534566130937
"POOLPIDM_02093",52.866667816888,49.0664488238458,47.2377872327645,36.7907163970551,46.8412514980401,52.8439791347196
"POOLPIDM_02094",26.8666672512054,28.1528804726984,20.1341388205226,31.991927301787,36.1067980297392,28.0396623980145
"POOLPIDM_02095",44.2000009616605,59.5232329994195,43.3658374595871,4.79878909526806,8.78273465588252,12.9413826452375
"POOLPIDM_02096",2.60000005656826,1.60873602701134,4.6463397278129,1.59959636508935,1.95171881241834,0
"POOLPIDM_02097",78.8666683825707,61.1319690264308,65.8231461440161,75.1810291591996,54.6481267477135,69.0207074412665
"POOLPIDM_02098",12.1333335973186,11.2611521890794,9.29267945562581,7.99798182544676,12.6861722807192,6.47069132261873
"POOLPIDM_02099",47.6666677037515,48.2620808103401,39.4938876864097,14.3963672858042,18.5413287179742,16.1767283065468
"POOLPIDM_02100",20.8000004525461,26.5441444456871,30.9755981854194,4.79878909526806,9.75859406209169,7.54913987638852
"POOLPIDM_02101",4.33333342761377,8.04368013505668,6.19511963708387,1.59959636508935,0.975859406209169,4.31379421507915
"POOLPIDM_02102",10.4000002262731,6.43494410804535,9.29267945562581,4.79878909526806,10.7344534683009,14.0198311990073
"POOLPIDM_02103",65.8666680997293,46.6533447833288,62.7255863254742,12.7967709207148,14.6378910931375,9.7060369839281
"POOLPIDM_02104",19.9333337670234,27.3485124591927,30.9755981854194,9.59757819053611,12.6861722807192,12.9413826452375
"POOLPIDM_02105",2.60000005656826,0,3.09755981854194,6.39838546035741,1.95171881241834,4.31379421507915
"POOLPIDM_02106",4.33333342761377,4.02184006752834,6.96950959171936,0,3.90343762483668,0
"POOLPIDM_02107",19.0666670815006,24.1310404051701,14.7134091380742,9.59757819053611,11.71031287451,9.7060369839281
"POOLPIDM_02108",14.7333336538868,19.304832324136,10.8414593648968,22.3943491112509,23.4206257490201,31.2750080593239
"POOLPIDM_02109",0.866666685522754,0,0.774389954635484,3.1991927301787,3.90343762483668,2.15689710753958
"POOLPIDM_02110",5.20000011313653,0,1.54877990927097,3.1991927301787,4.87929703104584,6.47069132261873
"POOLPIDM_02111",99.6666688351168,90.8935855261405,107.640203694332,150.362058318399,224.447663428109,249.121615920821
"POOLPIDM_02112",21.6666671380689,24.1310404051701,16.2621890473452,11.1971745556255,15.6137504993467,7.54913987638852
"POOLPIDM_02113",58.9333346155473,41.8271367022948,47.2377872327645,9.59757819053611,17.565469311765,21.5689710753958
"POOLPIDM_02114",25.1333338801599,15.2829922566077,20.9085287751581,3.1991927301787,1.95171881241834,4.31379421507915
"POOLPIDM_02115",24.2666671946371,28.9572484862041,27.1036484122419,0,0.975859406209169,3.23534566130937
"POOLPIDM_02116",1.73333337104551,5.63057609453968,6.19511963708387,11.1971745556255,10.7344534683009,3.23534566130937
"POOLPIDM_02117",7.80000016970479,7.23931212155102,10.0670694102613,3.1991927301787,6.83101584346418,3.23534566130937
"POOLPIDM_02118",18.2000003959778,16.0873602701134,22.457308684429,12.7967709207148,13.6620316869284,12.9413826452375
"POOLPIDM_02119",6.93333348418204,8.84804814856235,8.51828950099032,3.1991927301787,0.975859406209169,4.31379421507915
"POOLPIDM_02120",0,0.804368013505669,3.87194977317742,1.59959636508935,3.90343762483668,3.23534566130937
"POOLPIDM_02121",24.2666671946371,18.5004643106304,14.7134091380742,4.79878909526806,2.92757821862751,4.31379421507915
"POOLPIDM_02122",4.33333342761377,6.43494410804535,3.09755981854194,0,1.95171881241834,1.07844855376979
"POOLPIDM_02123",21.6666671380689,20.1092003376417,23.2316986390645,22.3943491112509,40.0102356545759,21.5689710753958
"POOLPIDM_02124",3.46666674209102,5.63057609453968,4.6463397278129,4.79878909526806,6.83101584346418,7.54913987638852
"POOLPIDM_02125",38.1333341630012,56.3057609453968,52.6585169152129,41.5895054923232,42.9378138732034,35.588802274403
"POOLPIDM_02126",12.1333335973186,16.891728283619,10.8414593648968,27.193138206519,9.75859406209169,16.1767283065468
"POOLPIDM_02127",149.933336595437,158.460498660617,139.390191834387,211.146720191794,121.006566369937,134.806069221224
"POOLPIDM_02128",110.933335746913,108.589681823265,99.121914193342,171.156811064561,99.5376594333352,102.45261260813
"POOLPIDM_02129",54.6000011879335,57.9144969724081,46.463397278129,38.3903127621445,42.9378138732034,42.0594935970218
"POOLPIDM_02130",3.46666674209102,1.60873602701134,2.32316986390645,0,0,1.07844855376979
"POOLPIDM_02131",9.5333335407503,20.1092003376417,21.6829187297936,0,1.95171881241834,2.15689710753958
"POOLPIDM_02132",19.9333337670234,30.5659845132154,34.0731580039613,12.7967709207148,12.6861722807192,9.7060369839281
"POOLPIDM_02133",15.6000003394096,8.84804814856235,15.4877990927097,7.99798182544676,3.90343762483668,6.47069132261873
"POOLPIDM_02134",7.80000016970479,8.04368013505668,13.9390191834387,9.59757819053611,7.80687524967335,11.8629340914677
"POOLPIDM_02135",1.73333337104551,4.02184006752834,2.32316986390645,1.59959636508935,0.975859406209169,0
"POOLPIDM_02136",0,0.804368013505669,2.32316986390645,1.59959636508935,0.975859406209169,0
"POOLPIDM_02137",2.60000005656826,7.23931212155102,3.87194977317742,3.1991927301787,2.92757821862751,5.39224276884894
"POOLPIDM_02138",3.46666674209102,4.02184006752834,0.774389954635484,17.5955600159829,8.78273465588252,11.8629340914677
"POOLPIDM_02139",25.1333338801599,23.3266723916644,30.2012082307839,38.3903127621445,40.9860950607851,39.9025964894822
"POOLPIDM_02140",19.9333337670234,14.478624243102,12.3902392741677,15.9959636508935,6.83101584346418,15.098279752777
"POOLPIDM_02141",13.8666669683641,13.6742562295964,14.7134091380742,17.5955600159829,8.78273465588252,17.2551768603166
"POOLPIDM_02142",115.266669174526,101.350369701714,93.7011845108936,148.76246195331,127.837582213401,117.550892360907
"POOLPIDM_02143",36.4000007919557,38.6096646482721,27.1036484122419,36.7907163970551,14.6378910931375,24.8043167367051
"POOLPIDM_02144",143.000003111254,154.438658593088,115.384103240687,231.941472937956,156.137504993467,148.825900420231
"POOLPIDM_02145",58.0666679300246,70.7843851884988,72.0182657811,78.3802218893783,58.5515643725501,64.7069132261873
"POOLPIDM_02146",6.06666679865928,5.63057609453968,6.19511963708387,1.59959636508935,2.92757821862751,2.15689710753958
"POOLPIDM_02147",13.0000002828413,16.891728283619,13.1646292288032,9.59757819053611,4.87929703104584,7.54913987638852
"POOLPIDM_02148",33.8000007353874,33.7834565672381,39.4938876864097,6.39838546035741,4.87929703104584,7.54913987638852
"POOLPIDM_02149",42.466667590615,35.3921925942494,33.2987680493258,1.59959636508935,2.92757821862751,2.15689710753958
"POOLPIDM_02150",57.2000012445018,71.5887532020045,65.8231461440161,25.5935418414296,31.2275009986934,37.7456993819426
"POOLPIDM_02151",35.5333341064329,31.3703525267211,30.2012082307839,6.39838546035741,19.5171881241834,14.0198311990073
"POOLPIDM_02152",4.33333342761377,4.82620808103401,2.32316986390645,4.79878909526806,3.90343762483668,1.07844855376979
"POOLPIDM_02153",0.866666685522754,3.21747205402267,3.87194977317742,4.79878909526806,1.95171881241834,8.62758843015831
"POOLPIDM_02154",10.4000002262731,6.43494410804535,6.96950959171936,7.99798182544676,5.85515643725501,5.39224276884894
"POOLPIDM_02155",26.8666672512054,21.717936364653,15.4877990927097,19.1951563810722,24.3964851552292,17.2551768603166
"POOLPIDM_02156",305.933339989532,308.072949172671,248.57917543799,1020.54248092701,678.222287315372,684.814831643816
"POOLPIDM_02157",3.46666674209102,1.60873602701134,1.54877990927097,3.1991927301787,6.83101584346418,5.39224276884894
"POOLPIDM_02158",6.06666679865928,4.02184006752834,3.09755981854194,0,0,1.07844855376979
"POOLPIDM_02159",0.866666685522754,2.41310404051701,0.774389954635484,9.59757819053611,6.83101584346418,7.54913987638852
"POOLPIDM_02160",9.5333335407503,6.43494410804535,10.0670694102613,22.3943491112509,16.5896099055559,25.8827652904749
"POOLPIDM_02161",6.06666679865928,3.21747205402267,1.54877990927097,4.79878909526806,4.87929703104584,3.23534566130937
"POOLPIDM_02162",17.3333337104551,28.9572484862041,19.3597488658871,33.5915236668764,28.2999227800659,32.3534566130937
"POOLPIDM_02163",21.6666671380689,30.5659845132154,26.3292584576065,47.9878909526806,57.575704966341,61.471567564878
"POOLPIDM_02164",15.6000003394096,9.65241616206802,12.3902392741677,25.5935418414296,23.4206257490201,32.3534566130937
"POOLPIDM_02165",0,0,0.774389954635484,0,0.975859406209169,5.39224276884894
"POOLPIDM_02166",0.866666685522754,0,0,0,1.95171881241834,2.15689710753958
"POOLPIDM_02167",7.80000016970479,16.891728283619,24.0060885937,19.1951563810722,20.4930475303925,11.8629340914677
"POOLPIDM_02168",11.2666669117958,9.65241616206802,6.19511963708387,4.79878909526806,4.87929703104584,6.47069132261873
"POOLPIDM_02169",1.73333337104551,0.804368013505669,1.54877990927097,1.59959636508935,0,1.07844855376979
"POOLPIDM_02170",4.33333342761377,4.82620808103401,4.6463397278129,1.59959636508935,1.95171881241834,2.15689710753958
"POOLPIDM_02171",2.60000005656826,4.02184006752834,5.42072968244839,9.59757819053611,4.87929703104584,4.31379421507915
"POOLPIDM_02172",69.3333348418204,76.4149612830385,68.1463160079226,217.545105652152,156.137504993467,158.531937404159
"POOLPIDM_02173",14.7333336538868,23.3266723916644,17.8109689566161,23.9939454763403,19.5171881241834,19.4120739678562
"POOLPIDM_02174",0.866666685522754,1.60873602701134,3.09755981854194,3.1991927301787,1.95171881241834,2.15689710753958
"POOLPIDM_02175",0,1.60873602701134,1.54877990927097,1.59959636508935,0.975859406209169,1.07844855376979
"POOLPIDM_02176",2.60000005656826,4.82620808103401,3.09755981854194,7.99798182544676,7.80687524967335,2.15689710753958
"POOLPIDM_02177",4.33333342761377,7.23931212155102,7.74389954635484,7.99798182544676,9.75859406209169,9.7060369839281
"POOLPIDM_02178",7.80000016970479,5.63057609453968,4.6463397278129,14.3963672858042,15.6137504993467,17.2551768603166
"POOLPIDM_02179",4.33333342761377,4.02184006752834,6.19511963708387,11.1971745556255,14.6378910931375,15.098279752777
"POOLPIDM_02180",2.60000005656826,3.21747205402267,2.32316986390645,9.59757819053611,18.5413287179742,14.0198311990073
"POOLPIDM_02181",1.73333337104551,1.60873602701134,4.6463397278129,0,1.95171881241834,1.07844855376979
"POOLPIDM_02182",3.46666674209102,2.41310404051701,3.87194977317742,1.59959636508935,0.975859406209169,3.23534566130937
"POOLPIDM_02183",33.8000007353874,22.5223043781587,46.463397278129,7.99798182544676,5.85515643725501,12.9413826452375
"POOLPIDM_02184",34.6666674209102,34.5878245807437,39.4938876864097,12.7967709207148,20.4930475303925,21.5689710753958
"POOLPIDM_02185",0.866666685522754,0,2.32316986390645,1.59959636508935,0.975859406209169,2.15689710753958
"POOLPIDM_02186",0,0.804368013505669,0,0,0.975859406209169,1.07844855376979
"POOLPIDM_02187",6.06666679865928,9.65241616206802,7.74389954635484,1.59959636508935,3.90343762483668,4.31379421507915
"POOLPIDM_02188",6.93333348418204,5.63057609453968,2.32316986390645,1.59959636508935,0,1.07844855376979
"POOLPIDM_02189",6.06666679865928,7.23931212155102,6.19511963708387,0,0,3.23534566130937
"POOLPIDM_02190",5.20000011313653,4.82620808103401,1.54877990927097,0,0,0
"POOLPIDM_02191",4.33333342761377,1.60873602701134,2.32316986390645,6.39838546035741,7.80687524967335,3.23534566130937
"POOLPIDM_02192",0,0,0.774389954635484,0,0.975859406209169,1.07844855376979
"POOLPIDM_02193",26.0000005656826,20.1092003376417,20.1341388205226,7.99798182544676,14.6378910931375,8.62758843015831
"POOLPIDM_02194",7.80000016970479,3.21747205402267,4.6463397278129,6.39838546035741,2.92757821862751,7.54913987638852
"POOLPIDM_02195",8.66666685522754,4.82620808103401,8.51828950099032,11.1971745556255,10.7344534683009,10.7844855376979
"POOLPIDM_02196",76.2666683260024,69.9800171749932,60.4024164615677,366.307567605462,288.854384237914,303.044043609311
"POOLPIDM_02197",83.2000018101844,65.9581771074648,58.0792465976613,43.1891018574125,42.9378138732034,39.9025964894822
"POOLPIDM_02198",101.400002206162,72.3931212155102,60.4024164615677,49.5874873177699,42.9378138732034,25.8827652904749
"POOLPIDM_02199",17.3333337104551,8.04368013505668,7.74389954635484,4.79878909526806,2.92757821862751,5.39224276884894
"POOLPIDM_02200",3.46666674209102,2.41310404051701,1.54877990927097,0,0.975859406209169,0
"POOLPIDM_02201",26.8666672512054,26.5441444456871,20.1341388205226,20.7947527461616,14.6378910931375,16.1767283065468
"POOLPIDM_02202",13.8666669683641,8.84804814856235,7.74389954635484,9.59757819053611,2.92757821862751,5.39224276884894
"POOLPIDM_02203",0,0,0,1.59959636508935,0,0
"POOLPIDM_02204",0,0,0.774389954635484,0,0,1.07844855376979
"POOLPIDM_02205",1.73333337104551,3.21747205402267,0.774389954635484,1.59959636508935,0.975859406209169,1.07844855376979
"POOLPIDM_02206",1.73333337104551,1.60873602701134,0.774389954635484,0,3.90343762483668,2.15689710753958
"POOLPIDM_02207",25.1333338801599,20.1092003376417,26.3292584576065,28.7927345716083,30.2516415924842,29.1181109517843
"POOLPIDM_02208",2.60000005656826,0,3.87194977317742,3.1991927301787,0,1.07844855376979
"POOLPIDM_02209",1.73333337104551,0,2.32316986390645,0,0.975859406209169,0
"POOLPIDM_02210",0,0,0.774389954635484,1.59959636508935,0.975859406209169,2.15689710753958
"POOLPIDM_02211",40.7333342195695,49.0664488238458,33.2987680493258,49.5874873177699,40.9860950607851,25.8827652904749
"POOLPIDM_02212",7.80000016970479,11.2611521890794,13.9390191834387,4.79878909526806,2.92757821862751,4.31379421507915
"POOLPIDM_02213",4.33333342761377,8.04368013505668,3.87194977317742,0,4.87929703104584,0
"POOLPIDM_02214",0.866666685522754,0.804368013505669,0.774389954635484,1.59959636508935,0,0
"POOLPIDM_02215",29.4666673077737,37.8052966347664,34.8475479585968,11.1971745556255,11.71031287451,11.8629340914677
"POOLPIDM_02216",10.4000002262731,8.04368013505668,9.29267945562581,11.1971745556255,7.80687524967335,11.8629340914677
"POOLPIDM_02217",4.33333342761377,8.84804814856235,6.19511963708387,9.59757819053611,5.85515643725501,10.7844855376979
"POOLPIDM_02218",0,0,1.54877990927097,0,0,0
"POOLPIDM_02219",0.866666685522754,0,0,1.59959636508935,0,0
"POOLPIDM_02220",0,0,0,0,0,0
"POOLPIDM_02221",2.60000005656826,2.41310404051701,1.54877990927097,9.59757819053611,7.80687524967335,8.62758843015831
"POOLPIDM_02222",0.866666685522754,0.804368013505669,0.774389954635484,0,0.975859406209169,2.15689710753958
"POOLPIDM_02223",0,0,0,0,0,0
"POOLPIDM_02224",10.4000002262731,10.4567841755737,10.0670694102613,12.7967709207148,14.6378910931375,14.0198311990073
"POOLPIDM_02225",0,1.60873602701134,0.774389954635484,0,0,0
"POOLPIDM_02226",110.06666906139,120.65520202585,102.219474011884,159.959636508935,134.668598056865,102.45261260813
"POOLPIDM_02227",54.6000011879335,49.8708168373514,45.6890073234936,87.9778000799144,44.8895326856218,73.3345016563456
"POOLPIDM_02228",4.33333342761377,5.63057609453968,7.74389954635484,27.193138206519,34.1550792173209,25.8827652904749
"POOLPIDM_02229",0,0,0,0,0,0
"POOLPIDM_02230",23.4000005091144,23.3266723916644,20.1341388205226,14.3963672858042,13.6620316869284,12.9413826452375
"POOLPIDM_02231",3.46666674209102,8.84804814856235,6.19511963708387,0,1.95171881241834,1.07844855376979
"POOLPIDM_02232",2.60000005656826,0.804368013505669,0.774389954635484,0,0,0
"POOLPIDM_02233",52.866667816888,34.5878245807437,38.7194977317742,89.5773964450037,76.1170336843152,56.079324796029
"POOLPIDM_02234",54.6000011879335,75.6105932695328,77.4389954635484,75.1810291591996,74.1653148718968,64.7069132261873
"POOLPIDM_02235",71.0666682128659,104.567841755737,96.7987443294355,27.193138206519,32.2033604049026,40.981045043252
"POOLPIDM_02236",20.8000004525461,28.9572484862041,28.6524283215129,73.5814327941102,73.1894554656877,90.5896785166622
"POOLPIDM_02237",11.2666669117958,10.4567841755737,11.6158493195323,20.7947527461616,22.4447663428109,29.1181109517843
"POOLPIDM_02238",14.7333336538868,20.9135683511474,15.4877990927097,36.7907163970551,53.6722673415043,45.2948392583311
"POOLPIDM_02239",4.33333342761377,3.21747205402267,3.09755981854194,4.79878909526806,6.83101584346418,11.8629340914677
"POOLPIDM_02240",40.7333342195695,27.3485124591927,32.5243780946903,15.9959636508935,29.2757821862751,29.1181109517843
"POOLPIDM_02241",12.1333335973186,8.04368013505668,9.29267945562581,1.59959636508935,2.92757821862751,1.07844855376979
"POOLPIDM_02242",5.20000011313653,10.4567841755737,12.3902392741677,46.3882945875912,35.1309386235301,20.490522521626
"POOLPIDM_02243",121.333335973186,106.176577782748,107.640203694332,159.959636508935,177.606411930069,197.356085339871
"POOLPIDM_02244",32.9333340498647,28.1528804726984,34.8475479585968,27.193138206519,18.5413287179742,22.6474196291656
"POOLPIDM_02245",5.20000011313653,4.82620808103401,6.19511963708387,4.79878909526806,11.71031287451,8.62758843015831
"POOLPIDM_02246",1.73333337104551,0,0.774389954635484,12.7967709207148,17.565469311765,19.4120739678562
"POOLPIDM_02247",13.8666669683641,8.04368013505668,11.6158493195323,6.39838546035741,6.83101584346418,8.62758843015831
"POOLPIDM_02248",5.20000011313653,4.02184006752834,4.6463397278129,6.39838546035741,2.92757821862751,5.39224276884894
"POOLPIDM_02249",57.2000012445018,50.6751848508571,49.560957096671,41.5895054923232,22.4447663428109,30.1965595055541
"POOLPIDM_02250",45.933334332706,39.4140326617778,44.1402274142226,54.386276413038,38.0585168421576,45.2948392583311
"POOLPIDM_02251",37.2666674774784,37.8052966347664,35.6219379132323,9.59757819053611,14.6378910931375,19.4120739678562
"POOLPIDM_02252",28.6000006222509,33.7834565672381,37.1707178225032,7.99798182544676,8.78273465588252,11.8629340914677
"POOLPIDM_02253",145.600003167823,166.504178795673,153.329211017826,44.7886982225019,74.1653148718968,76.569847317655
"POOLPIDM_02254",490.533344005879,499.51253638702,392.61570700019,327.917254843317,259.578602051639,254.51385868967
"POOLPIDM_02255",114.400002489004,119.046465998839,107.640203694332,531.065993209665,366.923136734647,431.379421507915
"POOLPIDM_02256",50.2666677603198,47.4577127968344,37.9451077771387,67.1830473337528,52.6964079352951,49.6086334734103
"POOLPIDM_02257",29.4666673077737,25.7397764321814,33.2987680493258,15.9959636508935,10.7344534683009,16.1767283065468
"POOLPIDM_02258",39.8666675340467,44.2402407428118,48.0121771874,28.7927345716083,15.6137504993467,19.4120739678562
"POOLPIDM_02259",26.8666672512054,26.5441444456871,27.8780383668774,9.59757819053611,13.6620316869284,5.39224276884894
"POOLPIDM_02260",43.3333342761377,45.0446087563174,44.9146173688581,15.9959636508935,17.565469311765,22.6474196291656
"POOLPIDM_02261",375.266674831353,386.901014496227,361.640108814771,214.345912921973,169.799536680395,127.256929344835
"POOLPIDM_02262",1.73333337104551,0.804368013505669,1.54877990927097,0,0,0
"POOLPIDM_02263",47.6666677037515,57.1101289589025,53.4329068698484,23.9939454763403,22.4447663428109,21.5689710753958
"POOLPIDM_02264",71.0666682128659,58.7188649859138,59.6280265069323,35.1911200319658,14.6378910931375,19.4120739678562
"POOLPIDM_02265",54.6000011879335,41.0227686887891,32.5243780946903,41.5895054923232,33.1792198111117,36.6672508281728
"POOLPIDM_02266",9.5333335407503,7.23931212155102,6.19511963708387,4.79878909526806,9.75859406209169,6.47069132261873
"POOLPIDM_02267",7.80000016970479,8.84804814856235,6.96950959171936,7.99798182544676,6.83101584346418,3.23534566130937
"POOLPIDM_02268",0.866666685522754,0,0,0,0.975859406209169,2.15689710753958
"POOLPIDM_02269",1.73333337104551,0.804368013505669,0,0,0.975859406209169,2.15689710753958
"POOLPIDM_02270",0,0,0,0,0,1.07844855376979
"POOLPIDM_02271",3.46666674209102,2.41310404051701,2.32316986390645,0,1.95171881241834,2.15689710753958
"POOLPIDM_02272",13.0000002828413,8.04368013505668,8.51828950099032,30.3923309366977,13.6620316869284,16.1767283065468
"POOLPIDM_02273",390.00000848524,644.29877881804,384.0974174992,617.44419692449,624.550019973868,634.127749616636
"POOLPIDM_02274",28.6000006222509,28.1528804726984,28.6524283215129,609.446215099043,798.2529942791,954.426970086263
"POOLPIDM_02275",0,0,0,0,0.975859406209169,1.07844855376979
"POOLPIDM_02276",66.7333347852521,62.7407050534421,61.9511963708387,51.1870836828593,73.1894554656877,70.0991559950363
"POOLPIDM_02277",25.1333338801599,25.7397764321814,43.3658374595871,60.7846618733954,38.0585168421576,45.2948392583311
"POOLPIDM_02278",78.0000016970479,82.0455373775782,109.188983603603,158.360040143846,194.196021835625,208.140570877569
"POOLPIDM_02279",110.933335746913,121.459570039356,104.54264387579,118.370131016612,97.5859406209169,126.178480791065
"POOLPIDM_02280",1.73333337104551,0.804368013505669,1.54877990927097,1.59959636508935,0.975859406209169,4.31379421507915
"POOLPIDM_02281",49.400001074797,52.2839208778685,53.4329068698484,43.1891018574125,44.8895326856218,50.6870820271801
"POOLPIDM_02282",7.80000016970479,16.891728283619,13.9390191834387,22.3943491112509,16.5896099055559,38.8241479357124
"POOLPIDM_02283",17.3333337104551,24.9354084186757,27.8780383668774,22.3943491112509,14.6378910931375,22.6474196291656
"POOLPIDM_02284",24.2666671946371,20.9135683511474,27.8780383668774,31.991927301787,34.1550792173209,21.5689710753958
"POOLPIDM_02285",32.0666673643419,28.9572484862041,18.5853589112516,20.7947527461616,13.6620316869284,12.9413826452375
"POOLPIDM_02286",0.866666685522754,0.804368013505669,3.87194977317742,0,1.95171881241834,0
"POOLPIDM_02287",0.866666685522754,0.804368013505669,0.774389954635484,1.59959636508935,0,2.15689710753958
"POOLPIDM_02288",0.866666685522754,2.41310404051701,1.54877990927097,7.99798182544676,2.92757821862751,1.07844855376979
"POOLPIDM_02289",0.866666685522754,2.41310404051701,1.54877990927097,1.59959636508935,1.95171881241834,2.15689710753958
"POOLPIDM_02290",39.000000848524,28.9572484862041,41.0426675956806,17.5955600159829,10.7344534683009,23.7258681829354
"POOLPIDM_02291",130.866669513936,115.024625931311,128.54873246949,92.7765891751824,84.8997683401977,106.766406823209
"POOLPIDM_02292",10.4000002262731,5.63057609453968,7.74389954635484,27.193138206519,32.2033604049026,32.3534566130937
"POOLPIDM_02293",9.5333335407503,11.2611521890794,8.51828950099032,11.1971745556255,10.7344534683009,8.62758843015831
"POOLPIDM_02294",13.8666669683641,6.43494410804535,10.8414593648968,17.5955600159829,9.75859406209169,8.62758843015831
"POOLPIDM_02295",22.5333338235916,37.0009286212607,44.9146173688581,51.1870836828593,59.5274237787593,75.4913987638852
"POOLPIDM_02296",6.93333348418204,1.60873602701134,0.774389954635484,1.59959636508935,5.85515643725501,1.07844855376979
"POOLPIDM_02297",115.266669174526,143.981874417515,166.493840246629,49.5874873177699,48.7929703104584,49.6086334734103
"POOLPIDM_02298",37.2666674774784,38.6096646482721,46.463397278129,22.3943491112509,27.3240633738567,22.6474196291656
"POOLPIDM_02299",54.6000011879335,33.7834565672381,41.8170575503161,11.1971745556255,24.3964851552292,21.5689710753958
"POOLPIDM_02300",207.133337839938,189.026483173832,157.975550745639,81.579414619557,66.3584396222235,63.6284646724175
"POOLPIDM_02301",10.4000002262731,12.065520202585,15.4877990927097,4.79878909526806,11.71031287451,4.31379421507915
"POOLPIDM_02302",27.7333339367281,28.1528804726984,20.1341388205226,28.7927345716083,29.2757821862751,32.3534566130937
"POOLPIDM_02303",18.2000003959778,12.8698882160907,14.7134091380742,9.59757819053611,12.6861722807192,10.7844855376979
"POOLPIDM_02304",13.8666669683641,12.8698882160907,10.0670694102613,11.1971745556255,7.80687524967335,7.54913987638852
"POOLPIDM_02305",4.33333342761377,4.02184006752834,2.32316986390645,0,0,1.07844855376979
"POOLPIDM_02306",0,0.804368013505669,1.54877990927097,1.59959636508935,2.92757821862751,2.15689710753958
"POOLPIDM_02307",37.2666674774784,25.7397764321814,37.9451077771387,15.9959636508935,15.6137504993467,24.8043167367051
"POOLPIDM_02308",1.73333337104551,4.82620808103401,1.54877990927097,3.1991927301787,7.80687524967335,3.23534566130937
"POOLPIDM_02309",18.2000003959778,12.8698882160907,15.4877990927097,9.59757819053611,12.6861722807192,19.4120739678562
"POOLPIDM_02310",26.8666672512054,32.9790885537324,34.0731580039613,115.170938286433,112.223831714054,107.844855376979
"POOLPIDM_02311",6.06666679865928,10.4567841755737,11.6158493195323,25.5935418414296,24.3964851552292,15.098279752777
"POOLPIDM_02312",19.0666670815006,18.5004643106304,28.6524283215129,39.9899091272338,45.8653920918309,55.0008762422592
"POOLPIDM_02313",34.6666674209102,44.2402407428118,45.6890073234936,36.7907163970551,25.3723445614384,25.8827652904749
"POOLPIDM_02314",138.666669683641,128.698882160907,130.871902333397,134.366094667506,127.837582213401,136.962966328763
"POOLPIDM_02315",5.20000011313653,8.84804814856235,1.54877990927097,1.59959636508935,3.90343762483668,4.31379421507915
"POOLPIDM_02316",160.33333682171,188.222115160326,253.999905120439,177.555196524918,241.037273333665,243.729373151972
"POOLPIDM_02317",72.8000015839114,41.8271367022948,49.560957096671,23.9939454763403,39.0343762483668,25.8827652904749
"POOLPIDM_02318",54.6000011879335,59.5232329994195,53.4329068698484,35.1911200319658,27.3240633738567,32.3534566130937
"POOLPIDM_02319",66.7333347852521,61.1319690264308,70.469485871829,39.9899091272338,38.0585168421576,39.9025964894822
"POOLPIDM_02320",17.3333337104551,23.3266723916644,23.2316986390645,22.3943491112509,19.5171881241834,14.0198311990073
"POOLPIDM_02321",13.0000002828413,18.5004643106304,18.5853589112516,12.7967709207148,22.4447663428109,16.1767283065468
"POOLPIDM_02322",13.8666669683641,24.1310404051701,24.7804785483355,19.1951563810722,27.3240633738567,18.3336254140864
"POOLPIDM_02323",9.5333335407503,8.84804814856235,10.8414593648968,14.3963672858042,18.5413287179742,17.2551768603166
"POOLPIDM_02324",173.333337104551,201.896371389923,195.920658522777,249.537032953939,239.085554521246,216.768159307728
"POOLPIDM_02325",125.666669400799,135.938194282458,120.0304429685,185.553178350365,152.23406736863,166.081077280547
"POOLPIDM_02326",69.3333348418204,74.0018572425215,64.2743662347452,113.571341921344,111.247972307845,93.8250241779716
"POOLPIDM_02327",688.133348305067,749.670988587283,660.554631304068,2573.75055142877,1975.13943816736,1774.0478709513
"POOLPIDM_02328",52.0000011313653,61.9363370399365,52.6585169152129,131.166901937327,117.1031287451,115.393995253367
"POOLPIDM_02329",13.0000002828413,20.1092003376417,21.6829187297936,20.7947527461616,13.6620316869284,11.8629340914677
"POOLPIDM_02330",10.4000002262731,8.84804814856235,16.2621890473452,46.3882945875912,30.2516415924842,46.3732878121009
"POOLPIDM_02331",27.7333339367281,35.3921925942494,34.0731580039613,31.991927301787,22.4447663428109,16.1767283065468
"POOLPIDM_02332",26.8666672512054,28.1528804726984,41.0426675956806,27.193138206519,26.3482039676476,21.5689710753958
"POOLPIDM_02333",117.866669231095,139.960034349986,124.676782696313,92.7765891751824,90.7549247774527,81.9620900865039
"POOLPIDM_02334",33.8000007353874,28.1528804726984,27.1036484122419,28.7927345716083,23.4206257490201,21.5689710753958
"POOLPIDM_02335",4.33333342761377,9.65241616206802,9.29267945562581,14.3963672858042,16.5896099055559,10.7844855376979
"POOLPIDM_02336",3.46666674209102,8.84804814856235,10.0670694102613,6.39838546035741,6.83101584346418,2.15689710753958
"POOLPIDM_02337",57.2000012445018,45.0446087563174,37.1707178225032,6.39838546035741,9.75859406209169,14.0198311990073
"POOLPIDM_02338",36.4000007919557,35.3921925942494,38.7194977317742,12.7967709207148,25.3723445614384,21.5689710753958
"POOLPIDM_02339",58.9333346155473,46.6533447833288,61.1768064162032,25.5935418414296,39.0343762483668,40.981045043252
"POOLPIDM_02340",88.400001923321,117.437729971828,92.9267945562581,52.7866800479486,62.4550019973868,64.7069132261873
"POOLPIDM_02341",0,2.41310404051701,0.774389954635484,1.59959636508935,1.95171881241834,1.07844855376979
"POOLPIDM_02342",13.8666669683641,5.63057609453968,11.6158493195323,6.39838546035741,4.87929703104584,4.31379421507915
"POOLPIDM_02343",17.3333337104551,18.5004643106304,19.3597488658871,9.59757819053611,11.71031287451,14.0198311990073
"POOLPIDM_02344",9.5333335407503,12.8698882160907,6.96950959171936,4.79878909526806,8.78273465588252,6.47069132261873
"POOLPIDM_02345",2.60000005656826,2.41310404051701,2.32316986390645,0,1.95171881241834,2.15689710753958
"POOLPIDM_02346",273.86667262519,319.33410136175,490.188841284261,41.5895054923232,76.1170336843152,79.8051929789644
"POOLPIDM_02347",14.7333336538868,12.8698882160907,19.3597488658871,110.372149191165,146.378910931375,155.29659174285
"POOLPIDM_02348",64.1333347286838,64.3494410804535,52.6585169152129,2884.0722462561,1888.28795101474,2045.81690650129
"POOLPIDM_02349",27.7333339367281,33.7834565672381,37.1707178225032,361.508778510194,311.299150580725,292.259558071613
"POOLPIDM_02350",1.73333337104551,0,0,14.3963672858042,13.6620316869284,7.54913987638852
"POOLPIDM_02351",20.8000004525461,33.7834565672381,37.9451077771387,60.7846618733954,38.0585168421576,32.3534566130937
"POOLPIDM_02352",8.66666685522754,7.23931212155102,5.42072968244839,6.39838546035741,6.83101584346418,4.31379421507915
"POOLPIDM_02353",6.93333348418204,9.65241616206802,2.32316986390645,4.79878909526806,2.92757821862751,1.07844855376979
"POOLPIDM_02354",113.533335803481,112.611521890794,144.810921516835,36.7907163970551,30.2516415924842,29.1181109517843
"POOLPIDM_02355",0,0.804368013505669,0,0,0,0
"POOLPIDM_02356",63.2666680431611,84.4586414180952,65.0487561893807,23.9939454763403,25.3723445614384,22.6474196291656
"POOLPIDM_02357",13.8666669683641,14.478624243102,13.1646292288032,9.59757819053611,0.975859406209169,7.54913987638852
"POOLPIDM_02358",8.66666685522754,6.43494410804535,8.51828950099032,1.59959636508935,1.95171881241834,3.23534566130937
"POOLPIDM_02359",15.6000003394096,13.6742562295964,18.5853589112516,31.991927301787,26.3482039676476,35.588802274403
"POOLPIDM_02360",12.1333335973186,8.84804814856235,13.9390191834387,27.193138206519,30.2516415924842,25.8827652904749
"POOLPIDM_02361",0.866666685522754,1.60873602701134,0.774389954635484,0,0.975859406209169,1.07844855376979
"POOLPIDM_02362",1.73333337104551,0.804368013505669,0.774389954635484,1.59959636508935,0,1.07844855376979
"POOLPIDM_02363",4.33333342761377,1.60873602701134,1.54877990927097,0,0.975859406209169,3.23534566130937
"POOLPIDM_02364",0.866666685522754,0,0.774389954635484,3.1991927301787,0.975859406209169,3.23534566130937
"POOLPIDM_02365",19.0666670815006,12.065520202585,17.8109689566161,143.963672858042,180.533990148696,242.650924598202
"POOLPIDM_02366",3.46666674209102,4.02184006752834,1.54877990927097,43.1891018574125,46.8412514980401,47.4517363658707
"POOLPIDM_02367",13.0000002828413,20.1092003376417,13.9390191834387,39.9899091272338,64.4067208098051,64.7069132261873
"POOLPIDM_02368",7.80000016970479,10.4567841755737,12.3902392741677,81.579414619557,116.127269338891,135.884517774993
"POOLPIDM_02369",11.2666669117958,12.065520202585,10.0670694102613,19.1951563810722,16.5896099055559,17.2551768603166
"POOLPIDM_02370",126.533336086322,106.980945796254,117.707273104594,196.75035290599,138.572035681702,172.551768603166
"POOLPIDM_02371",34.6666674209102,26.5441444456871,30.2012082307839,19.1951563810722,34.1550792173209,23.7258681829354
"POOLPIDM_02372",35.5333341064329,23.3266723916644,22.457308684429,12.7967709207148,19.5171881241834,21.5689710753958
"POOLPIDM_02373",122.200002658708,156.851762633605,171.914569929077,132.766498302416,166.871958461768,188.728496909713
"POOLPIDM_02374",8.66666685522754,10.4567841755737,17.8109689566161,6.39838546035741,11.71031287451,8.62758843015831
"POOLPIDM_02375",121.333335973186,108.589681823265,117.707273104594,334.315640303675,470.364233792819,485.301849196405
"POOLPIDM_02376",52.866667816888,28.9572484862041,28.6524283215129,39.9899091272338,42.9378138732034,61.471567564878
"POOLPIDM_02377",33.8000007353874,29.7616164997097,27.1036484122419,49.5874873177699,71.2377366532693,65.7853617799571
"POOLPIDM_02378",44.2000009616605,43.4358727293061,46.463397278129,79.9798182544676,91.7307841836619,86.2758843015831
"POOLPIDM_02379",32.9333340498647,31.3703525267211,33.2987680493258,70.3822400639315,85.8756277464069,120.786238022216
"POOLPIDM_02380",19.9333337670234,16.891728283619,30.2012082307839,108.772552826076,99.5376594333352,65.7853617799571
"POOLPIDM_02381",16.4666670249323,22.5223043781587,21.6829187297936,12.7967709207148,13.6620316869284,9.7060369839281
"POOLPIDM_02382",93.6000020364575,106.980945796254,83.6341151006323,51.1870836828593,68.3101584346418,66.8638103337269
"POOLPIDM_02383",48.5333343892743,47.4577127968344,51.8841269605774,39.9899091272338,46.8412514980401,42.0594935970218
"POOLPIDM_02384",280.800006109372,318.529733348245,315.951101491277,292.726134811351,371.802433765693,376.378545265656
"POOLPIDM_02385",24.2666671946371,16.891728283619,20.9085287751581,20.7947527461616,19.5171881241834,24.8043167367051
"POOLPIDM_02386",16.4666670249323,8.84804814856235,13.1646292288032,14.3963672858042,14.6378910931375,9.7060369839281
"POOLPIDM_02387",77.1333350115251,65.9581771074648,65.0487561893807,51.1870836828593,77.0928930905243,73.3345016563456
"POOLPIDM_02388",24.2666671946371,13.6742562295964,12.3902392741677,15.9959636508935,10.7344534683009,10.7844855376979
"POOLPIDM_02389",6.93333348418204,11.2611521890794,13.9390191834387,6.39838546035741,8.78273465588252,4.31379421507915
"POOLPIDM_02390",17.3333337104551,4.02184006752834,4.6463397278129,6.39838546035741,9.75859406209169,5.39224276884894
"POOLPIDM_02391",12.1333335973186,23.3266723916644,10.0670694102613,15.9959636508935,15.6137504993467,9.7060369839281
"POOLPIDM_02392",8.66666685522754,8.84804814856235,9.29267945562581,19.1951563810722,15.6137504993467,16.1767283065468
"POOLPIDM_02393",8.66666685522754,14.478624243102,8.51828950099032,7.99798182544676,9.75859406209169,8.62758843015831
"POOLPIDM_02394",48.5333343892743,37.8052966347664,46.463397278129,43.1891018574125,30.2516415924842,33.4319051668634
"POOLPIDM_02395",64.1333347286838,61.1319690264308,60.4024164615677,54.386276413038,69.286017840851,51.7655305809499
"POOLPIDM_02396",21.6666671380689,16.891728283619,19.3597488658871,12.7967709207148,14.6378910931375,8.62758843015831
"POOLPIDM_02397",25.1333338801599,22.5223043781587,20.9085287751581,20.7947527461616,33.1792198111117,21.5689710753958
"POOLPIDM_02398",37.2666674774784,31.3703525267211,28.6524283215129,22.3943491112509,29.2757821862751,21.5689710753958
"POOLPIDM_02399",52.0000011313653,45.8489767698231,43.3658374595871,46.3882945875912,46.8412514980401,53.9224276884894
"POOLPIDM_02400",155.133336708573,125.481410106884,158.749940700274,35.1911200319658,41.9619544669943,33.4319051668634
"POOLPIDM_02401",465.400010125719,393.335958604272,470.054702463739,68.7826436988422,86.851487152616,87.3543328553529
"POOLPIDM_02402",106.600002319299,119.046465998839,160.298720609545,27.193138206519,27.3240633738567,25.8827652904749
"POOLPIDM_02403",446.333343044219,687.734651547347,563.755886974632,75.1810291591996,98.5618000271261,111.080201038288
"POOLPIDM_02404",22.5333338235916,28.9572484862041,27.1036484122419,6.39838546035741,8.78273465588252,3.23534566130937
"POOLPIDM_02405",278.200006052804,268.658916510893,253.225515165803,20.7947527461616,31.2275009986934,37.7456993819426
"POOLPIDM_02406",460.200010012583,469.75091988731,651.261951848442,31.991927301787,91.7307841836619,65.7853617799571
"POOLPIDM_02407",1579.06670102246,1496.92887313405,1699.78595042489,244.738243858671,285.926806019286,334.319051668634
"POOLPIDM_02408",132.600002884981,102.959105728726,112.286543422145,23.9939454763403,20.4930475303925,26.9612138442447
"POOLPIDM_02409",39.8666675340467,24.9354084186757,21.6829187297936,3.1991927301787,10.7344534683009,7.54913987638852
"POOLPIDM_02410",309.400006731623,271.07202055141,243.932835710177,63.9838546035741,63.430861403596,70.0991559950363
"POOLPIDM_02411",150.800003280959,129.503250174413,175.786519702255,47.9878909526806,40.0102356545759,37.7456993819426
"POOLPIDM_02412",230.533338349053,224.418675768081,272.58526403169,43.1891018574125,50.7446891228768,44.2163907045613
"POOLPIDM_02413",166.400003620369,189.026483173832,187.402369021787,23.9939454763403,20.4930475303925,29.1181109517843
"POOLPIDM_02414",761.800016574501,590.406121913161,586.987585613697,92.7765891751824,107.344534683009,77.6482958714248
"POOLPIDM_02415",534.733344967539,378.85733436117,405.005946274358,27.193138206519,68.3101584346418,77.6482958714248
"POOLPIDM_02416",154.26667002305,173.743490917224,137.067021970481,28.7927345716083,36.1067980297392,33.4319051668634
"POOLPIDM_02417",247.866672059508,269.463284524399,323.695001037632,49.5874873177699,57.575704966341,65.7853617799571
"POOLPIDM_02418",422.933342535104,540.535305075809,701.597298899748,94.3761855402718,98.5618000271261,110.001752484518
"POOLPIDM_02419",118.733335916617,135.133826268952,134.743852106574,19.1951563810722,25.3723445614384,20.490522521626
"POOLPIDM_02420",214.933338009643,223.614307754576,211.408457615487,44.7886982225019,53.6722673415043,70.0991559950363
"POOLPIDM_02421",953.33335407503,1162.31177951569,1283.93854478563,135.965691032595,226.399382240527,230.787990506735
"POOLPIDM_02422",340.600007410443,300.83363705112,332.987680493258,57.5854691432167,63.430861403596,66.8638103337269
"POOLPIDM_02423",71.0666682128659,40.2184006752834,58.8536365522968,43.1891018574125,50.7446891228768,51.7655305809499
"POOLPIDM_02424",416.000009050922,496.295064332997,569.176616657081,86.378203714825,106.368675276799,94.9034727317414
"POOLPIDM_02425",67.6000014707748,91.6979535396462,82.8597251459968,20.7947527461616,15.6137504993467,30.1965595055541
"POOLPIDM_02426",127.400002771845,164.895442768662,199.792608295955,35.1911200319658,50.7446891228768,52.8439791347196
"POOLPIDM_02427",237.466671833235,227.636147822104,297.365742580026,65.5834509686634,69.286017840851,72.2560531025758
"POOLPIDM_02428",246.133338688462,191.439587214349,257.097464938981,14.3963672858042,46.8412514980401,31.2750080593239
"POOLPIDM_02429",1268.80002760531,1337.66400645993,1647.12743350967,441.488596764661,557.215720945435,593.146704573384
"POOLPIDM_02430",1302.6000283407,1349.72952666251,1617.70061523353,383.903127621445,444.016029825172,471.282017997398
"POOLPIDM_02431",134.333336256027,123.068306066367,148.682871290013,39.9899091272338,41.9619544669943,37.7456993819426
"POOLPIDM_02432",236.600005147712,255.789028294803,288.847453079036,33.5915236668764,51.7205485290859,49.6086334734103
"POOLPIDM_02433",26.8666672512054,21.717936364653,24.0060885937,11.1971745556255,15.6137504993467,18.3336254140864
"POOLPIDM_02434",45.0666676471832,41.8271367022948,54.2072968244839,28.7927345716083,25.3723445614384,23.7258681829354
"POOLPIDM_02435",485.333343892743,393.335958604272,517.292489696503,182.353985620186,214.689069366017,277.161278318836
"POOLPIDM_02436",128.266669457368,119.850834012345,130.097512378761,108.772552826076,145.403051525166,125.100032237295
"POOLPIDM_02437",54.6000011879335,85.2630094316009,95.2499644201645,78.3802218893783,81.9721901215702,77.6482958714248
"POOLPIDM_02438",143.000003111254,159.264866674122,149.457261244648,97.5753782704505,111.247972307845,124.021583683526
"POOLPIDM_02439",83.2000018101844,57.9144969724081,89.0548447830807,62.3842582384847,83.9239089339885,64.7069132261873
"POOLPIDM_02440",143.866669796777,135.938194282458,141.713361698294,103.973763730808,160.040942618304,159.610385957929
"POOLPIDM_02441",130.000002828413,109.394049836771,123.128002787042,143.963672858042,158.089223805885,126.178480791065
"POOLPIDM_02442",382.200008315535,422.293207090476,448.371783733945,708.621189734583,784.590962592172,726.874325240837
"POOLPIDM_02443",39.8666675340467,33.7834565672381,28.6524283215129,19.1951563810722,21.4689069366017,23.7258681829354
"POOLPIDM_02444",92.7333353509347,79.6324333370612,92.9267945562581,60.7846618733954,63.430861403596,71.177604548806
"POOLPIDM_02445",48.5333343892743,41.8271367022948,53.4329068698484,7.99798182544676,24.3964851552292,23.7258681829354
"POOLPIDM_02446",14.7333336538868,12.8698882160907,14.7134091380742,7.99798182544676,7.80687524967335,11.8629340914677
"POOLPIDM_02447",51.1333344458425,80.4368013505669,50.3353470513065,25.5935418414296,25.3723445614384,23.7258681829354
"POOLPIDM_02448",21.6666671380689,28.9572484862041,30.9755981854194,27.193138206519,30.2516415924842,18.3336254140864
"POOLPIDM_02449",376.133341516875,355.530661969506,396.487656773368,172.75640742965,195.171881241834,212.454365092648
"POOLPIDM_02450",68.4666681562976,57.1101289589025,72.7926557357355,65.5834509686634,54.6481267477135,60.3931190111082
"POOLPIDM_02451",6.93333348418204,4.02184006752834,4.6463397278129,12.7967709207148,15.6137504993467,15.098279752777
"POOLPIDM_02452",0.866666685522754,0.804368013505669,1.54877990927097,0,0,0
"POOLPIDM_02453",2.60000005656826,3.21747205402267,1.54877990927097,6.39838546035741,0.975859406209169,2.15689710753958
"POOLPIDM_02454",29.4666673077737,40.2184006752834,30.2012082307839,14.3963672858042,11.71031287451,15.098279752777
"POOLPIDM_02455",21.6666671380689,20.9135683511474,20.9085287751581,17.5955600159829,17.565469311765,3.23534566130937
"POOLPIDM_02456",19.9333337670234,17.6960962971247,18.5853589112516,11.1971745556255,6.83101584346418,12.9413826452375
"POOLPIDM_02457",0,0.804368013505669,0.774389954635484,1.59959636508935,1.95171881241834,2.15689710753958
"POOLPIDM_02458",0.866666685522754,3.21747205402267,1.54877990927097,1.59959636508935,1.95171881241834,3.23534566130937
"POOLPIDM_02459",9.5333335407503,5.63057609453968,7.74389954635484,3.1991927301787,2.92757821862751,3.23534566130937
"POOLPIDM_02460",163.800003563801,177.765330984753,154.877990927097,59.185065508306,41.9619544669943,25.8827652904749
"POOLPIDM_02461",65.0000014142066,71.5887532020045,54.9816867791194,103.973763730808,69.286017840851,83.0405386402737
"POOLPIDM_02462",4.33333342761377,4.82620808103401,5.42072968244839,0,0.975859406209169,1.07844855376979
"POOLPIDM_02463",0,0,0,0,0,0
"POOLPIDM_02464",6.06666679865928,7.23931212155102,3.09755981854194,3.1991927301787,4.87929703104584,2.15689710753958
"POOLPIDM_02465",45.0666676471832,28.1528804726984,33.2987680493258,12.7967709207148,16.5896099055559,15.098279752777
"POOLPIDM_02466",38.1333341630012,47.4577127968344,37.1707178225032,73.5814327941102,41.9619544669943,65.7853617799571
"POOLPIDM_02467",31.2000006788192,33.7834565672381,37.9451077771387,43.1891018574125,40.0102356545759,43.1379421507915
"POOLPIDM_02468",40.7333342195695,26.5441444456871,41.0426675956806,52.7866800479486,59.5274237787593,58.2362219035686
"POOLPIDM_02469",80.6000017536162,93.3066895666575,85.1828950099032,41.5895054923232,45.8653920918309,44.2163907045613
"POOLPIDM_02470",62.4000013576383,64.3494410804535,61.1768064162032,31.991927301787,25.3723445614384,24.8043167367051
"POOLPIDM_02471",57.2000012445018,66.7625451209705,75.8902155542774,156.760443778757,195.171881241834,190.885394017253
"POOLPIDM_02472",46.8000010182287,36.1965606077551,32.5243780946903,17.5955600159829,7.80687524967335,19.4120739678562
"POOLPIDM_02473",13.0000002828413,15.2829922566077,13.9390191834387,28.7927345716083,31.2275009986934,35.588802274403
"POOLPIDM_02474",50.2666677603198,50.6751848508571,54.9816867791194,52.7866800479486,71.2377366532693,55.0008762422592
"POOLPIDM_02475",27.7333339367281,20.1092003376417,24.0060885937,11.1971745556255,15.6137504993467,12.9413826452375
"POOLPIDM_02476",254.80000554369,230.853619876127,284.201113351223,143.963672858042,123.934144588564,144.512106205152
"POOLPIDM_02477",206.266671154416,107.78531380976,190.499928840329,71.9818364290208,61.4791425911776,81.9620900865039
"POOLPIDM_02478",240.933338575326,240.506036038195,247.030395528719,153.561251048578,147.354770337584,177.944011372015
"POOLPIDM_02479",164.666670249323,152.025554552571,176.56090965689,60.7846618733954,103.441097058172,84.1189871940435
"POOLPIDM_02480",93.6000020364575,98.9372656611972,127.774342514855,62.3842582384847,59.5274237787593,63.6284646724175
"POOLPIDM_02481",2.60000005656826,6.43494410804535,6.19511963708387,4.79878909526806,3.90343762483668,3.23534566130937
"POOLPIDM_02482",39.000000848524,40.2184006752834,50.3353470513065,31.991927301787,30.2516415924842,32.3534566130937
"POOLPIDM_02483",41.6000009050922,37.8052966347664,44.9146173688581,19.1951563810722,35.1309386235301,39.9025964894822
"POOLPIDM_02484",4.33333342761377,4.82620808103401,3.87194977317742,0,4.87929703104584,0
"POOLPIDM_02485",16.4666670249323,8.04368013505668,5.42072968244839,3.1991927301787,3.90343762483668,0
"POOLPIDM_02486",59.8000013010701,62.7407050534421,77.4389954635484,20.7947527461616,28.2999227800659,16.1767283065468
"POOLPIDM_02487",46.8000010182287,62.7407050534421,54.9816867791194,43.1891018574125,38.0585168421576,38.8241479357124
"POOLPIDM_02488",45.933334332706,56.3057609453968,31.7499881400548,9.59757819053611,8.78273465588252,4.31379421507915
"POOLPIDM_02489",42.466667590615,52.2839208778685,49.560957096671,9.59757819053611,13.6620316869284,9.7060369839281
"POOLPIDM_02490",48.5333343892743,53.0882888913741,68.1463160079226,38.3903127621445,31.2275009986934,25.8827652904749
"POOLPIDM_02491",34.6666674209102,45.0446087563174,47.2377872327645,17.5955600159829,19.5171881241834,15.098279752777
"POOLPIDM_02492",38.1333341630012,45.0446087563174,37.1707178225032,15.9959636508935,17.565469311765,18.3336254140864
"POOLPIDM_02493",63.2666680431611,56.3057609453968,69.6950959171936,39.9899091272338,27.3240633738567,44.2163907045613
"POOLPIDM_02494",11.2666669117958,16.891728283619,15.4877990927097,4.79878909526806,6.83101584346418,5.39224276884894
"POOLPIDM_02495",86.6666685522754,92.5023215531519,93.7011845108936,52.7866800479486,40.0102356545759,49.6086334734103
"POOLPIDM_02496",19.9333337670234,24.1310404051701,27.8780383668774,14.3963672858042,17.565469311765,14.0198311990073
"POOLPIDM_02497",186.333337387392,176.156594957741,186.627979067152,367.907163970551,413.764388232688,409.81045043252
"POOLPIDM_02498",58.0666679300246,46.6533447833288,48.7865671420355,43.1891018574125,41.9619544669943,38.8241479357124
"POOLPIDM_02499",43.3333342761377,54.6970249183855,58.8536365522968,62.3842582384847,55.6239861539226,64.7069132261873
"POOLPIDM_02500",15.6000003394096,16.891728283619,22.457308684429,22.3943491112509,16.5896099055559,14.0198311990073
"POOLPIDM_02510",4.33333342761377,2.41310404051701,2.32316986390645,0,3.90343762483668,4.31379421507915
"POOLPIDM_02511",97.9333354640712,94.1110575801632,92.9267945562581,180.754389255097,210.78563174118,209.219019431339
"POOLPIDM_02512",17.3333337104551,31.3703525267211,30.2012082307839,1.59959636508935,10.7344534683009,7.54913987638852
"POOLPIDM_02513",46.8000010182287,45.0446087563174,40.2682776410452,12.7967709207148,16.5896099055559,20.490522521626
"POOLPIDM_02514",78.8666683825707,57.9144969724081,75.115825599642,52.7866800479486,53.6722673415043,74.4129502101154
"POOLPIDM_02515",5.20000011313653,9.65241616206802,3.09755981854194,0,0,0
"POOLPIDM_02516",19.0666670815006,21.717936364653,15.4877990927097,7.99798182544676,20.4930475303925,15.098279752777
"POOLPIDM_02517",52.0000011313653,54.6970249183855,42.5914475049516,38.3903127621445,52.6964079352951,50.6870820271801
"POOLPIDM_02518",76.2666683260024,72.3931212155102,85.1828950099032,36.7907163970551,63.430861403596,65.7853617799571
"POOLPIDM_02519",32.0666673643419,24.9354084186757,31.7499881400548,6.39838546035741,5.85515643725501,10.7844855376979
"POOLPIDM_02520",68.4666681562976,70.7843851884988,51.1097370059419,14.3963672858042,13.6620316869284,11.8629340914677
"POOLPIDM_02521",62.4000013576383,98.9372656611972,69.6950959171936,12.7967709207148,18.5413287179742,8.62758843015831
"POOLPIDM_02522",132.600002884981,169.721650849696,147.908481335377,47.9878909526806,44.8895326856218,31.2750080593239
"POOLPIDM_02523",37.2666674774784,31.3703525267211,39.4938876864097,28.7927345716083,38.0585168421576,42.0594935970218
"POOLPIDM_02524",39.8666675340467,45.0446087563174,36.3963278678677,41.5895054923232,32.2033604049026,36.6672508281728
"POOLPIDM_02525",6.93333348418204,10.4567841755737,7.74389954635484,1.59959636508935,4.87929703104584,4.31379421507915
"POOLPIDM_02526",44.2000009616605,61.1319690264308,36.3963278678677,28.7927345716083,25.3723445614384,28.0396623980145
"POOLPIDM_02527",16.4666670249323,17.6960962971247,17.8109689566161,4.79878909526806,9.75859406209169,5.39224276884894
"POOLPIDM_02528",526.066678112312,585.579913832127,631.127813027919,246.33784022376,325.937041673862,318.142323362088
"POOLPIDM_02529",905.666686371278,728.757420236136,853.377730008303,411.096265827964,490.857281323212,524.125997132117
"POOLPIDM_02530",30.3333339932964,20.9135683511474,25.554868502971,19.1951563810722,15.6137504993467,19.4120739678562
"POOLPIDM_02531",4.33333342761377,7.23931212155102,3.87194977317742,0,2.92757821862751,1.07844855376979
"POOLPIDM_02532",0.866666685522754,2.41310404051701,2.32316986390645,1.59959636508935,0.975859406209169,0
"POOLPIDM_02533",19.9333337670234,21.717936364653,24.0060885937,17.5955600159829,11.71031287451,9.7060369839281
"POOLPIDM_02534",8.66666685522754,12.8698882160907,8.51828950099032,9.59757819053611,6.83101584346418,3.23534566130937
"POOLPIDM_02535",1.73333337104551,0,0,0,0,0
"POOLPIDM_02536",0,0,0,0,0,0
"POOLPIDM_02537",3.46666674209102,1.60873602701134,3.87194977317742,0,0.975859406209169,1.07844855376979
"POOLPIDM_02538",12.1333335973186,16.891728283619,10.8414593648968,3.1991927301787,3.90343762483668,5.39224276884894
"POOLPIDM_02539",17.3333337104551,12.8698882160907,14.7134091380742,7.99798182544676,5.85515643725501,7.54913987638852
"POOLPIDM_02540",7.80000016970479,21.717936364653,13.1646292288032,17.5955600159829,6.83101584346418,8.62758843015831
"POOLPIDM_02541",13.0000002828413,10.4567841755737,16.2621890473452,19.1951563810722,22.4447663428109,32.3534566130937
"POOLPIDM_02542",107.466669004822,79.6324333370612,110.737763512874,91.1769928100931,81.9721901215702,78.7267444251946
"POOLPIDM_02543",47.6666677037515,61.1319690264308,46.463397278129,70.3822400639315,53.6722673415043,52.8439791347196
"POOLPIDM_02544",174.200003790074,206.722579470957,250.127955347261,177.555196524918,210.78563174118,218.925056415267
"POOLPIDM_02545",227.066671606962,218.788099673542,312.0791517181,68.7826436988422,45.8653920918309,52.8439791347196
"POOLPIDM_02546",56.333334558979,61.9363370399365,74.3414356450065,52.7866800479486,50.7446891228768,34.5103537206332
"POOLPIDM_02547",46.8000010182287,38.6096646482721,31.7499881400548,23.9939454763403,26.3482039676476,15.098279752777
"POOLPIDM_02548",9.5333335407503,6.43494410804535,6.19511963708387,4.79878909526806,11.71031287451,6.47069132261873
"POOLPIDM_02549",4.33333342761377,9.65241616206802,1.54877990927097,23.9939454763403,12.6861722807192,8.62758843015831
"POOLPIDM_02550",13.8666669683641,16.891728283619,14.7134091380742,43.1891018574125,30.2516415924842,38.8241479357124
"POOLPIDM_02551",6.93333348418204,7.23931212155102,6.19511963708387,6.39838546035741,8.78273465588252,6.47069132261873
"POOLPIDM_02552",0.866666685522754,0.804368013505669,0,0,0.975859406209169,0
"POOLPIDM_02553",1.73333337104551,4.02184006752834,1.54877990927097,6.39838546035741,1.95171881241834,4.31379421507915
"POOLPIDM_02554",2.60000005656826,3.21747205402267,3.09755981854194,1.59959636508935,0.975859406209169,0
"POOLPIDM_02555",20.8000004525461,24.9354084186757,17.0365790019806,15.9959636508935,14.6378910931375,8.62758843015831
"POOLPIDM_02556",2.60000005656826,7.23931212155102,6.96950959171936,4.79878909526806,13.6620316869284,16.1767283065468
"POOLPIDM_02557",6.06666679865928,3.21747205402267,3.09755981854194,4.79878909526806,10.7344534683009,5.39224276884894
"POOLPIDM_02558",5.20000011313653,4.02184006752834,7.74389954635484,7.99798182544676,16.5896099055559,10.7844855376979
"POOLPIDM_02559",14.7333336538868,16.0873602701134,15.4877990927097,22.3943491112509,14.6378910931375,17.2551768603166
"POOLPIDM_02560",0,0,0.774389954635484,1.59959636508935,0.975859406209169,1.07844855376979
"POOLPIDM_02561",0,0,0,0,0.975859406209169,0
"POOLPIDM_02562",2.60000005656826,3.21747205402267,1.54877990927097,6.39838546035741,2.92757821862751,1.07844855376979
"POOLPIDM_02563",0.866666685522754,0.804368013505669,0.774389954635484,0,0,1.07844855376979
"POOLPIDM_02564",4.33333342761377,4.02184006752834,3.09755981854194,11.1971745556255,5.85515643725501,9.7060369839281
"POOLPIDM_02565",0,1.60873602701134,0,1.59959636508935,0,1.07844855376979
"POOLPIDM_02566",10.4000002262731,5.63057609453968,10.0670694102613,3.1991927301787,4.87929703104584,7.54913987638852
"POOLPIDM_02567",0.866666685522754,0.804368013505669,0.774389954635484,0,0,0
"POOLPIDM_02568",23.4000005091144,24.9354084186757,23.2316986390645,14.3963672858042,11.71031287451,18.3336254140864
"POOLPIDM_02569",11.2666669117958,12.8698882160907,9.29267945562581,12.7967709207148,4.87929703104584,5.39224276884894
"POOLPIDM_02570",84.0666684957072,91.6979535396462,67.3719260532871,23.9939454763403,18.5413287179742,15.098279752777
"POOLPIDM_02571",15.6000003394096,19.304832324136,32.5243780946903,0,1.95171881241834,1.07844855376979
"POOLPIDM_02572",103.133335577208,94.1110575801632,92.9267945562581,36.7907163970551,32.2033604049026,36.6672508281728
"POOLPIDM_02573",2.60000005656826,0.804368013505669,0.774389954635484,1.59959636508935,2.92757821862751,0
"POOLPIDM_02574",6.06666679865928,7.23931212155102,4.6463397278129,1.59959636508935,0.975859406209169,1.07844855376979
"POOLPIDM_02575",2.60000005656826,4.82620808103401,0.774389954635484,3.1991927301787,5.85515643725501,5.39224276884894
"POOLPIDM_02576",0,0,1.54877990927097,0,0.975859406209169,1.07844855376979
"POOLPIDM_02577",0,0,0,0,0,0
"POOLPIDM_02578",0.866666685522754,0,0.774389954635484,1.59959636508935,0.975859406209169,2.15689710753958
"POOLPIDM_02579",7.80000016970479,7.23931212155102,5.42072968244839,19.1951563810722,24.3964851552292,22.6474196291656
"POOLPIDM_02580",35.5333341064329,35.3921925942494,40.2682776410452,89.5773964450037,127.837582213401,150.98279752777
"POOLPIDM_02581",1.73333337104551,2.41310404051701,0,0,0,1.07844855376979
"POOLPIDM_02582",0.866666685522754,1.60873602701134,3.09755981854194,15.9959636508935,4.87929703104584,5.39224276884894
"POOLPIDM_02583",0.866666685522754,1.60873602701134,1.54877990927097,1.59959636508935,1.95171881241834,3.23534566130937
"POOLPIDM_02584",11.2666669117958,9.65241616206802,16.2621890473452,4.79878909526806,16.5896099055559,10.7844855376979
"POOLPIDM_02585",12.1333335973186,10.4567841755737,9.29267945562581,15.9959636508935,11.71031287451,9.7060369839281
"POOLPIDM_02586",0,0.804368013505669,0,0,0,0
"POOLPIDM_02587",3.46666674209102,2.41310404051701,3.09755981854194,9.59757819053611,6.83101584346418,6.47069132261873
"POOLPIDM_02588",5.20000011313653,6.43494410804535,7.74389954635484,12.7967709207148,18.5413287179742,12.9413826452375
"POOLPIDM_02589",37.2666674774784,26.5441444456871,45.6890073234936,22.3943491112509,23.4206257490201,18.3336254140864
"POOLPIDM_02590",119.60000260214,84.4586414180952,88.2804548284452,83.1790109846463,53.6722673415043,55.0008762422592
"POOLPIDM_02591",0,0,0,0,0,1.07844855376979
"POOLPIDM_02592",0,0,0,0,0.975859406209169,0
"POOLPIDM_02593",89.2666686088437,115.828993944816,76.6646055089129,145.563269223131,121.982425776146,133.727620667454
"POOLPIDM_02594",0,0,0,3.1991927301787,3.90343762483668,4.31379421507915
"POOLPIDM_02595",0,0,0,1.59959636508935,3.90343762483668,8.62758843015831
"POOLPIDM_02596",9.5333335407503,9.65241616206802,5.42072968244839,23.9939454763403,34.1550792173209,20.490522521626
"POOLPIDM_02597",29.4666673077737,22.5223043781587,21.6829187297936,54.386276413038,33.1792198111117,39.9025964894822
"POOLPIDM_02598",5.20000011313653,6.43494410804535,4.6463397278129,4.79878909526806,5.85515643725501,6.47069132261873
"POOLPIDM_02599",44.2000009616605,49.0664488238458,30.9755981854194,44.7886982225019,28.2999227800659,35.588802274403
"POOLPIDM_02600",6.06666679865928,6.43494410804535,9.29267945562581,25.5935418414296,15.6137504993467,14.0198311990073
"POOLPIDM_02601",5.20000011313653,5.63057609453968,6.19511963708387,4.79878909526806,10.7344534683009,5.39224276884894
"POOLPIDM_02602",12.1333335973186,16.0873602701134,15.4877990927097,35.1911200319658,33.1792198111117,31.2750080593239
"POOLPIDM_02603",6.93333348418204,2.41310404051701,9.29267945562581,6.39838546035741,1.95171881241834,5.39224276884894
"POOLPIDM_02604",2.60000005656826,2.41310404051701,3.87194977317742,0,1.95171881241834,4.31379421507915
"POOLPIDM_02605",1.73333337104551,2.41310404051701,2.32316986390645,7.99798182544676,1.95171881241834,4.31379421507915
"POOLPIDM_02606",0.866666685522754,0,0,1.59959636508935,0.975859406209169,1.07844855376979
"POOLPIDM_02607",0,2.41310404051701,0,4.79878909526806,0.975859406209169,2.15689710753958
"POOLPIDM_02608",39.8666675340467,21.717936364653,27.8780383668774,107.172956460987,71.2377366532693,88.4327814091227
"POOLPIDM_02609",11.2666669117958,10.4567841755737,7.74389954635484,19.1951563810722,14.6378910931375,18.3336254140864
"POOLPIDM_02610",0.866666685522754,3.21747205402267,0.774389954635484,1.59959636508935,1.95171881241834,2.15689710753958
"POOLPIDM_02611",6.06666679865928,17.6960962971247,8.51828950099032,102.374167365719,100.513518839544,111.080201038288
"POOLPIDM_02612",13.0000002828413,16.0873602701134,17.8109689566161,11.1971745556255,20.4930475303925,11.8629340914677
"POOLPIDM_02613",40.7333342195695,32.9790885537324,36.3963278678677,47.9878909526806,39.0343762483668,32.3534566130937
"POOLPIDM_02614",0.866666685522754,2.41310404051701,3.09755981854194,1.59959636508935,0.975859406209169,1.07844855376979
"POOLPIDM_02615",93.6000020364575,78.8280653235555,77.4389954635484,84.7786073497357,55.6239861539226,74.4129502101154
"POOLPIDM_02616",31.2000006788192,31.3703525267211,29.4268182761484,23.9939454763403,14.6378910931375,35.588802274403
"POOLPIDM_02617",0,0,0,0,0,0
"POOLPIDM_02618",5.20000011313653,4.02184006752834,6.19511963708387,7.99798182544676,7.80687524967335,8.62758843015831
"POOLPIDM_02619",1.73333337104551,0,0.774389954635484,0,0,2.15689710753958
"POOLPIDM_02620",0.866666685522754,2.41310404051701,3.09755981854194,1.59959636508935,2.92757821862751,2.15689710753958
"POOLPIDM_02621",2.60000005656826,7.23931212155102,6.19511963708387,11.1971745556255,2.92757821862751,6.47069132261873
"POOLPIDM_02622",11.2666669117958,9.65241616206802,5.42072968244839,25.5935418414296,25.3723445614384,17.2551768603166
"POOLPIDM_02623",2.60000005656826,3.21747205402267,3.09755981854194,0,0,2.15689710753958
"POOLPIDM_02624",13.8666669683641,5.63057609453968,1.54877990927097,259.134611144475,299.588837706215,243.729373151972
"POOLPIDM_02625",3.46666674209102,8.84804814856235,4.6463397278129,51.1870836828593,58.5515643725501,53.9224276884894
"POOLPIDM_02626",40.7333342195695,33.7834565672381,24.0060885937,43.1891018574125,43.9136732794126,69.0207074412665
"POOLPIDM_02627",0.866666685522754,0,0,3.1991927301787,3.90343762483668,0
"POOLPIDM_02628",0.866666685522754,3.21747205402267,2.32316986390645,11.1971745556255,16.5896099055559,15.098279752777
"POOLPIDM_02629",5.20000011313653,4.82620808103401,3.87194977317742,22.3943491112509,20.4930475303925,21.5689710753958
"POOLPIDM_02630",1.73333337104551,2.41310404051701,0,0,0.975859406209169,0
"POOLPIDM_02631",2.60000005656826,3.21747205402267,1.54877990927097,0,5.85515643725501,3.23534566130937
"POOLPIDM_02632",0,0.804368013505669,0,0,0.975859406209169,0
"POOLPIDM_02633",3.46666674209102,4.02184006752834,5.42072968244839,11.1971745556255,1.95171881241834,7.54913987638852
"POOLPIDM_02634",0,0,0,0,0,0
"POOLPIDM_02635",0,0.804368013505669,0,1.59959636508935,0.975859406209169,0
"POOLPIDM_02636",48.5333343892743,47.4577127968344,47.2377872327645,49.5874873177699,42.9378138732034,60.3931190111082
"POOLPIDM_02637",131.733336199459,130.307618187918,114.609713286052,214.345912921973,160.040942618304,165.002628726778
"POOLPIDM_02638",2.60000005656826,10.4567841755737,5.42072968244839,6.39838546035741,3.90343762483668,7.54913987638852
"POOLPIDM_02639",0,0,0,0,0,0
"POOLPIDM_02640",0,2.41310404051701,1.54877990927097,3.1991927301787,0,0
"POOLPIDM_02641",3.46666674209102,0,6.96950959171936,4.79878909526806,14.6378910931375,7.54913987638852
"POOLPIDM_02642",7.80000016970479,7.23931212155102,4.6463397278129,15.9959636508935,17.565469311765,24.8043167367051
"POOLPIDM_02643",3.46666674209102,2.41310404051701,2.32316986390645,6.39838546035741,7.80687524967335,11.8629340914677
"POOLPIDM_02644",15.6000003394096,5.63057609453968,5.42072968244839,15.9959636508935,11.71031287451,11.8629340914677
"POOLPIDM_02645",6.06666679865928,3.21747205402267,3.87194977317742,4.79878909526806,10.7344534683009,6.47069132261873
"POOLPIDM_02646",3.46666674209102,2.41310404051701,0.774389954635484,1.59959636508935,0.975859406209169,1.07844855376979
"POOLPIDM_02647",22.5333338235916,32.1747205402267,27.8780383668774,17.5955600159829,20.4930475303925,19.4120739678562
"POOLPIDM_02648",0,0,0.774389954635484,0,0.975859406209169,0
"POOLPIDM_02649",0,0,0,0,0,0
"POOLPIDM_02650",0,0,0,0,0,0
"POOLPIDM_02651",13.8666669683641,9.65241616206802,8.51828950099032,7.99798182544676,9.75859406209169,12.9413826452375
"POOLPIDM_02652",0,0,0,1.59959636508935,0,0
"POOLPIDM_02653",3.46666674209102,0,0.774389954635484,3.1991927301787,2.92757821862751,2.15689710753958
"POOLPIDM_02654",0,0.804368013505669,0,0,0,0
"POOLPIDM_02655",204.53333778337,143.177506404009,144.810921516835,609.446215099043,383.512746640203,388.241479357124
"POOLPIDM_02656",7.80000016970479,4.82620808103401,3.87194977317742,7.99798182544676,3.90343762483668,8.62758843015831
"POOLPIDM_02657",0.866666685522754,2.41310404051701,0.774389954635484,3.1991927301787,5.85515643725501,3.23534566130937
"POOLPIDM_02658",3.46666674209102,2.41310404051701,6.96950959171936,6.39838546035741,6.83101584346418,6.47069132261873
"POOLPIDM_02659",2.60000005656826,0.804368013505669,1.54877990927097,1.59959636508935,5.85515643725501,5.39224276884894
"POOLPIDM_02660",0,0,0,9.59757819053611,0,2.15689710753958
"POOLPIDM_02661",0,1.60873602701134,2.32316986390645,6.39838546035741,0.975859406209169,3.23534566130937
"POOLPIDM_02662",2.60000005656826,1.60873602701134,2.32316986390645,9.59757819053611,2.92757821862751,5.39224276884894
"POOLPIDM_02663",9.5333335407503,16.0873602701134,7.74389954635484,7.99798182544676,6.83101584346418,5.39224276884894
"POOLPIDM_02664",0,0,0,0,0.975859406209169,0
"POOLPIDM_02665",6.93333348418204,7.23931212155102,5.42072968244839,9.59757819053611,2.92757821862751,6.47069132261873
"POOLPIDM_02666",23.4000005091144,13.6742562295964,13.9390191834387,41.5895054923232,32.2033604049026,37.7456993819426
"POOLPIDM_02667",4.33333342761377,6.43494410804535,5.42072968244839,11.1971745556255,7.80687524967335,9.7060369839281
"POOLPIDM_02668",9.5333335407503,4.02184006752834,3.87194977317742,1.59959636508935,5.85515643725501,5.39224276884894
"POOLPIDM_02669",13.8666669683641,13.6742562295964,13.9390191834387,15.9959636508935,17.565469311765,17.2551768603166
"POOLPIDM_02670",22.5333338235916,20.9135683511474,20.1341388205226,22.3943491112509,11.71031287451,14.0198311990073
"POOLPIDM_02671",153.400003337528,159.264866674122,144.810921516835,223.943491112509,159.065083212095,170.394871495627
"POOLPIDM_02672",119.60000260214,140.764402363492,103.768253921155,207.947527461616,123.934144588564,132.649172113684
"POOLPIDM_02673",195.866670928142,189.026483173832,165.719450291994,147.16286558822,92.706643589871,108.923303930749
"POOLPIDM_02674",487.933343949311,447.228615509152,429.786424822694,182.353985620186,131.741019838238,140.198311990073
"POOLPIDM_02675",61.5333346721156,57.1101289589025,38.7194977317742,63.9838546035741,43.9136732794126,45.2948392583311
"POOLPIDM_02676",2.60000005656826,2.41310404051701,1.54877990927097,0,0.975859406209169,0
"POOLPIDM_02677",6.06666679865928,6.43494410804535,4.6463397278129,20.7947527461616,12.6861722807192,23.7258681829354
"POOLPIDM_02678",15.6000003394096,23.3266723916644,15.4877990927097,52.7866800479486,39.0343762483668,37.7456993819426
"POOLPIDM_02679",53.7333345024108,67.5669131344762,68.1463160079226,36.7907163970551,35.1309386235301,24.8043167367051
"POOLPIDM_02680",33.8000007353874,26.5441444456871,40.2682776410452,134.366094667506,118.078988151309,135.884517774993
"POOLPIDM_02681",3601.00007834704,3883.48876920537,3257.85853915148,2244.23370022036,1757.52279058271,1729.83148024674
"POOLPIDM_02682",81.4666684391389,75.6105932695328,75.115825599642,44.7886982225019,58.5515643725501,32.3534566130937
"POOLPIDM_02683",0,0,0,0,0,0
"POOLPIDM_02684",0.866666685522754,2.41310404051701,5.42072968244839,1.59959636508935,0.975859406209169,2.15689710753958
"POOLPIDM_02685",32.9333340498647,37.8052966347664,30.9755981854194,23.9939454763403,23.4206257490201,15.098279752777
"POOLPIDM_02686",1.73333337104551,4.02184006752834,2.32316986390645,0,2.92757821862751,2.15689710753958
"POOLPIDM_02687",0,0,0,0,0.975859406209169,1.07844855376979
"POOLPIDM_02688",1.73333337104551,1.60873602701134,0.774389954635484,4.79878909526806,0.975859406209169,4.31379421507915
"POOLPIDM_02689",0,0,0,0,0,0
"POOLPIDM_02690",22.5333338235916,23.3266723916644,15.4877990927097,99.1749746355398,62.4550019973868,60.3931190111082
"POOLPIDM_02691",39.8666675340467,49.8708168373514,35.6219379132323,91.1769928100931,73.1894554656877,92.7465756242018
"POOLPIDM_02692",1.73333337104551,0.804368013505669,2.32316986390645,1.59959636508935,1.95171881241834,6.47069132261873
"POOLPIDM_02693",13.8666669683641,14.478624243102,15.4877990927097,51.1870836828593,38.0585168421576,49.6086334734103
"POOLPIDM_02694",71.0666682128659,69.9800171749932,72.0182657811,150.362058318399,117.1031287451,136.962966328763
"POOLPIDM_02695",1.73333337104551,1.60873602701134,1.54877990927097,0,1.95171881241834,0
"POOLPIDM_02696",11.2666669117958,3.21747205402267,5.42072968244839,7.99798182544676,2.92757821862751,5.39224276884894
"POOLPIDM_02697",1.73333337104551,1.60873602701134,0.774389954635484,0,1.95171881241834,0
"POOLPIDM_02698",0,0,0,0,0.975859406209169,0
"POOLPIDM_02699",0,0,0,0,0,0
"POOLPIDM_02700",4.33333342761377,3.21747205402267,9.29267945562581,15.9959636508935,6.83101584346418,5.39224276884894
"POOLPIDM_02701",15.6000003394096,12.8698882160907,13.1646292288032,23.9939454763403,15.6137504993467,23.7258681829354
"POOLPIDM_02702",30.3333339932964,20.9135683511474,27.1036484122419,52.7866800479486,42.9378138732034,43.1379421507915
"POOLPIDM_02703",127.400002771845,135.133826268952,106.865813739697,78.3802218893783,95.6342218084986,90.5896785166622
"POOLPIDM_02704",446.333343044219,439.184935374095,416.62179559389,286.327749350994,213.713209959808,197.356085339871
"POOLPIDM_02705",65.0000014142066,79.6324333370612,68.9207059625581,57.5854691432167,54.6481267477135,37.7456993819426
"POOLPIDM_02706",90.1333352943665,120.65520202585,102.219474011884,252.736225684118,204.930475303925,199.512982447411
"POOLPIDM_02707",3.46666674209102,4.02184006752834,6.96950959171936,12.7967709207148,16.5896099055559,20.490522521626
"POOLPIDM_02708",3.46666674209102,7.23931212155102,5.42072968244839,6.39838546035741,0.975859406209169,0
"POOLPIDM_02709",0,0,0,0,0,0
"POOLPIDM_02710",10.4000002262731,15.2829922566077,7.74389954635484,22.3943491112509,22.4447663428109,10.7844855376979
"POOLPIDM_02711",3.46666674209102,4.82620808103401,5.42072968244839,9.59757819053611,5.85515643725501,2.15689710753958
"POOLPIDM_02712",16.4666670249323,9.65241616206802,10.0670694102613,9.59757819053611,11.71031287451,8.62758843015831
"POOLPIDM_02713",5.20000011313653,4.82620808103401,4.6463397278129,4.79878909526806,4.87929703104584,2.15689710753958
"POOLPIDM_02714",26.0000005656826,16.891728283619,13.9390191834387,20.7947527461616,19.5171881241834,14.0198311990073
"POOLPIDM_02715",19.9333337670234,12.065520202585,8.51828950099032,22.3943491112509,21.4689069366017,12.9413826452375
"POOLPIDM_02716",0,0,0,1.59959636508935,0,1.07844855376979
"POOLPIDM_02717",3.46666674209102,1.60873602701134,3.87194977317742,1.59959636508935,0.975859406209169,0
"POOLPIDM_02718",6.06666679865928,2.41310404051701,0.774389954635484,9.59757819053611,5.85515643725501,7.54913987638852
"POOLPIDM_02719",2.60000005656826,4.02184006752834,1.54877990927097,3.1991927301787,0,4.31379421507915
"POOLPIDM_02720",0,0,0,0,0,0
"POOLPIDM_02721",44.2000009616605,49.0664488238458,51.8841269605774,116.770534651523,98.5618000271261,98.1388183930508
"POOLPIDM_02722",54.6000011879335,68.3712811479818,74.3414356450065,78.3802218893783,45.8653920918309,45.2948392583311
"POOLPIDM_02723",82.3333351246617,74.0018572425215,67.3719260532871,151.961654683488,92.706643589871,92.7465756242018
"POOLPIDM_02724",20.8000004525461,29.7616164997097,17.8109689566161,3.1991927301787,2.92757821862751,2.15689710753958
"POOLPIDM_02725",13.8666669683641,10.4567841755737,22.457308684429,12.7967709207148,11.71031287451,17.2551768603166
"POOLPIDM_02726",0.866666685522754,0,0,1.59959636508935,0,1.07844855376979
"POOLPIDM_02727",11.2666669117958,11.2611521890794,10.0670694102613,22.3943491112509,27.3240633738567,9.7060369839281
"POOLPIDM_02728",3.46666674209102,4.82620808103401,3.87194977317742,7.99798182544676,6.83101584346418,4.31379421507915
"POOLPIDM_02729",6.06666679865928,6.43494410804535,5.42072968244839,6.39838546035741,5.85515643725501,1.07844855376979
"POOLPIDM_02730",0.866666685522754,1.60873602701134,0,3.1991927301787,0.975859406209169,0
"POOLPIDM_02731",0,0.804368013505669,3.09755981854194,0,0,0
"POOLPIDM_02732",15.6000003394096,20.9135683511474,31.7499881400548,44.7886982225019,49.7688297166676,46.3732878121009
"POOLPIDM_02733",3.46666674209102,1.60873602701134,0.774389954635484,1.59959636508935,3.90343762483668,1.07844855376979
"POOLPIDM_02734",6.93333348418204,3.21747205402267,1.54877990927097,4.79878909526806,0.975859406209169,5.39224276884894
"POOLPIDM_02735",4.33333342761377,0,2.32316986390645,0,0,1.07844855376979
"POOLPIDM_02736",0,0,0,0,0,0
"POOLPIDM_02737",6.06666679865928,5.63057609453968,6.96950959171936,3.1991927301787,2.92757821862751,5.39224276884894
"POOLPIDM_02738",1.73333337104551,0,0.774389954635484,0,2.92757821862751,2.15689710753958
"POOLPIDM_02739",26.0000005656826,33.7834565672381,30.2012082307839,30.3923309366977,28.2999227800659,30.1965595055541
"POOLPIDM_02740",0,0.804368013505669,0.774389954635484,0,1.95171881241834,1.07844855376979
"POOLPIDM_02741",162.933336878278,168.91728283619,167.268230201265,47.9878909526806,62.4550019973868,50.6870820271801
"POOLPIDM_02742",36.4000007919557,25.7397764321814,24.7804785483355,6.39838546035741,10.7344534683009,6.47069132261873
"POOLPIDM_02743",4.33333342761377,3.21747205402267,1.54877990927097,1.59959636508935,5.85515643725501,5.39224276884894
"POOLPIDM_02744",3.46666674209102,1.60873602701134,5.42072968244839,6.39838546035741,4.87929703104584,4.31379421507915
"POOLPIDM_02745",4.33333342761377,4.82620808103401,3.87194977317742,15.9959636508935,7.80687524967335,15.098279752777
"POOLPIDM_02746",2.60000005656826,4.02184006752834,1.54877990927097,12.7967709207148,11.71031287451,8.62758843015831
"POOLPIDM_02747",0,0.804368013505669,0.774389954635484,6.39838546035741,0.975859406209169,0
"POOLPIDM_02748",0.866666685522754,0,0,3.1991927301787,1.95171881241834,4.31379421507915
"POOLPIDM_02749",0,0,0,0,0,0
"POOLPIDM_02750",0,0,0,0,0,0
"POOLPIDM_02751",1.73333337104551,0.804368013505669,1.54877990927097,0,0,2.15689710753958
"POOLPIDM_02752",2.60000005656826,0,0.774389954635484,1.59959636508935,0,4.31379421507915
"POOLPIDM_02753",0,0,0,0,0,0
"POOLPIDM_02754",23.4000005091144,24.1310404051701,22.457308684429,49.5874873177699,34.1550792173209,43.1379421507915
"POOLPIDM_02755",6.93333348418204,8.04368013505668,6.96950959171936,15.9959636508935,9.75859406209169,16.1767283065468
"POOLPIDM_02756",0.866666685522754,0,0.774389954635484,1.59959636508935,0,1.07844855376979
"POOLPIDM_02757",3.46666674209102,2.41310404051701,1.54877990927097,4.79878909526806,2.92757821862751,7.54913987638852
"POOLPIDM_02758",1.73333337104551,1.60873602701134,1.54877990927097,7.99798182544676,4.87929703104584,3.23534566130937
"POOLPIDM_02759",0,0,0,1.59959636508935,0,0
"POOLPIDM_02760",0,1.60873602701134,0,9.59757819053611,2.92757821862751,6.47069132261873
"POOLPIDM_02761",19.0666670815006,16.0873602701134,13.9390191834387,19.1951563810722,12.6861722807192,11.8629340914677
"POOLPIDM_02762",1.73333337104551,5.63057609453968,6.19511963708387,1.59959636508935,1.95171881241834,2.15689710753958
"POOLPIDM_02763",2.60000005656826,1.60873602701134,0,3.1991927301787,3.90343762483668,2.15689710753958
"POOLPIDM_02764",0,0,0,0,0,0
"POOLPIDM_02765",0,1.60873602701134,0.774389954635484,0,0,0
"POOLPIDM_02766",0,0.804368013505669,0,0,0,0
"POOLPIDM_02767",6.06666679865928,2.41310404051701,3.87194977317742,14.3963672858042,8.78273465588252,7.54913987638852
"POOLPIDM_02768",0,0,1.54877990927097,0,0,1.07844855376979
"POOLPIDM_02769",5.20000011313653,8.84804814856235,5.42072968244839,4.79878909526806,10.7344534683009,2.15689710753958
"POOLPIDM_02770",12.1333335973186,7.23931212155102,9.29267945562581,1.59959636508935,16.5896099055559,6.47069132261873
"POOLPIDM_02771",53.7333345024108,49.0664488238458,37.9451077771387,73.5814327941102,67.3342990284327,62.5500161186477
"POOLPIDM_02772",32.9333340498647,36.1965606077551,32.5243780946903,44.7886982225019,33.1792198111117,32.3534566130937
"POOLPIDM_02773",0,0,0.774389954635484,0,0,1.07844855376979
"POOLPIDM_02774",4.33333342761377,1.60873602701134,4.6463397278129,4.79878909526806,2.92757821862751,6.47069132261873
"POOLPIDM_02775",0.866666685522754,0,0,0,1.95171881241834,3.23534566130937
"POOLPIDM_02776",47.6666677037515,28.1528804726984,29.4268182761484,76.7806255242889,80.996330715361,76.569847317655
"POOLPIDM_02777",2.60000005656826,5.63057609453968,1.54877990927097,1.59959636508935,3.90343762483668,2.15689710753958
"POOLPIDM_02778",24.2666671946371,25.7397764321814,26.3292584576065,63.9838546035741,65.3825802160143,66.8638103337269
"POOLPIDM_02779",3.46666674209102,2.41310404051701,3.87194977317742,6.39838546035741,10.7344534683009,11.8629340914677
"POOLPIDM_02780",0.866666685522754,0.804368013505669,0,1.59959636508935,1.95171881241834,3.23534566130937
"POOLPIDM_02781",0,0,0.774389954635484,1.59959636508935,2.92757821862751,0
"POOLPIDM_02782",0,0,0,0,0,0
"POOLPIDM_02783",0.866666685522754,2.41310404051701,6.19511963708387,4.79878909526806,5.85515643725501,8.62758843015831
"POOLPIDM_02784",6.93333348418204,5.63057609453968,5.42072968244839,19.1951563810722,18.5413287179742,17.2551768603166
"POOLPIDM_02785",0,0.804368013505669,0,0,0.975859406209169,0
"POOLPIDM_02786",1.73333337104551,1.60873602701134,0.774389954635484,6.39838546035741,7.80687524967335,5.39224276884894
"POOLPIDM_02787",5.20000011313653,0.804368013505669,3.87194977317742,4.79878909526806,2.92757821862751,8.62758843015831
"POOLPIDM_02788",1.73333337104551,4.02184006752834,1.54877990927097,6.39838546035741,9.75859406209169,8.62758843015831
"POOLPIDM_02789",0,0,0,0,0,0
"POOLPIDM_02790",5.20000011313653,1.60873602701134,6.19511963708387,1.59959636508935,5.85515643725501,5.39224276884894
"POOLPIDM_02791",3.46666674209102,1.60873602701134,4.6463397278129,3.1991927301787,5.85515643725501,4.31379421507915
"POOLPIDM_02792",0,0,0,0,2.92757821862751,1.07844855376979
"POOLPIDM_02793",0,0,0,0,0,1.07844855376979
"POOLPIDM_02794",1.73333337104551,0,0,3.1991927301787,2.92757821862751,3.23534566130937
"POOLPIDM_02795",1.73333337104551,1.60873602701134,0.774389954635484,3.1991927301787,1.95171881241834,3.23534566130937
"POOLPIDM_02796",108.333335690344,124.677042093379,113.835323331416,235.140665668135,165.896099055559,169.316422941857
"POOLPIDM_02797",0.866666685522754,0,0,0,0.975859406209169,1.07844855376979
"POOLPIDM_02798",5.20000011313653,12.065520202585,10.0670694102613,0,2.92757821862751,2.15689710753958
"POOLPIDM_02799",27.7333339367281,18.5004643106304,29.4268182761484,11.1971745556255,8.78273465588252,12.9413826452375
"POOLPIDM_02800",6.06666679865928,4.02184006752834,9.29267945562581,0,1.95171881241834,4.31379421507915
"POOLPIDM_02801",2.60000005656826,4.02184006752834,4.6463397278129,7.99798182544676,7.80687524967335,14.0198311990073
"POOLPIDM_02802",12.1333335973186,16.891728283619,16.2621890473452,15.9959636508935,12.6861722807192,10.7844855376979
"POOLPIDM_02803",11.2666669117958,5.63057609453968,10.0670694102613,3.1991927301787,0.975859406209169,4.31379421507915
"POOLPIDM_02804",97.9333354640712,93.3066895666575,93.7011845108936,49.5874873177699,33.1792198111117,46.3732878121009
"POOLPIDM_02805",25.1333338801599,18.5004643106304,29.4268182761484,6.39838546035741,3.90343762483668,6.47069132261873
"POOLPIDM_02806",6.93333348418204,3.21747205402267,4.6463397278129,4.79878909526806,0,3.23534566130937
"POOLPIDM_02807",4.33333342761377,2.41310404051701,6.19511963708387,0,0.975859406209169,1.07844855376979
"POOLPIDM_02808",0.866666685522754,0.804368013505669,0,0,0,0
"POOLPIDM_02809",1.73333337104551,0.804368013505669,1.54877990927097,0,0.975859406209169,0
"POOLPIDM_02810",0,0,0,0,0,0
"POOLPIDM_02811",0,0,0,0,0,0
"POOLPIDM_02812",0.866666685522754,2.41310404051701,0,0,1.95171881241834,1.07844855376979
"POOLPIDM_02813",0,0,0,0,0,0
"POOLPIDM_02814",0.866666685522754,0,1.54877990927097,1.59959636508935,1.95171881241834,0
"POOLPIDM_02815",1.73333337104551,0,1.54877990927097,1.59959636508935,0,0
"POOLPIDM_02816",0.866666685522754,0.804368013505669,0.774389954635484,4.79878909526806,1.95171881241834,4.31379421507915
"POOLPIDM_02817",6.06666679865928,11.2611521890794,9.29267945562581,14.3963672858042,22.4447663428109,22.6474196291656
"POOLPIDM_02818",1.73333337104551,0,0,3.1991927301787,0,1.07844855376979
"POOLPIDM_02819",0,0,0,0,0,0
"POOLPIDM_02820",8.66666685522754,4.82620808103401,10.0670694102613,4.79878909526806,2.92757821862751,4.31379421507915
"POOLPIDM_02821",2.60000005656826,0.804368013505669,0.774389954635484,0,1.95171881241834,0
"POOLPIDM_02822",0.866666685522754,0,0,1.59959636508935,0,0
"POOLPIDM_02823",0.866666685522754,0.804368013505669,0,0,0.975859406209169,0
"POOLPIDM_02824",53.7333345024108,51.4795528643628,50.3353470513065,9.59757819053611,10.7344534683009,17.2551768603166
"POOLPIDM_02825",3.46666674209102,4.82620808103401,1.54877990927097,0,1.95171881241834,1.07844855376979
"POOLPIDM_02826",6.93333348418204,2.41310404051701,5.42072968244839,17.5955600159829,8.78273465588252,10.7844855376979
"POOLPIDM_02827",1.73333337104551,4.02184006752834,4.6463397278129,1.59959636508935,1.95171881241834,2.15689710753958
"POOLPIDM_02828",6.06666679865928,15.2829922566077,20.9085287751581,4.79878909526806,8.78273465588252,11.8629340914677
"POOLPIDM_02829",13.0000002828413,5.63057609453968,15.4877990927097,7.99798182544676,3.90343762483668,11.8629340914677
"POOLPIDM_02830",37.2666674774784,27.3485124591927,34.0731580039613,31.991927301787,37.0826574359484,36.6672508281728
"POOLPIDM_02831",4.33333342761377,3.21747205402267,6.19511963708387,4.79878909526806,1.95171881241834,1.07844855376979
"POOLPIDM_02832",51.1333344458425,61.9363370399365,58.0792465976613,19.1951563810722,30.2516415924842,28.0396623980145
"POOLPIDM_02833",24.2666671946371,17.6960962971247,18.5853589112516,7.99798182544676,15.6137504993467,8.62758843015831
"POOLPIDM_02834",38.1333341630012,37.8052966347664,37.9451077771387,17.5955600159829,9.75859406209169,17.2551768603166
"POOLPIDM_02835",212.333337953075,189.026483173832,186.627979067152,43.1891018574125,28.2999227800659,42.0594935970218
"POOLPIDM_02836",11.2666669117958,7.23931212155102,6.96950959171936,4.79878909526806,6.83101584346418,11.8629340914677
"POOLPIDM_02837",10.4000002262731,8.84804814856235,10.8414593648968,15.9959636508935,11.71031287451,7.54913987638852
"POOLPIDM_02838",0.866666685522754,0,0,1.59959636508935,0,0
"POOLPIDM_02839",6.06666679865928,4.02184006752834,3.87194977317742,4.79878909526806,0.975859406209169,6.47069132261873
"POOLPIDM_02840",6.06666679865928,6.43494410804535,5.42072968244839,6.39838546035741,9.75859406209169,6.47069132261873
"POOLPIDM_02841",4.33333342761377,4.82620808103401,1.54877990927097,12.7967709207148,14.6378910931375,10.7844855376979
"POOLPIDM_02842",5.20000011313653,7.23931212155102,2.32316986390645,7.99798182544676,0.975859406209169,4.31379421507915
"POOLPIDM_02843",2.60000005656826,6.43494410804535,2.32316986390645,9.59757819053611,2.92757821862751,4.31379421507915
"POOLPIDM_02844",0.866666685522754,1.60873602701134,3.87194977317742,0,0.975859406209169,1.07844855376979
"POOLPIDM_02845",21.6666671380689,18.5004643106304,24.7804785483355,9.59757819053611,6.83101584346418,3.23534566130937
"POOLPIDM_02846",2.60000005656826,4.02184006752834,3.87194977317742,0,2.92757821862751,0
"POOLPIDM_02847",13.0000002828413,14.478624243102,17.8109689566161,22.3943491112509,15.6137504993467,18.3336254140864
"POOLPIDM_02848",10.4000002262731,11.2611521890794,8.51828950099032,11.1971745556255,7.80687524967335,8.62758843015831
"POOLPIDM_02849",6.06666679865928,8.84804814856235,6.96950959171936,15.9959636508935,9.75859406209169,20.490522521626
"POOLPIDM_02850",84.0666684957072,90.0892175126349,91.3780146469871,17.5955600159829,33.1792198111117,24.8043167367051
"POOLPIDM_02851",6.06666679865928,5.63057609453968,4.6463397278129,0,0,1.07844855376979
"POOLPIDM_02852",5.20000011313653,7.23931212155102,5.42072968244839,3.1991927301787,3.90343762483668,3.23534566130937
"POOLPIDM_02853",6.06666679865928,1.60873602701134,3.87194977317742,1.59959636508935,0,2.15689710753958
"POOLPIDM_02854",28.6000006222509,29.7616164997097,28.6524283215129,49.5874873177699,46.8412514980401,25.8827652904749
"POOLPIDM_02855",26.0000005656826,23.3266723916644,25.554868502971,54.386276413038,25.3723445614384,26.9612138442447
"POOLPIDM_02856",10.4000002262731,13.6742562295964,14.7134091380742,9.59757819053611,14.6378910931375,14.0198311990073
"POOLPIDM_02857",0,0,0,0,0,0
"POOLPIDM_02858",6.06666679865928,7.23931212155102,7.74389954635484,6.39838546035741,3.90343762483668,4.31379421507915
"POOLPIDM_02859",3.46666674209102,2.41310404051701,4.6463397278129,6.39838546035741,13.6620316869284,6.47069132261873
"POOLPIDM_02860",91.0000019798892,98.1328976476915,78.2133854181839,132.766498302416,120.030706963728,116.472443807137
"POOLPIDM_02861",175.066670475596,164.895442768662,160.298720609545,223.943491112509,190.292584210788,209.219019431339
"POOLPIDM_02862",53.7333345024108,59.5232329994195,51.8841269605774,62.3842582384847,48.7929703104584,59.3146704573384
"POOLPIDM_02863",12.1333335973186,9.65241616206802,6.19511963708387,3.1991927301787,8.78273465588252,5.39224276884894
"POOLPIDM_02864",62.4000013576383,75.6105932695328,67.3719260532871,65.5834509686634,71.2377366532693,63.6284646724175
"POOLPIDM_02865",30.3333339932964,41.8271367022948,34.0731580039613,38.3903127621445,35.1309386235301,46.3732878121009
"POOLPIDM_02866",121.333335973186,169.721650849696,137.067021970481,100.774571000629,114.175550526473,102.45261260813
"POOLPIDM_02867",26.8666672512054,19.304832324136,27.1036484122419,3.1991927301787,14.6378910931375,5.39224276884894
"POOLPIDM_02868",45.0666676471832,62.7407050534421,60.4024164615677,17.5955600159829,14.6378910931375,16.1767283065468
"POOLPIDM_02869",5.20000011313653,4.82620808103401,2.32316986390645,3.1991927301787,0.975859406209169,1.07844855376979
"POOLPIDM_02870",22.5333338235916,28.9572484862041,22.457308684429,6.39838546035741,12.6861722807192,12.9413826452375
"POOLPIDM_02871",16.4666670249323,9.65241616206802,17.8109689566161,0,5.85515643725501,10.7844855376979
"POOLPIDM_02872",0,4.82620808103401,2.32316986390645,0,0,0
"POOLPIDM_02873",11.2666669117958,12.065520202585,7.74389954635484,19.1951563810722,30.2516415924842,29.1181109517843
"POOLPIDM_02874",16.4666670249323,15.2829922566077,11.6158493195323,27.193138206519,19.5171881241834,16.1767283065468
"POOLPIDM_02875",80.6000017536162,60.3276010129251,61.1768064162032,84.7786073497357,72.2135960594785,80.8836415327341
"POOLPIDM_02876",22.5333338235916,18.5004643106304,20.9085287751581,11.1971745556255,17.565469311765,10.7844855376979
"POOLPIDM_02877",24.2666671946371,10.4567841755737,15.4877990927097,12.7967709207148,12.6861722807192,20.490522521626
"POOLPIDM_02878",29.4666673077737,24.9354084186757,37.9451077771387,20.7947527461616,24.3964851552292,21.5689710753958
"POOLPIDM_02879",25.1333338801599,21.717936364653,30.2012082307839,19.1951563810722,22.4447663428109,18.3336254140864
"POOLPIDM_02880",52.0000011313653,33.7834565672381,48.7865671420355,9.59757819053611,18.5413287179742,17.2551768603166
"POOLPIDM_02881",64.1333347286838,78.0236973100498,65.8231461440161,73.5814327941102,116.127269338891,98.1388183930508
"POOLPIDM_02882",135.20000294155,126.28577812039,136.292632015845,212.746316556884,249.820007989547,269.612138442447
"POOLPIDM_02883",30.3333339932964,30.5659845132154,28.6524283215129,31.991927301787,13.6620316869284,20.490522521626
"POOLPIDM_02884",66.7333347852521,72.3931212155102,81.3109452367258,65.5834509686634,76.1170336843152,89.5112299628925
"POOLPIDM_02885",21.6666671380689,31.3703525267211,36.3963278678677,25.5935418414296,38.0585168421576,30.1965595055541
"POOLPIDM_02886",13.8666669683641,27.3485124591927,15.4877990927097,3.1991927301787,6.83101584346418,3.23534566130937
"POOLPIDM_02887",4.33333342761377,1.60873602701134,4.6463397278129,0,0.975859406209169,0
"POOLPIDM_02888",13.8666669683641,13.6742562295964,8.51828950099032,4.79878909526806,2.92757821862751,12.9413826452375
"POOLPIDM_02889",35.5333341064329,29.7616164997097,35.6219379132323,9.59757819053611,25.3723445614384,20.490522521626
"POOLPIDM_02890",84.9333351812299,74.8062252560272,92.9267945562581,59.185065508306,70.2618772470602,89.5112299628925
"POOLPIDM_02891",117.000002545572,139.960034349986,153.329211017826,67.1830473337528,88.8032059650344,102.45261260813
"POOLPIDM_02892",30.3333339932964,23.3266723916644,27.1036484122419,31.991927301787,43.9136732794126,26.9612138442447
"POOLPIDM_02893",50.2666677603198,52.2839208778685,60.4024164615677,107.172956460987,130.765160432029,162.845731619238
"POOLPIDM_02894",18.2000003959778,23.3266723916644,19.3597488658871,31.991927301787,16.5896099055559,17.2551768603166
"POOLPIDM_02895",0.866666685522754,1.60873602701134,1.54877990927097,1.59959636508935,0,0
"POOLPIDM_02896",23.4000005091144,29.7616164997097,20.9085287751581,14.3963672858042,34.1550792173209,17.2551768603166
"POOLPIDM_02897",8.66666685522754,4.02184006752834,10.8414593648968,11.1971745556255,6.83101584346418,3.23534566130937
"POOLPIDM_02898",288.600006279077,352.313189915483,291.170622942942,487.876891352252,569.901893226155,528.439791347196
"POOLPIDM_02899",14.7333336538868,13.6742562295964,11.6158493195323,52.7866800479486,68.3101584346418,64.7069132261873
"POOLPIDM_02900",74.5333349549569,72.3931212155102,82.0853351913613,57.5854691432167,52.6964079352951,66.8638103337269
"POOLPIDM_02901",30.3333339932964,26.5441444456871,37.1707178225032,17.5955600159829,28.2999227800659,26.9612138442447
"POOLPIDM_02902",50.2666677603198,58.7188649859138,48.0121771874,47.9878909526806,48.7929703104584,59.3146704573384
"POOLPIDM_02903",80.6000017536162,102.959105728726,79.7621653274549,67.1830473337528,72.2135960594785,59.3146704573384
"POOLPIDM_02904",45.933334332706,45.8489767698231,57.3048566430258,38.3903127621445,37.0826574359484,45.2948392583311
"POOLPIDM_02905",226.200004921439,221.201203714059,268.713314258513,145.563269223131,212.737350553599,211.375916538879
"POOLPIDM_02906",20.8000004525461,29.7616164997097,30.9755981854194,51.1870836828593,64.4067208098051,57.1577733497988
"POOLPIDM_02907",13.0000002828413,7.23931212155102,12.3902392741677,17.5955600159829,15.6137504993467,18.3336254140864
"POOLPIDM_02908",49.400001074797,34.5878245807437,48.7865671420355,78.3802218893783,59.5274237787593,61.471567564878
"POOLPIDM_02909",82.3333351246617,78.8280653235555,85.1828950099032,71.9818364290208,97.5859406209169,105.687958269439
"POOLPIDM_02910",10.4000002262731,4.02184006752834,15.4877990927097,4.79878909526806,16.5896099055559,12.9413826452375
"POOLPIDM_02911",302.466673247441,291.985588902558,391.066927090919,1001.34732454593,1396.45481028532,1556.20126308981
"POOLPIDM_02912",230.533338349053,238.897300011184,203.664558069132,271.93138206519,212.737350553599,177.944011372015
"POOLPIDM_02913",4.33333342761377,3.21747205402267,0.774389954635484,1.59959636508935,1.95171881241834,1.07844855376979
"POOLPIDM_02914",18.2000003959778,9.65241616206802,11.6158493195323,15.9959636508935,13.6620316869284,20.490522521626
"POOLPIDM_02915",43.3333342761377,100.546001688209,92.9267945562581,91.1769928100931,118.078988151309,80.8836415327341
"POOLPIDM_02916",244.400005317417,240.506036038195,288.847453079036,75.1810291591996,76.1170336843152,97.060369839281
"POOLPIDM_02917",6.06666679865928,3.21747205402267,9.29267945562581,3.1991927301787,1.95171881241834,2.15689710753958
"POOLPIDM_02918",87.5333352377982,90.0892175126349,109.188983603603,54.386276413038,44.8895326856218,57.1577733497988
"POOLPIDM_02919",30.3333339932964,24.1310404051701,30.9755981854194,19.1951563810722,20.4930475303925,11.8629340914677
"POOLPIDM_02920",11.2666669117958,12.8698882160907,6.19511963708387,1.59959636508935,1.95171881241834,3.23534566130937
"POOLPIDM_02921",33.8000007353874,37.8052966347664,36.3963278678677,30.3923309366977,25.3723445614384,31.2750080593239
"POOLPIDM_02922",52.866667816888,63.5450730669478,49.560957096671,49.5874873177699,57.575704966341,57.1577733497988
"POOLPIDM_02923",13.0000002828413,11.2611521890794,12.3902392741677,17.5955600159829,11.71031287451,16.1767283065468
"POOLPIDM_02924",22.5333338235916,36.1965606077551,34.0731580039613,17.5955600159829,29.2757821862751,19.4120739678562
"POOLPIDM_02925",177.666670532165,135.133826268952,149.457261244648,132.766498302416,161.992661430722,175.787114264476
"POOLPIDM_02926",27.7333339367281,23.3266723916644,25.554868502971,6.39838546035741,9.75859406209169,11.8629340914677
"POOLPIDM_02927",17.3333337104551,22.5223043781587,20.9085287751581,15.9959636508935,13.6620316869284,10.7844855376979
"POOLPIDM_02928",166.400003620369,192.243955227855,211.408457615487,81.579414619557,107.344534683009,111.080201038288
"POOLPIDM_02929",6.06666679865928,4.02184006752834,2.32316986390645,3.1991927301787,2.92757821862751,1.07844855376979
"POOLPIDM_02930",0.866666685522754,2.41310404051701,0.774389954635484,3.1991927301787,0,1.07844855376979
"POOLPIDM_02931",1.73333337104551,1.60873602701134,4.6463397278129,6.39838546035741,2.92757821862751,3.23534566130937
"POOLPIDM_02932",0,0.804368013505669,0,1.59959636508935,0.975859406209169,0
"POOLPIDM_02933",0,0,0,0,0,0
"POOLPIDM_02934",0,0,0,0,0,0
"POOLPIDM_02935",0.866666685522754,0,0.774389954635484,0,0,0
"POOLPIDM_02936",0.866666685522754,3.21747205402267,0.774389954635484,3.1991927301787,2.92757821862751,3.23534566130937
"POOLPIDM_02937",1.73333337104551,0.804368013505669,0,0,1.95171881241834,2.15689710753958
"POOLPIDM_02938",2.60000005656826,0.804368013505669,3.87194977317742,1.59959636508935,1.95171881241834,2.15689710753958
"POOLPIDM_02939",2.60000005656826,3.21747205402267,0,1.59959636508935,0,1.07844855376979
"POOLPIDM_02940",0,0,0,0,0.975859406209169,0
"POOLPIDM_02941",0,0,0,0,0,0
"POOLPIDM_02942",7.80000016970479,10.4567841755737,6.19511963708387,20.7947527461616,23.4206257490201,30.1965595055541
"POOLPIDM_02943",0,0.804368013505669,0,0,0.975859406209169,1.07844855376979
"POOLPIDM_02944",0,2.41310404051701,0,1.59959636508935,1.95171881241834,1.07844855376979
"POOLPIDM_02945",1.73333337104551,4.02184006752834,2.32316986390645,0,2.92757821862751,3.23534566130937
"POOLPIDM_02946",1.73333337104551,0,1.54877990927097,4.79878909526806,0.975859406209169,5.39224276884894
"POOLPIDM_02947",2.60000005656826,7.23931212155102,5.42072968244839,17.5955600159829,14.6378910931375,20.490522521626
"POOLPIDM_02948",19.0666670815006,17.6960962971247,20.9085287751581,20.7947527461616,27.3240633738567,29.1181109517843
"POOLPIDM_02949",1.73333337104551,1.60873602701134,1.54877990927097,0,3.90343762483668,3.23534566130937
"POOLPIDM_02950",2.60000005656826,1.60873602701134,3.87194977317742,6.39838546035741,1.95171881241834,6.47069132261873
"POOLPIDM_02951",6.06666679865928,8.84804814856235,10.0670694102613,12.7967709207148,23.4206257490201,23.7258681829354
"POOLPIDM_02952",12.1333335973186,13.6742562295964,8.51828950099032,52.7866800479486,39.0343762483668,44.2163907045613
"POOLPIDM_02953",5.20000011313653,4.02184006752834,2.32316986390645,0,2.92757821862751,6.47069132261873
"POOLPIDM_02954",7.80000016970479,11.2611521890794,6.19511963708387,14.3963672858042,3.90343762483668,5.39224276884894
"POOLPIDM_02955",18.2000003959778,19.304832324136,24.7804785483355,27.193138206519,27.3240633738567,31.2750080593239
"POOLPIDM_02956",0,0.804368013505669,3.09755981854194,0,2.92757821862751,2.15689710753958
"POOLPIDM_02957",0,0,2.32316986390645,1.59959636508935,0,2.15689710753958
"POOLPIDM_02958",36.4000007919557,33.7834565672381,39.4938876864097,49.5874873177699,59.5274237787593,51.7655305809499
"POOLPIDM_02959",14.7333336538868,26.5441444456871,13.1646292288032,17.5955600159829,27.3240633738567,30.1965595055541
"POOLPIDM_02960",4.33333342761377,4.82620808103401,1.54877990927097,11.1971745556255,5.85515643725501,11.8629340914677
"POOLPIDM_02961",1.73333337104551,1.60873602701134,0.774389954635484,3.1991927301787,1.95171881241834,3.23534566130937
"POOLPIDM_02962",0,0.804368013505669,0,0,0,1.07844855376979
"POOLPIDM_02963",1.73333337104551,1.60873602701134,0.774389954635484,4.79878909526806,0.975859406209169,0
"POOLPIDM_02964",18.2000003959778,26.5441444456871,12.3902392741677,19.1951563810722,20.4930475303925,31.2750080593239
"POOLPIDM_02965",3.46666674209102,4.82620808103401,5.42072968244839,6.39838546035741,7.80687524967335,5.39224276884894
"POOLPIDM_02966",11.2666669117958,13.6742562295964,14.7134091380742,22.3943491112509,14.6378910931375,24.8043167367051
"POOLPIDM_02967",1.73333337104551,2.41310404051701,3.09755981854194,4.79878909526806,8.78273465588252,4.31379421507915
"POOLPIDM_02968",19.9333337670234,32.1747205402267,30.2012082307839,28.7927345716083,33.1792198111117,21.5689710753958
"POOLPIDM_02969",10.4000002262731,9.65241616206802,9.29267945562581,35.1911200319658,22.4447663428109,18.3336254140864
"POOLPIDM_02970",1.73333337104551,0.804368013505669,2.32316986390645,1.59959636508935,3.90343762483668,3.23534566130937
"POOLPIDM_02971",27.7333339367281,20.1092003376417,19.3597488658871,33.5915236668764,35.1309386235301,50.6870820271801
"POOLPIDM_02972",19.9333337670234,19.304832324136,34.0731580039613,54.386276413038,56.5998455601318,53.9224276884894
"POOLPIDM_02973",0.866666685522754,0.804368013505669,3.09755981854194,0,1.95171881241834,0
"POOLPIDM_02974",0,0,0,0,0,0
"POOLPIDM_02975",0,0,0,0,0,0
"POOLPIDM_02976",2.60000005656826,3.21747205402267,0.774389954635484,7.99798182544676,1.95171881241834,3.23534566130937
"POOLPIDM_02977",7.80000016970479,6.43494410804535,6.19511963708387,47.9878909526806,28.2999227800659,24.8043167367051
"POOLPIDM_02978",1.73333337104551,1.60873602701134,5.42072968244839,11.1971745556255,11.71031287451,11.8629340914677
"POOLPIDM_02979",21.6666671380689,20.9135683511474,21.6829187297936,51.1870836828593,55.6239861539226,55.0008762422592
"POOLPIDM_02980",0,0.804368013505669,0.774389954635484,1.59959636508935,0,1.07844855376979
"POOLPIDM_02981",0,0,0,1.59959636508935,0,0
"POOLPIDM_02982",0,0.804368013505669,0.774389954635484,1.59959636508935,1.95171881241834,0
"POOLPIDM_02983",2.60000005656826,1.60873602701134,2.32316986390645,4.79878909526806,8.78273465588252,4.31379421507915
"POOLPIDM_02984",0,0,0,0,0,0
"POOLPIDM_02985",3.46666674209102,5.63057609453968,5.42072968244839,1.59959636508935,2.92757821862751,2.15689710753958
"POOLPIDM_02986",3.46666674209102,8.84804814856235,6.19511963708387,11.1971745556255,12.6861722807192,7.54913987638852
"POOLPIDM_02987",10.4000002262731,6.43494410804535,8.51828950099032,31.991927301787,33.1792198111117,37.7456993819426
"POOLPIDM_02988",2.60000005656826,4.02184006752834,2.32316986390645,4.79878909526806,0,0
"POOLPIDM_02989",1.73333337104551,0.804368013505669,3.87194977317742,9.59757819053611,3.90343762483668,4.31379421507915
"POOLPIDM_02990",1.73333337104551,0,3.09755981854194,17.5955600159829,6.83101584346418,8.62758843015831
"POOLPIDM_02991",3.46666674209102,0.804368013505669,0,1.59959636508935,0.975859406209169,2.15689710753958
"POOLPIDM_02992",2.60000005656826,0,3.87194977317742,7.99798182544676,8.78273465588252,0
"POOLPIDM_02993",0,0,0,0,0,0
"POOLPIDM_02994",0,0.804368013505669,0,0,0,0
"POOLPIDM_02995",0.866666685522754,0.804368013505669,1.54877990927097,4.79878909526806,7.80687524967335,2.15689710753958
"POOLPIDM_02996",4.33333342761377,2.41310404051701,2.32316986390645,9.59757819053611,1.95171881241834,2.15689710753958
"POOLPIDM_02997",0,2.41310404051701,2.32316986390645,3.1991927301787,5.85515643725501,8.62758843015831
"POOLPIDM_02998",0,0,1.54877990927097,0,0.975859406209169,0
"POOLPIDM_02999",0.866666685522754,3.21747205402267,0.774389954635484,3.1991927301787,0,0
"POOLPIDM_03000",0.866666685522754,0.804368013505669,0,0,0,0
"POOLPIDM_03001",3.46666674209102,4.82620808103401,2.32316986390645,1.59959636508935,6.83101584346418,5.39224276884894
"POOLPIDM_03002",2.60000005656826,1.60873602701134,3.87194977317742,3.1991927301787,9.75859406209169,4.31379421507915
"POOLPIDM_03003",0,0,0,0,0,0
"POOLPIDM_03004",0,0,0,0,0,0
"POOLPIDM_03005",0,0,0,0,0,0
"POOLPIDM_03006",0,0,0,0,0,0
"POOLPIDM_03007",0,0,0,0,0,0
"POOLPIDM_03008",0,0,0,0,0,0
"POOLPIDM_03009",0,0,0,0,0,0
"POOLPIDM_03010",0,0,0,0,0,0
"POOLPIDM_03011",0,0,0,0,0.975859406209169,0
"POOLPIDM_03012",0,0,0,0,0,0
"POOLPIDM_03013",5.20000011313653,4.82620808103401,10.8414593648968,47.9878909526806,42.9378138732034,46.3732878121009
"POOLPIDM_03014",16.4666670249323,10.4567841755737,7.74389954635484,25.5935418414296,33.1792198111117,43.1379421507915
"POOLPIDM_03015",2.60000005656826,3.21747205402267,2.32316986390645,19.1951563810722,8.78273465588252,14.0198311990073
"POOLPIDM_03016",0,0,0,0,0,0
"POOLPIDM_03017",2.60000005656826,0,0,4.79878909526806,0.975859406209169,2.15689710753958
"POOLPIDM_03018",0,0,0,3.1991927301787,4.87929703104584,3.23534566130937
"POOLPIDM_03019",32.9333340498647,26.5441444456871,32.5243780946903,71.9818364290208,55.6239861539226,63.6284646724175
"POOLPIDM_03020",152.533336652005,236.484195970667,171.140179974442,233.541069303045,156.137504993467,182.257805587094
"POOLPIDM_03021",31.2000006788192,30.5659845132154,22.457308684429,22.3943491112509,29.2757821862751,28.0396623980145
"POOLPIDM_03022",79.7333350680934,97.3285296341859,81.3109452367258,78.3802218893783,62.4550019973868,62.5500161186477
"POOLPIDM_03023",3.46666674209102,6.43494410804535,3.09755981854194,17.5955600159829,25.3723445614384,23.7258681829354
"POOLPIDM_03024",0,0.804368013505669,0.774389954635484,6.39838546035741,0.975859406209169,5.39224276884894
"POOLPIDM_03025",49.400001074797,57.9144969724081,50.3353470513065,99.1749746355398,78.0687524967335,67.9422588874967
"POOLPIDM_03026",149.933336595437,149.612450512054,156.426770836368,451.086174955197,391.319621889877,355.88802274403
"POOLPIDM_03027",7.80000016970479,3.21747205402267,4.6463397278129,3.1991927301787,7.80687524967335,10.7844855376979
"POOLPIDM_03028",3.46666674209102,3.21747205402267,6.19511963708387,1.59959636508935,7.80687524967335,15.098279752777
"POOLPIDM_03029",10.4000002262731,6.43494410804535,8.51828950099032,15.9959636508935,17.565469311765,15.098279752777
"POOLPIDM_03030",46.8000010182287,49.0664488238458,45.6890073234936,231.941472937956,343.502510985627,313.828529147008
"POOLPIDM_03031",218.400004751734,201.092003376417,188.176758976423,1169.30494288032,1347.66183997486,1247.76497671165
"POOLPIDM_03032",22.5333338235916,30.5659845132154,27.1036484122419,19.1951563810722,13.6620316869284,11.8629340914677
"POOLPIDM_03033",2.60000005656826,3.21747205402267,3.87194977317742,3.1991927301787,5.85515643725501,7.54913987638852
"POOLPIDM_03034",32.9333340498647,23.3266723916644,32.5243780946903,83.1790109846463,66.3584396222235,61.471567564878
"POOLPIDM_03035",0,0,0.774389954635484,0,0,0
"POOLPIDM_03036",4.33333342761377,7.23931212155102,3.87194977317742,9.59757819053611,1.95171881241834,5.39224276884894
"POOLPIDM_03037",0,0,0,1.59959636508935,2.92757821862751,1.07844855376979
"POOLPIDM_03038",19.9333337670234,16.891728283619,13.9390191834387,20.7947527461616,23.4206257490201,18.3336254140864
"POOLPIDM_03039",3.46666674209102,1.60873602701134,2.32316986390645,1.59959636508935,0,3.23534566130937
"POOLPIDM_03040",78.0000016970479,69.1756491614875,56.5304666883903,259.134611144475,238.109695115037,211.375916538879
"POOLPIDM_03041",473.200010295424,402.98837476634,380.225467726023,1007.74571000629,644.067208098051,747.364847762463
"POOLPIDM_03042",163.800003563801,131.91635421493,155.652380881732,630.240967845205,463.533217949355,510.10616593311
"POOLPIDM_03043",0,0.804368013505669,0,0,0,0
"POOLPIDM_03044",0,0,0,0,0,0
"POOLPIDM_03045",0,0,0,0,0,0
"POOLPIDM_03046",0,0,0,0,0,0
"POOLPIDM_03047",0,0,0,0,0,0
"POOLPIDM_03048",0,0,0,0,0,0
"POOLPIDM_03049",0,0,0,0,0,0
"POOLPIDM_03050",0,0,0,0,0,0
"POOLPIDM_03051",0,0,0,0,0,0
"POOLPIDM_03052",0,0,0,0,0,0
"POOLPIDM_03053",0,0,0,1.59959636508935,0.975859406209169,0
"POOLPIDM_03054",0.866666685522754,0,2.32316986390645,3.1991927301787,1.95171881241834,1.07844855376979
"POOLPIDM_03055",2.60000005656826,2.41310404051701,1.54877990927097,1.59959636508935,5.85515643725501,1.07844855376979
"POOLPIDM_03056",0.866666685522754,0.804368013505669,0,0,1.95171881241834,1.07844855376979
"POOLPIDM_03057",46.8000010182287,61.1319690264308,53.4329068698484,36.7907163970551,39.0343762483668,43.1379421507915
"POOLPIDM_03058",0,0,1.54877990927097,1.59959636508935,0,0
"POOLPIDM_03059",0,0,1.54877990927097,1.59959636508935,0.975859406209169,2.15689710753958
"POOLPIDM_03060",13.8666669683641,16.891728283619,18.5853589112516,23.9939454763403,18.5413287179742,16.1767283065468
"POOLPIDM_03061",31.2000006788192,20.9135683511474,30.2012082307839,23.9939454763403,24.3964851552292,23.7258681829354
"POOLPIDM_03062",0.866666685522754,1.60873602701134,2.32316986390645,3.1991927301787,0,3.23534566130937
"POOLPIDM_03063",25.1333338801599,16.0873602701134,20.9085287751581,35.1911200319658,26.3482039676476,28.0396623980145
"POOLPIDM_03064",19.0666670815006,28.9572484862041,21.6829187297936,19.1951563810722,28.2999227800659,21.5689710753958
"POOLPIDM_03065",4.33333342761377,3.21747205402267,1.54877990927097,1.59959636508935,1.95171881241834,2.15689710753958
"POOLPIDM_03066",0.866666685522754,4.82620808103401,2.32316986390645,7.99798182544676,6.83101584346418,7.54913987638852
"POOLPIDM_03067",0,0,0,0,0,0
"POOLPIDM_03068",0,0,0,0,0,0
"POOLPIDM_03069",12.1333335973186,7.23931212155102,8.51828950099032,43.1891018574125,33.1792198111117,29.1181109517843
"POOLPIDM_03070",5.20000011313653,7.23931212155102,10.8414593648968,33.5915236668764,29.2757821862751,23.7258681829354
"POOLPIDM_03071",0,0,0,0,0,0
"POOLPIDM_03072",36.4000007919557,32.9790885537324,27.8780383668774,30.3923309366977,38.0585168421576,35.588802274403
"POOLPIDM_03073",5.20000011313653,4.82620808103401,3.09755981854194,3.1991927301787,4.87929703104584,5.39224276884894
"POOLPIDM_03074",1.73333337104551,1.60873602701134,2.32316986390645,27.193138206519,31.2275009986934,28.0396623980145
"POOLPIDM_03075",32.0666673643419,31.3703525267211,23.2316986390645,140.764480127863,144.427192118957,159.610385957929
"POOLPIDM_03076",54.6000011879335,57.1101289589025,41.0426675956806,193.551160175812,164.92023964935,191.963842571022
"POOLPIDM_03077",6.06666679865928,3.21747205402267,4.6463397278129,3.1991927301787,14.6378910931375,8.62758843015831
"POOLPIDM_03078",6.93333348418204,8.04368013505668,3.09755981854194,9.59757819053611,1.95171881241834,2.15689710753958
"POOLPIDM_03079",0,0,0,0,0,0
"POOLPIDM_03080",1.73333337104551,0.804368013505669,3.87194977317742,3.1991927301787,0.975859406209169,2.15689710753958
"POOLPIDM_03081",15.6000003394096,17.6960962971247,14.7134091380742,23.9939454763403,12.6861722807192,14.0198311990073
"POOLPIDM_03082",5.20000011313653,5.63057609453968,11.6158493195323,9.59757819053611,11.71031287451,7.54913987638852
"POOLPIDM_03083",68.4666681562976,65.1538090939592,51.1097370059419,124.768516476969,80.0204713091518,81.9620900865039
"POOLPIDM_03084",0.866666685522754,1.60873602701134,0,1.59959636508935,0,1.07844855376979
"POOLPIDM_03085",0,0.804368013505669,0,0,0,0
"POOLPIDM_03086",0,0.804368013505669,0.774389954635484,0,0,0
"POOLPIDM_03087",0,0,0,1.59959636508935,0.975859406209169,1.07844855376979
"POOLPIDM_03088",0,0,0,0,0.975859406209169,0
"POOLPIDM_03089",0,0,0,0,0,0
"POOLPIDM_03090",4.33333342761377,0.804368013505669,2.32316986390645,3.1991927301787,3.90343762483668,7.54913987638852
"POOLPIDM_03091",0.866666685522754,0,2.32316986390645,1.59959636508935,2.92757821862751,0
"POOLPIDM_03092",0,1.60873602701134,0,1.59959636508935,1.95171881241834,3.23534566130937
"POOLPIDM_03093",2.60000005656826,3.21747205402267,1.54877990927097,3.1991927301787,0.975859406209169,1.07844855376979
"POOLPIDM_03094",7.80000016970479,12.8698882160907,11.6158493195323,23.9939454763403,15.6137504993467,11.8629340914677
"POOLPIDM_03095",207.133337839938,152.025554552571,156.426770836368,155.160847413667,147.354770337584,156.375040296619
"POOLPIDM_03096",13.8666669683641,8.04368013505668,10.8414593648968,9.59757819053611,7.80687524967335,9.7060369839281
"POOLPIDM_03097",30.3333339932964,25.7397764321814,40.2682776410452,4.79878909526806,19.5171881241834,18.3336254140864
"POOLPIDM_03098",0,0,0,0,0,0
"POOLPIDM_03099",0.866666685522754,0.804368013505669,0,0,0,0
"POOLPIDM_03100",10.4000002262731,8.84804814856235,4.6463397278129,14.3963672858042,13.6620316869284,4.31379421507915
"POOLPIDM_03101",0,0,0,0,0,0
"POOLPIDM_03102",0.866666685522754,0.804368013505669,0,0,0.975859406209169,0
"POOLPIDM_03103",0,0,0,3.1991927301787,2.92757821862751,1.07844855376979
"POOLPIDM_03104",5.20000011313653,1.60873602701134,3.87194977317742,9.59757819053611,11.71031287451,11.8629340914677
"POOLPIDM_03105",45.0666676471832,46.6533447833288,42.5914475049516,155.160847413667,116.127269338891,112.158649592058
"POOLPIDM_03106",4.33333342761377,4.82620808103401,3.09755981854194,9.59757819053611,16.5896099055559,7.54913987638852
"POOLPIDM_03107",13.8666669683641,12.065520202585,10.0670694102613,12.7967709207148,10.7344534683009,14.0198311990073
"POOLPIDM_03108",37.2666674774784,29.7616164997097,24.7804785483355,30.3923309366977,24.3964851552292,31.2750080593239
"POOLPIDM_03109",3.46666674209102,5.63057609453968,1.54877990927097,1.59959636508935,5.85515643725501,3.23534566130937
"POOLPIDM_03110",0,0,0,0,0,0
"POOLPIDM_03111",0,0.804368013505669,1.54877990927097,1.59959636508935,0.975859406209169,2.15689710753958
"POOLPIDM_03112",2.60000005656826,0.804368013505669,1.54877990927097,17.5955600159829,26.3482039676476,18.3336254140864
"POOLPIDM_03113",62.4000013576383,76.4149612830385,65.0487561893807,359.909182145104,489.881421917003,499.321680395412
"POOLPIDM_03114",3.46666674209102,3.21747205402267,1.54877990927097,12.7967709207148,16.5896099055559,22.6474196291656
"POOLPIDM_03115",10.4000002262731,8.04368013505668,10.0670694102613,11.1971745556255,21.4689069366017,17.2551768603166
"POOLPIDM_03116",0,0,0,0,0,0
"POOLPIDM_03117",6.06666679865928,8.84804814856235,6.96950959171936,6.39838546035741,16.5896099055559,6.47069132261873
"POOLPIDM_03118",9.5333335407503,9.65241616206802,8.51828950099032,14.3963672858042,8.78273465588252,16.1767283065468
"POOLPIDM_03119",0.866666685522754,0,2.32316986390645,1.59959636508935,2.92757821862751,2.15689710753958
"POOLPIDM_03120",148.200003224391,130.307618187918,96.7987443294355,380.703934891266,269.337196113731,267.455241334908
"POOLPIDM_03121",134.333336256027,113.415889904299,101.445084057248,161.559232874025,129.789301025819,139.119863436303
"POOLPIDM_03122",96.2000020930257,102.15473771522,108.414593648968,129.567305572238,126.861722807192,118.629340914677
"POOLPIDM_03123",9.5333335407503,15.2829922566077,6.96950959171936,4.79878909526806,6.83101584346418,3.23534566130937
"POOLPIDM_03124",2.60000005656826,4.02184006752834,0.774389954635484,1.59959636508935,1.95171881241834,3.23534566130937
"POOLPIDM_03125",4.33333342761377,4.82620808103401,3.87194977317742,7.99798182544676,6.83101584346418,9.7060369839281
"POOLPIDM_03126",37.2666674774784,28.9572484862041,41.8170575503161,60.7846618733954,36.1067980297392,60.3931190111082
"POOLPIDM_03127",34.6666674209102,38.6096646482721,37.1707178225032,33.5915236668764,40.0102356545759,39.9025964894822
"POOLPIDM_03128",97.9333354640712,83.6542734045895,75.115825599642,222.34389474742,148.330629743794,157.453488850389
"POOLPIDM_03129",8.66666685522754,10.4567841755737,10.0670694102613,20.7947527461616,23.4206257490201,26.9612138442447
"POOLPIDM_03130",0.866666685522754,0,1.54877990927097,0,0.975859406209169,0
"POOLPIDM_03131",0,0,0,0,0,0
"POOLPIDM_03132",6.06666679865928,1.60873602701134,4.6463397278129,11.1971745556255,13.6620316869284,10.7844855376979
"POOLPIDM_03133",32.0666673643419,41.0227686887891,40.2682776410452,111.971745556255,66.3584396222235,75.4913987638852
"POOLPIDM_03134",22.5333338235916,26.5441444456871,24.0060885937,33.5915236668764,25.3723445614384,25.8827652904749
"POOLPIDM_03135",9.5333335407503,16.891728283619,9.29267945562581,11.1971745556255,9.75859406209169,7.54913987638852
"POOLPIDM_03136",2.60000005656826,2.41310404051701,2.32316986390645,1.59959636508935,3.90343762483668,3.23534566130937
"POOLPIDM_03137",0,0,1.54877990927097,1.59959636508935,0,0
"POOLPIDM_03138",7.80000016970479,4.82620808103401,4.6463397278129,12.7967709207148,7.80687524967335,1.07844855376979
