"","baseMean","log2FoldChange","lfcSE","stat","pvalue","padj"
"AENJPLPP_02293",5462.63326230955,7.91424119677679,0.205853365776867,38.4460130972809,1.97626258336499e-323,5.23314332075048e-320
"AENJPLPP_00980",2211.20494110694,6.89161657474233,0.212952967807592,32.3621532289189,9.35917401812309e-230,1.2391546399995e-226
"AENJPLPP_00978",1619.8069583773,6.16003712731169,0.201833288333856,30.5204219688591,1.3965743309447e-204,1.23270960944719e-201
"AENJPLPP_01557",1169.65669571468,5.24630231222478,0.193551349220419,27.1054804492746,8.48556169660239e-162,5.61744184315078e-159
"AENJPLPP_02292",369.995727991503,5.32330997498254,0.233489799416781,22.7988973748716,4.70208827648807e-115,2.49022595122808e-112
"AENJPLPP_02159",580.992540914391,4.03222979831623,0.179654917179888,22.4443052359027,1.45458832633033e-111,6.41958314687119e-109
"AENJPLPP_00582",556.16010006974,7.13934407944717,0.324216010311999,22.0203316689291,1.8391292456381e-107,6.95716320349957e-105
"AENJPLPP_01633",408.686518526794,4.80384137598645,0.223562256846985,21.4877119409042,2.02864983913084e-102,6.71483096752308e-100
"AENJPLPP_02308",413.530050801337,6.86577420871483,0.326151088492547,21.0509007970756,2.24374915021908e-98,6.60160861086681e-96
"AENJPLPP_02310",254.621399261678,3.91343206702833,0.207362870978003,18.8723856328333,1.92412871259949e-79,5.09509283096344e-77
"AENJPLPP_00580",275.013006799107,6.12009070305897,0.324580726703069,18.8553731000107,2.6545959908693e-79,6.39033653074718e-77
"AENJPLPP_00586",509.207481751905,8.29604126960263,0.447237392774058,18.5495251596589,8.22755883031416e-77,1.81554798188932e-74
"AENJPLPP_03059",730.131793464958,2.64796996638001,0.144003876944717,18.388185252794,1.63357014897034e-75,3.32745673421035e-73
"AENJPLPP_00584",370.953754249617,7.60937216746708,0.417657431815194,18.219170994745,3.63622123553119e-74,6.877652736919e-72
"AENJPLPP_00119",963.652958256336,3.07018640729421,0.169623870128269,18.0999667380101,3.18860305015966e-73,5.62894725121518e-71
"AENJPLPP_00058",1074.29814865318,2.60523735855165,0.149221571188732,17.4588522141789,2.94801955826752e-68,4.87897236893274e-66
"AENJPLPP_00043",1705.10672984608,2.75254488783701,0.161826566522745,17.0092275142607,7.01567057497706e-65,1.09279386367878e-62
"AENJPLPP_00830",225.509190150141,-4.61298970555524,0.271832614406906,-16.9699640921308,1.37015814224538e-64,2.01565486703654e-62
"AENJPLPP_00591",187.194352811397,3.92414390065976,0.232754897499754,16.8595545907425,8.92591539207164e-64,1.2439907346424e-61
"AENJPLPP_00828",204.930433447891,-5.19249656005413,0.314555818046797,-16.5073931625122,3.24605277532714e-61,4.29777387453314e-59
"AENJPLPP_01498",936.126401664992,-2.44568603755565,0.150261600619638,-16.2761878448672,1.45665214757246e-59,1.83676899370089e-57
"AENJPLPP_02416",267.662218523667,2.88401063450113,0.184520702269358,15.6297401810835,4.56661271969357e-55,5.49654112806753e-53
"AENJPLPP_01556",177.619533529033,3.3053585445886,0.213733069270466,15.4648906501496,5.98748527368048e-54,6.893417828133e-52
"AENJPLPP_00581",299.609549190122,8.11597465373378,0.539611572979924,15.0404013926435,3.99122650967993e-51,4.40365324901352e-49
"AENJPLPP_00589",269.006593415113,7.96018361287381,0.537177428037399,14.8185370371139,1.11179530545824e-49,1.17761358754137e-47
"AENJPLPP_01491",367.902482019562,-2.78607208176705,0.188363459874025,-14.7909370725636,1.6760401363584e-49,1.70698241579886e-47
"AENJPLPP_01153",168.535822814151,-3.81122182351564,0.259999610761269,-14.6585674199916,1.18752081012248e-48,1.16465003896456e-46
"AENJPLPP_02294",115.32353440172,4.24101562476724,0.290613417886316,14.5933235141478,3.09733376921161e-48,2.92919279316869e-46
"AENJPLPP_00592",115.870736851646,3.7403525394222,0.259127451843938,14.4344125364026,3.14312326005638e-47,2.86999668711355e-45
"AENJPLPP_00837",139.835629128105,-4.25554785793415,0.296727095532971,-14.3416220560865,1.20212549455237e-46,1.06107610319156e-44
"AENJPLPP_00834",147.551162757468,-4.92672331039621,0.343681904052153,-14.3351257436254,1.32007236916494e-46,1.12759730114476e-44
"AENJPLPP_01154",201.888363593669,-3.01025766897912,0.215356059191528,-13.9780495625709,2.12224725926767e-44,1.75615960704399e-42
"AENJPLPP_00979",473.871279683624,2.20723069105039,0.158305075580982,13.9428927528055,3.47562490807684e-44,2.78892568381439e-42
"AENJPLPP_01484",662.491674489053,-2.49017573058865,0.18950017794491,-13.1407566873767,1.92294137954378e-39,1.49763199206822e-37
"AENJPLPP_01500",147.647462055988,-3.10420022417762,0.236855224648248,-13.1058971943205,3.04638249580892e-39,2.30480595682915e-37
"AENJPLPP_01504",260.601209812736,-2.42044138506096,0.184864825821537,-13.093033649341,3.60900188163903e-39,2.65462138405005e-37
"AENJPLPP_01157",356.186219863189,2.24058654782455,0.172406471827448,12.9959538297787,1.28989456465489e-38,9.23146164109767e-37
"AENJPLPP_01021",244.303449952665,-2.53250124059205,0.195254102875289,-12.9702843796814,1.80359944377781e-38,1.25682403345359e-36
"AENJPLPP_00712",123.734141169269,3.04840064658087,0.235163855597881,12.9628791755885,1.98648956432014e-38,1.34877547854352e-36
"AENJPLPP_00583",87.9239180659679,5.23012531943166,0.406044516234541,12.8806697549651,5.78315117799471e-38,3.8284460798325e-36
"AENJPLPP_00314",99.4994741434514,5.91185715889185,0.460676116745064,12.8330011997636,1.07132316319002e-37,6.91917984421262e-36
"AENJPLPP_00193",121.78322341428,-5.46076320627744,0.427118518358145,-12.7851239680938,1.98545970281553e-37,1.25178506977513e-35
"AENJPLPP_03060",172.293766332484,2.67304880532291,0.212306384372577,12.5905248361819,2.38085069497454e-36,1.46616107913781e-34
"AENJPLPP_00833",116.008455581652,-5.27899003734366,0.420839219647526,-12.5439592863162,4.29013503546919e-36,2.58188126680055e-34
"AENJPLPP_01481",293.420848018411,-2.34021845994994,0.18675278621823,-12.5311033229527,5.04558195856878e-36,2.96904467250892e-34
"AENJPLPP_01502",329.181711593191,-2.54824944564867,0.203434523627078,-12.5261405990261,5.37135556765025e-36,3.0920325093778e-34
"AENJPLPP_01540",103.139863180201,3.56090565077467,0.287516148926747,12.3850631140789,3.14837114439106e-35,1.77380570007394e-33
"AENJPLPP_00835",115.461195299599,-5.60764940131043,0.457623223287193,-12.2538567012173,1.60192617668725e-34,8.83729274139132e-33
"AENJPLPP_01483",192.932861379957,-2.35250042366012,0.193277512443114,-12.1716199361399,4.40257308023225e-34,2.37918643192959e-32
"AENJPLPP_00449",105.153036085159,3.00264784761702,0.246848893908784,12.1639104800954,4.83858017406592e-34,2.56251206018531e-32
"AENJPLPP_00847",73.5497055647937,4.21604652961216,0.349243715053737,12.0719324296601,1.48603170423532e-33,7.7157097114022e-32
"AENJPLPP_01487",326.604363511058,-2.43363406248119,0.203330479175455,-11.9688601155619,5.17344801883763e-33,2.63447891420808e-31
"AENJPLPP_00392",69.3932558851225,4.62807866373509,0.388687462362783,11.9069409535404,1.08899529180708e-32,5.4408670428399e-31
"AENJPLPP_02150",247.556039902203,2.44735653846607,0.205815490207878,11.8910220799911,1.31783926456947e-32,6.4622932825555e-31
"AENJPLPP_00838",99.039961095619,-4.87212003977937,0.41083950077442,-11.8589376887947,1.93413422251731e-32,9.3119771295015e-31
"AENJPLPP_02094",234.260111770398,-2.10816604247396,0.179022139010315,-11.7760074487351,5.18933819639118e-32,2.45381563286497e-30
"AENJPLPP_01714",194.463949106989,2.22237842884375,0.190262469777836,11.6805927697604,1.60174607348453e-31,7.44109403962637e-30
"AENJPLPP_00585",211.43837984879,8.61734134257694,0.744825881465652,11.5696051345852,5.87524375367425e-31,2.68235266547059e-29
"AENJPLPP_00316",79.508754665049,3.31875553692325,0.287188672363951,11.5560112785975,6.88323943619198e-31,3.08929119102311e-29
"AENJPLPP_00829",86.8347069970249,-4.01410362748116,0.349914295228783,-11.471676585424,1.83077413683643e-30,8.07981652390477e-29
"AENJPLPP_01475",924.921428216066,-1.69769163603348,0.14857751176732,-11.4263027818918,3.08986672699112e-30,1.34130608083155e-28
"AENJPLPP_01473",152.067155613174,-2.49027056369338,0.220019909676839,-11.3183873557218,1.06411376505651e-29,4.54479556430587e-28
"AENJPLPP_00494",135.782900286294,2.29341660431987,0.20314924308682,11.289318972947,1.48180334902404e-29,6.22827820351691e-28
"AENJPLPP_01212",825.196225906852,2.0203470077744,0.179632169792392,11.247133573621,2.39241048544803e-29,9.89859838354124e-28
"AENJPLPP_02049",349.780818661943,-1.7560354222506,0.156343258761888,-11.2319228609982,2.84224820942223e-29,1.15788819362309e-27
"AENJPLPP_00310",59.5580714665205,4.93415763792107,0.444787794733585,11.0932846996768,1.35229258411283e-28,5.42556176171328e-27
"AENJPLPP_01492",102.289221934804,-2.87286322052214,0.260181430931323,-11.0417688542902,2.40256275035184e-28,9.4955017357189e-27
"AENJPLPP_00194",79.9566086730261,-4.95110257383334,0.451139034075346,-10.9746712207715,5.05895560369851e-28,1.97001682920495e-26
"AENJPLPP_01020",113.4783934404,-2.99079372812692,0.272575475549341,-10.9723507666981,5.19050851868166e-28,1.99195167499551e-26
"AENJPLPP_01652",278.745412662234,1.96883786802734,0.179644213517072,10.9596509093249,5.97293197843587e-28,2.2594748398426e-26
"AENJPLPP_01558",76.7184313190494,3.15231080258834,0.288287738320393,10.9345989564252,7.87534147265147e-28,2.9371696083917e-26
"AENJPLPP_01493",143.726139784862,-2.36060436037642,0.216796311251931,-10.8885817602,1.30659104771546e-27,4.80535151993131e-26
"AENJPLPP_00124",125.357636825166,-2.7253860008988,0.250416695432438,-10.8834037450754,1.3830030760947e-27,5.0167015691764e-26
"AENJPLPP_00313",69.987925702199,3.19186376938646,0.293438665541055,10.8774478083901,1.47638853002189e-27,5.28307679391618e-26
"AENJPLPP_00324",64.904343722023,3.46657813525736,0.319357671317182,10.8548453555525,1.89126655797307e-27,6.67743179401692e-26
"AENJPLPP_02359",94.5009107828404,2.76810500700307,0.256358912775853,10.7977716749929,3.52658310213261e-27,1.22873579663778e-25
"AENJPLPP_03048",347.250933349311,1.85380742756633,0.171766932325606,10.7925745803751,3.7318589129047e-27,1.28337174043787e-25
"AENJPLPP_01825",68.3502971981241,3.46111537206305,0.321154920531945,10.777089656077,4.41638241399739e-27,1.49930520926476e-25
"AENJPLPP_01488",168.450280805522,-2.25720964637245,0.209655018536949,-10.7663039126089,4.96536299367068e-27,1.66433939332151e-25
"AENJPLPP_01477",130.613830462954,-2.82767715625665,0.267671835956663,-10.563969668869,4.37749206597644e-26,1.4489498738382e-24
"AENJPLPP_02296",195.443600528849,1.91666434101274,0.181826151345762,10.5411918298155,5.57873659931325e-26,1.82376475493599e-24
"AENJPLPP_00230",169.01367295593,-2.04934180057784,0.19585273094842,-10.4636876425152,1.26821683483491e-25,4.09541241297906e-24
"AENJPLPP_01530",273.44351817483,1.91184610436093,0.183553863142861,10.4157225112333,2.1019542001607e-25,6.70599364099461e-24
"AENJPLPP_02528",124.850887778401,2.23414226086976,0.215628667541882,10.3610632405165,3.72794732508544e-25,1.17519101390789e-23
"AENJPLPP_00106",233.027339910682,1.92671040399873,0.186403544957167,10.3362326314205,4.83159942090851e-25,1.50518532547832e-23
"AENJPLPP_01023",137.475644673833,-2.46567254564569,0.239489253985785,-10.2955456439479,7.37999717843177e-25,2.27235261959155e-23
"AENJPLPP_01578",1405.13184618802,1.6021466216923,0.156093802656073,10.2639989187936,1.02377279512449e-24,3.11603489826396e-23
"AENJPLPP_01537",60.7233463848952,3.45721823908915,0.337439649457916,10.2454416505086,1.24057001530429e-24,3.73298795514292e-23
"AENJPLPP_01495",169.677639802308,-2.04527298213831,0.200236319387075,-10.2142957301598,1.71117224772544e-24,5.09121810334491e-23
"AENJPLPP_00826",79.6463868769643,-2.97207311920783,0.291085559952776,-10.2103076486858,1.7829860516636e-24,5.24594118311689e-23
"AENJPLPP_02297",222.438421075386,1.79850533733275,0.177173599823413,10.1510910153957,3.27679447326072e-24,9.53511182988395e-23
"AENJPLPP_01861",70.0894613037055,2.83328566747368,0.279591654019248,10.1336560900299,3.91722811380921e-24,1.12748043971378e-22
"AENJPLPP_02295",80.2998170925978,2.54947631193644,0.251890278851888,10.121376353057,4.44125711578927e-24,1.26456439167849e-22
"AENJPLPP_01288",116.437885394424,-2.38178588303154,0.235463507138492,-10.1153079386975,4.72528712185304e-24,1.33112343602839e-22
"AENJPLPP_02992",88.9247880126428,2.38214292175836,0.242138500118924,9.83793539890764,7.7280415707825e-23,2.15408990309811e-21
"AENJPLPP_01077",144.710396532363,-2.11353571010952,0.215358225138009,-9.81404684569208,9.7959341201363e-23,2.70204516147093e-21
"AENJPLPP_01056",94.3590510155947,2.38069229017787,0.242839581718988,9.80355950757972,1.08686627801688e-22,2.96703289091618e-21
"AENJPLPP_02941",57.23734210538,3.2701464307182,0.333846341435113,9.79536398889605,1.17872105817557e-22,3.184952410254e-21
"AENJPLPP_00613",68.9643887431899,2.75739139236,0.282706647891099,9.75354280816969,1.78140539419215e-22,4.76480957961699e-21
"AENJPLPP_00186",160.89844030835,-1.89072680265996,0.194362588574309,-9.72783299774329,2.29428294542652e-22,6.07526123948942e-21
"AENJPLPP_01559",212.569550237686,-2.41549864420611,0.248666145236691,-9.71382188720119,2.63275883457298e-22,6.90252019202896e-21
"AENJPLPP_00322",52.2441538764331,3.20593637007032,0.33045140269457,9.7016878849006,2.96551559905748e-22,7.69871108461196e-21
"AENJPLPP_00141",125.7076454542,2.17797837262262,0.225754699107543,9.64754391041534,5.03470998056038e-22,1.29436039111882e-20
"AENJPLPP_01358",153.581037819568,-2.19009912319074,0.227623993751808,-9.62156531520458,6.4836869601484e-22,1.65084644908394e-20
"AENJPLPP_00171",87.2645981306125,2.90775167227618,0.306316626106075,9.49263417150998,2.25268403360898e-21,5.68105459142531e-20
"AENJPLPP_02298",346.32647705935,1.66623243300322,0.175791281778249,9.4784702412323,2.58038041567652e-21,6.42986263771617e-20
"AENJPLPP_02338",61.359145015013,-3.42879122838945,0.361772580455969,-9.47775318977433,2.59816957037625e-21,6.42986263771617e-20
"AENJPLPP_00328",130.850812125198,1.94683719785214,0.20838648523515,9.34243502238286,9.41436169570833e-21,2.30826201576256e-19
"AENJPLPP_00427",114.762865744974,2.03275343985761,0.217722852320281,9.33642664605243,9.96401938019228e-21,2.42061681823387e-19
"AENJPLPP_02879",302.20318418686,-1.58916072218405,0.170984209120172,-9.29419582288533,1.48323167517322e-20,3.57054315987153e-19
"AENJPLPP_00813",137.689865466689,-1.98303918842797,0.213550293391906,-9.28605227803974,1.60117088836572e-20,3.81973019134453e-19
"AENJPLPP_00824",77.9810293243069,-2.58512501170907,0.279454034349271,-9.2506269151874,2.23179778625391e-20,5.27660762321461e-19
"AENJPLPP_01478",160.731901097273,-1.8722163957556,0.204026685752116,-9.17633097285256,4.46029870313834e-20,1.04520981999206e-18
"AENJPLPP_00874",111.647607019454,-2.1178180655131,0.231190306238367,-9.16049682173759,5.16589299823726e-20,1.19993725081862e-18
"AENJPLPP_01486",75.3081727729246,-2.54565032375946,0.278630058474513,-9.13630904611218,6.46201848308436e-20,1.48794999506151e-18
"AENJPLPP_03050",152.292123324373,1.81087977380911,0.199326314945456,9.08500101607074,1.03697713928648e-19,2.3671685041643e-18
"AENJPLPP_00483",234.279769044825,1.49645693314516,0.164954703570559,9.07192641830338,1.16931057642909e-19,2.64643966357627e-18
"AENJPLPP_00950",38.6426261001459,4.51428579445639,0.498461080193771,9.05644587678042,1.34770273513184e-19,3.02433630731281e-18
"AENJPLPP_00820",77.4313789528739,-2.54083809175321,0.280871747409178,-9.04625728714421,1.4795258681462e-19,3.29225588138752e-18
"AENJPLPP_01900",196.863317589611,1.98360459311816,0.219871353356442,9.02165999725513,1.85260427979782e-19,4.08808011075386e-18
"AENJPLPP_01485",135.935561012923,-1.91563496943935,0.212642474436062,-9.00871274433626,2.08489205526313e-19,4.56263980358412e-18
"AENJPLPP_00893",149.936642900184,-1.88844251996479,0.212434125639254,-8.889544061163,6.13601698774512e-19,1.33181745766796e-17
"AENJPLPP_01489",93.5656671166813,-2.21163935814436,0.248872934356367,-8.88662065187638,6.29956387147801e-19,1.34716340887565e-17
"AENJPLPP_01905",48.0920166807373,3.36634716291058,0.378817413004665,8.88646362956163,6.30846913521829e-19,1.34716340887565e-17
"AENJPLPP_00140",75.8613772269373,2.25156226545798,0.25486561729547,8.83431154563194,1.00716596901122e-18,2.13358038875337e-17
"AENJPLPP_00823",98.9471958230328,-2.35429942609611,0.266590827787811,-8.83113438535093,1.03619403126673e-18,2.17765221809071e-17
"AENJPLPP_02099",162.137152597349,1.6628503818164,0.188570877044142,8.81817175526605,1.16343697208704e-18,2.42581189140667e-17
"AENJPLPP_00587",108.807719925575,10.5172378454006,1.19334582607921,8.81323553957148,1.21584720157769e-18,2.51528389826386e-17
"AENJPLPP_00605",98.5510688936571,2.03079052992657,0.230599930337453,8.80655309372716,1.29052986609179e-18,2.62915934969775e-17
"AENJPLPP_01476",970.013376494958,-1.40093444445201,0.15907898110301,-8.80653392885919,1.29075043602986e-18,2.62915934969775e-17
"AENJPLPP_00345",49.2585045878325,-4.47483724408326,0.508481609421813,-8.80039152088811,1.36339651741049e-18,2.75593433442975e-17
"AENJPLPP_02618",53.8396039051989,2.77956907180732,0.317169370213112,8.76367434200747,1.88987266556931e-18,3.79119910486933e-17
"AENJPLPP_02488",695.572051662675,-1.36696184534864,0.156193643180147,-8.7517124097813,2.10139365685315e-18,4.18382737093769e-17
"AENJPLPP_02307",36.4531622573439,4.00928012566792,0.459295613974186,8.72919314638449,2.5649586430804e-18,5.06866454244545e-17
"AENJPLPP_00455",120.498105049657,-1.85953021461558,0.214137491179642,-8.68381433055831,3.82713323694353e-18,7.50685097142701e-17
"AENJPLPP_00658",71.204726889376,-2.495144465093,0.28765913891467,-8.67396208758433,4.17339317775571e-18,8.12584201080671e-17
"AENJPLPP_01998",120.396491041347,-1.90062330522297,0.219239485221874,-8.66916515197757,4.35300194143847e-18,8.41368550432778e-17
"AENJPLPP_02991",117.358605415355,1.86093092358411,0.214744531863913,8.6657895660105,4.48394499963934e-18,8.60397562249635e-17
"AENJPLPP_00344",44.7293030831024,-4.33291904766577,0.504186525031614,-8.59388109865507,8.40800292597446e-18,1.60175480201298e-16
"AENJPLPP_02490",487.160134199087,-1.30661006939753,0.152120943343063,-8.58928455663634,8.75125358557737e-18,1.65523710675778e-16
"AENJPLPP_02328",41.2008765997274,3.20819119915286,0.374834666148148,8.55895008890364,1.13900010411891e-17,2.13905835156516e-16
"AENJPLPP_03064",275.800201325196,1.40098510160842,0.164258539080144,8.52914624380568,1.47431712217559e-17,2.74928995740913e-16
"AENJPLPP_02600",63.5446202015753,2.3738055205645,0.280106092777415,8.47466578476333,2.35755378985984e-17,4.36559610877543e-16
"AENJPLPP_00103",102.259083227281,-1.94169125951155,0.230514667617659,-8.42328724492324,3.66065520055425e-17,6.73153817435253e-16
"AENJPLPP_02299",61.1693480261225,2.31316009938951,0.277036482631503,8.34965877929635,6.84604568254172e-17,1.25022958395658e-15
"AENJPLPP_02831",46.5279138534166,-3.35454379449848,0.402995617548625,-8.32402053129952,8.5028869570226e-17,1.54216744261615e-15
"AENJPLPP_00410",40.1255698147212,3.33742266854385,0.40098224854393,8.32311824441829,8.56788980655524e-17,1.54338586447335e-15
"AENJPLPP_01903",33.2923541087182,4.28947120321229,0.518777559872708,8.26842087052647,1.35744954336179e-16,2.42873404785271e-15
"AENJPLPP_02551",90.8980183420864,1.87651688730707,0.227573164090047,8.24577403407974,1.64094506201335e-16,2.91625672765863e-15
"AENJPLPP_01207",169.518274818158,-1.60999452415157,0.195882695298776,-8.2191768991941,2.04904610987834e-16,3.61724939930523e-15
"AENJPLPP_01754",541.445590891247,1.4746156771506,0.180323894266907,8.17759445106005,2.89566437780396e-16,5.07795978306284e-15
"AENJPLPP_02391",135.199358389446,1.72288545693033,0.210790255839383,8.17345873066886,2.99671898832953e-16,5.22059992177408e-15
"AENJPLPP_01503",77.4062703529867,-2.25205127540019,0.277819404491014,-8.10616983189535,5.22404125526077e-16,9.04134721825525e-15
"AENJPLPP_02095",82.9569490015914,-2.1666863810156,0.267434465984412,-8.10174699450253,5.41755205061795e-16,9.31537521430931e-15
"AENJPLPP_01497",69.5947836338244,-2.27412240188631,0.280984586899435,-8.0934062148406,5.80189704060481e-16,9.91188604098164e-15
"AENJPLPP_00624",124.20754271711,1.69477231279214,0.210138541438033,8.0650236800654,7.32216727955619e-16,1.24289095873492e-14
"AENJPLPP_00327",62.7936513648516,2.44985275360651,0.304006929533903,8.05854247257644,7.72094963154401e-16,1.302234052505e-14
"AENJPLPP_00386",346.107888255474,1.28790735965656,0.160302827118571,8.03421488445701,9.41800111919768e-16,1.57840930149591e-14
"AENJPLPP_02873",81.6001851083269,1.95707597663253,0.24372516213246,8.02984788074074,9.75935976211954e-16,1.62533236793035e-14
"AENJPLPP_01924",245.953776278486,1.48796586055846,0.185417808699933,8.02493498866918,1.01579723933408e-15,1.6811444310979e-14
"AENJPLPP_00531",35.2122464839459,3.29134896983505,0.41028980456128,8.02201013343352,1.04028556868215e-15,1.71097899743499e-14
"AENJPLPP_02928",137.761001155097,5.28218362252382,0.658615039839021,8.0201381733021,1.05626280667268e-15,1.72653327905509e-14
"AENJPLPP_01505",91.3147204814101,-1.96737588505907,0.245412978358437,-8.01659267663354,1.08718902778576e-15,1.76618192980165e-14
"AENJPLPP_00390",162.415463682875,1.53090542684734,0.191439266244004,7.99682038530217,1.27673272298443e-15,2.06145625028217e-14
"AENJPLPP_00096",43.4991450963378,2.6647391653066,0.33353788070275,7.98931491587135,1.35690673540659e-15,2.17762971839797e-14
"AENJPLPP_00659",116.288229121706,-1.77395219749298,0.222160405226881,-7.98500612960861,1.40515323436178e-15,2.24147335216264e-14
"AENJPLPP_00323",34.8050625184455,3.1048834815026,0.389025852863007,7.981175180653,1.44946577578959e-15,2.29831459538374e-14
"AENJPLPP_01445",103.548070166161,-1.99152221531058,0.250471419748859,-7.9510956471897,1.84869141126936e-15,2.9138897958579e-14
"AENJPLPP_00593",29.2744987993001,4.9073417085768,0.61985373703024,7.91693494031059,2.43437043923093e-15,3.8143271734222e-14
"AENJPLPP_02366",333.643273409533,-1.36730571132474,0.172891058402566,-7.90848135211856,2.60547663221117e-15,4.05841301299716e-14
"AENJPLPP_00513",45.6729559393363,-2.88311096465057,0.365410336315435,-7.89006406803381,3.02031440514344e-15,4.67707166363733e-14
"AENJPLPP_02414",89.9165503471807,1.80863533213057,0.229374496817617,7.88507596626435,3.14344229194948e-15,4.83943906341989e-14
"AENJPLPP_00895",56.5098758488085,-2.51398666961926,0.320916195748985,-7.83377935710559,4.73419282367924e-15,7.24632520063736e-14
"AENJPLPP_00382",59.7165863819135,-2.31758231770889,0.296539541844684,-7.8154242206348,5.47782251738875e-15,8.33636438278472e-14
"AENJPLPP_00663",325.351675347639,1.34535683043023,0.172627051182627,7.79342994747065,6.52142435334876e-15,9.86784667866715e-14
"AENJPLPP_01963",51.2335038690817,-2.71157262345784,0.350008958068147,-7.74715206840478,9.39763890469069e-15,1.41391748975119e-13
"AENJPLPP_01494",96.4765641285589,-1.85891547687871,0.240538456737632,-7.7281425269404,1.09127127556336e-14,1.6325911512383e-13
"AENJPLPP_00715",74.8320821003027,2.12386804240122,0.275981377275703,7.69569332310236,1.40728978239069e-14,2.09354120436548e-13
"AENJPLPP_02363",37.3689359067136,2.85461635281974,0.371412302949917,7.68584220325268,1.51993754496967e-14,2.24848861401099e-13
"AENJPLPP_00498",57.6208399012895,-2.50429950454066,0.326149077222483,-7.67838905407158,1.61101593914552e-14,2.36998344825408e-13
"AENJPLPP_00192",35.6800205204478,-4.45601238097366,0.581227855892658,-7.66654993527461,1.76684396564172e-14,2.58486343702722e-13
"AENJPLPP_00832",35.7944721475048,-3.85231155155099,0.503059968986812,-7.65775809852202,1.89206836999681e-14,2.75285551854481e-13
"AENJPLPP_01079",58.5091816436243,2.3337811540057,0.305018754705894,7.65127100546975,1.99002442259087e-14,2.87955446503859e-13
"AENJPLPP_01381",95.4180446076369,-1.85948128844361,0.243881816580672,-7.62451795100732,2.44947980517155e-14,3.52512093700775e-13
"AENJPLPP_00331",39.7560826567292,-3.02866506417668,0.397738397391899,-7.61471631614305,2.64271245583446e-14,3.78265004489171e-13
"AENJPLPP_02927",30.1950918077069,3.28052848029159,0.431511917388428,7.60240528267634,2.90676717650061e-14,4.13823628138367e-13
"AENJPLPP_01156",155.864019405022,-1.46255381192923,0.194114886224245,-7.53447528099242,4.90302371730916e-14,6.94289133873511e-13
"AENJPLPP_01551",77.4269368026442,-1.94974221354474,0.260968553996301,-7.47117682834837,7.94807619534416e-14,1.11949498751443e-12
"AENJPLPP_00311",31.6827147367957,3.22360731985331,0.432627644382778,7.4512282368187,9.24752203119455e-14,1.29563165812715e-12
"AENJPLPP_00822",58.1042989392279,-2.19590283852798,0.294763049057019,-7.44972222791466,9.35369584969059e-14,1.30360982157793e-12
"AENJPLPP_01595",71.4755114530089,1.83942535245607,0.247584962341257,7.42947122095693,1.09032666014087e-13,1.51161518117959e-12
"AENJPLPP_00528",27.3596914740056,3.73435320357778,0.50540476242759,7.38883659433819,1.48119059929198e-13,2.04280870152352e-12
"AENJPLPP_01539",24.4961438018911,3.95601330165695,0.536817612674804,7.3693806019987,1.71422614727345e-13,2.35195380206223e-12
"AENJPLPP_02814",109.702908857434,-1.60318543069924,0.217639586320732,-7.36624002003316,1.75507711402982e-13,2.39558979275823e-12
"AENJPLPP_02415",67.770331003796,1.88296069133793,0.256962050384479,7.32777734502254,2.34001058635892e-13,3.17761437573253e-12
"AENJPLPP_00216",846.128601500197,-1.34318720977891,0.183419823495432,-7.32302094823658,2.42449935174914e-13,3.27554810379169e-12
"AENJPLPP_01406",290.418796347778,1.13456182287516,0.155034003362833,7.3181482659639,2.51415999820996e-13,3.37943942906598e-12
"AENJPLPP_01474",87.3234045708167,-1.74772079600052,0.239473537866958,-7.29817921248353,2.91687962445198e-13,3.90095820482265e-12
"AENJPLPP_02151",52.557218643078,2.14283536438115,0.294648475024577,7.27251469467954,3.52856184338987e-13,4.69529234235999e-12
"AENJPLPP_01479",104.780899625164,-1.79091999878391,0.247643448202038,-7.23184890125904,4.76462158166174e-13,6.30835897412014e-12
"AENJPLPP_02898",312.489376031021,1.49522246684983,0.206906994674143,7.22654383533361,4.95440757767714e-13,6.52700062969605e-12
"AENJPLPP_00001",52.9187440654004,2.07973624562671,0.290051174755622,7.17023900137265,7.48669485952277e-13,9.81424157822588e-12
"AENJPLPP_00439",66.6933493557675,2.00088564322499,0.281800721151454,7.10035671679354,1.24435285341163e-12,1.62317554474581e-11
"AENJPLPP_01499",293.772962326491,-3.02932096281334,0.428284899244384,-7.07314446098361,1.51461663824548e-12,1.96603179317355e-11
"AENJPLPP_02460",164.707169814215,1.30125271871814,0.184298637446357,7.06056613737521,1.65825595922936e-12,2.14198135611676e-11
"AENJPLPP_01490",247.3545539453,-2.90501288153583,0.412416749804243,-7.04387705619309,1.86963125734294e-12,2.40329299487578e-11
"AENJPLPP_01434",123.61439422104,1.45400173557285,0.206881389187196,7.02819012036507,2.09229683158607e-12,2.67652271016421e-11
"AENJPLPP_01123",151.525118247075,-1.523542127044,0.216937462247267,-7.0229554234734,2.17223532700661e-12,2.76542266630457e-11
"AENJPLPP_00547",28.7463741210406,2.91249717491028,0.418192313353957,6.96449236847915,3.29590005563378e-12,4.17585806091782e-11
"AENJPLPP_00644",53.4107519357389,2.0229222219653,0.290916445488769,6.9536193409987,3.56031493061246e-12,4.4893875886961e-11
"AENJPLPP_00426",28.3018137809647,2.88866922917512,0.415603046722522,6.95054873142868,3.63868077965141e-12,4.56645815379949e-11
"AENJPLPP_01862",22.7259823949785,3.47206055546567,0.504332722709443,6.88446416249298,5.80054539100191e-12,7.24520952611937e-11
"AENJPLPP_01382",45.0099374767682,-2.50102831848003,0.364285658074059,-6.86556899248439,6.62267476960558e-12,8.23325952578197e-11
"AENJPLPP_01962",31.3533946699972,-2.98189426093778,0.436816561873707,-6.82642216711533,8.70584925716664e-12,1.07724714172791e-10
"AENJPLPP_02007",62.2707325157997,-1.88245881865946,0.277050489456165,-6.79464173607717,1.08582019611288e-11,1.33732645549158e-10
"AENJPLPP_01831",30.6884915346975,2.66681343222819,0.392674836469357,6.79140394176061,1.1104751309397e-11,1.36136025311497e-10
"AENJPLPP_00093",69.269039427543,-1.77094177436402,0.26115678213495,-6.78114410771422,1.19227873989517e-11,1.44823582717542e-10
"AENJPLPP_01013",139.256608497064,-1.37170325015968,0.202270613525548,-6.78152513729546,1.18913781582832e-11,1.44823582717542e-10
"AENJPLPP_01224",38.1706240106957,2.26230896211199,0.334365588040968,6.76597425999114,1.32415086685978e-11,1.6010737422122e-10
"AENJPLPP_00887",52.1929020334925,-2.20457889313938,0.325893253372576,-6.76472700899703,1.335607912645e-11,1.60758625121998e-10
"AENJPLPP_01022",65.3106782503069,-1.82511986809419,0.270484643182781,-6.74759145886469,1.50319485609006e-11,1.80111311263642e-10
"AENJPLPP_00195",38.6115659462884,-2.44729429573026,0.364664789860097,-6.71107922612752,1.93190174227895e-11,2.30435847457417e-10
"AENJPLPP_01525",56.9593827002242,2.03293648736408,0.303090320492241,6.70736196412489,1.9817426900476e-11,2.35320836020002e-10
"AENJPLPP_00480",51.9795912148466,1.90945272158146,0.28547132692742,6.68877236160019,2.25050482590181e-11,2.66041820490536e-10
"AENJPLPP_00977",28.4799811405452,2.82721588899746,0.423759539728597,6.67174570467061,2.52778303846356e-11,2.97491977148956e-10
"AENJPLPP_00154",46.4241947073822,-2.22922121364299,0.334678866426796,-6.66077675427582,2.72384125344314e-11,3.19147417660063e-10
"AENJPLPP_01332",49.9532707730921,-2.0929119912466,0.318134250348023,-6.57870691054817,4.74557150411409e-11,5.53580323475511e-10
"AENJPLPP_00527",31.0062839094592,2.51700563704609,0.383737574081107,6.55918473210051,5.41027461574375e-11,6.2835119221445e-10
"AENJPLPP_00628",52.0023745497621,1.86180418788868,0.286315410107022,6.50263353688422,7.89259043335083e-11,9.12645391594454e-10
"AENJPLPP_00691",81.0160366046543,1.53533014333825,0.23620571883655,6.4999702416209,8.03359015494687e-11,9.24910727404318e-10
"AENJPLPP_01069",80.8606991058988,1.48266302029863,0.228624686355807,6.48513965806463,8.86496302982207e-11,1.01620874904627e-09
"AENJPLPP_03124",86.3754446922608,1.51414477814457,0.233791060212346,6.47648706827933,9.38826585751194e-11,1.07155724097809e-09
"AENJPLPP_00984",21.6139983352886,3.17580245731912,0.490634979822873,6.47284149708535,9.61768292518291e-11,1.09303108952293e-09
"AENJPLPP_03077",26.6815160276689,2.72991688868033,0.421965756891582,6.4695223346802,9.8313199016874e-11,1.11253568802001e-09
"AENJPLPP_02930",65.1017728015166,1.72562330594289,0.267032881924583,6.46221279381711,1.03182858981e-10,1.16267323651783e-09
"AENJPLPP_00805",317.440503998328,2.57992490861955,0.400530774824189,6.44126511814729,1.18481699477693e-10,1.32940483142767e-09
"AENJPLPP_00511",45.091362392914,-2.08307749500693,0.324207409798896,-6.42513845164443,1.31749547634011e-10,1.47203713980954e-09
"AENJPLPP_01610",95.4610403298149,-1.51641611616114,0.236244258257632,-6.41884855676553,1.37308918200056e-10,1.52770594703256e-09
"AENJPLPP_02132",94.0250199853122,-1.43893750669715,0.224639825919653,-6.40553161402383,1.49846330523112e-10,1.66022210554477e-09
"AENJPLPP_00383",45.530734848804,-2.08498200071958,0.326939131023533,-6.37727883533618,1.80262090639837e-10,1.98889173339287e-09
"AENJPLPP_00315",19.651157089016,3.62053947840334,0.567840123811357,6.37598388451699,1.81792042425464e-10,1.99744949519763e-09
"AENJPLPP_01772",37.8366641948875,2.28224389979079,0.358244022358836,6.37064056160239,1.88240332543146e-10,2.0597537213812e-09
"AENJPLPP_01057",39.8342430118235,-2.23892251058928,0.351979014717903,-6.3609545369734,2.0050378934129e-10,2.18491372088781e-09
"AENJPLPP_02229",185.247261730191,1.31223155839468,0.206580482794155,6.35215650891008,2.12317137919055e-10,2.3041630377445e-09
"AENJPLPP_00393",41.4894999875742,2.108973980464,0.333913504125897,6.31592898881034,2.6854334581047e-10,2.90246032533112e-09
"AENJPLPP_00180",169.82012606555,1.11912535528507,0.1775018729413,6.30486505150945,2.88445105045573e-10,3.09231837312015e-09
"AENJPLPP_01822",121.40557185633,-1.39765419121413,0.221665655253554,-6.30523564697205,2.8775575042786e-10,3.09231837312015e-09
"AENJPLPP_01738",124.434062897884,1.31584084205167,0.209319526202408,6.28627852319556,3.25166350687562e-10,3.47193748637365e-09
"AENJPLPP_00163",92.6892954686341,-1.51269387750706,0.24132837972955,-6.26819721411254,3.65252011837276e-10,3.86874930938042e-09
"AENJPLPP_00245",49.5070671564158,1.83515887097502,0.292747451561873,6.2687441382804,3.63971618233721e-10,3.86874930938042e-09
"AENJPLPP_00571",60.7364038105657,-1.74051738313518,0.278044883097943,-6.25984324452418,3.85364637923607e-10,4.06552016422992e-09
"AENJPLPP_00156",140.739506083295,-1.24939913876416,0.199880815771378,-6.25072063040411,4.08563124313393e-10,4.2931553697693e-09
"AENJPLPP_00125",75.2095126120452,-1.5497249158145,0.248414340073228,-6.23846801822176,4.41876938652291e-10,4.60665406909948e-09
"AENJPLPP_02300",18.1533450043601,3.63457647662127,0.582601209846318,6.23853231883955,4.41695375860621e-10,4.60665406909948e-09
"AENJPLPP_02872",2739.49593490369,-0.895776788637451,0.143689379259126,-6.23411969107354,4.5432562400087e-10,4.71785981315414e-09
"AENJPLPP_01383",38.2418074634873,-2.24782656035812,0.360883334104869,-6.2286793207938,4.70383482580633e-10,4.86552914794342e-09
"AENJPLPP_00244",37.1675857362166,2.18285898444779,0.353147344716143,6.18115644109501,6.36337176094001e-10,6.55650133189461e-09
"AENJPLPP_00590",19.3850440133667,3.47730896828212,0.563293325285061,6.17317623375421,6.69315335041876e-10,6.86956204337553e-09
"AENJPLPP_00802",203.517004401109,-1.33237060944309,0.216930754071986,-6.14191664590332,8.15316416927881e-10,8.30368412317318e-09
"AENJPLPP_02609",50.4018186481846,-1.95593171023624,0.318428057282684,-6.1424603313139,8.12529737457444e-10,8.30368412317318e-09
"AENJPLPP_01646",271.826395587267,-1.13607784967682,0.185240262512323,-6.13299632741152,8.62391396635329e-10,8.74947286701284e-09
"AENJPLPP_00952",19.3275274035078,5.54455533651341,0.908933148448047,6.10006945613155,1.06022385540391e-09,1.07155449202655e-08
"AENJPLPP_01273",56.6719830955938,-1.75800987061386,0.288560468604543,-6.09234480078113,1.11268700052572e-09,1.12030234881829e-08
"AENJPLPP_00896",38.5516500238295,-2.19521820181905,0.36189252719353,-6.06593957284205,1.3118444985427e-09,1.31581978490192e-08
"AENJPLPP_02459",50.9671639424947,1.71082188848867,0.282988514964276,6.04555237411186,1.48898969503139e-09,1.48786592922382e-08
"AENJPLPP_00803",209.979334864085,-1.13008474738931,0.189026597282589,-5.97844305317452,2.25280337197159e-09,2.24264034924089e-08
"AENJPLPP_01463",579.354507290764,0.837549721493346,0.140486316823357,5.9617885957282,2.49491798658748e-09,2.47436060991897e-08
"AENJPLPP_01895",118.683253611832,-1.38748661883497,0.232814661200202,-5.95961874429309,2.52827092375844e-09,2.49808261422102e-08
"AENJPLPP_01072",303.960429166656,0.929326708982471,0.155995936592863,5.95737766816285,2.56317443503438e-09,2.52315461114165e-08
"AENJPLPP_02276",67.7148057507029,1.49624921598944,0.251636660123855,5.94607008077832,2.74656594725306e-09,2.69366912160226e-08
"AENJPLPP_01807",35.2542502517652,-2.22105141575799,0.37377843107448,-5.94216046488626,2.81289860115572e-09,2.74854446341711e-08
"AENJPLPP_01480",51.2777592269178,-1.85259880375275,0.312267521535775,-5.93272971406508,2.97939106308691e-09,2.90052482906402e-08
"AENJPLPP_01375",437.696514689066,-0.949486483815685,0.160260874951225,-5.92463060060454,3.13000174165937e-09,3.03598703733114e-08
"AENJPLPP_01606",115.080514324132,-1.28887512814901,0.217720479057493,-5.91986171318621,3.22212431710787e-09,3.11393620135096e-08
"AENJPLPP_00588",23.2637533541678,7.29061240056668,1.23189919541295,5.91818910809723,3.25505582513397e-09,3.13432284543809e-08
"AENJPLPP_00629",68.3376282542364,1.54620577973303,0.261581422301072,5.91099232556888,3.40052878124075e-09,3.25075819953989e-08
"AENJPLPP_01904",16.864310791265,3.38721332271751,0.573024602801053,5.91111325091482,3.39803295440143e-09,3.25075819953989e-08
"AENJPLPP_00475",357.510440281027,1.02831082510269,0.174036277345129,5.90860044117961,3.45026420483948e-09,3.2864387102212e-08
"AENJPLPP_00512",108.35215410318,-1.26670210604689,0.214490046335998,-5.90564516948542,3.51269305371436e-09,3.33391082660775e-08
"AENJPLPP_01392",147.739127533663,1.09536465295765,0.185736156514273,5.89742284708835,3.69222813857648e-09,3.49179289676804e-08
"AENJPLPP_00717",67.8469815036496,-1.55710541358065,0.264298739072496,-5.89145986486731,3.82798639215189e-09,3.60729820868976e-08
"AENJPLPP_02863",47.2839217131046,1.85129753447209,0.3145663091863,5.88523780331374,3.97482059754723e-09,3.73238473131385e-08
"AENJPLPP_02472",43.6117562198298,-1.95495486332023,0.332329454057274,-5.88258079280362,4.03918055637308e-09,3.77941700115757e-08
"AENJPLPP_00044",49.620182790108,1.67925105336263,0.28624995084207,5.8663802331589,4.4541172833186e-09,4.15299386134776e-08
"AENJPLPP_02993",15.1376798159688,3.92031556716168,0.668436348667865,5.86490482597861,4.49390389150826e-09,4.17538859814522e-08
"AENJPLPP_01158",35.2007767346997,-2.14702010413109,0.366151434870505,-5.86374898377884,4.52531433946025e-09,4.18987145835341e-08
"AENJPLPP_00486",49.5270492693072,-1.82149336184312,0.310804706126519,-5.86057201174309,4.6127544596325e-09,4.25594906240657e-08
"AENJPLPP_01456",283.58885136457,-0.943233802911724,0.161044221573554,-5.85698632149257,4.7134193083581e-09,4.33372719740703e-08
"AENJPLPP_01761",19.5448112074156,-3.98341120157446,0.68037733964545,-5.85470880563166,4.77846510918529e-09,4.37833066059607e-08
"AENJPLPP_00974",17.6167576181072,3.18854181259975,0.549861643590406,5.79880748142328,6.67881522310219e-09,6.09844921061193e-08
"AENJPLPP_01826",18.9060751974896,2.93787120544687,0.506905610050429,5.79569676720407,6.80381024196205e-09,6.19123351227337e-08
"AENJPLPP_01034",55.5275964013036,-1.65662921412235,0.286225045833858,-5.78785552919066,7.12906837234151e-09,6.46499077053436e-08
"AENJPLPP_01159",98.2583975119958,-1.30773786149076,0.22605345625286,-5.78508235692687,7.24768128604165e-09,6.55012288240215e-08
"AENJPLPP_00546",50.1643250401871,1.75293445646023,0.303449845842002,5.77668593502246,7.6186302940587e-09,6.86195000634947e-08
"AENJPLPP_01671",52.6894400528468,1.60973454102109,0.280263043669715,5.74365610229415,9.26538676640405e-09,8.31686242625015e-08
"AENJPLPP_00684",65.176604839739,-1.50519595146656,0.262432445085773,-5.73555587219637,9.71930443542694e-09,8.69483721115221e-08
"AENJPLPP_00136",38.7185360617619,-1.94513182174433,0.339660465294038,-5.72669480406106,1.02406156281375e-08,9.13035359707347e-08
"AENJPLPP_00827",22.199662465646,-2.92620663984794,0.511121859305282,-5.72506651119411,1.03393225908498e-08,9.15669773263224e-08
"AENJPLPP_01230",94.0405808805659,1.31955667947877,0.23047785536182,5.72530787136681,1.03246332017204e-08,9.15669773263224e-08
"AENJPLPP_02139",16.9250928375618,3.13339918615898,0.547675455816312,5.72127005671385,1.05730682390676e-08,9.33249489901696e-08
"AENJPLPP_02491",394.343561212713,-0.886586895626563,0.155076347583202,-5.7170994122807,1.08357730516549e-08,9.53260034577485e-08
"AENJPLPP_00502",37.3134343708901,-2.00519858909211,0.352101653799298,-5.69494226299516,1.23413677602789e-08,1.08211727911319e-07
"AENJPLPP_01830",21.5425135137234,2.59090417681135,0.455110375730027,5.69291388414375,1.24889385950023e-08,1.09144255444112e-07
"AENJPLPP_02031",15.3082281218599,5.207178470132,0.918619605895764,5.66848174882396,1.44068413309476e-08,1.25491170540623e-07
"AENJPLPP_01815",28.6850891998421,-2.39401246855954,0.422591672026807,-5.66507252042505,1.46962367527511e-08,1.27592245643557e-07
"AENJPLPP_02048",41.7208390239748,-1.8629399503376,0.328923226870274,-5.66375311364781,1.48097446805107e-08,1.28157529130694e-07
"AENJPLPP_01470",343.944481124956,-1.02839340027714,0.181913417380486,-5.65320257892894,1.57485509285328e-08,1.35837664035032e-07
"AENJPLPP_00748",16.6355833399029,3.07849372944874,0.544832929840272,5.650344464956,1.60126633897023e-08,1.3766731381796e-07
"AENJPLPP_00144",20.1893646084098,2.62766464943144,0.465780769218848,5.64141936095439,1.68654025024582e-08,1.44529403969286e-07
"AENJPLPP_01330",65.7655762251273,-1.45034996767041,0.257633195596151,-5.6295151108706,1.80716940513072e-08,1.5436724467052e-07
"AENJPLPP_00151",16.4158382093473,3.07345706816162,0.546229017171701,5.62668216360156,1.83708769879324e-08,1.56418270945482e-07
"AENJPLPP_00638",42.2051352585924,1.73273855223816,0.308489585422505,5.61684618903751,1.94474392586203e-08,1.65053907553931e-07
"AENJPLPP_01526",62.5070216711863,1.5299976606836,0.272535275389486,5.61394358398944,1.97766716845474e-08,1.67311906136363e-07
"AENJPLPP_00836",24.5218066515088,-5.94297589946925,1.06039745695863,-5.60447958496105,2.08881607474982e-08,1.7615238745024e-07
"AENJPLPP_01096",37.9994311688956,1.8621573600708,0.332344288676011,5.60309722032303,2.10555045197102e-08,1.76999923708548e-07
"AENJPLPP_00831",19.6962264401544,-5.04275233696152,0.900617303803806,-5.59921768731645,2.15321275605103e-08,1.80433777785542e-07
"AENJPLPP_02566",26.9988269544302,-2.3983273108444,0.428747147896332,-5.59380353341567,2.22148324105089e-08,1.85567432880213e-07
"AENJPLPP_01823",67.1856216884331,-1.45858475028757,0.261694471595664,-5.57361697934979,2.49503978635001e-08,2.07763061454555e-07
"AENJPLPP_01416",26.0211258938869,-2.57585731604909,0.462540112385814,-5.56893823275701,2.56296314292406e-08,2.12750043964354e-07
"AENJPLPP_02848",161.786528353211,1.07425272573817,0.193148408152392,5.56179953028964,2.67006910818048e-08,2.20948218701935e-07
"AENJPLPP_00495",26.2660885749109,-2.42820624703653,0.438862126827717,-5.53295921110495,3.14872714210575e-08,2.59745466426667e-07
"AENJPLPP_02673",59.2423831013107,-1.49848581827852,0.271469715642633,-5.51990049693481,3.3919167655845e-08,2.78937751405831e-07
"AENJPLPP_00278",25.8015629168482,2.15710892378658,0.391347127742293,5.51200908572162,3.54760602481316e-08,2.9083779423236e-07
"AENJPLPP_00651",254.973414825729,-1.04360361500131,0.189681149062427,-5.50188366192282,3.75754879112996e-08,3.0709843206519e-07
"AENJPLPP_02375",166.445207351024,-0.983896890211487,0.179708297041967,-5.47496641171619,4.37594604468238e-08,3.56538619271352e-07
"AENJPLPP_02057",39.5210149781904,1.74994968093861,0.321406904328826,5.44465491366129,5.19059140997359e-08,4.21616136613806e-07
"AENJPLPP_00380",26.2458399271967,-2.45517621445149,0.452303019324144,-5.42816675891342,5.69358310315062e-08,4.61058350371341e-07
"AENJPLPP_01961",18.9850436090459,-3.13076953979465,0.577191688304947,-5.42414175954067,5.82336538917445e-08,4.70130230199205e-07
"AENJPLPP_02598",35.2113155311162,1.80545536921034,0.333437640076978,5.41467174729744,6.14012425841647e-08,4.94196019340025e-07
"AENJPLPP_02555",18.271303697956,-3.21061991833169,0.594405981616893,-5.4013923439973,6.61256193400674e-08,5.30608000037875e-07
"AENJPLPP_01832",22.9646689833194,2.41397101862637,0.447227818844899,5.39763162511039,6.75263319208322e-08,5.40210655366658e-07
"AENJPLPP_01654",109.882215626312,-1.21025031258886,0.224252940892207,-5.39680910214061,6.78364963521791e-08,5.41057356447501e-07
"AENJPLPP_02481",137.969737540154,-1.15433312668953,0.213962334495626,-5.39502959439399,6.85122591791001e-08,5.43207758858958e-07
"AENJPLPP_03049",609.406086584302,0.942136011741692,0.174630719649137,5.3950187781085,6.85163865026026e-08,5.43207758858958e-07
"AENJPLPP_01299",32.0682388726924,-2.01184982054833,0.373733946655681,-5.38310698974808,7.32109922248616e-08,5.78694648989354e-07
"AENJPLPP_02795",19.5961557238011,2.54920522186845,0.474353012272781,5.37406774261719,7.69799147158389e-08,6.06675042165302e-07
"AENJPLPP_01971",21.9528762779449,2.32773128183717,0.433363176476426,5.37131765731323,7.81633796175385e-08,6.14173973968077e-07
"AENJPLPP_01538",35.8363812764024,1.86342666308817,0.347051713082462,5.36930547478786,7.90404401299372e-08,6.19228063503177e-07
"AENJPLPP_02432",157.455960234888,-1.07785929191797,0.200928243209596,-5.36439912428643,8.12191342637827e-08,6.34419668231553e-07
"AENJPLPP_00595",27.7452127123797,2.01912642949206,0.376643377493851,5.36084410384998,8.28339798603508e-08,6.45130525500615e-07
"AENJPLPP_01819",13.6250967954954,3.56130938417157,0.664440040510143,5.35986570200867,8.32838407654275e-08,6.46731995152059e-07
"AENJPLPP_02997",60.8555294384786,1.36899869972169,0.255620860393014,5.35558286446917,8.52810511487283e-08,6.60304746905943e-07
"AENJPLPP_00388",34.4731389824512,1.78810127284473,0.334757025629923,5.34148990444638,9.21857509339822e-08,7.11684747735233e-07
"AENJPLPP_02850",332.458723651513,-0.899573954105657,0.168483244544775,-5.33924875756171,9.33325107402124e-08,7.18443280349077e-07
"AENJPLPP_02155",15.3002220301726,3.08616440173907,0.578674295226711,5.3331631060785,9.65165433626513e-08,7.40799440070437e-07
"AENJPLPP_00655",17.5081556936116,-3.17677360459882,0.596653687589395,-5.32431738993126,1.01332840940739e-07,7.75518389627392e-07
"AENJPLPP_02093",22.3732024584544,-2.5730635032768,0.484692364471608,-5.30865285258177,1.10438447356289e-07,8.42769477231852e-07
"AENJPLPP_00800",76.7808789172736,-1.3623507546312,0.257196805754765,-5.29691941792693,1.1777263605725e-07,8.96155000803441e-07
"AENJPLPP_00134",56.8847367878027,-1.56574083433734,0.297907285008692,-5.25579907954133,1.47383125900098e-07,1.11825363147123e-06
"AENJPLPP_02923",19.0279744369826,2.44915022380858,0.467081855664356,5.24351394537692,1.57546895451115e-07,1.19195479758444e-06
"AENJPLPP_00997",17.6516566715061,-3.03972591836333,0.580239127494307,-5.23874687922206,1.61670597530151e-07,1.21966878136707e-06
"AENJPLPP_01942",41.0726194106158,-1.74187899279034,0.332802795144603,-5.23396743718302,1.65909693442808e-07,1.24809337567203e-06
"AENJPLPP_01629",138.413724853123,1.0765621821201,0.205783915558183,5.23151762954823,1.68123997363833e-07,1.26116811620235e-06
"AENJPLPP_01829",21.6052049031315,2.36374140397968,0.452893144431634,5.21920332211276,1.79694409273895e-07,1.34415479027478e-06
"AENJPLPP_01155",186.230148660263,-1.09505931641733,0.209905384514154,-5.2169186557646,1.81924103957331e-07,1.35700007684229e-06
"AENJPLPP_01568",28.1587495496512,-2.14914343338995,0.413241931635653,-5.20069060969544,1.98549377798703e-07,1.47685042812069e-06
"AENJPLPP_00042",64.0654382516894,1.32167877916618,0.254379520100425,5.19569648784776,2.03954784815478e-07,1.51280747952769e-06
"AENJPLPP_01799",153.650089407174,1.08723095096766,0.209526083501545,5.18900049482212,2.11425834934725e-07,1.56384248856746e-06
"AENJPLPP_00145",15.4462633941153,3.0796900796861,0.593742864797691,5.18690878202884,2.13813391566378e-07,1.57709710548125e-06
"AENJPLPP_01374",650.514607732046,-0.78705986062537,0.151879647455042,-5.18212857228516,2.19367907690172e-07,1.61357283212104e-06
"AENJPLPP_00238",81.8553454779394,-1.2424843444694,0.23993963001205,-5.17832066510649,2.23892154014503e-07,1.6422892626881e-06
"AENJPLPP_00872",56.0758034269109,-1.49172498799685,0.288955558673528,-5.16247202457266,2.43709805872969e-07,1.78271703301553e-06
"AENJPLPP_01762",20.8932007816333,-2.50641159741228,0.48580054762422,-5.15934288190852,2.47818091631895e-07,1.80777494942495e-06
"AENJPLPP_01255",35.981026186784,-1.79909271255087,0.349750094696069,-5.14393774250232,2.69038724525013e-07,1.95182066449927e-06
"AENJPLPP_02612",51.3518888725009,1.53628815517303,0.298640253358959,5.14427689467049,2.6855319108874e-07,1.95182066449927e-06
"AENJPLPP_01912",76.0316541723323,-1.41837611436356,0.275860670810391,-5.14163947400267,2.72351357999499e-07,1.97045463383244e-06
"AENJPLPP_00707",49.1732053738528,-1.50119483120147,0.292701769374342,-5.12875215756406,2.91669030208516e-07,2.09874889128302e-06
"AENJPLPP_01577",88.4375729641189,1.13335720042206,0.220977355647319,5.1288386409642,2.91535089051191e-07,2.09874889128302e-06
"AENJPLPP_02752",12.9136448371787,3.43267920994058,0.67173811934403,5.11014502689333,3.21911607262677e-07,2.31008654751103e-06
"AENJPLPP_01082",27.3502745353319,-2.12831285931188,0.416985220630811,-5.10404866650235,3.32462715302731e-07,2.37294142889928e-06
"AENJPLPP_02678",45.9474951172074,-1.57845240388847,0.309231697120294,-5.10443275572244,3.31788224789648e-07,2.37294142889928e-06
"AENJPLPP_01549",47.3296987821365,-1.5486029586056,0.303772374111517,-5.09790583536439,3.43431569487795e-07,2.44464192474108e-06
"AENJPLPP_01241",188.226625694384,0.897502218113943,0.176135215471155,5.09552967992891,3.47767529097279e-07,2.4688697508032e-06
"AENJPLPP_03178",113.578073375482,1.09751592666906,0.215543991776291,5.09184189094983,3.54601753479125e-07,2.51065626527466e-06
"AENJPLPP_01863",12.5309698700252,3.59198404407214,0.705632328989264,5.09044710184585,3.57220218582272e-07,2.52245103681561e-06
"AENJPLPP_01972",21.2774346486897,-2.40838534833024,0.475098819713078,-5.06923033356453,3.99427617003569e-07,2.81299023889747e-06
"AENJPLPP_01672",61.9559960383155,-1.41235427660301,0.278891496816943,-5.06417116592852,4.10180987539137e-07,2.88105903183988e-06
"AENJPLPP_01225",419.873931127699,0.780322224700328,0.154257860376527,5.05855729358391,4.2244033050234e-07,2.95376578239458e-06
"AENJPLPP_01827",53.6520321829457,1.39819775521699,0.276410439707223,5.05841152996239,4.22763304957532e-07,2.95376578239458e-06
"AENJPLPP_00032",43.2477260322285,1.50856491788401,0.299306283619522,5.04020463466678,4.65034329041248e-07,3.24055500868743e-06
"AENJPLPP_00362",31.9396909019507,-1.99523006260686,0.395937795490729,-5.03925133020946,4.67356424764491e-07,3.24818848497736e-06
"AENJPLPP_00282",46.3841137417992,1.54472836094231,0.306616352016652,5.03798427834147,4.70460075223232e-07,3.26119968374638e-06
"AENJPLPP_00594",63.8197545267205,1.32705344019345,0.264151502732844,5.02383452853415,5.06498806417797e-07,3.50185075559876e-06
"AENJPLPP_02944",52.8446927486312,1.51503256417484,0.30187066474246,5.01881348910595,5.19915962723618e-07,3.58525382628162e-06
"AENJPLPP_00894",27.7741461947272,-2.07897309659782,0.415472796973942,-5.00387296530563,5.61897932584561e-07,3.85467804529512e-06
"AENJPLPP_01428",196.537720027767,-0.892275850380974,0.178311181383523,-5.00403756768237,5.61418085343454e-07,3.85467804529512e-06
"AENJPLPP_01795",14.0207727076988,-4.1075348320428,0.824130739902653,-4.98408157002854,6.22568134511485e-07,4.25984604699331e-06
"AENJPLPP_01418",44.0712561125177,-1.58930169131876,0.318983660695497,-4.98239216345287,6.28029913359871e-07,4.28614229530138e-06
"AENJPLPP_00492",48.8590051998449,1.47287239866665,0.297183122342087,4.9561105188579,7.19183177982905e-07,4.89562225012527e-06
"AENJPLPP_00133",35.2361732406407,-1.8646587205497,0.376937179529302,-4.94686866092165,7.54168243078293e-07,5.10751280734353e-06
"AENJPLPP_02131",66.7001732899042,-1.25971660255205,0.254646642969552,-4.94692012375234,7.53968965851183e-07,5.10751280734353e-06
"AENJPLPP_01016",26.1755658916483,-2.00286568794841,0.405150322555715,-4.94351250991039,7.67274241696165e-07,5.18301579594756e-06
"AENJPLPP_00137",265.860630407999,-0.899127769339182,0.182017896774584,-4.93977672125664,7.82120769488921e-07,5.26986208042408e-06
"AENJPLPP_02581",13.7910067541187,-4.05036960087615,0.823135885171112,-4.92065729831979,8.62540456967487e-07,5.79697241129417e-06
"AENJPLPP_00266",26.9811941933813,2.03828416708503,0.414480562709987,4.91768336193662,8.75744140452277e-07,5.8708113516902e-06
"AENJPLPP_00703",67.736809874624,-1.2711454571434,0.25884031218595,-4.91092537483192,9.06475838328506e-07,6.06148489872193e-06
"AENJPLPP_01067",174.109173852231,-0.892861590394705,0.182338297261209,-4.89673098743284,9.74440908437024e-07,6.49954540438599e-06
"AENJPLPP_00966",12.1046401877989,3.59864411720982,0.739419332136919,4.86685154256078,1.13390139440925e-06,7.5064272309892e-06
"AENJPLPP_01837",207.924719915391,-0.896315393841731,0.184143462799246,-4.86748418986178,1.13027870795066e-06,7.5064272309892e-06
"AENJPLPP_02145",37.7342005322541,1.54706553080689,0.317874378229241,4.86690855496128,1.13357447054895e-06,7.5064272309892e-06
"AENJPLPP_01031",81.1823296199644,1.20152100105511,0.246970891131265,4.86503083643367,1.14438963740947e-06,7.55696698219519e-06
"AENJPLPP_01427",119.59344169001,-1.21578335150031,0.251174847955404,-4.84038653311408,1.29586829200839e-06,8.53596825183637e-06
"AENJPLPP_00726",33.7550072406022,-1.83538775412205,0.380186268868188,-4.82760137441573,1.3818734946254e-06,9.07990325997039e-06
"AENJPLPP_00470",180.645147595471,-0.840715436862984,0.17432037578919,-4.82281794688009,1.41544150904208e-06,9.27744830679067e-06
"AENJPLPP_00421",39.9945188646299,-1.58964397648749,0.329956032244661,-4.81774485428645,1.45189864704019e-06,9.49290769719118e-06
"AENJPLPP_01679",17.5334924926729,2.31196774356578,0.480073618977642,4.81586084336255,1.4656664207249e-06,9.55932187704321e-06
"AENJPLPP_01098",126.985912183426,0.999690874995295,0.208176564163457,4.80212976428199,1.56986900342805e-06,1.02137914522788e-05
"AENJPLPP_01970",88.1640211160139,1.04039780072553,0.216995538787111,4.79455848051437,1.63033500746189e-06,1.05811938719585e-05
"AENJPLPP_02017",46.9188508388426,1.37572907501185,0.287834892611007,4.77957714762218,1.75664257821402e-06,1.13730795772879e-05
"AENJPLPP_01969",52.0783576301541,1.35798824349456,0.284233710118773,4.77771705167237,1.77296625102738e-06,1.14507673968793e-05
"AENJPLPP_01097",33.2794195749107,1.58115420630548,0.331056951109441,4.77607916404322,1.78746049000162e-06,1.15162904562635e-05
"AENJPLPP_00181",103.864707395313,-1.0445344677275,0.219050004062683,-4.76847499819537,1.85625704230804e-06,1.19305064272614e-05
"AENJPLPP_01886",35.4587056753366,-1.63675903355496,0.343326394582558,-4.76735566907127,1.86659623236565e-06,1.19679099837875e-05
"AENJPLPP_02860",30.4747530904598,1.66446068666577,0.350254889802002,4.75214118382955,2.01273746018903e-06,1.28737410497115e-05
"AENJPLPP_02140",14.5859529984008,2.51552996762372,0.532521963662364,4.72380509964964,2.31472264126125e-06,1.47696037447224e-05
"AENJPLPP_00610",11.8358026604092,3.13644785145798,0.66452121180547,4.71986115076209,2.36005682941752e-06,1.50226694334077e-05
"AENJPLPP_00126",47.4039027645687,-1.4035501283045,0.297667770587375,-4.71515651672646,2.41525015303129e-06,1.53371280700884e-05
"AENJPLPP_00202",22.1125353145523,-2.10313541179857,0.447658582819977,-4.69807905513638,2.62619786456954e-06,1.66367749889477e-05
"AENJPLPP_01838",39.1539126712395,1.59105831032083,0.339973273169813,4.67995114876609,2.86943279632497e-06,1.81342674097101e-05
"AENJPLPP_01120",32.382181225729,-1.72827087421318,0.369821658596095,-4.67325488932689,2.96463464657974e-06,1.86913155812932e-05
"AENJPLPP_00500",31.0526652762556,-1.69778870351603,0.363638519872424,-4.66889124978197,3.02829617173287e-06,1.90473355409707e-05
"AENJPLPP_02274",52.7631977702939,1.26270203215804,0.271804843084571,4.64562006264602,3.39056511644693e-06,2.12753943799798e-05
"AENJPLPP_02354",12.3365219862651,2.90716627978042,0.625935388976586,4.64451496269237,3.40876344842652e-06,2.13390203579986e-05
"AENJPLPP_00035",31.7728177096056,1.57278148487618,0.338953002950902,4.64011668633602,3.48212503022556e-06,2.17468563208427e-05
"AENJPLPP_00308",10.6383781908725,5.28024582251023,1.14095582871786,4.62791432376821,3.69366753773114e-06,2.30137215056754e-05
"AENJPLPP_01683",74.2477317787384,1.10527826429896,0.238989385978051,4.62480063612729,3.74958873128419e-06,2.33073027240388e-05
"AENJPLPP_00095",18.2882258015888,-2.41689226313233,0.522847349670326,-4.6225581226648,3.79036561282343e-06,2.34506732307393e-05
"AENJPLPP_00884",29.495042309786,-1.75093551011927,0.378745873211121,-4.62298241106714,3.78261807550728e-06,2.34506732307393e-05
"AENJPLPP_01126",38.7230346962465,-1.52946857429428,0.331078634966301,-4.61965349848067,3.84381423812046e-06,2.37259209849487e-05
"AENJPLPP_01979",306.919249768957,0.861955360443878,0.186763205455563,4.61523113367727,3.92658075297718e-06,2.41469021022817e-05
"AENJPLPP_03056",52.658993381732,1.28668755996255,0.27880330933727,4.61503689831039,3.93025483613423e-06,2.41469021022817e-05
"AENJPLPP_02998",22.2604615339405,1.92331759649116,0.418048054994423,4.60070935270066,4.21054597145925e-06,2.58090873435743e-05
"AENJPLPP_01995",41.5527612173492,-1.43154519220294,0.312067049089166,-4.58730005741141,4.49015110091699e-06,2.74593998042221e-05
"AENJPLPP_02341",9.43560051737495,3.7288330896124,0.814036096490326,4.58067290343643,4.63482254216654e-06,2.82788250959839e-05
"AENJPLPP_01575",26.4378295153158,1.78709277091277,0.390530398580595,4.57606572345729,4.73801750334503e-06,2.88420008019716e-05
"AENJPLPP_00117",18.0502816119304,-2.32338921324884,0.509892080345888,-4.55662933943347,5.1981035543327e-06,3.15701335134701e-05
"AENJPLPP_01319",68.8129977687004,-1.14861918041002,0.25237695651371,-4.55120465939852,5.33396319595478e-06,3.23211316770898e-05
"AENJPLPP_02479",60.8547428797014,-1.23925782916474,0.273233321028104,-4.53552965100211,5.74591046569346e-06,3.473783313506e-05
"AENJPLPP_00425",11.5144047006692,2.90725230341908,0.641123404998357,4.53462200998032,5.77067362789558e-06,3.48080723614294e-05
"AENJPLPP_00848",16.9484917025475,2.16260281394096,0.477908733531994,4.52513767212037,6.03562027374577e-06,3.63234601929064e-05
"AENJPLPP_00026",33.984304936187,1.50572327437909,0.333187781425189,4.51914313285576,6.20904095893644e-06,3.72824046695322e-05
"AENJPLPP_01833",20.2287544377005,2.00071658798853,0.44374401892269,4.50871787037449,6.52205705237915e-06,3.90733191735294e-05
"AENJPLPP_00285",67.5583746506474,1.12929982998962,0.251004273670789,4.49912590520583,6.82334388290412e-06,4.07860374761402e-05
"AENJPLPP_01661",8.74233544057574,4.37447410793573,0.973695454211748,4.49265125868033,7.03419234986469e-06,4.1951669690184e-05
"AENJPLPP_01331",11.6802698540866,-4.27950924492896,0.953027537961917,-4.49043608339046,7.10775021587979e-06,4.22951069025836e-05
"AENJPLPP_00911",59.92680637608,1.19872757080712,0.267959207008831,4.47354500033139,7.69333580548558e-06,4.56770251410893e-05
"AENJPLPP_01195",144.538131479229,-0.897383686958157,0.200636779424887,-4.472677888523,7.7246092541874e-06,4.5760101353665e-05
"AENJPLPP_01055",57.1159449883905,1.3408637100605,0.299943992632294,4.47038028097559,7.80806408943037e-06,4.61512359571688e-05
"AENJPLPP_01615",19.2881637720002,1.97748944414047,0.442560436396301,4.46829242180537,7.88464732234824e-06,4.6500102693938e-05
"AENJPLPP_00657",29.9297113194328,-1.70808780600394,0.382634193616065,-4.46402290883035,8.04349586930209e-06,4.73315045820265e-05
"AENJPLPP_01643",43.2262001891041,-1.47238709688962,0.329937080289581,-4.46262995234525,8.09597983869639e-06,4.75004331295477e-05
"AENJPLPP_02390",79.4234771817421,1.03876042863566,0.232785355831286,4.46231003203015,8.10807997528533e-06,4.75004331295477e-05
"AENJPLPP_00157",32.5003922562128,-1.55385375568709,0.350092004992801,-4.43841542659349,9.06235798388391e-06,5.28256774697891e-05
"AENJPLPP_02033",12.3248917355132,2.83882439621209,0.639652943577098,4.43806977630193,9.07691965587388e-06,5.28256774697891e-05
"AENJPLPP_02859",102.927124491332,0.928851577694191,0.209261765750425,4.43870658532997,9.05010927302766e-06,5.28256774697891e-05
"AENJPLPP_00627",29.6977389145064,1.59688619802736,0.36024915726941,4.43272708847211,9.30486152849683e-06,5.40334941391658e-05
"AENJPLPP_02751",9.28106646636515,3.41683296128681,0.771189797970545,4.43059927695947,9.39715721729331e-06,5.44500488214282e-05
"AENJPLPP_01046",54.5959567103289,-1.21867663104674,0.275757383013029,-4.41937988289207,9.89845191964e-06,5.72294774742505e-05
"AENJPLPP_00601",68.2825414460228,1.10539566455145,0.250273975540864,4.41674234071918,1.00199550549987e-05,5.78057537813434e-05
"AENJPLPP_01425",123.32544612538,-0.952644087599144,0.215864181152909,-4.41316425222177,1.01870649221478e-05,5.86420606822768e-05
"AENJPLPP_00179",98.0381984995526,0.918577862595639,0.20842437944749,4.40724767913756,1.04692449309161e-05,6.0135706240924e-05
"AENJPLPP_00825",11.8731622728939,-3.17216800851987,0.720901430908941,-4.40027980596497,1.08111382998025e-05,6.19651389997339e-05
"AENJPLPP_00860",38.8818000715726,1.39031787465737,0.316279246122853,4.39585553494497,1.10337302047646e-05,6.31043576289777e-05
"AENJPLPP_01161",47.2517999940518,-1.30192646513414,0.29664324289909,-4.38886270393498,1.13944973207536e-05,6.50272174684386e-05
"AENJPLPP_02582",38.4593121320423,-1.47040126315327,0.335661775380755,-4.38060384291696,1.1835087326295e-05,6.73963682581271e-05
"AENJPLPP_00692",105.578354651322,0.975751204248953,0.222947699389424,4.37659238880327,1.2054910717532e-05,6.84117230579681e-05
"AENJPLPP_02704",32.7324297148959,-1.58384773370743,0.361905793175173,-4.37640889860198,1.20650584093924e-05,6.84117230579681e-05
"AENJPLPP_00170",13.9392726874755,2.35881522160177,0.540466162004864,4.36440870387097,1.27467069173754e-05,7.21223929854914e-05
"AENJPLPP_00936",8.26391292460675,4.26670338059852,0.978255500872045,4.36154294741513,1.29148438458869e-05,7.29179243153702e-05
"AENJPLPP_00654",36.8369319770321,-1.42360382511863,0.326886893577058,-4.35503488543215,1.33045728107904e-05,7.49585293680276e-05
"AENJPLPP_02621",122.181725807813,-1.08310103581941,0.248874948344993,-4.35198899295401,1.3490803654126e-05,7.58463865735152e-05
"AENJPLPP_00114",21.0492484691037,-1.93939444260146,0.445733727349242,-4.35101569301239,1.35508352254903e-05,7.60224823667336e-05
"AENJPLPP_02487",32.3724220277914,-1.5426346047164,0.355482961573221,-4.33954583333429,1.42777487071339e-05,7.99312443477602e-05
"AENJPLPP_02096",44.9541346904849,-1.31561904614017,0.303790397863112,-4.33068015116458,1.48649472742301e-05,8.30429965868381e-05
"AENJPLPP_02177",8.09051225075002,4.25602882778822,0.983679060604061,4.3266437176925,1.51398550480236e-05,8.44007077203503e-05
"AENJPLPP_00897",35.547184089613,-1.44380468802372,0.334982911913018,-4.31008459440052,1.63192107384984e-05,9.07841807469407e-05
"AENJPLPP_00155",25.1336534978255,-1.72888683278517,0.401395163442676,-4.30719398299894,1.65338603742432e-05,9.17854554947505e-05
"AENJPLPP_00664",36.2101614300136,1.44476919134362,0.335712976266644,4.30358459005795,1.68056640072107e-05,9.30991596047988e-05
"AENJPLPP_02552",138.643598986439,0.870706049621683,0.202560088857447,4.2985074430652,1.71952127775363e-05,9.50582952712234e-05
"AENJPLPP_00493",48.0968086486715,-1.27405785491571,0.296632125658641,-4.29507711643435,1.74632621807092e-05,9.63389963635793e-05
"AENJPLPP_02271",14.6941686223351,-2.430778915811,0.570089705770414,-4.26385337466507,2.00931323393625e-05,0.000110616662026262
"AENJPLPP_01797",32.6811526299247,-1.54102760572432,0.361620439086682,-4.26145051318554,2.03104332001968e-05,0.000111580969116434
"AENJPLPP_00996",40.9184350393385,-1.3232190713357,0.31070437983839,-4.25877186547536,2.05553118401811e-05,0.000112692475678674
"AENJPLPP_00538",34.3658060383525,1.49608799676371,0.351561369110522,4.25555287985404,2.085330697198e-05,0.000114089993516122
"AENJPLPP_01083",13.9746316966503,-2.82958793544259,0.665432672688023,-4.2522527846618,2.11630780677431e-05,0.000115546042728626
"AENJPLPP_00339",974.114549905723,0.591385198097934,0.139364759795749,4.24343427251379,2.20124866106365e-05,0.00011993634680034
"AENJPLPP_03071",56.3812683471385,1.13311668360036,0.267368244914582,4.23803763218915,2.25481980753155e-05,0.000122602933271941
"AENJPLPP_00873",22.502390482542,-1.83270125238027,0.432642966616514,-4.23605927703603,2.27476748746026e-05,0.000123434104647434
"AENJPLPP_01653",370.032598283954,-0.709936911896386,0.167849828219522,-4.22959570127111,2.34111670528574e-05,0.000126774581505044
"AENJPLPP_00190",13.3449196830258,2.34837035196503,0.557877352863243,4.20947425076906,2.55965610231142e-05,0.000137763604856111
"AENJPLPP_00999",15.7844758367821,2.17664966582168,0.516985562892118,4.21027166338085,2.55063797795214e-05,0.000137763604856111
"AENJPLPP_03067",13.753707611396,2.24448874336232,0.533180495602435,4.2096227485334,2.55797441193089e-05,0.000137763604856111
"AENJPLPP_00220",12.8906385787917,-2.77854289659226,0.661475966661144,-4.20051980212855,2.66302874112792e-05,0.000143036513316567
"AENJPLPP_00533",7.98109096441135,4.820076596577,1.14889088208522,4.19541722520124,2.72369744733732e-05,0.000145999004869417
"AENJPLPP_00457",57.4070861150145,-1.10197710085577,0.263471562885144,-4.18252766556123,2.88285923838256e-05,0.000154218409358324
"AENJPLPP_01727",21.6351281550615,-1.93751121454033,0.466159778088262,-4.15632430255164,3.23408669160499e-05,0.000172658499180847
"AENJPLPP_02098",57.2822019196189,1.12683940766406,0.271442245422127,4.15130447330217,3.30585622877596e-05,0.000176134955609632
"AENJPLPP_00854",63.634731332782,-1.04987235729542,0.253158489484357,-4.14709520282667,3.36720074514772e-05,0.000179043123958859
"AENJPLPP_01669",31.2019315371071,1.43616129113844,0.346382757717725,4.14616853506547,3.38085015905704e-05,0.000179408641707075
"AENJPLPP_01665",21.7109752761271,1.84366362726714,0.445426727310219,4.13909519619623,3.48678254724472e-05,0.00018466000370208
"AENJPLPP_02554",230.039114452951,0.863575183698935,0.208693327867687,4.13801050815792,3.50330330227685e-05,0.00018516461366126
"AENJPLPP_00160",159.925457522569,-0.776526365914028,0.187958866504763,-4.13136331557069,3.60618095181138e-05,0.000190222453394353
"AENJPLPP_00565",80.3237563868507,-1.10204052639371,0.26725901162613,-4.12349248651476,3.73170638154731e-05,0.000196452455235334
"AENJPLPP_02158",9.56343652255602,2.9380643120866,0.713117611397267,4.1200276996803,3.78826853465343e-05,0.00019903442618576
"AENJPLPP_00408",28.850620442737,-1.55173659900544,0.376927081649778,-4.1168084612377,3.84155072230837e-05,0.000201434184409358
"AENJPLPP_03079",70.2333690820476,0.99594283206794,0.242478457593152,4.10734562547823,4.00232104275455e-05,0.000209449528087234
"AENJPLPP_02521",12.9455649610017,2.30597966533418,0.5616641364114,4.10562027347449,4.03231410398374e-05,0.000210602914148894
"AENJPLPP_02560",26.6999073719398,1.56632894944852,0.383126310050511,4.08828344167231,4.34576971828363e-05,0.000226527523897934
"AENJPLPP_02862",63.7694640647021,1.04307294184797,0.255819378515801,4.0773804857928,4.55459276677268e-05,0.000236946201304795
"AENJPLPP_02502",88.4385177640611,0.923623457572145,0.226956954261463,4.06959751719305,4.70944246836867e-05,0.000244521640318436
"AENJPLPP_00660",22.2907326700182,-1.77496038796945,0.436471783412859,-4.06660969946483,4.77020356196563e-05,0.000247191761880332
"AENJPLPP_01435",44.8919516660753,-1.19978923898277,0.295337170925916,-4.06243899208927,4.85626418253976e-05,0.000251159913190728
"AENJPLPP_01655",21.2913671291597,-1.76901333650681,0.436035761898394,-4.05703726869778,4.96991538603912e-05,0.000256536763006464
"AENJPLPP_00821",25.0084444059232,-1.60456457095952,0.395746132666343,-4.05453000929851,5.02352015191019e-05,0.000258799248292961
"AENJPLPP_02240",25.3070963913362,-1.61922987606503,0.399455490382647,-4.05359274074301,5.04369915141899e-05,0.000259334278698204
"AENJPLPP_00389",94.1567687495114,0.892827630002082,0.220878057649895,4.04217439931162,5.29578203893558e-05,0.000271768039517469
"AENJPLPP_01796",11.7420140014753,-2.69727647582025,0.667402810754492,-4.04145207715114,5.31212379061175e-05,0.000272079377128432
"AENJPLPP_01811",30.8047727131013,-1.43971703909899,0.356482025881047,-4.03868059137265,5.37527011117263e-05,0.000274782147768053
"AENJPLPP_01820",15.4150416295682,2.08981696121141,0.518137082937142,4.03332830255064,5.49923652846397e-05,0.000280577617097738
"AENJPLPP_01384",18.5576606805995,-1.91945083279641,0.476024867128884,-4.03224908054378,5.52455876578697e-05,0.000281327530996229
"AENJPLPP_01607",11.0367950623137,-2.81603110497786,0.69888202479781,-4.02933686238754,5.59344170665578e-05,0.000284288553535979
"AENJPLPP_02523",68.3872038992285,0.975895835875903,0.242253158628577,4.02841325743929,5.61545720522129e-05,0.000284860740985172
"AENJPLPP_02433",64.2372387586757,-1.02076880000361,0.254317222095851,-4.01376199217405,5.97586048894105e-05,0.000302563643876021
"AENJPLPP_00742",20.4312474729226,-1.79105866278903,0.446598614291522,-4.01044384257739,6.060471414793e-05,0.000306261990579616
"AENJPLPP_01243",29.8957405620424,-1.50714974019386,0.375966550749194,-4.00873358864118,6.10452368886397e-05,0.00030790054720213
"AENJPLPP_00578",14.8166689376317,-2.15891199474321,0.539234479352164,-4.00366088855617,6.23697502822125e-05,0.000313983077466347
"AENJPLPP_02077",53.7363936285238,1.05916672327481,0.264585665437483,4.00311453579135,6.25140182391928e-05,0.000314112182727481
"AENJPLPP_01818",19.0883704298995,1.92318253260374,0.481085323785289,3.9975913575407,6.39902970601889e-05,0.000320921035256402
"AENJPLPP_02105",157.278128253849,0.827617432795332,0.207108509198282,3.99605712000459,6.44062001245209e-05,0.000322396253175295
"AENJPLPP_01415",14.1138202851429,-2.22440581348788,0.558493651800551,-3.98286678159461,6.80889265259922e-05,0.00034018769328458
"AENJPLPP_00747",19.209725396735,1.74231821189075,0.437814219183294,3.97958342956723,6.90361301263869e-05,0.000344270569820476
"AENJPLPP_00568",76.9770326898437,-0.975802310466854,0.245349958341571,-3.97718555594113,6.97357474654137e-05,0.000347105750542134
"AENJPLPP_00987",17.1291151459477,-1.95081109106782,0.491005536909981,-3.97309387455131,7.09450724707565e-05,0.00035246257392601
"AENJPLPP_00991",98.508420222577,0.896206315905015,0.225830327761122,3.9684940671609,7.23282577273612e-05,0.000358661472775379
"AENJPLPP_01992",35.5015239194059,-1.35908594844777,0.343178913574485,-3.96028396468709,7.48606907966505e-05,0.000370124407693083
"AENJPLPP_02486",9.86846388986422,2.63393324809128,0.665118428874619,3.96009662902876,7.49194420405938e-05,0.000370124407693083
"AENJPLPP_01458",42.6654789806401,-1.27418211578004,0.321948713126372,-3.95771768554919,7.5669316794851e-05,0.000372439313889899
"AENJPLPP_01999",14.7736724231634,-2.21237886776821,0.55897530662103,-3.95791878740029,7.56056532021426e-05,0.000372439313889899
"AENJPLPP_01122",156.273329220517,-0.836014525061656,0.211700043471567,-3.94905221251851,7.84612379146732e-05,0.000385464486081734
"AENJPLPP_01501",15.9808794703042,-2.05599722314759,0.521242222903803,-3.94441803216511,7.99940089809621e-05,0.000392266918114051
"AENJPLPP_01527",65.2233002659845,0.957040389284729,0.242776877498679,3.94205741150096,8.07856320026321e-05,0.000395416549987005
"AENJPLPP_00022",7.9189211967238,3.14512857725661,0.798362367623333,3.93947498630156,8.16601152020812e-05,0.0003989593820205
"AENJPLPP_02834",61.6755108503073,1.00566726388138,0.255477355175947,3.93642427990842,8.27046995611267e-05,0.00040331868220601
"AENJPLPP_01779",9.1972812991442,-3.47796685170252,0.884167413536512,-3.93360668856961,8.36806706371015e-05,0.000407327970307068
"AENJPLPP_02529",142.396035150073,0.747793445325798,0.190126892485191,3.93312821532622,8.38474838331843e-05,0.000407391077413343
"AENJPLPP_00405",34.4562784981789,-1.30493389859144,0.332082704604002,-3.92954490101353,8.51067841354459e-05,0.000412177187161559
"AENJPLPP_01954",16.7431945723424,1.92361069216584,0.489538102571989,3.9294401846544,8.5143852483902e-05,0.000412177187161559
"AENJPLPP_00564",23.6091145799871,-1.60340363515082,0.408480103352856,-3.92529188567541,8.66246349586883e-05,0.00041858035286607
"AENJPLPP_01694",21.8735945160905,-1.66714476915263,0.424939954036757,-3.92324786905876,8.73631869337198e-05,0.000421380180328761
"AENJPLPP_00891",33.3267843412795,-1.35275966606535,0.34484609801099,-3.92279243949061,8.75285529941563e-05,0.000421410196960956
"AENJPLPP_01318",14.9067490196909,-2.13941414387059,0.545955083454377,-3.9186632906393,8.90413979228135e-05,0.000427140619021033
"AENJPLPP_02527",13.5857174391013,-2.32093328714218,0.592245385115242,-3.91887103804206,8.89646966088177e-05,0.000427140619021033
"AENJPLPP_00637",68.6582718090871,-0.997145131576836,0.254544719125355,-3.91736719191481,8.95213360844581e-05,0.000428666361576211
"AENJPLPP_00334",30.5120225854433,-1.45552738085713,0.372586266138417,-3.90655134968502,9.36227546601192e-05,0.000447496487978332
"AENJPLPP_02134",35.9333810280632,-1.29354657961406,0.331187249724313,-3.90578616988073,9.39195366797537e-05,0.000448106185816194
"AENJPLPP_00305",22.6203495599007,1.6582598898823,0.426613102204532,3.8870346018751,0.000101476293614828,0.00048328997390659
"AENJPLPP_00968",6.59527767608493,4.53787008301464,1.16919312820304,3.88119804466263,0.000103943151472818,0.000494149847576342
"AENJPLPP_00631",26.1500714389781,1.50336289728714,0.38781744088895,3.87647057296121,0.000105982621010323,0.000502942617267624
"AENJPLPP_00675",15.0240530147135,-2.11102002171833,0.545486843237712,-3.86997422190509,0.000108846861802055,0.000515610894547122
"AENJPLPP_00309",5.37116503790409,5.21230454026353,1.34978319266619,3.86158648928484,0.000112653118299562,0.000532688316530788
"AENJPLPP_02996",512.044201748147,0.601955527499382,0.15599644927382,3.85877710871978,0.000113955807517121,0.000537887661863345
"AENJPLPP_02100",46.4608412313126,1.15605677738567,0.299860297204404,3.85531792025682,0.000115579328267654,0.000544580180165033
"AENJPLPP_01918",20.8701289267041,-1.6665439808211,0.432340318457161,-3.85470405991346,0.000115869704293988,0.000544978644707782
"AENJPLPP_01408",68.7287397850739,-0.94737065625516,0.246003980504439,-3.85103791537254,0.000117618285696404,0.000552222022205812
"AENJPLPP_02275",26.2660821085136,1.4168863707006,0.368147463364897,3.84869247162575,0.000118749974128656,0.000556548551314481
"AENJPLPP_00487",33.1520596825766,-1.43310003633282,0.373390816910801,-3.8380698491446,0.000124005211773091,0.000580151591475522
"AENJPLPP_02813",18.3597854868444,-1.82915143135175,0.477378660399317,-3.83165730496145,0.000127282951847342,0.000594436078468717
"AENJPLPP_01436",64.9798492261461,-0.957609134138112,0.250172212382895,-3.82779975848183,0.000129293874084138,0.000602764398899289
"AENJPLPP_01390",30.2440209516834,-1.36577446502974,0.357101408505396,-3.82461237200386,0.000130977996435621,0.000609542591496528
"AENJPLPP_03076",22.9198618018037,1.56247535023346,0.40884744155047,3.82165862236558,0.000132557107053353,0.000615809156977682
"AENJPLPP_00139",14.7654101932752,1.92650800874686,0.504707408618938,3.81707891710661,0.000135040986281643,0.000626249617642367
"AENJPLPP_01045",56.0325676723837,-1.02261012816122,0.268605424585875,-3.80710899542642,0.000140600788486831,0.000650893160687287
"AENJPLPP_01121",70.7674959123776,-0.945464694570936,0.248620527354823,-3.80284244680087,0.000143045334059465,0.000661054179039203
"AENJPLPP_01644",37.6026530763837,-1.2122071690185,0.318806695721573,-3.80232656743563,0.000143343608068834,0.00066127852642208
"AENJPLPP_00009",56.7634066115125,1.03524369702451,0.272765339737805,3.7953638025258,0.000147427111647321,0.00067893389850801
"AENJPLPP_01068",20.8600730673259,-1.65879739952331,0.437610603446206,-3.79057862506117,0.000150296745648128,0.000690947539021256
"AENJPLPP_02924",8.24012088327893,2.75744247724812,0.728457873474625,3.78531494772041,0.000153514033763928,0.000704515011103782
"AENJPLPP_00845",143.63306767002,-0.76621035676006,0.202492007097959,-3.7839042031392,0.000154387267385439,0.000706075101963111
"AENJPLPP_01496",17.7913613852754,-1.89752836711688,0.501457160130565,-3.78402886225181,0.000154309917005607,0.000706075101963111
"AENJPLPP_00643",22.7956142019196,-1.56751185327037,0.414378133044275,-3.78280543366144,0.00015507062883694,0.00070797762958658
"AENJPLPP_01985",14.4453434048417,1.88020187207372,0.498624842078935,3.77077456517113,0.000162741638851818,0.000740446494294869
"AENJPLPP_02133",17.3186942773956,-1.80344250319714,0.478264579381603,-3.77080507515106,0.00016272174143662,0.000740446494294869
"AENJPLPP_00819",44.5005781209049,-1.15500243357496,0.306714260785761,-3.76572784915837,0.000166064602637456,0.000754269413008547
"AENJPLPP_03075",13.0655150300467,2.01128240769905,0.535119045975733,3.75857002815456,0.00017088721272572,0.000774844759071415
"AENJPLPP_02562",6.43913719047712,4.46803894051048,1.19003752876605,3.75453616588324,0.000173662769947517,0.000786083786018845
"AENJPLPP_00246",45.9704425282837,1.07373438925765,0.286248749359176,3.75105355625628,0.000176093077487663,0.000793017804740362
"AENJPLPP_00875",33.6686150070697,-1.28733164078463,0.343162278479374,-3.75137863779513,0.000175864876008279,0.000793017804740362
"AENJPLPP_01555",6.24533012076698,4.44340152467935,1.18450974668756,3.75125788293864,0.00017594961129305,0.000793017804740362
"AENJPLPP_00372",55.4422265046359,-1.01161730163476,0.269956707935819,-3.74733159761035,0.000178725748751975,0.000803507271129424
"AENJPLPP_02269",12.9688186693465,-2.3865833121694,0.637231020859744,-3.74524031951466,0.00018022117677373,0.000808857078130231
"AENJPLPP_02664",65.2178010344062,-1.10680023799288,0.295590957923129,-3.74436432619401,0.000180851070168364,0.000810310717099542
"AENJPLPP_00440",14.6047529044131,1.97823132463247,0.528564247497765,3.74265065031821,0.000182089299077754,0.000814480513442384
"AENJPLPP_00723",56.2344187425956,-1.09946026318147,0.293933373545172,-3.74050843536657,0.000183648382333833,0.000820068999021906
"AENJPLPP_00861",249.917939277069,0.65274442489224,0.174557537484843,3.73942273875695,0.000184443325294488,0.0008222321976091
"AENJPLPP_01528",46.2587146373914,1.07347983266965,0.287561294216731,3.73304702078779,0.000189177261546667,0.000841918300127014
"AENJPLPP_02403",10.546887007756,2.29905854437215,0.616719461199587,3.72788389051357,0.00019309429679339,0.000857908889108887
"AENJPLPP_01000",24.3116102215479,1.45639357361612,0.391796864762443,3.71721599788495,0.000201430220983334,0.000893445938297939
"AENJPLPP_00686",16.1428753216047,-1.87426181814367,0.504756656884114,-3.71319881091529,0.000204655990091719,0.000904772497756683
"AENJPLPP_00967",6.06386642824046,3.85147892959558,1.03724402827459,3.71318496381449,0.000204667192657195,0.000904772497756683
"AENJPLPP_00340",65.4433736858754,0.917310390969739,0.248126585321555,3.69694520956296,0.000218209414296361,0.000963030881761273
"AENJPLPP_00808",235.601296767734,-0.702246963702672,0.190121702644434,-3.69367070636862,0.000221040004632865,0.000973900053690227
"AENJPLPP_01664",145.022541649659,0.694222497259659,0.187974773509084,3.69316841988965,0.000221477235194403,0.000974205512948137
"AENJPLPP_01217",42.4232482264885,1.10141140606034,0.298693725096201,3.68742733281594,0.000226532754738129,0.000993560951007091
"AENJPLPP_02146",6.34622099030369,3.43853948208389,0.93253070603988,3.68732038506927,0.00022662795106053,0.000993560951007091
"AENJPLPP_01747",40.9681582401467,1.10867943455209,0.300734352954377,3.68657396024284,0.00022729340498585,0.000994831299838894
"AENJPLPP_00534",7.12864361957335,2.95622700280607,0.804461253707782,3.67479103459706,0.000238044162206482,0.00104016657016958
"AENJPLPP_01014",34.3302978468435,-1.21282912228242,0.330410982338797,-3.67066831040987,0.000241917107605995,0.00105534843647558
"AENJPLPP_02959",17.247838515444,1.70741336807298,0.465640203419077,3.66680831151579,0.000245596759527921,0.00106963851847029
"AENJPLPP_01070",49.7011663579084,1.02890287990474,0.280923426333498,3.66257415173086,0.000249693440842656,0.00108569496116807
"AENJPLPP_00720",41.8142627991798,-1.12484250943253,0.309635670562512,-3.6327936874619,0.000280369184189901,0.00121508608794576
"AENJPLPP_02386",60.9308327332658,-0.996526133766811,0.274306611599654,-3.63289141284434,0.000280262981147183,0.00121508608794576
"AENJPLPP_01789",11.5407129821786,-2.27430825055718,0.62799474561696,-3.62154025400776,0.000292854225483015,0.00126712089718795
"AENJPLPP_02371",22.6645338448802,-1.48121094661215,0.409866081360091,-3.6138900337811,0.00030163703552963,0.00130299326277726
"AENJPLPP_00047",13.6340865874102,1.86936055536823,0.517417195072467,3.61286902169229,0.000302827689872048,0.00130388247606696
"AENJPLPP_03133",7.84411898904189,2.65951092917353,0.736060018147492,3.61317129527964,0.000302474735367938,0.00130388247606696
"AENJPLPP_01391",16.415819144595,-1.8748465021896,0.523483557449034,-3.58148116690778,0.000341651769905283,0.00146448546337476
"AENJPLPP_01760",48.060824238244,-1.03379793240393,0.288609580698777,-3.58199450586817,0.000340980965591729,0.00146448546337476
"AENJPLPP_01810",16.6833374442743,-1.76217858136848,0.492039289883527,-3.58137778344005,0.000341787015243807,0.00146448546337476
"AENJPLPP_01289",26.3294620344052,-1.37009342088446,0.382887032297266,-3.57832286109063,0.0003458061173887,0.00147931276065473
"AENJPLPP_01205",73.6856652905049,-0.869503447713971,0.243022399227387,-3.57787368768592,0.000346400771202212,0.00147946651958622
"AENJPLPP_02875",30.6870439809232,1.24615795766118,0.348340553837952,3.57741280459954,0.000347011921450542,0.00147969012560553
"AENJPLPP_00003",41.2825605814445,1.05206212896429,0.29420091844544,3.57599879199358,0.000348893261297488,0.00148073670014648
"AENJPLPP_01460",33.2268972373553,-1.27987441477182,0.357909963064414,-3.57596755288279,0.000348934932360801,0.00148073670014648
"AENJPLPP_02597",21.7046088785458,1.48930792258035,0.416461397673514,3.57610076444082,0.00034875726868354,0.00148073670014648
"AENJPLPP_01291",41.3424111526594,-1.10062352336678,0.30828724346954,-3.57012346985262,0.00035681300479691,0.00151174533872355
"AENJPLPP_02108",22.3073729648926,1.42538924757316,0.400055179340327,3.5629816114956,0.000366666372924879,0.00155101047205284
"AENJPLPP_02610",9.76272839604966,2.18990826923751,0.617658361174388,3.54550088996401,0.000391867664411528,0.00165496901971567
"AENJPLPP_00370",16.1092063355213,-1.78517009440388,0.504029691671059,-3.54179550114465,0.000397413445469293,0.00167571784013167
"AENJPLPP_01647",31.4949077786622,-1.21874609308571,0.344446025682137,-3.53827886581685,0.000402744467113738,0.0016954965801545
"AENJPLPP_01412",29.7803516587378,-1.2681514921573,0.359314325325801,-3.52936524589557,0.000416557785550447,0.00175086510498029
"AENJPLPP_00215",47.2553083823871,-1.05718912901049,0.300592694817293,-3.51701537408643,0.000436428502862487,0.00183147809125177
"AENJPLPP_01828",9.78234212405606,2.22312533568735,0.633095112460009,3.51151871485626,0.000445554090351789,0.00186681523932205
"AENJPLPP_01730",8.40966662110199,2.41465617015048,0.688025716952184,3.50954348166944,0.000448876658198959,0.00187776523050686
"AENJPLPP_00056",7.81569469538548,2.6217759871045,0.747874953162059,3.505634165203,0.000455520856173348,0.00190255398603632
"AENJPLPP_02749",13.2319700110571,-2.06000188737163,0.58870051848829,-3.499235727975,0.000466593877578525,0.00194573320917785
"AENJPLPP_02013",25.4687304621276,-1.39663824931022,0.399471910131383,-3.4962114078331,0.000471914655128577,0.00196482705468628
"AENJPLPP_00865",79.0494689649649,0.859734820069531,0.246451591711664,3.48845310390763,0.000485824035474929,0.00201956365139342
"AENJPLPP_02263",28.8263315167966,1.2444553124639,0.357840588729911,3.47768070939315,0.000505771998014819,0.00209919161558502
"AENJPLPP_01433",26.6317344857758,-1.38323277751731,0.397881597841277,-3.47649347198288,0.000508016595842573,0.00210520805288127
"AENJPLPP_02196",22.7253968475458,1.3706442392282,0.395230876087271,3.46795840648226,0.000524428452317807,0.0021675022151739
"AENJPLPP_02548",98.2270336396469,0.79848392971821,0.230254874597304,3.46782638636723,0.000524686148008486,0.0021675022151739
"AENJPLPP_01426",200.287592746844,-0.592192819317041,0.171137381810619,-3.46033586029942,0.000539502029193829,0.00222523578396458
"AENJPLPP_01119",32.1271376201657,-1.19264707427483,0.345604934586312,-3.45089712246855,0.000558726502904833,0.00230094522502643
"AENJPLPP_00880",27.3247916896047,-1.2656736212679,0.367135665387784,-3.44742758764951,0.000565952096889815,0.00232347465513834
"AENJPLPP_02499",10.1817123402079,2.10330673505135,0.610087440887114,3.44754963647994,0.000565696450223326,0.00232347465513834
"AENJPLPP_01044",105.019384565707,-0.737928950823759,0.214435591087389,-3.44126153257382,0.000579008591394339,0.00237339744583933
"AENJPLPP_01028",25.8123309149283,-1.34640286955667,0.3913176939203,-3.44068998278134,0.000580232933101719,0.00237474004150441
"AENJPLPP_02535",19.3462428250441,1.53744385466726,0.447314227766742,3.43705556235735,0.000588074953983872,0.00240312110825508
"AENJPLPP_01898",27.7358307675615,-1.33844775866441,0.391827001017457,-3.41591507269499,0.000635680689728863,0.00259365557226815
"AENJPLPP_02301",261.51298694055,-0.599949346492515,0.175678758961018,-3.41503634270116,0.000637735019217497,0.0025980343552122
"AENJPLPP_02775",10.8095841715524,1.99419368845877,0.584390000762116,3.41243636246017,0.000643849579325278,0.00261891503233999
"AENJPLPP_00499",17.0190480996643,-1.68521162307832,0.494645006564656,-3.40691122059885,0.000657024942810321,0.0026684080499413
"AENJPLPP_00970",2.52038685348288,5.08342988323609,1.49441336603955,3.40162233472794,0.00066987139571216,0.00271641570573629
"AENJPLPP_02052",30.563210932207,-1.27435370598614,0.374748621162111,-3.40055609019806,0.00067248937616476,0.00272286218361511
"AENJPLPP_02141",140.98466674149,0.695406197206168,0.204643885772901,3.39812838570647,0.000678485713569788,0.0027429468237142
"AENJPLPP_01839",104.743431945177,0.737032089738765,0.217171537521237,3.39377847645753,0.000689354307719511,0.00278263751042876
"AENJPLPP_00806",150.78712440295,0.646591492450143,0.190807549831331,3.3887102110043,0.000702221807107983,0.00283026384356459
"AENJPLPP_02489",227.335051271876,-0.598012920296716,0.177255805029562,-3.37372826913613,0.000741575322982968,0.00297980493969484
"AENJPLPP_02951",17.7690476456603,1.46767002175776,0.434989445365808,3.37403593901803,0.000740746960253649,0.00297980493969484
"AENJPLPP_01656",25.6512147462594,-1.29202165073905,0.383435954133747,-3.3695892020819,0.000752803208091546,0.00302033771973699
"AENJPLPP_00210",28.8944526191692,-1.21755525215529,0.361589529100834,-3.36723039293473,0.000759272268893388,0.00303307198246517
"AENJPLPP_01424",83.9318686664355,-0.786248866619947,0.233465885210312,-3.36772486443436,0.000757911914189345,0.00303307198246517
"AENJPLPP_01593",34.5300737954885,1.10765067860244,0.328955079067004,3.36717913504787,0.000759413415549247,0.00303307198246517
"AENJPLPP_02445",39.3747274956804,-1.08919819707088,0.323529477698758,-3.36661192302558,0.000760976950426807,0.00303473940471414
"AENJPLPP_02674",22.2423994207093,-1.41778555214768,0.422410750900898,-3.35641445944237,0.000789601425012883,0.00314415725328438
"AENJPLPP_01414",12.6502604339985,-1.88074902666752,0.560534043559173,-3.35528064401851,0.000792845066152308,0.00315233293569266
"AENJPLPP_00702",27.1292954164291,-1.25646653820045,0.374634081608075,-3.3538500629927,0.0007969553460125,0.00316392467202564
"AENJPLPP_02083",31.5427969930946,1.1388107888261,0.339851460972374,3.35090743929058,0.000805472204696628,0.00319294969765969
"AENJPLPP_02413",22.0403324740979,1.31998217885454,0.395043778977766,3.34135670297148,0.000833700391597677,0.00329990827645837
"AENJPLPP_00107",3.76764458059737,4.65810231943982,1.39509330771906,3.33891811656361,0.000841053521173521,0.0033190904978651
"AENJPLPP_00373",28.7651323726009,-1.21672780511506,0.364362921983382,-3.33932936560036,0.000839809269853608,0.0033190904978651
"AENJPLPP_00249",28.7610822921863,1.170193181764,0.350864698640518,3.33516932965356,0.000852474726609726,0.00335915636318833
"AENJPLPP_00907",68.0500996943165,-0.82146508425788,0.246365194557519,-3.33433903166907,0.000855023725956597,0.00336419439276831
"AENJPLPP_00725",10.7137988335706,-2.11186980933669,0.634026884213359,-3.33088369266376,0.000865707651015972,0.00340117783366512
"AENJPLPP_00579",38.504317509989,-1.10010124434844,0.330454839261473,-3.32905169979364,0.000871422268039978,0.00341855728262202
"AENJPLPP_01712",58.6305208732723,-0.986213634412606,0.296558411449908,-3.32552912456907,0.000882508796396991,0.00345692794801662
"AENJPLPP_01411",28.6345568633726,-1.19178847733329,0.358780186799617,-3.32177896434095,0.000894455199965965,0.00349854855171326
"AENJPLPP_00549",22.1279397358868,-1.40508904627484,0.423069528558462,-3.32117761130763,0.000896384740602064,0.00350092447361986
"AENJPLPP_02568",70.1063041039674,-0.79702777706981,0.240652312199244,-3.31194730599524,0.000926489951581592,0.00361317436198536
"AENJPLPP_03115",4.81987032395762,4.07037834528422,1.23336489511801,3.30022231165804,0.000966082671332254,0.00376203957895266
"AENJPLPP_02129",186.841078116653,0.637272883681649,0.193283033798478,3.29709685924159,0.000976898054237359,0.00379856982029446
"AENJPLPP_01634",640.648232850877,0.61800830921278,0.187497485409973,3.29608852012853,0.000980411183605976,0.00380664049001265
"AENJPLPP_02747",6.50518753917147,-3.3378045960493,1.01313497332063,-3.2945310190106,0.000985860631902689,0.00381660665683965
"AENJPLPP_03072",3.70541666964364,4.60928976271741,1.39893145477827,3.29486462469169,0.000984691043932685,0.00381660665683965
"AENJPLPP_01278",14.0513460979974,-1.76605294196472,0.536572774042148,-3.29135771958865,0.000997050386823824,0.00384867263018875
"AENJPLPP_01917",14.3076587219339,-1.7172607647142,0.521739173411247,-3.29141619458314,0.000996843131994602,0.00384867263018875
"AENJPLPP_01237",11.6301372431112,-2.03226258797339,0.617691336257115,-3.29009404646636,0.00100153902259396,0.00386037166205067
"AENJPLPP_01910",13.941882394186,-1.79576748307529,0.546666443223879,-3.2849418604973,0.00102003417584835,0.00392594549076517
"AENJPLPP_01980",48.6641052485047,0.936841522850113,0.285307816779521,3.28361673866819,0.0010248418998194,0.00393872474705629
"AENJPLPP_02965",71.7162655095417,-0.846666461101427,0.258062742651251,-3.28085508354695,0.00103492903558604,0.00397172766120555
"AENJPLPP_00630",26.5638213596187,1.18333752884484,0.360875108778649,3.27907771985092,0.00104146948976525,0.00399104371765323
"AENJPLPP_02549",50.746721453296,0.878616358627262,0.268111255367078,3.27705883672927,0.00104894508847711,0.00401388236168696
"AENJPLPP_01388",2.97924765411944,-4.76077325546634,1.45344162864249,-3.27551733874092,0.00105468640036737,0.00403002826576159
"AENJPLPP_00303",5.49956472954801,3.16631510284276,0.96742264966298,3.27293877597946,0.00106435529610267,0.00406111357936581
"AENJPLPP_02880",149.573001863563,-0.665167489396867,0.203295963623072,-3.27191685236872,0.0010682098650854,0.00406995643560594
"AENJPLPP_00189",6.57177575253688,2.58735267272554,0.794573018425208,3.25628055915302,0.00112882149540131,0.00429471166641187
"AENJPLPP_01100",71.1704582529777,0.783429469217153,0.240886913031217,3.2522707828284,0.00114486895794511,0.00434951650019892
"AENJPLPP_02960",2.36249852407957,5.02293539062632,1.54530377550129,3.25045176893902,0.0011522181082957,0.00437116554551148
"AENJPLPP_02874",50.9238496202465,-0.91402780524647,0.28146502947899,-3.24739384831713,0.00116467100285712,0.00441208700367047
"AENJPLPP_01908",141.007908295112,-0.626619540870829,0.193641148611326,-3.23598339177677,0.00121224437183536,0.00458574728088577
"AENJPLPP_00478",54.280276553698,0.880309541158255,0.272176513393018,3.23433322803684,0.00121927105564432,0.00460574858109297
"AENJPLPP_02024",28.9355552052428,-1.15769031174357,0.358251226470423,-3.2315041127686,0.00123140551821254,0.00464495984647693
"AENJPLPP_00652",58.8520865817376,-0.856658109919628,0.265314748114367,-3.22883713026898,0.00124294660328286,0.00468182447438552
"AENJPLPP_00798",129.789738494063,-0.638981506362746,0.197974971650149,-3.22758731084411,0.00124838936472342,0.00469564636049378
"AENJPLPP_02876",12.4002637392502,1.74105825239265,0.53954681322053,3.22689006724061,0.00125143530276277,0.00470042649888767
"AENJPLPP_01648",18.2732667615978,-1.47749091372683,0.459675569403997,-3.21420369510285,0.00130806842561995,0.00490618299014395
"AENJPLPP_01923",37.8171140467638,1.00640372968583,0.313386686274523,3.21137997803848,0.0013209913840877,0.00494764524054345
"AENJPLPP_00909",45.7276124413781,-0.953537740210997,0.297397930005966,-3.20626892121229,0.00134468256982275,0.00502926475267041
"AENJPLPP_01432",22.8565252633382,1.2259268427778,0.382851251988794,3.20209699304753,0.00136431052341501,0.00509547851340331
"AENJPLPP_02012",28.8770352602763,1.14468402548992,0.357682764080167,3.20027728602925,0.00137295431355503,0.00512053946801934
"AENJPLPP_02696",14.2411264400134,-1.68618552900417,0.52751509692676,-3.19646876236849,0.00139120889573509,0.00518132370732283
"AENJPLPP_02302",23.0168121464433,-1.31032241314687,0.41085841615936,-3.18923103826266,0.00142651816654045,0.00530536531600998
"AENJPLPP_01451",23.4520682487107,-1.27497006113545,0.399943510507258,-3.18787535649314,0.0014332230313962,0.00532282550790622
"AENJPLPP_00570",49.2407205047966,-0.88155965040823,0.27690193048592,-3.18365295923084,0.00145429254465605,0.00539351072583924
"AENJPLPP_00670",61.7270338331477,0.801392862086814,0.251820998202324,3.18239093565558,0.00146064516015817,0.00540949424349487
"AENJPLPP_02823",34.888044971624,1.05591168512643,0.332715069365843,3.17362146276995,0.00150549894992619,0.00556782293212927
"AENJPLPP_02539",35.2951183157067,1.1272757606156,0.355268881947984,3.17302138716628,0.00150861410833267,0.00557156228572513
"AENJPLPP_00497",22.6198963478653,1.29165384049221,0.407449679631313,3.17009413692748,0.00152389558376742,0.00562016087161019
"AENJPLPP_00024",6.45095391605024,2.52738833211435,0.797441774163754,3.16937037160453,0.00152769586382442,0.00562634026064962
"AENJPLPP_00645",76.3062854187121,-0.738862793901306,0.233261595169082,-3.16752868540462,0.00153740541988471,0.0056542354886871
"AENJPLPP_01250",18.3019294441012,1.37735627933592,0.436621752625566,3.15457549023467,0.0016073178966854,0.00590315921001794
"AENJPLPP_00143",7.13545980798601,-2.62482161833808,0.835176689566502,-3.14283390703887,0.00167320753220194,0.00613663925937775
"AENJPLPP_01649",32.5624879999289,-1.08214187235374,0.344488070740185,-3.14130434191407,0.0016819715027626,0.00616024970859664
"AENJPLPP_02847",10.7380307959686,1.80602115191024,0.576370351034211,3.1334386799557,0.00172771014124373,0.00631902825139971
"AENJPLPP_00885",34.5387744441611,-1.01662930213401,0.324491425036643,-3.13299281181068,0.00173033679719204,0.00631990598477864
"AENJPLPP_01440",25.0951673636193,-1.224803703745,0.391104134433563,-3.13165624167816,0.00173823269090972,0.00634000022800131
"AENJPLPP_02368",16.7046470893248,1.4292385032754,0.456931990021801,3.12790203900413,0.00176058850182288,0.00641270750044977
"AENJPLPP_02408",225.502748181,0.588383483367775,0.188147620707914,3.12724381607354,0.00176453526688428,0.0064182546520736
"AENJPLPP_00248",40.9644637849639,0.925608763427491,0.296451140355308,3.12229786776368,0.00179445281405794,0.00651812215586478
"AENJPLPP_02759",110.993745847417,0.669597640432456,0.214705556748356,3.11867867126165,0.00181663960735565,0.00658967353462706
"AENJPLPP_00869",27.9351927306958,1.212955076451,0.389785796854561,3.11185037073985,0.00185918706641825,0.00673237842628846
"AENJPLPP_02326",92.1603201433544,-0.710624321022113,0.228382576593136,-3.11155225421636,0.00186106533536373,0.00673237842628846
"AENJPLPP_00878",87.9590661318223,-0.693723320784326,0.223118253275165,-3.10921814150624,0.00187583166669496,0.00677261553504637
"AENJPLPP_02887",27.1005549853825,1.13872742400838,0.366269669597887,3.10898640681481,0.00187730355087766,0.00677261553504637
"AENJPLPP_01996",60.5167664760623,-0.822102012713499,0.264639572736756,-3.10649690147159,0.00189318292593704,0.00682061005153915
"AENJPLPP_00864",48.3748385655964,0.874185238452032,0.281591662974889,3.10444289868762,0.00190637721728737,0.0068588136839361
"AENJPLPP_00801",31.2257581606268,-1.10459694147915,0.356752853158891,-3.09625257849637,0.00195983343401852,0.00703683464606376
"AENJPLPP_02588",43.3343535879481,-0.943957999999928,0.304891060589271,-3.09605010450459,0.00196117219365372,0.00703683464606376
"AENJPLPP_01887",117.236921035603,0.671615712938501,0.217418084138789,3.08905174838066,0.00200796460636879,0.00719498007803051
"AENJPLPP_01997",45.0630079842344,-0.905257067021084,0.293131014201262,-3.08823366741924,0.00201350083382111,0.0072050678485923
"AENJPLPP_01608",31.1463109368768,-1.12416385548584,0.364406591100444,-3.08491636249241,0.00203609400858075,0.00727608223309287
"AENJPLPP_02025",2.54466993166535,-4.53700703810389,1.47115478152903,-3.08397667945477,0.00204253605601798,0.00728926614061403
"AENJPLPP_02149",298.693647762122,0.481234114853443,0.156135351564811,3.08215986982093,0.00205504435218467,0.00732403424574023
"AENJPLPP_02032",3.28337917344278,4.40343355433264,1.43518762665885,3.06819364418849,0.00215357016488621,0.00766485725351975
"AENJPLPP_01545",19.7269615810248,1.27087587729927,0.414270536728498,3.06774381623999,0.00215681432932953,0.00766609979069072
"AENJPLPP_02451",95.9702726131943,0.674544346412394,0.220359309886144,3.06111117683624,0.0022051719677255,0.00782747368704707
"AENJPLPP_01197",17.3857513184995,-1.39944860047384,0.459449871257772,-3.04592228232161,0.00231967785820755,0.00822290089495796
"AENJPLPP_00102",8.59457800879882,-2.17028852685753,0.713544017381262,-3.041562221799,0.00235353916474919,0.00833178035863081
"AENJPLPP_00941",52.4255651030227,0.87666462061719,0.288401997881994,3.03973144102801,0.00236789190709041,0.00837139889182296
"AENJPLPP_01256",16.0392036312504,-1.55384090388869,0.511417482796377,-3.0383022797587,0.00237915172707679,0.00839999169773244
"AENJPLPP_01162",45.0849194091328,-0.911711559777199,0.300406000353968,-3.03493125537749,0.00240590518655456,0.00848313839413647
"AENJPLPP_01146",4.09737593674216,3.87944580823138,1.28057245114596,3.02946217901201,0.00244989576216628,0.00862676060933018
"AENJPLPP_01091",47.3202426516477,0.845390849494772,0.279734489639351,3.02211876191847,0.00251012046073829,0.00882709027893093
"AENJPLPP_00086",9.12585970880462,-2.14851259568363,0.714088816854376,-3.00874701433922,0.00262327455525489,0.00920953144631561
"AENJPLPP_00898",62.032258530167,-0.754602235109682,0.250827477767819,-3.00845123439062,0.0026258293965137,0.00920953144631561
"AENJPLPP_02809",9.08427992382692,1.90740547042761,0.634491428117536,3.00619580643771,0.00264538590190377,0.00926584903206505
"AENJPLPP_02532",66.3356890431301,0.733585139234848,0.244155888586919,3.0045768852046,0.00265950532369534,0.00930299880732531
"AENJPLPP_02953",4.61202029934997,3.31236857912066,1.10264172711256,3.00402977474345,0.00266429249751348,0.00930744925252729
"AENJPLPP_02082",14.0021596840853,-1.55614556859768,0.518591051464013,-3.00071812694143,0.00269343765599176,0.00939686813315703
"AENJPLPP_02393",30.9052456504603,1.00910730056078,0.337084482036501,2.99363321166326,0.00275677135400921,0.00960203510779858
"AENJPLPP_02910",13.1670430256214,1.53827390525392,0.513900261608368,2.993331625167,0.00275949724963547,0.00960203510779858
"AENJPLPP_01565",79.6431363127989,-0.708400945019477,0.237389877955186,-2.984124475405,0.00284391051786961,0.00988277565789858
"AENJPLPP_00286",15.9800628443405,1.36992750184317,0.459408038915557,2.98194064056197,0.00286427528504771,0.00994049928546046
"AENJPLPP_01946",11.9735007558577,1.63227738522923,0.547465089819229,2.98151866773496,0.00286822559388165,0.00994117980706624
"AENJPLPP_00724",17.4527757397349,-1.37970442470132,0.4632630461062,-2.97823112872473,0.00289917270126763,0.0100353062914466
"AENJPLPP_00933",1.95663334712564,4.75865060601774,1.59984318114336,2.97444815973581,0.00293516046273883,0.0101466121479536
"AENJPLPP_02101",61.8921827861208,0.792494226578818,0.266614221699268,2.9724379349603,0.0029544493668323,0.0101999764320364
"AENJPLPP_02030",46.6071122579261,-0.870997004008528,0.293203458954235,-2.97062322223313,0.00297196152144464,0.010247075662481
"AENJPLPP_00662",7.11197064268627,2.272067413994,0.765821405114492,2.96683717485582,0.00300880253279649,0.0103606100219052
"AENJPLPP_00649",71.924596827744,-0.708176626543806,0.23879554989853,-2.96561902784506,0.00302074428316662,0.0103882218984743
"AENJPLPP_01674",58.0043618004734,0.818656275121197,0.276092496435811,2.96515220692181,0.00302533207355075,0.0103905049685634
"AENJPLPP_00240",40.861209196583,0.900989913766784,0.303914805007881,2.96461343416099,0.00303063488721523,0.0103952346908626
"AENJPLPP_02961",1.90972520396395,4.69103723316321,1.58281950512377,2.96372215402816,0.00303942583323177,0.0104119011725714
"AENJPLPP_01027",39.0044182139972,0.893797443408314,0.301642708873496,2.9630997770384,0.00304557829629447,0.0104194978405526
"AENJPLPP_02734",11.739139245314,-1.77232887736659,0.598565206179256,-2.9609620791019,0.00306679696336569,0.0104650494316912
"AENJPLPP_02871",118.574882878222,-0.65817260670896,0.222281789935219,-2.96098302474878,0.00306658840570803,0.0104650494316912
"AENJPLPP_01953",20.4509512600193,1.22686547907808,0.41497425548614,2.95648576473935,0.00311166594832584,0.0106044934764052
"AENJPLPP_02078",17.2742345669588,-1.35691045399393,0.459305937922836,-2.9542628169155,0.00313416967854523,0.0106674566951
"AENJPLPP_00394",9.9981403026555,1.73901997192754,0.588820073925363,2.95339790359793,0.00314296553963877,0.0106836620654216
"AENJPLPP_02767",13.0986617260181,1.5738182298559,0.533034332439649,2.95256446738184,0.00315146257314865,0.0106988114021764
"AENJPLPP_02561",12.3810941187997,1.56900824633025,0.53205757864871,2.94894445506279,0.003188612790365,0.010811071278984
"AENJPLPP_00045",13.9830328274479,1.4699128242202,0.49939408303972,2.94339255137569,0.0032463649208766,0.0109928060236333
"AENJPLPP_00946",5.40523103866913,2.51548786347909,0.85476922334717,2.9428853949944,0.00325168769501549,0.0109967675816105
"AENJPLPP_01053",91.3375467313367,0.640019031323138,0.217569764617568,2.9416726742713,0.00326444785484498,0.0110258391832009
"AENJPLPP_00159",76.5794520513982,-0.73286200983396,0.249944627345377,-2.93209747141827,0.00336681059810702,0.0113570884889011
"AENJPLPP_02081",53.6731613347231,-0.806940026135822,0.275322293770708,-2.93089242823123,0.00337989797895029,0.0113867300868452
"AENJPLPP_00352",20.9329738105824,-1.24487092522886,0.425308361665185,-2.92698436577848,0.00342266085727031,0.0115161447904089
"AENJPLPP_01513",22.7960155694408,1.11778857658461,0.382318408389323,2.92371110586529,0.00345885596688537,0.011623160660295
"AENJPLPP_02385",18.105678398645,-1.36566450396251,0.467468655911246,-2.9214033640403,0.00348458357562896,0.0116947747886762
"AENJPLPP_01232",111.241056755073,-0.639116358213242,0.218819433374053,-2.92074770672094,0.00349192480203533,0.0117045783237842
"AENJPLPP_00908",49.8974709502872,-0.865748459508041,0.297519491357444,-2.90988820785499,0.00361558055838867,0.0121037387087398
"AENJPLPP_00059",4.71540611784167,2.97054169748805,1.02260605450454,2.90487395845441,0.00367401018650976,0.0122838118357044
"AENJPLPP_02616",28.9039707495509,-1.04716351992481,0.360682895952805,-2.9032802266893,0.00369276051218511,0.0123309329587215
"AENJPLPP_02272",13.8922020641134,-1.5638632749873,0.539549338171993,-2.89846203923761,0.00374997700791848,0.0125062205503377
"AENJPLPP_02909",20.9156160533141,1.16398833631321,0.402268200596777,2.89356288810899,0.0038089800598311,0.0126870178596638
"AENJPLPP_01778",19.9061588098235,-1.26290003350755,0.436733110551807,-2.89169747608991,0.00383166706406375,0.0127465507357297
"AENJPLPP_01759",22.6535541766344,-1.18855584974603,0.411760794434623,-2.88652019767448,0.00389527744706712,0.0129419004765793
"AENJPLPP_00196",68.8424149987195,-0.704255332787903,0.244467476475694,-2.88077311117466,0.00396701095766426,0.0131479215309462
"AENJPLPP_01928",53.6412858803884,0.755204829377196,0.262155012452069,2.88075677940842,0.00396721650423943,0.0131479215309462
"AENJPLPP_01325",14.2745973242395,-1.5504633075973,0.540111272974335,-2.87063682092593,0.00409645874325232,0.0135592784401652
"AENJPLPP_01579",87.7220046265953,0.628138980760263,0.219617064855915,2.86015561300926,0.004234331763999,0.0139981404632576
"AENJPLPP_02113",68.4761802444277,0.713550569916081,0.249669784032995,2.85797727858723,0.00426350919303742,0.0140770228717744
"AENJPLPP_00623",13.1881045107118,1.47901119521062,0.519683475035906,2.84598465461776,0.00442743283973097,0.0146000525026247
"AENJPLPP_02771",14.066727756499,1.3745856599665,0.483291418636825,2.84421698163742,0.0044520718137411,0.0146630424910279
"AENJPLPP_00010",91.9447461844384,0.662023073499896,0.233064970365677,2.84050868932036,0.00450416458631489,0.0148146452268815
"AENJPLPP_02115",133.014624994937,-0.537300914785391,0.189180749301666,-2.84014582228246,0.00450929156075017,0.0148146452268815
"AENJPLPP_01612",48.4537189001021,0.850907132495185,0.30116787717704,2.82535820377345,0.00472277861338194,0.0154968002084701
"AENJPLPP_00515",144.008113310277,0.565236906475812,0.200266496719681,2.82242369909227,0.00476621619716822,0.0156199758540859
"AENJPLPP_02125",263.716929148068,-0.500082544322523,0.177304314161615,-2.82047589584702,0.0047952475896391,0.0156956929757285
"AENJPLPP_02558",34.4849145479794,-1.043248913157,0.369941337037669,-2.82003877023015,0.00480178475471616,0.0156976864573931
"AENJPLPP_00844",937.011585833504,-0.559053026990457,0.198405682913936,-2.81772688553967,0.00483649303730412,0.0157916566742063
"AENJPLPP_01587",43.6375821153245,-0.822098405198049,0.292147415569519,-2.81398486307137,0.00489315323869791,0.0159373551981206
"AENJPLPP_02402",50.1856746359556,0.776144215557757,0.275779596464392,2.8143641716365,0.00488738267591606,0.0159373551981206
"AENJPLPP_01282",8.17231121181959,1.86198418334444,0.662054033360617,2.81243537463691,0.00491679025252196,0.0159946690278601
"AENJPLPP_00718",60.6885940662427,-0.730352231555996,0.259987507299803,-2.80918202240308,0.00496675562030421,0.0161373851319823
"AENJPLPP_01981",17.4498877213603,1.23687164712844,0.441057312974725,2.80433315748994,0.00504207754212551,0.0163620359455249
"AENJPLPP_02097",61.0012291490454,0.822206400616071,0.293890510956799,2.79766229246147,0.00514739003285807,0.0166833400330577
"AENJPLPP_00871",15.843099047809,-1.37002816175606,0.489843976688021,-2.7968664043176,0.00516008649728707,0.0167040452870613
"AENJPLPP_00849",109.387253205736,-0.577430103297693,0.206508288635921,-2.79615945254244,0.00517138792385833,0.0167201895267117
"AENJPLPP_00205",25.834905920898,-1.03250664421678,0.369450849587977,-2.79470637398253,0.00519468729545445,0.0167546065266302
"AENJPLPP_01947",20.1725434785847,1.19048189396325,0.425935214420985,2.7949834943363,0.00519023650607924,0.0167546065266302
"AENJPLPP_01922",64.3700995428193,0.706198734730139,0.252734948771802,2.79422667170489,0.00520239987571347,0.0167590691859967
"AENJPLPP_01750",15.153990061972,1.32337746140873,0.473978035131687,2.79206495516411,0.00523728414825152,0.0168509458378737
"AENJPLPP_02358",4.73780284882813,2.58764116710747,0.927245626284873,2.79067497732525,0.00525982612338295,0.016902936377085
"AENJPLPP_01914",53.8652179705017,-0.783617108207141,0.281007220758572,-2.78860132523209,0.0052936185253343,0.0169909113394972
"AENJPLPP_01911",49.3255426641978,-0.793190376834452,0.284515284673957,-2.78786560709178,0.00530565489598015,0.0170089275599945
"AENJPLPP_01111",7.06399012465023,2.06643922958384,0.742134087920887,2.78445534737939,0.00536177031094365,0.0171680384321388
"AENJPLPP_02021",21.8376297566175,-1.23215977984317,0.442914663512707,-2.78193494446774,0.00540358705672636,0.0172810368674051
"AENJPLPP_02439",23.6145119837625,1.08588509127638,0.391370908040476,2.77456772838127,0.00552751233325005,0.0176560345698988
"AENJPLPP_00544",41.3829929311393,-0.916583844731881,0.330501522903106,-2.77331201587413,0.00554888892126912,0.0177029612813502
"AENJPLPP_02009",33.3554962402393,0.896445085126674,0.323465289171366,2.77137954252567,0.00558193209882782,0.0177869508997546
"AENJPLPP_01617",26.7559299879702,-1.06443759448556,0.384331755484859,-2.76958013303559,0.00561285954796529,0.0178640049074665
"AENJPLPP_00459",7.43604046258741,2.01889877427095,0.729346284285535,2.76809358979412,0.00563852611393906,0.0179241502397487
"AENJPLPP_00501",85.7854686778647,-0.62489105849321,0.225806802638202,-2.76737038562313,0.005651051158329,0.0179424262197304
"AENJPLPP_00031",34.5245054653558,0.875053654691841,0.316341045670552,2.76617172089376,0.00567186590075043,0.0179869471918409
"AENJPLPP_01586",52.5969009957024,-0.738811072515745,0.267849192332801,-2.75830987609542,0.00581010920021412,0.0184033123949366
"AENJPLPP_00943",7.82898880478182,1.92791836522598,0.700474602827221,2.75230302061575,0.00591777353987084,0.0187219406613835
"AENJPLPP_01413",43.9623884221346,-0.830992975896792,0.302201679868266,-2.74979601787466,0.00596323735921115,0.0188432607723044
"AENJPLPP_00902",31.2197190235069,-0.960637336832419,0.350018612597751,-2.74453215416977,0.00605972177769218,0.0191253197465183
"AENJPLPP_00438",7.96817596683582,1.83903224482955,0.672538729124814,2.73446296129698,0.00624821245028199,0.0196967012784551
"AENJPLPP_01751",4.68122525239864,2.55592446122752,0.93484168425543,2.73407198702659,0.00625563662204709,0.0196967012784551
"AENJPLPP_01746",19.8405050724213,1.13138101042403,0.414061531480209,2.73239826549332,0.00628750859918234,0.0197735424829392
"AENJPLPP_01855",15.4162535856179,-1.38956300507082,0.509016253668642,-2.72989908486378,0.00633537156237442,0.0199004316692378
"AENJPLPP_00051",5.98916748469154,2.20664835981279,0.808932689347453,2.72785163570636,0.00637482729661217,0.0200006429874752
"AENJPLPP_02161",3.3716378008038,3.54455323391324,1.30145709958331,2.72352675708489,0.00645889834159876,0.0202404293592349
"AENJPLPP_02915",152.618457547799,0.520647501318537,0.191335987992756,2.72111643387364,0.00650618408748955,0.0203645100043408
"AENJPLPP_00716",7.46494764850361,1.87746474817017,0.692209911417673,2.71227660454189,0.00668228061242972,0.0208910024341368
"AENJPLPP_00442",8.57412762329077,1.71931092826575,0.634929107500738,2.70787857723747,0.00677147916974106,0.0211449019357009
"AENJPLPP_00947",4.83422203597735,2.59320084456514,0.960276432441212,2.70047327723405,0.00692408992369304,0.0215959836489272
"AENJPLPP_01353",14.7345325813373,1.27374174688507,0.47184397521789,2.69949774456031,0.00694442264897894,0.0216339190288191
"AENJPLPP_00184",14.4805251514963,1.29684830031626,0.481407087346777,2.69387039452141,0.00706276223774096,0.0219767266810083
"AENJPLPP_00123",22.8616705587238,1.04781905114907,0.389180621312324,2.69237211147823,0.00709457391030355,0.0220498024817885
"AENJPLPP_01471",36.4092213385515,-0.856113182823651,0.318215787309394,-2.69035420920607,0.00713762147447512,0.0221575869453812
"AENJPLPP_00603",43.1507908339597,0.862304072972645,0.320603521241785,2.68962757998635,0.00715317985775963,0.0221798832123507
"AENJPLPP_00530",8.1396517143633,1.72361245859756,0.642453146851891,2.68286094798274,0.00729953338831041,0.0226072098388842
"AENJPLPP_01410",50.002681911489,-0.763354907838829,0.284952401240102,-2.67888568236919,0.00738676080569825,0.0228506338942628
"AENJPLPP_00903",33.2152045896681,-0.932433666437747,0.348262297125171,-2.67738906604242,0.00741984188123014,0.0229261858827274
"AENJPLPP_02729",5.2890063368191,-2.58367408206435,0.966829057439438,-2.67231736798125,0.0075329366740264,0.0232485038610978
"AENJPLPP_01666",5.82314465070767,-2.33622227858749,0.875329532471989,-2.66896316406673,0.00760857941988039,0.0234546196785137
"AENJPLPP_02084",33.4272577204592,0.844473720912537,0.31769478833246,2.65812897134723,0.00785758169440318,0.0241940422404414
"AENJPLPP_02669",51.1171928546972,0.709193229296278,0.266861404389867,2.65753390198079,0.00787146730013857,0.0242086473992647
"AENJPLPP_00441",16.1371565677364,1.22644053105617,0.462603075805058,2.65117245258653,0.00802128735936959,0.024640799219966
"AENJPLPP_02475",44.3904023698052,0.761004336216772,0.287240136816544,2.64936629208896,0.00806428753466416,0.0247441870125037
"AENJPLPP_01732",11.0663241926335,1.44635724496009,0.54620805996853,2.6479968915937,0.00809702697109262,0.0248158882169598
"AENJPLPP_01994",11.1622714154882,-1.53310022193835,0.579233467534429,-2.64677424193764,0.00812635839659371,0.0248769907909597
"AENJPLPP_01324",18.0374894417139,-1.19468473441002,0.451736099254648,-2.64465190269545,0.00817749932471632,0.0250044927104553
"AENJPLPP_01670",17.6255728043117,1.14033166471709,0.431247393660267,2.64426331957252,0.00818689395013775,0.0250044927104553
"AENJPLPP_00135",14.0841395047908,-1.35374465138093,0.5120619017072,-2.64371289265533,0.00820021794267897,0.0250088294129953
"AENJPLPP_02587",7.44673443578928,-1.94534055368139,0.735916774675141,-2.64342466516018,0.00820720270388706,0.0250088294129953
"AENJPLPP_02852",36.2019151091276,0.829604569837386,0.313974900743824,2.64226397674466,0.00823538416912036,0.0250658589423342
"AENJPLPP_01846",33.2399135709838,0.867212798357061,0.328600268460367,2.63911165508271,0.00831235985051116,0.0252421202799926
"AENJPLPP_02043",139.67788170214,-0.522700287997136,0.198045651998203,-2.63929191438082,0.00830794085688173,0.0252421202799926
"AENJPLPP_02877",7.12094433507712,-2.05289627139707,0.778100106698073,-2.63834467278085,0.00833118567101408,0.0252703088852752
"AENJPLPP_00242",11.0408522771325,1.46350636629046,0.555405267529987,2.63502428199683,0.00841312643747151,0.0254896553849251
"AENJPLPP_00371",21.5450794688351,-1.10120730303021,0.418305814742419,-2.63254122754258,0.00847487366578862,0.0256473891051523
"AENJPLPP_02740",4.56671370522977,2.52123780405656,0.958733244221882,2.6297594448212,0.00854453056697682,0.0258286723074824
"AENJPLPP_00929",5.60773147510342,2.26646970644838,0.862276605072524,2.62847176081943,0.00857694763794085,0.0258971007357667
"AENJPLPP_00456",9.73928168387565,-1.62768364027125,0.619889698004384,-2.62576333420489,0.00864549057088338,0.0260743269153749
"AENJPLPP_00744",24.7021384497257,0.96672388952232,0.368648418070672,2.6223465018016,0.00873265955728087,0.0262799804523011
"AENJPLPP_02801",32.808707720976,0.854791680463098,0.325968642684572,2.62231260474416,0.00873352824698827,0.0262799804523011
"AENJPLPP_02469",208.318541388875,0.441939170660901,0.168642998146519,2.62056044732399,0.00877853658616467,0.0263854311920137
"AENJPLPP_02327",64.4850495133502,-0.671638884748669,0.25642890254747,-2.61920118237973,0.00881359517775266,0.0264308041117656
"AENJPLPP_02713",11.098441955493,-1.53643762946014,0.586562886772518,-2.61939114135601,0.00880868818834285,0.0264308041117656
"AENJPLPP_00312",3.63273341555871,2.96462175817885,1.13221992978869,2.61841509779124,0.00883392716081381,0.0264618089613518
"AENJPLPP_00816",147.996586458979,0.530233798176609,0.202811844429605,2.61441238635671,0.00893810812048619,0.0266833261590163
"AENJPLPP_01354",11.1882610192859,1.60208763946601,0.612684090553835,2.61486737482902,0.00892621083899194,0.0266833261590163
"AENJPLPP_01720",1.920168891307,-4.12260065483754,1.57670985196373,-2.61468566946735,0.00893096047036019,0.0266833261590163
"AENJPLPP_00335",1.86778896676117,-4.09227300151836,1.56628282876956,-2.61272927618901,0.00898224217703335,0.0267848843297121
"AENJPLPP_00338",21.6937662630941,1.04879655813185,0.401488909479286,2.6122678195323,0.00899437631135127,0.0267908981692443
"AENJPLPP_01454",9.86464788111,1.51168432871773,0.579623070997936,2.60804720232247,0.00910603965681032,0.0270930258553188
"AENJPLPP_00377",2.98632668106854,-3.71752279150688,1.4283929457493,-2.60259111651995,0.00925222258798237,0.0274970655588971
"AENJPLPP_00473",23.4473283305133,0.998428665110328,0.383832922062171,2.60120643051199,0.00928965358574633,0.0275773572814532
"AENJPLPP_01650",21.8367354830755,-1.05178031746127,0.405029087619385,-2.59680193253097,0.00940961660200602,0.0279022001815363
"AENJPLPP_01713",55.4336006150545,-0.703300600345494,0.270878117729586,-2.59637288622771,0.00942137585536095,0.0279058202069304
"AENJPLPP_00960",4.07113217489907,2.70849829373117,1.04375379624322,2.59495898695637,0.0094602206819929,0.0279895691239298
"AENJPLPP_01134",5.80879971667158,-2.25484002597641,0.869222897855255,-2.59408723762347,0.00948424185521592,0.0279980740608827
"AENJPLPP_01546",23.6321999744726,0.979498136742875,0.377533255148692,2.59446849617816,0.00947372953815674,0.0279980740608827
"AENJPLPP_01535",150.223472544221,0.500555106616511,0.193182679769497,2.59109723094103,0.00956704569490226,0.0281796852058968
"AENJPLPP_01988",37.0821069436934,0.826041854768235,0.318796303497546,2.59112745570023,0.00956620544969037,0.0281796852058968
"AENJPLPP_01726",27.2041938859506,-0.940683964128673,0.363215144584611,-2.58988089608565,0.00960091433801492,0.028227079720075
"AENJPLPP_02703",33.7715740881494,0.844371267244455,0.326043048489548,2.58975393328014,0.00960445575067507,0.028227079720075
"AENJPLPP_02262",39.9906367292812,0.792986523158901,0.30691070754078,2.58376949280447,0.00977270847927493,0.0286897251143237
"AENJPLPP_00132",109.315224502675,-0.530522591194207,0.205536552723083,-2.58115933232068,0.00984691232826807,0.0288117390555291
"AENJPLPP_00268",8.39767828294793,1.64671130721005,0.637907385885397,2.58142693382435,0.00983928169764662,0.0288117390555291
"AENJPLPP_02574",79.6689068734088,0.653700327415697,0.253200196792797,2.58175284101633,0.00982999560234329,0.0288117390555291
"AENJPLPP_01588",41.9519001324662,-0.836588336826219,0.324201956354798,-2.58045431382493,0.0098670411131273,0.0288387691694935
"AENJPLPP_02758",40.59046172527,0.827075565678799,0.320660089636555,2.57929063331901,0.00990034523228243,0.0289042052647011
"AENJPLPP_00384",16.508304812422,-1.21204428979126,0.470875773725531,-2.57402133943239,0.0100524073004005,0.0293158309817848
"AENJPLPP_00387",14.1592332512,1.28208068112614,0.499530340588052,2.56657219182495,0.0102709242901443,0.0299201402863611
"AENJPLPP_02121",27.5003994658893,-0.963571936576718,0.375636404236786,-2.56517186755233,0.0103124710102329,0.0300081574012053
"AENJPLPP_00166",64.5924654698203,0.647137510026891,0.252771868731055,2.56016428281992,0.0104622692950044,0.0304106356675868
"AENJPLPP_00183",17.1476021923472,1.16568804788492,0.455556891584707,2.55881991781517,0.0105028132309676,0.0304950103460551
"AENJPLPP_03065",67.1373059714338,0.634931025551567,0.248245714024372,2.55767165224545,0.0105375537286383,0.0305623683170144
"AENJPLPP_00443",9.11785387436741,1.59762754837521,0.625070584361393,2.55591542514744,0.0105908856926749,0.0306834412628044
"AENJPLPP_01272",2.889348693013,-3.66151356488717,1.43348896313267,-2.55426700801762,0.0106411620283133,0.0307954066130858
"AENJPLPP_00450",20.1990882939249,-1.09001530636067,0.426957736094253,-2.55298174552818,0.0106805093751139,0.030875533652076
"AENJPLPP_01594",15.5551391075177,1.20427686692092,0.473146866256439,2.54524958909529,0.0109199654681954,0.0315333353977986
"AENJPLPP_02952",12.8425626980665,1.31645527493966,0.517308333129368,2.54481745340538,0.0109334879080068,0.0315379912640544
"AENJPLPP_01125",67.7561550273254,-0.624339020759781,0.245444119606631,-2.54371146377595,0.0109681644666098,0.0315692385951985
"AENJPLPP_01572",107.557806499496,-0.524977405163009,0.206351707344321,-2.54409043627163,0.0109562713917041,0.0315692385951985
"AENJPLPP_01203",6.16591689074584,-2.11175510095842,0.830744225144769,-2.54200394903788,0.0110218928209882,0.03168581858601
"AENJPLPP_01731",9.25925502556137,1.51621168292267,0.596542797290614,2.5416645541762,0.0110325999759446,0.03168581858601
"AENJPLPP_02060",23.4143871916026,-1.05318153749728,0.414604931771818,-2.54020504048636,0.0110787497875893,0.0317838888814046
"AENJPLPP_01253",17.6225553079946,-1.14624499609615,0.451475360716468,-2.5388871593726,0.0111205684351466,0.031869334649641
"AENJPLPP_02676",8.94009786589281,-1.70922142148333,0.674790157037029,-2.53296732867065,0.0113101494048112,0.0323775952691243
"AENJPLPP_00466",109.332060660647,-0.556927650854456,0.219917642222803,-2.53243734893366,0.0113272610102844,0.0323915628026276
"AENJPLPP_00239",31.0914209292327,0.856584762846481,0.338805496041372,2.52824931370618,0.0114632917506098,0.0327451958528747
"AENJPLPP_00988",45.1402328580926,0.75646241508021,0.299366700538713,2.52687561348323,0.0115082253727837,0.0328381258482019
"AENJPLPP_00277",8.86562359481581,-1.63878826357152,0.649539847303406,-2.52299881273646,0.0116358793871163,0.0331666400614467
"AENJPLPP_00191",1.50970417098333,4.3600345615147,1.72927611638672,2.52130618135459,0.0116920066860326,0.0332550308320241
"AENJPLPP_01127",5.42035776697904,-2.26308272521374,0.897492296945093,-2.52156228294869,0.0116834990204854,0.0332550308320241
"AENJPLPP_01859",31.9866912012936,0.834262622769522,0.331046284197459,2.52007849836463,0.0117328665381999,0.0333354405505936
"AENJPLPP_02120",112.136564350924,-0.552240442248767,0.219578848893641,-2.51499834811622,0.0119032941509293,0.0337834114808798
"AENJPLPP_00204",42.1835719050692,0.761605193927556,0.304034199960414,2.50499843118543,0.0122451936520416,0.0347165661569659
"AENJPLPP_02058",62.6160124722145,0.636166575126602,0.25470134582214,2.49769616675226,0.0125003281749863,0.0354019989383569
"AENJPLPP_00648",175.046322380394,-0.445062249173449,0.178307165974796,-2.49604241501073,0.0125587583752789,0.035515454621132
"AENJPLPP_01834",53.636723379623,0.648681225702696,0.259908754635708,2.49580367776336,0.0125672133610274,0.035515454621132
"AENJPLPP_00046",6.97252656711736,1.75438137650069,0.703392428679675,2.49417153919868,0.0126251513962266,0.0356411523424393
"AENJPLPP_00469",43.7730748509477,-0.745685031037744,0.299087715662044,-2.49319845647,0.0126598065177473,0.0357009240244886
"AENJPLPP_01365",8.70153841665747,-1.63511577094766,0.65640295564573,-2.49102438812015,0.0127375376235877,0.0358819144970854
"AENJPLPP_01658",41.8400760839195,-0.763673173071729,0.306910426904348,-2.48826076316311,0.0128369571673452,0.0361235521563552
"AENJPLPP_01687",5.44045892465554,1.99874184840567,0.804356546776404,2.48489535693588,0.0129589521386498,0.0363895071719457
"AENJPLPP_02810",8.65772751679886,1.5656657438621,0.630055535502155,2.48496466682775,0.0129564293681502,0.0363895071719457
"AENJPLPP_00112",5.06641081296226,-2.38563680461131,0.961160016634325,-2.48203916447238,0.0130632916690332,0.0366436401902541
"AENJPLPP_00685",121.885882352474,0.49905441057279,0.201104487375211,2.48156775160207,0.0130805840982015,0.0366533192508334
"AENJPLPP_02369",8.47405855127638,1.58552874716462,0.63907095469056,2.48099015536128,0.0131017991554209,0.0366739578895925
"AENJPLPP_01909",84.5437398583598,-0.579627223517812,0.233674695621415,-2.48048776516601,0.0131202766393561,0.0366868981425711
"AENJPLPP_01306",14.3696263990971,1.19025928535167,0.483505663561144,2.46172770053013,0.0138269598427806,0.0386221409954462
"AENJPLPP_01806",18.5782399053176,-1.08841158270438,0.442433505428292,-2.46005686583515,0.0138915003095374,0.0387615308953162
"AENJPLPP_00161",29.261559711101,0.890067675863929,0.3632949626555,2.44998628485787,0.0142861656239549,0.0398208069181395
"AENJPLPP_00959",1.41654785945347,4.23315744347636,1.72937290319346,2.44779910432239,0.0143731771414786,0.0400212124822665
"AENJPLPP_01523",78.3077129323726,-0.579211624931784,0.236951441010132,-2.44443174712332,0.0145080529159422,0.0403543320603098
"AENJPLPP_02832",93.6065350424591,0.581182820304987,0.237934261347835,2.44261930590719,0.0145811092455522,0.0405149814084178
"AENJPLPP_03123",7.31816175720119,1.66857254628867,0.683678051531182,2.44058229242799,0.014663604626832,0.0407014937650432
"AENJPLPP_00407",4.26679026854255,-2.63084075321561,1.07905075997289,-2.43810657552544,0.0147644203743154,0.0409384137708767
"AENJPLPP_02636",24.964231691749,0.913933884970142,0.374988589866249,2.43723118427716,0.0148002138254847,0.0409947345291669
"AENJPLPP_01090",3.86552527685869,-3.09036955924581,1.26841703009086,-2.4363986653699,0.0148343252116626,0.041046283344287
"AENJPLPP_00369",21.1389807241857,-0.995525134003757,0.408928629690489,-2.43447159656504,0.0149135502702661,0.0412224228764766
"AENJPLPP_02193",33.0252394852717,0.794822233392505,0.327116148925476,2.42978598275679,0.0151077408643954,0.0417156390082576
"AENJPLPP_00934",2.15587216072829,3.82964203253157,1.57750707804533,2.4276544212257,0.0151968158694525,0.0419178837732398
"AENJPLPP_00118",4.13923783748031,-2.65912345512763,1.09669704258054,-2.42466547449667,0.0153224986050028,0.042206328930071
"AENJPLPP_01376",11.9577985706222,-1.32207360022374,0.545317572317999,-2.42441041209062,0.0153332660236889,0.042206328930071
"AENJPLPP_02312",182.167152762233,-0.473617033711599,0.195467562111886,-2.42299555278895,0.0153931151211614,0.0423270704473888
"AENJPLPP_00284",28.8895969115034,0.918281781884881,0.379178564561915,2.42176606936054,0.0154452896248392,0.0424264802142887
"AENJPLPP_02224",24.1260568624938,0.923306547744818,0.382421863132438,2.41436653276558,0.015762596714487,0.0432532187564368
"AENJPLPP_00417",32.3919603616514,0.831957088857602,0.344975266750053,2.41164271483957,0.015880835277654,0.0435325588149357
"AENJPLPP_02982",72.0039738827874,0.619339087198054,0.257055112885851,2.40936303598474,0.0159803929892158,0.0437601661173148
"AENJPLPP_02538",23.8022981770391,0.906269484690175,0.376349970796113,2.40804983396995,0.0160379916528899,0.0438725226207154
"AENJPLPP_02962",113.821308024075,0.517123053125508,0.214982174051599,2.4054229398638,0.0161537584139308,0.0441436040042195
"AENJPLPP_02726",38.9458983676788,0.724685612882377,0.301356565962557,2.40474472679125,0.016183766177123,0.0441800132340431
"AENJPLPP_00477",5.6681220319146,1.90526764549388,0.793302757088417,2.40169043718769,0.0163195121699029,0.044504704661074
"AENJPLPP_00674",35.0033108455626,-0.784261645172222,0.327518475700911,-2.39455695894362,0.0166404586279394,0.0453332658917526
"AENJPLPP_01419",6.15175101390788,-2.07339926202402,0.86612888131614,-2.39386921132725,0.0166716924805464,0.0453716769665846
"AENJPLPP_01974",1305.97102908847,-0.372934518686065,0.156089420363927,-2.38923636090491,0.0168834365028731,0.0459007596094538
"AENJPLPP_01377",37.2531723997241,-0.779123374438202,0.326426214403052,-2.38682844716688,0.0169944194305537,0.0461551001560064
"AENJPLPP_00325",6.95559547917079,1.71735480737299,0.720259700919867,2.38435498359786,0.0171090896817879,0.0464189236448508
"AENJPLPP_00606",57.3727148691715,0.606706280474773,0.254743133467829,2.3816393879421,0.0172357664733151,0.046714748844768
"AENJPLPP_01987",22.3747127403963,0.91777392306603,0.385495544698761,2.38076402097775,0.0172767754589314,0.0467302363792138
"AENJPLPP_02118",77.0798742155338,0.546729446836209,0.22964219054745,2.38078832784536,0.0172756355823673,0.0467302363792138
"AENJPLPP_01851",23.7756853691492,0.890437236623888,0.3749262154395,2.37496659330714,0.0175505385356652,0.0474222714718791
"AENJPLPP_00883",20.6414749962555,-1.01590088530187,0.428013353736824,-2.37352614452896,0.0176191456429171,0.0475591209606976
"AENJPLPP_02557",34.5345847062065,-0.784293572519033,0.330914223551877,-2.37008117723317,0.0177841801064322,0.047955711733027
"AENJPLPP_01547",5.1306550530194,-2.10664747830943,0.8923285216155,-2.36084292643195,0.0182334516454508,0.0491171718790985
"AENJPLPP_01437",46.4770532074677,0.675413143195376,0.286301055246682,2.35910113084783,0.0183192626316018,0.0492981783013023
"AENJPLPP_00683",61.3340065677814,0.63197124736177,0.26817092879737,2.35659864473709,0.018443168450427,0.0494807599358974
"AENJPLPP_00727",3.97063730667403,-2.61050527812963,1.10767284336254,-2.3567475665513,0.018435774397493,0.0494807599358974
"AENJPLPP_01939",8.31611654883378,1.60966422724123,0.683025189661526,2.35666890709975,0.0184396795607375,0.0494807599358974
"AENJPLPP_02340",11.5685140384065,-1.36982407331051,0.582204798087584,-2.35282168372725,0.0186315663794257,0.0499356151545742
"AENJPLPP_02769",3.96274875113904,2.28174911381887,0.970462197793802,2.35119834549566,0.0187130558270911,0.0501033082205635
"AENJPLPP_00482",254.09031217919,0.380506131847693,0.161916749143252,2.35001093994945,0.0187728593046678,0.0502126580189499
"AENJPLPP_02283",112.614023430831,-0.504839115418711,0.215075019683308,-2.347269878957,0.0189115511487009,0.05053258066777
"AENJPLPP_00434",6.78687642442658,1.71034979200195,0.734283162098406,2.32927824071871,0.0198443303313506,0.052918214216935
"AENJPLPP_00577",4.56875855861218,-2.27115962434398,0.975039335022414,-2.32930051410877,0.019843151166021,0.052918214216935
"AENJPLPP_01356",30.3753337995424,-0.827739657175109,0.355486375195612,-2.32847083582214,0.0198871161082973,0.0529789571979589
"AENJPLPP_02608",5.25609486664755,-2.07506765991473,0.891709464118017,-2.32706699145238,0.0199617000095654,0.0531242026385218
"AENJPLPP_01567",28.3190290608185,-0.831994647689878,0.357606003786495,-2.32656789561791,0.0199882749083555,0.0531415180294432
"AENJPLPP_00164",39.914983432236,-0.699839559811574,0.300954113808361,-2.32540286941288,0.0200504281985588,0.0532532937510369
"AENJPLPP_02374",4.4078505420705,2.17745095212175,0.937032483204501,2.32377317878588,0.0201376539733919,0.0534313704624667
"AENJPLPP_00598",5.36196115333648,1.93467405473669,0.835188572710713,2.31645177861743,0.0205336144294996,0.0544274384477628
"AENJPLPP_01048",14.0863541070791,-1.15504866909758,0.499067032932415,-2.31441588579945,0.0206449203240434,0.054667749018067
"AENJPLPP_00656",10.5902437662045,-1.34099914482888,0.579832348216935,-2.31273599852205,0.0207371585195222,0.0548571386210736
"AENJPLPP_00105",17.1989652736379,1.04263942876324,0.451729549935768,2.30810543368593,0.0209932730463432,0.0554792285695777
"AENJPLPP_02543",34.5696272143408,0.747367075845345,0.32385599585611,2.30771418595999,0.0210150385378972,0.0554813779146079
"AENJPLPP_01101",13.7314054818838,1.1294128860653,0.48958407536285,2.30688239855074,0.0210613770290313,0.0555483330407119
"AENJPLPP_02431",28.5054867258445,-0.804783769466761,0.349159487706614,-2.30491737387068,0.0211712013803535,0.055782429109628
"AENJPLPP_00211",20.7352238922577,-0.953853839439631,0.414091003288222,-2.30348844062115,0.0212513767984714,0.0559380176564137
"AENJPLPP_02102",5.43702385205898,1.94944019390605,0.847458899413455,2.30033597529662,0.02142919302634,0.0563500527643976
"AENJPLPP_02079",31.7333997475871,-0.768583913538666,0.334228059406813,-2.29957926005,0.0214720682126324,0.0564067823681059
"AENJPLPP_02443",4.69016571403353,-2.23167252839563,0.973730931349838,-2.2918780296955,0.0219126823745483,0.057507217966109
"AENJPLPP_03074",8.55825966316353,1.50141294849673,0.65528050830645,2.29125226443418,0.0219488277359102,0.0575450453907823
"AENJPLPP_02138",29.6827772131164,0.782570365945316,0.341880281489667,2.28901872472855,0.0220782644614483,0.0578271456913107
"AENJPLPP_00602",31.9843131181722,0.752326947437975,0.329220490084746,2.28517656128972,0.0223024769737698,0.0583047344176625
"AENJPLPP_00771",10.2474615572346,-1.39920654397456,0.612306812377829,-2.28513959944507,0.022304643491349,0.0583047344176625
"AENJPLPP_01858",20.3098330697959,0.949682001588606,0.415924772630937,2.2833023279219,0.0224125659957073,0.0585290678073302
"AENJPLPP_00460",36.4506112229264,-0.813774774810478,0.357031413072202,-2.27928060393361,0.0226503902674596,0.0590918555943184
"AENJPLPP_02599",7.81719748702491,1.59233599909334,0.698865585323669,2.2784581649644,0.0226992943171183,0.0591611529052454
"AENJPLPP_00279",5.42971834930111,1.80824721301265,0.793835757699178,2.27786062226978,0.022734883058518,0.0591956443844204
"AENJPLPP_00886",26.3079386686265,-0.846195556234368,0.371869722570199,-2.27551614147513,0.0228749854969587,0.0594435344415569
"AENJPLPP_01263",105.917941931933,0.470521821368856,0.206773486649862,2.27554232891382,0.0228734164445847,0.0594435344415569
"AENJPLPP_00569",59.7127395680696,-0.598544415327952,0.263379621977647,-2.27255400715379,0.0230530699253623,0.059730459062974
"AENJPLPP_00669",53.7045581249023,-0.627913411354781,0.276244622144147,-2.27303397431256,0.023024132663353,0.059730459062974
"AENJPLPP_02063",33.8078470200148,0.7549024230149,0.332177178858379,2.27258966317113,0.0230509191354053,0.059730459062974
"AENJPLPP_01870",9.11659933358415,1.35559503213182,0.596857830318822,2.27121931433438,0.0231337047725359,0.0598807920211878
"AENJPLPP_00212",16.2719538271307,-1.06867013109167,0.470716985030743,-2.27030288915935,0.0231892118882757,0.059965852617338
"AENJPLPP_00714",12.4331552678731,-1.2511466835874,0.551447553610043,-2.26884075447754,0.0232780116216633,0.0601367558772335
"AENJPLPP_01625",19.4046678413902,1.01878644377161,0.449116608580867,2.26842299818482,0.0233034373506375,0.0601437642343939
"AENJPLPP_02160",37.1408668209368,-0.707975666475054,0.312566776009902,-2.26503813205222,0.023510339615785,0.0606186750755586
"AENJPLPP_00939",3.03805150862534,2.72668893032308,1.2077740661025,2.25761506795897,0.0239696684175456,0.0616828784933535
"AENJPLPP_01847",25.6049162730737,0.840648605520443,0.372329896473876,2.2578058154388,0.0239577685068864,0.0616828784933535
"AENJPLPP_00975",1.23673935516059,4.02726681427801,1.78629019796336,2.25454230162024,0.024162072597391,0.0620573891735125
"AENJPLPP_01138",13.425151466184,-1.21097018765953,0.537109621643144,-2.25460527769898,0.0241581158903929,0.0620573891735125
"AENJPLPP_03125",7.68475455509418,1.49820602007066,0.665070220058424,2.25270351142627,0.0242778494032971,0.0622943267634987
"AENJPLPP_01752",2.36565220279238,-3.34837208572506,1.48897865752593,-2.24877104100919,0.0245270667106354,0.0628728680055785
"AENJPLPP_00178",29.6738034079784,0.830009730881541,0.369965552990932,2.24347841081811,0.0248659805209863,0.0636799965373033
"AENJPLPP_00342",20.9821768517616,0.903181053525597,0.402675583245019,2.24294963763927,0.0249000623265779,0.0637056667060659
"AENJPLPP_00694",18.0895103385632,0.996283329067918,0.444337923371659,2.24217487786788,0.0249500721281208,0.0637105024062332
"AENJPLPP_02226",10.1150480413773,1.39020485212631,0.61998562378698,2.2423178841385,0.0249408347073067,0.0637105024062332
"AENJPLPP_01409",10.0856774985822,-1.32361357203534,0.59056506259058,-2.241266298804,0.0250088305855327,0.063799020607409
"AENJPLPP_02537",32.4851770780208,0.783480379427933,0.350083789359975,2.23797960156994,0.0252223853770997,0.0642818830400001
"AENJPLPP_03122",1.20590724291515,3.99962032597532,1.79389060344568,2.22957872586706,0.0257754234976636,0.0656281936748203
"AENJPLPP_01033",11.9418520875447,-1.20884532001323,0.543171119723792,-2.2255331259658,0.0260454698914489,0.066252069426087
"AENJPLPP_00113",6.60250311936358,-1.69466316683957,0.763896362178689,-2.21844644214075,0.02652440751677,0.0674055960694885
"AENJPLPP_00687",40.9853062475216,-0.691305866304154,0.311890267674264,-2.21650348841968,0.0266570392392452,0.0675481721583936
"AENJPLPP_00856",40.422883156747,-0.66300159721829,0.299090819518762,-2.21672332933876,0.0266420035697771,0.0675481721583936
"AENJPLPP_01609",32.3853107074182,-0.734902063689254,0.331487122685807,-2.21698525642523,0.0266240990470061,0.0675481721583936
"AENJPLPP_02212",22.426623988438,-0.866792364820826,0.391215518120005,-2.21563901397935,0.0267162346852175,0.067633450713629
"AENJPLPP_02509",113.107725403781,-0.443513057225988,0.200361525551959,-2.21356398642,0.0268587870151198,0.0679293868348017
"AENJPLPP_01580",147.69497498988,0.409843184690985,0.185350986826347,2.21117346990423,0.0270238268085239,0.0682545147031276
"AENJPLPP_01721",3.77266219181938,-2.48723800170346,1.12496048256697,-2.21095588711526,0.0270388919650985,0.0682545147031276
"AENJPLPP_01717",16.2163176893677,-1.03064013033632,0.466402418838218,-2.2097658346275,0.0271214180151341,0.0683976332419762
"AENJPLPP_02006",7.97801061059915,-1.47888525711658,0.669821504850212,-2.20787963122697,0.0272526650873856,0.0686632323038982
"AENJPLPP_02967",10.6247255864965,1.21616567711065,0.550959076774179,2.20736117867629,0.0272888362893134,0.0686890099753821
"AENJPLPP_00198",12.0643829831229,-1.16982710165368,0.530998127379805,-2.20307199090542,0.0275896749706824,0.069380303250111
"AENJPLPP_02470",49.4459555528206,0.612575652087125,0.278359996928288,2.2006597889313,0.0277601175008239,0.0697426860931516
"AENJPLPP_02926",42.4346461174984,0.68987983073783,0.313575761253147,2.20004195471249,0.0278039185116798,0.0697865177430599
"AENJPLPP_01883",3.78434797419058,-2.49174835229756,1.13297992981935,-2.19928728366342,0.0278575013307901,0.0698547950037236
"AENJPLPP_00930",14.2657036099896,1.14669094578601,0.522651055234917,2.19398953527531,0.0282361618766972,0.0707373289020759
"AENJPLPP_02069",26.6973097157365,-0.867769708625102,0.395621410674275,-2.19343464537504,0.0282760784674105,0.0707703740847854
"AENJPLPP_00514",13.9159757863439,1.05656665899817,0.482195354351433,2.19115893478336,0.0284402931301999,0.0710854689573171
"AENJPLPP_00711",46.9578617468852,-0.623647817155548,0.284647669209782,-2.19094650901894,0.0284556635554215,0.0710854689573171
"AENJPLPP_00614",6.78323755344923,1.55798429742847,0.713197473770827,2.18450619179997,0.0289250727982909,0.0721900026106261
"AENJPLPP_01215",55.3334825385014,0.586793752235193,0.268753767009151,2.18338800890263,0.0290072482493743,0.0723269240718862
"AENJPLPP_00879",14.308817145714,-1.11533690507786,0.51113515797304,-2.18207823836819,0.0291037589807594,0.0724311595686568
"AENJPLPP_01362",18.95358372474,0.923841488790484,0.42333155052663,2.18231191991529,0.0290865198774296,0.0724311595686568
"AENJPLPP_02124",96.5818188602201,-0.499453580349352,0.22947944969861,-2.17646321274221,0.0295206415426701,0.0733996796290991
"AENJPLPP_02114",24.6337736101289,0.823175487321414,0.378652812383651,2.17395846643646,0.0297082545290057,0.0737968649088246
"AENJPLPP_00523",3.33180298806773,2.37117993911444,1.09264695242075,2.1701245163052,0.0299974143996505,0.0744453170855432
"AENJPLPP_00040",1.79569146567969,3.47648015535368,1.60400517614908,2.16737464881509,0.0302062986854921,0.0748935195872501
"AENJPLPP_01352",9.8483835459406,1.26755316828838,0.584949016151827,2.16694640607684,0.030238940903452,0.0749043175980738
"AENJPLPP_01066",119.07153477136,-0.451612784905263,0.208461161605942,-2.16641210970011,0.0302797094100251,0.0749342106751461
"AENJPLPP_01598",26.1568170127853,-0.815346110422432,0.376421268668932,-2.16604686899225,0.0303076056016169,0.0749342106751461
"AENJPLPP_02477",50.0260438522782,-0.591251519122155,0.273308626637811,-2.16331085628586,0.030517278655386,0.0753822330965131
"AENJPLPP_02851",105.518081454794,-0.457632429323516,0.211876258948007,-2.15990423653749,0.0307800837397552,0.0759605421648385
"AENJPLPP_00436",19.0287950159604,0.940683129645711,0.435686624549468,2.15908195625341,0.0308438092431052,0.0759761924425512
"AENJPLPP_01467",130.558737286119,-0.419328444305682,0.194215343342562,-2.15909019899659,0.0308431698811211,0.0759761924425512
"AENJPLPP_00365",41.1221438073281,0.635285506935585,0.294484878689356,2.15727717417277,0.0309840744209473,0.0762507705080561
"AENJPLPP_00444",13.3459587696402,1.13972943900261,0.52936668421652,2.15300560648136,0.031318237920148,0.0770015728993055
"AENJPLPP_00870",72.827784098803,0.527840277885468,0.245763223726584,2.14775941608212,0.0317328725759123,0.0778764101770304
"AENJPLPP_02660",2.1950353428827,-3.2455695343908,1.51109314517738,-2.14782890435905,0.0317273499313559,0.0778764101770304
"AENJPLPP_01676",3.57897615162257,-2.44013475432136,1.13649203155874,-2.14707599047097,0.03178723238822,0.077933498015578
"AENJPLPP_02324",16.6301447111043,-0.978506000827005,0.455812898695565,-2.14672731646531,0.0318149967352114,0.077933498015578
"AENJPLPP_03137",2.36679800948986,2.98714506821865,1.39268867473069,2.14487639801931,0.0319627307720545,0.0782230231833645
"AENJPLPP_00472",20.7936941766303,-0.940664738547917,0.438743052812499,-2.14399916424413,0.0320329537503324,0.0783224944883473
"AENJPLPP_02291",2.36689429782054,2.95953983387112,1.38173558060477,2.14190028498489,0.0322015069358067,0.0786619837324872
"AENJPLPP_00508",15.0448853493531,-1.05959241526308,0.494870097378421,-2.14115263960438,0.0322617308616047,0.0787364638908104
"AENJPLPP_02239",60.2055727457139,0.553543578931825,0.258601417090841,2.14052801859697,0.0323121189661311,0.0787868241457783
"AENJPLPP_00243",8.37840240523502,1.3257535534909,0.619844030305776,2.13885024082089,0.0324477990412386,0.0790448683175711
"AENJPLPP_02708",10.1864869342765,-1.2467318232851,0.584102950181261,-2.13443849735429,0.0328069030961082,0.0798462126824399
"AENJPLPP_02046",335.788826760109,0.358027989797931,0.167978844603716,2.13138738180135,0.0330572415400181,0.080381612119346
"AENJPLPP_02261",19.0133593020302,0.888940743715226,0.417347350093542,2.12997816690577,0.033173415928878,0.0805900966785953
"AENJPLPP_00376",26.4870324208205,0.758975659229025,0.35674645699027,2.12749319399611,0.0333791262136525,0.0810155144030722
"AENJPLPP_02807",1.72445532903939,3.43973500164853,1.61771271075964,2.12629534204086,0.0334786756569999,0.0811827226554356
"AENJPLPP_00981",11.2737817092905,1.13835653820671,0.535706235456048,2.12496413680461,0.0335896055066204,0.0813771961404674
"AENJPLPP_00053",1.69936981964887,3.42956608643262,1.61438861701242,2.12437454668094,0.0336388366482009,0.0814219738980218
"AENJPLPP_01965",28.624452047445,-0.773403462834545,0.364318915556805,-2.12287484895622,0.03376434055621,0.0816511176190357
"AENJPLPP_01698",7.48131478498525,-1.47854104052958,0.696843986669171,-2.1217676679637,0.0338572529904081,0.0818011002906939
"AENJPLPP_01675",5.18457349778402,-1.81316146307118,0.856846245799235,-2.11608730499826,0.034337382992438,0.0828854969589569
"AENJPLPP_01160",15.0745010658798,-1.00954860210826,0.477412473716511,-2.11462552339538,0.0344618765320502,0.0831102450426858
"AENJPLPP_00882",7.0513250647873,1.42981309873719,0.67779328973304,2.10951203028337,0.0349004087104759,0.0840912486490812
"AENJPLPP_01328",3.58789297453497,-2.33347975360151,1.10697314151471,-2.10798226812309,0.0350325232493809,0.0843328377857825
"AENJPLPP_02536",16.5316533438382,0.974369801592666,0.462430742671111,2.10706104002617,0.0351122888766498,0.084448084419045
"AENJPLPP_01566",45.306068131709,-0.618706070360103,0.294035157979958,-2.10419078660748,0.0353618079071032,0.084971022992749
"AENJPLPP_03058",20.7745320263891,-0.863722816599366,0.410922598178035,-2.10191121254702,0.0355610541624909,0.0853723222323443
"AENJPLPP_00263",5.16915744166129,-1.82099988672469,0.866587013580144,-2.10134684479239,0.0356105303993996,0.085413663494212
"AENJPLPP_02999",5.97363592425141,1.58336595639629,0.75376496667903,2.10060964145409,0.0356752469963181,0.085491451625566
"AENJPLPP_02776",5.10753386005832,1.70463846570204,0.811649487407321,2.10021504621067,0.0357099283852744,0.0854971883944001
"AENJPLPP_00647",45.8998103568216,-0.61705545120915,0.294090417134002,-2.09818278753364,0.0358890015187995,0.0858483071560804
"AENJPLPP_01234",26.0138544561129,-0.794919931530002,0.37918522822124,-2.09638950140272,0.0360476529533074,0.0861499864804675
"AENJPLPP_01711",15.4398643904116,-1.08777189810256,0.519237499401812,-2.094940945821,0.0361762424028506,0.0863793416435963
"AENJPLPP_00358",15.2419448807624,0.960150623904827,0.459568261998373,2.08924484847961,0.0366856881730584,0.0875168489029357
"AENJPLPP_01081",9.12719637881592,-1.32438932187539,0.634067886658758,-2.08871849488279,0.0367330709922201,0.0875510098896479
"AENJPLPP_01242",82.5014340762199,0.493687097060186,0.236572860244528,2.086828964869,0.0369035978794444,0.0878055015427975
"AENJPLPP_02380",133.728802469526,-0.437370410840225,0.20958898240841,-2.08680058376329,0.0369061643569236,0.0878055015427975
"AENJPLPP_00488",83.6012874952326,-0.465871924850909,0.223632102998857,-2.0832068321304,0.0372323746278987,0.0884227157082295
"AENJPLPP_00842",27.765069342865,0.726118878714574,0.348504538537321,2.08352775479512,0.0372031445221722,0.0884227157082295
"AENJPLPP_00932",1.69045788229299,3.48543177119798,1.67472403450174,2.08119767758332,0.0374158160484621,0.0886992666932208
"AENJPLPP_01297",8.65436035858151,1.31375791508145,0.631168499536997,2.08146939532815,0.0373909625671121,0.0886992666932208
"AENJPLPP_01320",5.88319691540462,-1.69043358659963,0.813257314647004,-2.07859622797658,0.0376544779775291,0.0891055028458418
"AENJPLPP_03066",2.39112600296846,2.9467235207848,1.41748124680852,2.0788448012412,0.0376316175628875,0.0891055028458418
"AENJPLPP_00904",15.1034019156331,-1.01791911018527,0.49160451519258,-2.07060569772535,0.0383956592743398,0.0907783087129034
"AENJPLPP_00275",4.93503085852331,1.76683583326688,0.856308095648831,2.06331791354621,0.0390824331986069,0.0922373289749653
"AENJPLPP_01872",7.6784406330076,1.35550643756383,0.65689264417702,2.0635128884143,0.0390639245565232,0.0922373289749653
"AENJPLPP_00213",24.9558646072586,-0.769000219822087,0.37331497642989,-2.05992330438023,0.0394058734340227,0.0928351893712564
"AENJPLPP_02395",13.0863277411219,1.09603452672528,0.532072804508816,2.05993337272159,0.0394049107670507,0.0928351893712564
"AENJPLPP_00935",1.62238708015365,3.38035614704325,1.6416842887998,2.05907808834216,0.0394867585191899,0.0929430547189465
"AENJPLPP_02128",156.2659296034,0.379878479376133,0.184689978602781,2.05684402721791,0.0397012315076758,0.093364885463877
"AENJPLPP_01635",14.9605855321393,1.0013679276879,0.487731989942128,2.05311102888027,0.0400618105650479,0.0940787356480504
"AENJPLPP_02694",10.2401206096386,1.14125360767819,0.555904668479351,2.05296640303459,0.0400758360313447,0.0940787356480504
"AENJPLPP_01322",6.85274259320937,1.41957433524725,0.692526123205105,2.04984951134734,0.0403791183670782,0.0947067364358044
"AENJPLPP_02211",20.4216214843446,-0.835477975540464,0.408217581868664,-2.04664868111747,0.0406925913988333,0.095357506216027
"AENJPLPP_01548",9.90332223823106,-1.27511066556183,0.623805084284745,-2.04408507991542,0.0409451428385667,0.0958644900411357
"AENJPLPP_00503",8.69810270442149,-1.30964268775837,0.641998727906419,-2.03994592330294,0.0413557120777494,0.096740216945124
"AENJPLPP_01252",10.0614335267587,-1.28457462351332,0.630010425211962,-2.03897359806567,0.041452662629119,0.0968814215727336
"AENJPLPP_02001",9.24555797646194,-1.2397489940776,0.608657745370595,-2.03685733650321,0.0416643405560546,0.0972902767129034
"AENJPLPP_00525",47.8754566632146,0.570380049332812,0.280448222954788,2.03381587989154,0.0419701628310364,0.097831858430092
"AENJPLPP_00850",36.0658658191655,-0.642324302391237,0.315789225228474,-2.03402855789812,0.0419487161871125,0.097831858430092
"AENJPLPP_00940",1.05693085086771,3.78686956993854,1.86462462431983,2.03090183436782,0.0422649536751735,0.0984323635284604
"AENJPLPP_00719",24.528038901697,-0.790347353284298,0.389365324459979,-2.02983497408366,0.0423733166171683,0.0985980161707044
"AENJPLPP_00994",64.6549845869149,-0.516820211004326,0.254848902829953,-2.02794756134058,0.0425656002378392,0.0988716749384194
"AENJPLPP_02264",6.23683011291914,1.54809777045028,0.763297435457273,2.02817106220573,0.0425427922309706,0.0988716749384194
"AENJPLPP_00973",3.75709722154371,2.17671121585352,1.07475953129263,2.02530068585254,0.0428364981514715,0.0993266612128691
"AENJPLPP_02243",18.5967343369029,-0.921242049118924,0.454851178658647,-2.02537025810434,0.0428293590811004,0.0993266612128691
"AENJPLPP_01194",2.10582028678548,-3.16398740668995,1.56287876652762,-2.02446118947515,0.0429227213696518,0.099439515474049
"AENJPLPP_00012",11.9771940482421,1.03692414650206,0.513225389523073,2.02040695505272,0.0433411925928276,0.10023767876488
"AENJPLPP_01443",2.76086820716604,-2.66196089649039,1.31754807184381,-2.02038996024271,0.0433429539976539,0.10023767876488
"AENJPLPP_01856",21.2890127441921,-0.822517524299819,0.407468273479947,-2.01860507389982,0.0435282832459913,0.100578441566654
"AENJPLPP_01973",14.6774462183259,-2.39248229937372,1.18573638052624,-2.01771855757004,0.0436205809934448,0.100703834760804
"AENJPLPP_00306",3.07491545594894,2.25425694552399,1.11818918507551,2.01598886450664,0.0438011402176073,0.10103259520577
"AENJPLPP_01840",16.9536339760517,0.881315501099527,0.437607923362322,2.01393862873418,0.0440159772624287,0.10135516808052
"AENJPLPP_02107",26.5178392678253,0.758600751817546,0.37667798976922,2.01392375562565,0.0440175390077786,0.10135516808052
"AENJPLPP_02270",21.4297588061491,-0.817150745224635,0.406739692990973,-2.00902631168277,0.0445343434198127,0.102456074175208
"AENJPLPP_02065",18.8079574867445,-0.891275368335399,0.444248049634987,-2.00625611990353,0.0448289290784017,0.103044274478826
"AENJPLPP_01257",124.092739958015,-0.415157879813631,0.206970944339758,-2.00587517797724,0.0448695671727352,0.103048234061928
"AENJPLPP_00101",8.6594361130697,-1.30787409181045,0.652665214637003,-2.00389734657126,0.0450810578569302,0.103444229813822
"AENJPLPP_00839",22.6873529371272,-0.786384639460432,0.393016629482781,-2.00089406011988,0.0454038078324486,0.10409461743751
"AENJPLPP_00131",46.5627254917584,-0.578266796261495,0.289069699650498,-2.00044071364329,0.0454526957537938,0.10411655567132
"AENJPLPP_00729",6.18465806134366,1.46590639182458,0.733187157517269,1.99936179568183,0.0455692224278908,0.104293259281811
"AENJPLPP_00015",45.2420343671073,0.559817618857291,0.280644997542593,1.99475359888547,0.0460697604065168,0.105347776819047
"AENJPLPP_01274",11.3538235260243,1.07894769072657,0.54128328378156,1.9933142645543,0.0462270453771316,0.105616234821954
"AENJPLPP_01722",2.9153163805976,-2.61372495171208,1.31441024265814,-1.98851535607812,0.0467547223858006,0.106729745584138
"AENJPLPP_02748",5.97500550653132,-1.57866497319798,0.794424278841797,-1.98718117666235,0.0469023230206383,0.106974462841215
"AENJPLPP_02392",5.34269016118009,1.54918847326441,0.780024276991622,1.98607725292767,0.0470247466157451,0.10716138471471
"AENJPLPP_02122",39.7345311395029,-0.638352349947353,0.321971079964572,-1.98263878239497,0.0474077921085589,0.107941387363254
"AENJPLPP_01867",11.1118007124782,1.14607658813192,0.578729262368979,1.98033288215037,0.0476661362776702,0.10843636500281
"AENJPLPP_03165",3.00750462860314,2.2147009948482,1.11866528509447,1.97977091481942,0.0477292759721064,0.108486800664496
"AENJPLPP_00772",23.8786519299961,0.78176478063874,0.395390997152397,1.97719418567698,0.0480196845881726,0.109053280265421
"AENJPLPP_02958",7.98587945167365,1.27089487625166,0.644396245499961,1.97222576190777,0.0485838400240474,0.110239938632114
"AENJPLPP_00237",27.0480406676787,-0.734253337764993,0.372744718051748,-1.9698557811973,0.0488549014762407,0.110580674731264
"AENJPLPP_00646",16.4692144566944,-0.903551348880715,0.458697992187083,-1.9698175363109,0.0488592860406264,0.110580674731264
"AENJPLPP_00881",30.2989383239952,-0.671441799868812,0.340792819115563,-1.97023458889586,0.0488114911070649,0.110580674731264
"AENJPLPP_00632",25.9272068482513,0.704953180624702,0.357963051817901,1.9693462133721,0.0489133477303731,0.110608492561937
"AENJPLPP_00597",8.97643370500539,1.21175592415667,0.616801321133154,1.96458062367716,0.0494627964135172,0.111755533193681
"AENJPLPP_01771",32.8541701420563,0.630753290545492,0.321165684536237,1.96394982688235,0.0495359106814196,0.111825312433418
"AENJPLPP_01802",20.3344016164517,0.803125952707954,0.409109685270876,1.9631066719337,0.0496337804679379,0.111950809777768
"AENJPLPP_01889",104.094680937235,0.419803055170423,0.213936826734337,1.96227578757035,0.0497303845433923,0.112073241081619
"AENJPLPP_02429",6.52073331446042,-1.48002415625099,0.754713412872566,-1.96104127872561,0.0498742078057835,0.112301787644315
"AENJPLPP_02040",21.2432832331672,-0.815020392652777,0.415784086174259,-1.96020102681658,0.0499722985309334,0.112427057357614
"AENJPLPP_02087",85.7227926253557,0.44452424904532,0.226843147827243,1.95961065301323,0.0500413152747552,0.112486759632896
"AENJPLPP_02218",37.7940573766368,-0.622655460996375,0.318319856541113,-1.95606855243715,0.0504570791063966,0.113325144591805
"AENJPLPP_00050",1.51956131535599,3.24606650013946,1.66033510456809,1.95506707724756,0.0505751535622984,0.113494073417768
"AENJPLPP_02367",8.60033928932332,1.22002868635195,0.624270720711971,1.95432629766862,0.0506626407414463,0.113594134363548
"AENJPLPP_02222",19.8634532496862,0.801231306353052,0.410754983865853,1.95063076000247,0.0511009853503834,0.114480041630977
"AENJPLPP_01700",12.5172511619628,1.0232726408375,0.524949908714626,1.94927672878933,0.0512623861265093,0.114668202489009
"AENJPLPP_01871",4.1128592940958,1.78122822622361,0.913825424376488,1.94919968159013,0.0512715829860223,0.114668202489009
"AENJPLPP_01236",1.91767475331898,-3.03511423592818,1.55962781502268,-1.94605033758265,0.051648693268547,0.1154141263925
"AENJPLPP_00374",3.27424378765065,-2.26008079614005,1.16189001745838,-1.94517618895112,0.0517537766002946,0.115551433758499
"AENJPLPP_02868",27.3240678672695,-0.700230493799271,0.360687655717318,-1.94137637565302,0.0522126416582072,0.116477738088401
"AENJPLPP_01364",11.0211980853178,-1.07310737028174,0.553135355327403,-1.94004480087259,0.0523742454523235,0.116739900637839
"AENJPLPP_02572",78.7854379172994,0.474773767994074,0.245078512807107,1.93723130826958,0.0527170747721771,0.117405226237784
"AENJPLPP_01439",50.6500640549695,0.55523807612345,0.286907965411453,1.93524803442521,0.0529598658424593,0.117846827521708
"AENJPLPP_02104",71.7018260170597,0.489076181630285,0.252787739943484,1.93473062316879,0.053023360441763,0.117880764907189
"AENJPLPP_02849",60.4984359442709,-0.507642089708981,0.262428910164021,-1.93439849821309,0.0530641509703058,0.117880764907189
"AENJPLPP_00599",2.05408914406579,2.79100335961527,1.44450762203634,1.93214858616029,0.0533411689290492,0.118326374225387
"AENJPLPP_00888",3.31701809871834,-2.33978499232462,1.21104144661495,-1.93204369583277,0.0533541128493627,0.118326374225387
"AENJPLPP_02828",16.8802827164019,0.874718122396542,0.453408149311945,1.92920688285807,0.0537051840546462,0.119005294875902
"AENJPLPP_01892",14.0788218968467,-0.957047664656155,0.496216940280252,-1.92868801318157,0.053769605224008,0.119048423606332
"AENJPLPP_00379",4.65810316254807,-1.7928586861986,0.930281975859503,-1.92722070589634,0.0539521305810587,0.119352750023929
"AENJPLPP_00142",11.621798178935,-1.06683955510635,0.554435286799894,-1.92419129969877,0.0543306092760483,0.120089693959078
"AENJPLPP_00259",22.7837780547891,-0.749361921400201,0.389808938285293,-1.92238260286314,0.0545576330064883,0.12049091926704
"AENJPLPP_01977",5.25996081882996,1.51979030924596,0.790781932735668,1.92188294437674,0.0546204883727555,0.120529211009214
"AENJPLPP_02526",4.30643250461726,-1.79264281072771,0.933118104723137,-1.92113174276004,0.054715100679025,0.120637457617034
"AENJPLPP_00491",11.1502282141063,-1.06904588174529,0.556995785567051,-1.91930694889718,0.0549454991194774,0.12104466028983
"AENJPLPP_01005",33.4809328908203,-0.618628688188821,0.322383049071131,-1.91892436643692,0.0549939064094858,0.12105059365945
"AENJPLPP_01262",187.034959173199,0.328315495905144,0.171539204875253,1.91393854334291,0.0556280087982805,0.122338624586366
"AENJPLPP_02603",13.3518477142351,-0.985861828558789,0.515187373815034,-1.91359858309093,0.0556714662487051,0.122338624586366
"AENJPLPP_00147",4.82536824188764,1.64574513719567,0.86064366530869,1.91222593453399,0.0558472210074142,0.122623085595052
"AENJPLPP_00811",126.972707963028,0.405255062412558,0.212054115433115,1.91109265474445,0.0559926749275432,0.122738909940509
"AENJPLPP_02788",7.18249307625061,1.30324903137871,0.681921366404068,1.91114268533782,0.0559862469628254,0.122738909940509
"AENJPLPP_00567",3.30841976753717,-2.17279676570461,1.13901837483265,-1.90760466531003,0.0564423317124684,0.123622245140295
"AENJPLPP_01035",39.5197910875849,-0.571460935303469,0.299826215717458,-1.9059738786884,0.0566535947631867,0.123982412341255
"AENJPLPP_00679",54.9067486957664,-0.530853895577846,0.278832182438359,-1.90384729243082,0.0569300752510699,0.124391080528017
"AENJPLPP_01065",169.475474411778,0.363407725655905,0.190909342753047,1.9035617660996,0.0569672822706609,0.124391080528017
"AENJPLPP_01945",15.2983137932546,0.889590814199537,0.467355957613461,1.90345452905363,0.0569812615862858,0.124391080528017
"AENJPLPP_01777",9.68434947807564,-1.15102435253722,0.604953815794395,-1.90266483570444,0.0570842931456249,0.124410870987337
"AENJPLPP_02330",3.89178130537732,-1.96986279816356,1.035193984544,-1.90289243134588,0.0570545827816333,0.124410870987337
"AENJPLPP_00812",10.0657838867298,1.06799985200502,0.561937628697253,1.9005665352594,0.057358812290709,0.124803726331797
"AENJPLPP_03061",12.3419643464808,0.961301383089042,0.505777990065627,1.90063901943283,0.0573493109641194,0.124803726331797
"AENJPLPP_00227",40.5050765469463,-0.563760307263678,0.297299912886426,-1.89626798672842,0.0579246171784669,0.12593135163266
"AENJPLPP_01076",6.6986304118873,-1.47729435213307,0.780226520200335,-1.89341724984399,0.0583024032345733,0.126648698740894
"AENJPLPP_00255",9.37136889989157,-1.14606200756797,0.606356065580248,-1.89008088254425,0.0587471434997112,0.12751019343216
"AENJPLPP_01791",5.44499872699294,-1.54494389333692,0.819995569757701,-1.88408809793135,0.0595530598901079,0.129140393872637
"AENJPLPP_02119",18.59968369227,0.803154579239229,0.426354340643717,1.8837724931488,0.0595957557826142,0.129140393872637
"AENJPLPP_01897",60.9805654416093,0.49160487665279,0.261083630811258,1.88294024839949,0.0597084659551003,0.129278837161983
"AENJPLPP_00866",1.89758321642797,-2.92774239509365,1.55532278696061,-1.88240178800119,0.0597814833391047,0.129331182910089
"AENJPLPP_01264",6.1898009402441,1.37647688547135,0.731869657692185,1.88076779929887,0.060003512254603,0.129705551387909
"AENJPLPP_02583",5.97732680790272,-1.44573492249802,0.768919750928835,-1.88021561515569,0.0600786983064108,0.129762147728692
"AENJPLPP_01581",212.540444388079,0.316105038729673,0.168361931458496,1.87753274146536,0.0604451142290186,0.130447157684141
"AENJPLPP_00017",1.87824430989237,-2.91565734539203,1.5564310443932,-1.87329683245219,0.06102740704692,0.131402326459442
"AENJPLPP_02036",4.80637590954154,-1.69936351540841,0.907147608295705,-1.87330430005881,0.061026376431942,0.131402326459442
"AENJPLPP_02089",11.3257315364654,-1.05749708412971,0.564531248510745,-1.87323037815786,0.0610365791333511,0.131402326459442
"AENJPLPP_01601",1.81677391485056,-2.93164042019385,1.56610589245155,-1.87192988310944,0.0612163046767934,0.131575304207913
"AENJPLPP_02004",16.463818904202,0.87830886472825,0.469170057930486,1.87204799172922,0.0611999642523379,0.131575304207913
"AENJPLPP_01429",17.9804838085005,-0.805535561390453,0.431269575292382,-1.86782376392847,0.0617866399330332,0.132693448939718
"AENJPLPP_03047",11.5124397446003,0.972544019540989,0.521636216971609,1.86441046058334,0.0622640850134012,0.133610451471221
"AENJPLPP_01630",39.7019128587446,0.600434515963713,0.322314709254153,1.86288276248124,0.0624787625160988,0.133919246993262
"AENJPLPP_02400",14.7912854308686,0.882653142057829,0.473865244620454,1.86266697563945,0.0625091349258581,0.133919246993262
"AENJPLPP_01984",14.073402242811,0.898957706136747,0.482771349034022,1.86207758172782,0.0625921554761774,0.133988704689505
"AENJPLPP_00281",7.64951015651512,1.23038113537806,0.660946691982809,1.86154367712617,0.0626674386339265,0.134041500406008
"AENJPLPP_02584",16.5082881207498,-0.854143783228001,0.459833637691789,-1.85750609180206,0.063239185309888,0.135155256416936
"AENJPLPP_02797",3.66881022023122,1.7890791354664,0.965102179088171,1.85377172928645,0.0637718246784839,0.136183703023085
"AENJPLPP_02287",12.3164860948169,0.985102910125217,0.531877888213438,1.85212232347945,0.064008259592954,0.136578462048463
"AENJPLPP_01616",109.483188631581,-0.380288644944706,0.205607276206584,-1.84958748523379,0.0643730279317481,0.137135782754038
"AENJPLPP_03118",2.5347373127149,2.32087210926568,1.25479287627783,1.84960574222435,0.0643703945920665,0.137135782754038
"AENJPLPP_02693",9.51621111169878,1.05414442175505,0.570449764480713,1.84791805938363,0.0646141975667523,0.137538902859132
"AENJPLPP_00353",21.1834211286465,-0.751199906041548,0.407033004208787,-1.84555035654116,0.064957520359816,0.138158570383442
"AENJPLPP_02954",30.7001759628495,-0.669049696928072,0.362590890875985,-1.84519168507436,0.065009659629067,0.138158570383442
"AENJPLPP_01894",15.5423428207116,-0.888746752385899,0.481761965235696,-1.84478397324515,0.0650689697071894,0.138173722361377
"AENJPLPP_00452",510.243730854382,0.341409598154335,0.185163955208665,1.84382320938,0.0652089091156458,0.138359928956915
"AENJPLPP_00608",32.2978005526789,0.626877581522072,0.340082173949288,1.84331208614171,0.0652834575149444,0.138407202161387
"AENJPLPP_02350",35.5464103448497,-0.595315550120533,0.323222334136851,-1.84181440218323,0.0655023026607666,0.138760077956568
"AENJPLPP_01622",21.1237458804294,-0.766028037350416,0.416404881867071,-1.83962309451251,0.065823591369948,0.139220184163747
"AENJPLPP_01976",8.38012550784788,1.16468920469857,0.633115427781243,1.83961589560411,0.0658246490079349,0.139220184163747
"AENJPLPP_03110",5.87756500590014,-1.49308579656903,0.812397926358484,-1.83787494788629,0.0660808344318327,0.139650478511966
"AENJPLPP_01316",2.48733417968452,-2.49281439441819,1.35817546708711,-1.83541409400109,0.066444356997727,0.140306744282282
"AENJPLPP_01204",22.7861631959501,-0.720984923166063,0.393108102253005,-1.83406274008068,0.0666446815015471,0.140617622801671
"AENJPLPP_00814",5.83059507895145,1.3671515177413,0.749024506509792,1.82524270682648,0.0679644117427149,0.143288027304705
"AENJPLPP_00576",1.87038508960336,-2.91003345340553,1.59663957096895,-1.822598854693,0.0683641692341546,0.144016165578394
"AENJPLPP_01803",14.7944984768833,-0.875256996563557,0.480586458075747,-1.82122692359676,0.0685723694362916,0.14433993185
"AENJPLPP_02425",3.49501637003242,-1.91347490699523,1.0554012623941,-1.81303071653964,0.06982708387719,0.146864271728991
"AENJPLPP_00505",13.605748969051,-0.895938715032279,0.494313830836625,-1.81248967587232,0.0699105677403354,0.146923161409848
"AENJPLPP_02216",16.2329708046346,0.83574919318581,0.461390773369223,1.81136954058032,0.0700836676720246,0.147053527730207
"AENJPLPP_02966",24.4446729573669,-0.709981658489462,0.391930999440644,-1.81149656317753,0.0700640205905939,0.147053527730207
"AENJPLPP_01462",27.7292532138037,-0.641428269194654,0.35473652581692,-1.80818219301639,0.0705781491190495,0.14797382333115
"AENJPLPP_00809",16.7550218777346,0.78845237888304,0.436397739844933,1.80672883219607,0.0708045698913132,0.148331092620409
"AENJPLPP_01099",47.2795814774879,0.506289692382229,0.28032244440011,1.80609759402494,0.0709030965913975,0.148420078872744
"AENJPLPP_01343",8.73540488595884,1.10245512494072,0.611197356807999,1.80376291333839,0.0712684820910289,0.149067093662752
"AENJPLPP_01901",38.9921095546799,0.564307973063155,0.3129432398396,1.80322787401445,0.0713524345860671,0.149124898803398
"AENJPLPP_01766",158.203892858146,0.378560876465603,0.210076145794087,1.80201743055902,0.0715426632104368,0.149169269434045
"AENJPLPP_02225",9.71228459080047,1.02562353956691,0.569033172677774,1.80239674734691,0.0714830065874602,0.149169269434045
"AENJPLPP_02573",92.9601031926598,0.389974812462477,0.216392044436938,1.80216797469246,0.0715189816694892,0.149169269434045
"AENJPLPP_02257",22.2532750613463,-0.712484351835702,0.395714097336971,-1.80050282926611,0.0717812772488182,0.149549033953478
"AENJPLPP_01290",15.4361380363378,-0.853977849749682,0.474728029049342,-1.79887808912358,0.0720379672636308,0.149965831221772
"AENJPLPP_01993",46.1666826887246,-0.515286068582125,0.286605263587149,-1.79789464482546,0.0721937049313821,0.15017198009293
"AENJPLPP_01461",76.8253251804235,-0.414349338806993,0.230821320210158,-1.79510860794721,0.0726363975704225,0.150974239220156
"AENJPLPP_01449",14.4911863070109,-0.864980109160116,0.482691612426382,-1.79199324556741,0.0731340479784756,0.151889379644709
"AENJPLPP_00776",3.13187457293237,1.87699137621135,1.04767390411335,1.79157977386089,0.0732003054543999,0.151907843921043
"AENJPLPP_00273",7.90816772054552,-1.18928312601212,0.66589803847364,-1.78598382529879,0.0741018770863408,0.15365839508585
"AENJPLPP_01763",10.8189137139398,-0.999287104508903,0.559808322886497,-1.78505224673395,0.074252842675848,0.153850960411303
"AENJPLPP_00341",67.0322182487324,0.461282166563533,0.258725782925609,1.78289987703377,0.0746026031197877,0.154454803018919
"AENJPLPP_00100",3.03699835748974,-2.03831705528268,1.14581948230559,-1.77891638845346,0.0752534708463847,0.155513165729983
"AENJPLPP_00937",3.4924367885349,1.774186252599,0.997465838038013,1.77869375064391,0.0752899843148934,0.155513165729983
"AENJPLPP_02064",45.7658323825291,-0.531040256245472,0.298444684134699,-1.77935907213477,0.0751809119489349,0.155513165729983
"AENJPLPP_02522",44.9365721657893,0.529627638149005,0.298102858950475,1.77666071373369,0.0756240797939129,0.156081499060235
"AENJPLPP_00661",11.8635322097263,-0.934322994679043,0.526144120763192,-1.77579290123735,0.0757670581914181,0.15618582246185
"AENJPLPP_02732",5.20258567674892,-1.46262845491712,0.823719924487356,-1.77563806754753,0.0757925913381713,0.15618582246185
"AENJPLPP_02288",49.0267846577724,-0.497355468154046,0.280162714366395,-1.77523789801525,0.0758586145869602,0.156200319927115
"AENJPLPP_01385",66.6661440859356,-0.457721422298809,0.258076553152711,-1.773587785125,0.0761313596183529,0.156640124529447
"AENJPLPP_02438",17.9750110945739,0.753336624367447,0.426337849620116,1.76699447407426,0.0772291537469308,0.158775465156734
"AENJPLPP_01060",26.1762633106296,-0.662585429059532,0.375740520775295,-1.76341222845055,0.0778309888514345,0.159764696495038
"AENJPLPP_01798",16.045462376206,-0.825353375752354,0.467972676103201,-1.76367856051993,0.0777861127053608,0.159764696495038
"AENJPLPP_00346",4.16140733693418,-1.83209876796925,1.03925071912516,-1.76290353641661,0.0779167605074945,0.159816872055651
"AENJPLPP_01370",17.4048124026829,-0.778980304905709,0.442115571229669,-1.76193817996301,0.0780797429537862,0.160027213112714
"AENJPLPP_00430",134.240939774602,0.337484300747717,0.192162476701782,1.75624454128711,0.0790466622921265,0.161883651778462
"AENJPLPP_01133",15.5371923528606,-0.850181630509606,0.484573410236665,-1.75449501055862,0.0793457240988548,0.162370538959635
"AENJPLPP_00257",4.07349633097968,-1.67023531514377,0.952201114217351,-1.75407830363294,0.0794170907709759,0.16239108599347
"AENJPLPP_00722",118.986778635668,-0.367850886408982,0.21020487875452,-1.74996360021959,0.0801245948786035,0.163711363609986
"AENJPLPP_01124",32.1660471076063,-0.632938405568736,0.361778733877971,-1.74951799621873,0.0802015208001628,0.163742195126315
"AENJPLPP_01357",55.0183245728678,-0.478660348868852,0.273809817122422,-1.74814896667799,0.0804382358126386,0.164098958730252
"AENJPLPP_02567",36.9750740078021,-0.553326872361567,0.317189960625268,-1.7444652764886,0.0810779911528363,0.165276767184535
"AENJPLPP_02659",98.4656180653491,0.420892912810113,0.2415121960202,1.74273978600613,0.0813790785665737,0.16576292311099
"AENJPLPP_02550",11.8376697916185,0.949492383913749,0.544984909351559,1.74223610162617,0.0814671392704447,0.165814746186117
"AENJPLPP_02466",39.1403818936998,0.561847112896866,0.322681615391419,1.74118104688219,0.0816518483967427,0.165935605951324
"AENJPLPP_02968",5.31596984324009,1.3437901756894,0.771653311518468,1.74144289362936,0.0816059750456402,0.165935605951324
"AENJPLPP_02290",257.424845973867,-0.301725500556955,0.173386886633317,-1.74018639134487,0.0818262944092057,0.166162597849369
"AENJPLPP_01959",9.89484853508892,0.990390844447747,0.570087327908806,1.73726163688061,0.0823409997494899,0.167079668457202
"AENJPLPP_02911",5.01311384978046,1.49293540574344,0.85964146885444,1.73669542458548,0.0824409458008294,0.167154383216383
"AENJPLPP_01768",117.355745851796,0.351474522326679,0.20245830737881,1.7360340846328,0.0825578079948537,0.167263255983453
"AENJPLPP_00094",1.62681814840526,-2.77938186764072,1.6069108339204,-1.72964287063759,0.0836941015465697,0.169306326123236
"AENJPLPP_00197",37.3832637012433,-0.566158043416383,0.327316287424047,-1.72969713139545,0.0836844014992305,0.169306326123236
"AENJPLPP_02602",36.9940382540047,-0.564765017815977,0.326764491983299,-1.72835492127107,0.0839246121326391,0.169643032768877
"AENJPLPP_00804",62.3529524323018,0.427149949568871,0.247368517636996,1.72677571765902,0.0842079510709814,0.170038802872195
"AENJPLPP_03119",13.0834655468001,0.855040644713703,0.495231257757107,1.72654821625389,0.0842488328430213,0.170038802872195
"AENJPLPP_00617",35.5193658121638,-0.549083832319421,0.318364680505966,-1.72470084133322,0.0845813993529656,0.170580004178715
"AENJPLPP_02943",13.6058740941539,0.829305191620568,0.482081895061355,1.72025790662606,0.085385571271546,0.172070770720741
"AENJPLPP_02706",2.3999293565661,-2.4022392379829,1.39834239424357,-1.71791919337638,0.0858113554248135,0.172797314954301
"AENJPLPP_01444",74.6011361949434,0.416460468895003,0.242994247962377,1.71386965900314,0.086552666483012,0.174157645020529
"AENJPLPP_02938",3.46898565362512,-1.77720775918987,1.03720349593194,-1.71346101913495,0.0866277588160828,0.174176389783589
"AENJPLPP_02235",15.0284836192375,-0.837721337542877,0.489175634910541,-1.71251648233886,0.0868015297801452,0.174393361804116
"AENJPLPP_02130",196.405559668669,-0.32477719206541,0.190085395449667,-1.70858571905072,0.0875277158380816,0.175719023153328
"AENJPLPP_02531",31.97199123598,0.561716870071906,0.329127975478115,1.70668223889481,0.0878811301950247,0.176294873300322
"AENJPLPP_01345",1.26277007156789,2.9723479142276,1.74295849871545,1.70534635013869,0.088129847887254,0.176659982744473
"AENJPLPP_02800",10.6442589621206,0.927851657468943,0.545292445964325,1.70156704780327,0.0888365591048277,0.177941912639625
"AENJPLPP_00760",8.22989893651568,1.05722785288049,0.621731155203886,1.70045821900913,0.0890447689311647,0.178197293549373
"AENJPLPP_01307",2.2527642712056,2.15939658842409,1.27010505833843,1.70017163087992,0.0890986467746866,0.178197293549373
"AENJPLPP_03001",5.21582163512707,1.33206054176042,0.785023806195522,1.69684095087004,0.089726734268325,0.179318031956622
"AENJPLPP_01788",2.80894376074505,-2.02467923903565,1.19530468204947,-1.69386037672347,0.0902918178385255,0.180311262169242
"AENJPLPP_02925",1.33400620820819,3.02377231473571,1.79438027735313,1.68513461326941,0.0919626028850107,0.183509398974761
"AENJPLPP_00332",3.41747357684317,-1.89456455758546,1.12520833370067,-1.68374557923373,0.0922308486039894,0.183767710386278
"AENJPLPP_02655",37.2992406263458,0.52212310797784,0.310085839644628,1.68380184201967,0.0922199711194522,0.183767710386278
"AENJPLPP_01323",4.38588670467251,-1.56482594238618,0.930137659174286,-1.68235951630572,0.0924991466396864,0.184163714512699
"AENJPLPP_02498",16.1160243177129,0.758103481141317,0.451551485351789,1.67888603123673,0.093174257437467,0.185368470093473
"AENJPLPP_02590",11.0482895130593,-0.915171926077608,0.54542571571068,-1.67790388263075,0.0933658644627905,0.185610217040142
"AENJPLPP_02661",4.75833893509577,1.3966025242643,0.833819814474836,1.6749452339939,0.0939449774261168,0.186621380513396
"AENJPLPP_00626",16.6879222765824,0.771718514149926,0.460858994220486,1.67452197706424,0.0940280588991751,0.186646401772875
"AENJPLPP_00088",9.06404122404443,-1.03271784001859,0.618483151706016,-1.66975905029903,0.0949670453232017,0.188117141631656
"AENJPLPP_00366",12.8948865143488,0.829120390440362,0.496573547009671,1.66968296123155,0.0949821066319954,0.188117141631656
"AENJPLPP_03078",9.83636441734993,0.974416209192524,0.583398081089136,1.6702423967069,0.0948714148952283,0.188117141631656
"AENJPLPP_00622",13.2604314807315,0.843042148562452,0.50519625323093,1.66874188628847,0.0951685442012654,0.188345519465584
"AENJPLPP_01582",13.241542820096,0.806694916386112,0.483593016921415,1.66812771929914,0.0952903756096523,0.188445791347542
"AENJPLPP_02311",58.0496366537823,0.423099959204575,0.25391867153182,1.66628139889096,0.0956573798301881,0.188889442050961
"AENJPLPP_02624",27.7039647169994,-0.583700861883593,0.350297711199193,-1.66629938826999,0.0956537985213193,0.188889442050961
"AENJPLPP_00524",136.292517228111,0.333779009724198,0.200456148068972,1.66509739381679,0.0958933266098043,0.189214253996097
"AENJPLPP_00116",55.9425641061251,-0.449043881546098,0.269891238369331,-1.6637956988126,0.0961532638357337,0.189585884316473
"AENJPLPP_00639",8.46474651701926,1.0086512032835,0.606854606220308,1.66209697173712,0.0964933326775539,0.1901148399778
"AENJPLPP_01220",76.9092636187741,-0.392588967085139,0.237046933960303,-1.65616555559788,0.0976882965294161,0.19232610350178
"AENJPLPP_00611",2.22777505014576,2.13596547509366,1.29111525261277,1.65435693736187,0.0980550105888044,0.192904656789862
"AENJPLPP_00264",2.34517914534745,-2.25973992008974,1.36673515557658,-1.65338537672753,0.098252457055627,0.193029199405768
"AENJPLPP_01938",25.0569394747931,-0.62151230573717,0.37606626821617,-1.65266698522377,0.0983986570629519,0.193029199405768
"AENJPLPP_02622",13.4875942784966,-0.824560433730614,0.498943823151074,-1.65261176804056,0.0984099015097381,0.193029199405768
"AENJPLPP_02837",5.37792293272303,1.32805591952479,0.803518671675952,1.65280032230586,0.0983715084825659,0.193029199405768
"AENJPLPP_02772",24.1308059285806,-0.669818939201282,0.405851599471308,-1.65040359597902,0.098860416124281,0.193769342632936
"AENJPLPP_00451",19.3487896710917,0.681072936214494,0.412819569447985,1.64980777710033,0.098982257623159,0.19386465842169
"AENJPLPP_01095",4.76705829579028,1.38843384831528,0.84241874736288,1.6481516498317,0.0993215556923268,0.194385424592226
"AENJPLPP_01019",7.0154131024641,1.12601254300979,0.683837853782648,1.64660750612336,0.099638746618157,0.194862186886913
"AENJPLPP_01968",11.4216290128038,-0.919938382804373,0.560175920023755,-1.64223121687445,0.100542095583479,0.196483741036939
"AENJPLPP_01218",213.83001620643,-0.307385216124342,0.187334647629458,-1.64083483762352,0.100831704474593,0.19690439044891
"AENJPLPP_02736",16.2492050867481,-0.744439248835016,0.454387969291848,-1.63833397700913,0.101352043603677,0.197774658410123
"AENJPLPP_01570",11.0304654880199,0.887376784566951,0.541943188549837,1.63739816887716,0.101547300584349,0.19800975842957
"AENJPLPP_00336",501.408204565053,-0.270162478792793,0.165177195263469,-1.63559187672284,0.101925031615779,0.198464575885132
"AENJPLPP_00446",15.7439038038231,0.760890338856939,0.465418847121785,1.63485072330524,0.102080344545147,0.198464575885132
"AENJPLPP_01073",4.36004856492659,-1.47743920358873,0.903648014481734,-1.63497200227467,0.102054916963138,0.198464575885132
"AENJPLPP_01372",3.23518445402552,-1.77725520826711,1.0868116934026,-1.63529268138703,0.10198770705091,0.198464575885132
"AENJPLPP_00559",85.1608016794682,0.396703188628883,0.242813823467438,1.63377514082135,0.102306073956545,0.19875750831763
"AENJPLPP_01957",10.4388285334656,-0.923421069228978,0.565554616902574,-1.63277080874411,0.102517208676335,0.199021677840862
"AENJPLPP_00356",2.56764325769052,2.02146859697434,1.23916348086679,1.63131711689916,0.102823423454479,0.199469908650154
"AENJPLPP_01677",17.9418392549372,-0.696451445920785,0.427176517293658,-1.63035985763706,0.103025463493551,0.199715539773735
"AENJPLPP_01334",19.2917987242066,-0.677281356025877,0.415925097901425,-1.62837337646403,0.103445739322291,0.200383553566516
"AENJPLPP_02652",5.84969524074184,-1.26507534919859,0.777077275525477,-1.62799169277356,0.10352664724121,0.200393685595558
"AENJPLPP_00402",55.928837021802,-0.433441311768697,0.267223788144744,-1.6220161939098,0.104799880790546,0.202266825315864
"AENJPLPP_01524",16.1099926594534,-0.738122443499867,0.454999125540856,-1.62225024635479,0.10474977704467,0.202266825315864
"AENJPLPP_01680",59.3363987609624,0.448409814660963,0.276375435630656,1.62246624284009,0.104703555424882,0.202266825315864
"AENJPLPP_02331",100.833300346051,0.334480162814545,0.206128539565239,1.62267759486397,0.104658343361626,0.202266825315864
"AENJPLPP_01915",11.147121404354,-0.912848792035661,0.563807051282706,-1.61908012671863,0.105430024142481,0.203334817137137
"AENJPLPP_00876",35.2036917440036,-0.577641978532028,0.358403145158146,-1.61171012681025,0.107025032978352,0.206260762246489
"AENJPLPP_00535",21.2529245962247,0.622306870323703,0.38645587129824,1.61029218739298,0.1073340840053,0.206705930506208
"AENJPLPP_02062",33.5822735077834,0.51911866190484,0.322475635120637,1.60979188927138,0.107443296463764,0.206765878659918
"AENJPLPP_01446",5.36113523373348,-1.27903060631258,0.79632309935553,-1.6061704192026,0.108236470875324,0.208010488942401
"AENJPLPP_01592",35.3724688332856,-0.516795237040717,0.321765905949922,-1.606121803101,0.108247150212473,0.208010488942401
"AENJPLPP_01417",47.3568059900077,-0.450994225285703,0.280992116469649,-1.60500668471394,0.108492333566259,0.208179492234387
"AENJPLPP_02525",3.63595180995066,1.54734312987946,0.963882150488712,1.60532397979869,0.108422524562882,0.208179492234387
"AENJPLPP_01723",5.67755826563312,-1.23366680924175,0.770043929722805,-1.60207328650177,0.109139404418482,0.209269473497568
"AENJPLPP_01347",16.0550639150946,-0.755016270455922,0.473159001149329,-1.59569250214399,0.110557463457608,0.21168196907863
"AENJPLPP_02277",19.1516649255295,0.649298778532594,0.406837205384341,1.59596705989365,0.110496147880257,0.21168196907863
"AENJPLPP_00799",16.1328457746842,-0.745278418715503,0.467504620047311,-1.5941626815155,0.110899602618516,0.212183632755658
"AENJPLPP_01337",6.5121847841319,1.11063702791497,0.698100830661453,1.59094070531708,0.11162292067693,0.212920009370932
"AENJPLPP_01407",19.454637355849,-0.659052532828098,0.414303325741628,-1.59074883516408,0.111666111755745,0.212920009370932
"AENJPLPP_01668",5.69299086310051,1.18787360199222,0.746781169507671,1.59065821487618,0.111686515489511,0.212920009370932
"AENJPLPP_01804",3.19639683316038,-1.78485235691299,1.1218587386799,-1.59097780796649,0.111614570177501,0.212920009370932
"AENJPLPP_02313",1.19153393492759,2.91393337681434,1.83135524268675,1.59113497419504,0.111579203061744,0.212920009370932
"AENJPLPP_02194",1.23193795932245,2.93919986398439,1.84874708691335,1.58983339840802,0.111872363413563,0.213120876488572
"AENJPLPP_01131",57.9803759196163,-0.409282687988349,0.257813688278685,-1.58751341218909,0.112396411746912,0.213939036110503
"AENJPLPP_02796",2.04862777343412,2.06306297782611,1.29979863482682,1.58721737548293,0.112463420795249,0.213939036110503
"AENJPLPP_00039",2.5510985758544,1.85683822324318,1.17088087024011,1.58584726289226,0.112773961368807,0.21422198687561
"AENJPLPP_02546",16.2651061560558,0.696838785829915,0.439400614375624,1.5858848691418,0.112765428775768,0.21422198687561
"AENJPLPP_00428",6.41269780360012,1.13310635152865,0.715146656117508,1.58443913823246,0.113093821355598,0.214670426627327
"AENJPLPP_02506",35.002302583232,-0.528462962558504,0.333605665948039,-1.58409468573239,0.113172173554286,0.214670426627327
"AENJPLPP_02255",3.30411539657036,-1.6903207889463,1.06747245146969,-1.58347954237047,0.113312205868149,0.214782191223234
"AENJPLPP_00355",1.20694999105031,2.92672568735277,1.85635827329907,1.57659527767314,0.114888680049552,0.217614609993715
"AENJPLPP_01745",1.19143764659691,2.9263529344131,1.86168772007067,1.57188174088724,0.115977979855464,0.219520865373315
"AENJPLPP_01849",4.16876525994363,-1.46053143196283,0.929695547319966,-1.57097819406913,0.116187713958683,0.219760761830423
"AENJPLPP_01916",20.1268252821026,-0.703957376639279,0.450532281524413,-1.56250152432447,0.118169887048893,0.223031974986078
"AENJPLPP_02891",4.07322827974051,1.41199383431167,0.903658501642869,1.5625303494015,0.118163101967024,0.223031974986078
"AENJPLPP_03000",15.2099459977391,0.724763920167584,0.463810001238631,1.56263107356905,0.118139395090033,0.223031974986078
"AENJPLPP_03105",1.67839610456378,2.38677803581997,1.52804657917798,1.56197989534059,0.118292725148169,0.2231047978578
"AENJPLPP_01472",19.583127612809,-0.643764442345074,0.41289193563366,-1.55915964151031,0.11895860036616,0.224200977771952
"AENJPLPP_02444",2.70391397573913,-1.91277878102922,1.2271545108347,-1.55871063027602,0.119064884624633,0.224241688823633
"AENJPLPP_01128",12.9418103019657,-0.814336234737672,0.52310813581583,-1.55672638023044,0.119535462622346,0.224669209729105
"AENJPLPP_02542",54.5046914113279,0.402353029113275,0.258468640296741,1.55668025587686,0.119546418620962,0.224669209729105
"AENJPLPP_02881",138.014583657123,0.346851218079433,0.222781357991168,1.55691311520412,0.119491115175246,0.224669209729105
"AENJPLPP_02280",11.8704074382946,-0.843695112182896,0.543283133391821,-1.5529565714944,0.120433510178915,0.226175840392743
"AENJPLPP_02365",12.1296389492128,-0.831571296683735,0.536345629978014,-1.55043921345611,0.121036132747108,0.227146477331213
"AENJPLPP_02594",2.18030888829268,-2.13585839677592,1.37947098480359,-1.54831701449671,0.121545989961759,0.227941771543016
"AENJPLPP_01061",6.71090087355381,-1.08654200743436,0.703768775517092,-1.54389061469234,0.122614834130109,0.229620990648182
"AENJPLPP_03180",113.540849018335,0.305231060773491,0.197693880343156,1.54395806407195,0.122598492189455,0.229620990648182
"AENJPLPP_00990",17.0009817830335,0.665131643771007,0.431203324949513,1.54250119441654,0.122951847913545,0.230089394540684
"AENJPLPP_00359",47.0605299110369,-0.456454368497383,0.296361294210897,-1.54019562410387,0.123512676238002,0.230975682682366
"AENJPLPP_00403",15.3589231797535,-0.714777234866323,0.465855992277723,-1.53433088060442,0.124948272382269,0.233495430676251
"AENJPLPP_00465",47.0712905627635,0.431222685382335,0.281471545796499,1.53202940695861,0.125515178198568,0.23438941598717
"AENJPLPP_01058",98.563195862259,-0.332352355125148,0.217063427644458,-1.53113013431968,0.125737233543744,0.234638614815951
"AENJPLPP_02267",2.18413545037488,-2.13622185236413,1.395566477897,-1.53072023884039,0.125838549599111,0.234662309393271
"AENJPLPP_03136",3.15130488224214,1.53043627631716,1.00048415104732,1.52969567255521,0.126092075293847,0.234969609696064
"AENJPLPP_01809",4.23013936665475,-1.40513799371429,0.919138456364684,-1.52875552533379,0.126325061607452,0.235238230053821
"AENJPLPP_01801",1.64181738946342,2.33717391235413,1.52935913337503,1.52820476325687,0.126461706536423,0.235327195297574
"AENJPLPP_00129",11.021935071218,0.81903937080976,0.536271687462136,1.52728437834524,0.126690312290594,0.235587041394306
"AENJPLPP_01450",16.9534898327807,-0.736364891782555,0.483963015240185,-1.52153133316831,0.128126554503359,0.238067631258015
"AENJPLPP_02595",9.18354674371282,-0.910787371328195,0.598720812134373,-1.52122216710881,0.128204094476559,0.238067631258015
"AENJPLPP_02016",8.62961677407403,0.932853250517399,0.613878348454223,1.51960604713682,0.128610017172728,0.23865404728338
"AENJPLPP_02401",59.5946197068884,0.38492918440078,0.253418606707814,1.51894602137322,0.128776083572495,0.238794866456559
"AENJPLPP_01921",98.1935914468391,0.318257434356125,0.209610785904892,1.51832565763353,0.128932322628522,0.238917278040815
"AENJPLPP_01378",5.97579628195123,-1.13578885884674,0.748264924130924,-1.51789669970954,0.129040442087422,0.238950413040206
"AENJPLPP_02845",14.8548339310488,0.737586190473093,0.486404737726052,1.51640420675448,0.129417176003113,0.239480560486543
"AENJPLPP_00625",8.81103804912782,0.904088448873745,0.596506743534003,1.51563827010148,0.129610844505963,0.239671449896502
"AENJPLPP_02766",3.11694751866165,-1.73452969554248,1.14576724885996,-1.51385868052027,0.130061685805021,0.240337295193088
"AENJPLPP_01710",1.39599459220177,-2.51977488347737,1.66544006538764,-1.51297842284758,0.13028513978958,0.240582322289267
"AENJPLPP_00621",31.4219377411722,0.506186628759771,0.334739930378412,1.51217880755231,0.13048838077173,0.240622028052605
"AENJPLPP_01780",1.40556775713889,-2.51472123633463,1.66282747860043,-1.51231638200448,0.130453395488451,0.240622028052605
"AENJPLPP_01206",4.29734284508824,-1.37832603044573,0.912322020478818,-1.51078895335918,0.130842230070888,0.241106628550948
"AENJPLPP_01563",7.76023852036903,-1.00624016859804,0.668177966431719,-1.50594634835339,0.132080947122912,0.243219991642191
"AENJPLPP_02614",43.7693228573919,-0.50181870670199,0.333836128750334,-1.50318873089163,0.132790382673397,0.244356451229435
"AENJPLPP_02092",68.9569192030986,0.400817211021841,0.266983493107885,1.50128087079854,0.133282930547588,0.245092500062508
"AENJPLPP_01764",4.08480059279696,-1.36285414020327,0.909012454994597,-1.49926894039242,0.13380387655478,0.245879712086785
"AENJPLPP_00209",10.2169756710325,-0.85594031115972,0.571355340022279,-1.49808753187875,0.134110510033318,0.246272281947453
"AENJPLPP_02798",4.31574250387173,1.30323001732743,0.871477718276032,1.49542551690879,0.134803425208541,0.247373160050045
"AENJPLPP_01143",8.66739731821288,-0.974027081651625,0.651596875785331,-1.49483080390416,0.134958604862195,0.247473464661385
"AENJPLPP_02238",16.4678814139608,0.678610578875149,0.45407200265713,1.49449993592221,0.135044998653966,0.247473464661385
"AENJPLPP_00986",255.91641473139,0.235768393943028,0.157978234961666,1.49241060960226,0.135591535377655,0.248131572688342
"AENJPLPP_01269",34.890903999731,0.491853197851235,0.329505412313021,1.49270142301635,0.135515360722823,0.248131572688342
"AENJPLPP_00701",3.62801790505081,-1.52801728958417,1.02422801223047,-1.49187219187316,0.135732653937818,0.248218278748165
"AENJPLPP_00260",26.6999100543339,0.524585356125031,0.352191240350203,1.48949007250552,0.136358365610609,0.249018587680616
"AENJPLPP_02896",2.73175599883336,1.63566083979078,1.09788893920386,1.48982358905709,0.136270626969291,0.249018587680616
"AENJPLPP_00796",80.359114336926,0.350604963818454,0.235606967090872,1.48809251333908,0.136726497596394,0.249184727123753
"AENJPLPP_01896",16.3913961411577,0.665905447014112,0.447321836358769,1.48864954242929,0.136579678385811,0.249184727123753
"AENJPLPP_02654",14.5036216901041,-0.839513416915626,0.564161456626965,-1.48807297459658,0.136731649739733,0.249184727123753
"AENJPLPP_03068",77.2776444692818,-0.34792172147851,0.234498218510888,-1.48368598997419,0.137892244751623,0.251127004196903
"AENJPLPP_02591",19.6998728279254,0.602681383194021,0.406551236079977,1.48242418103351,0.138227463792383,0.251564483932803
"AENJPLPP_02005",39.2246599956936,0.445322923266812,0.300711621754414,1.48089694927222,0.138634036110547,0.252131131607643
"AENJPLPP_01223",67.5745812944401,-0.358052761522626,0.241970402659133,-1.4797378422642,0.138943222434372,0.252520008926711
"AENJPLPP_02037",9.86742759946747,-0.84589442024129,0.572204582192948,-1.47830766576429,0.139325446783373,0.253041003485852
"AENJPLPP_02580",13.4527466602764,-0.768104271118684,0.520110437084088,-1.47680995487215,0.139726587342949,0.253595615684804
"AENJPLPP_00130",45.9785970118718,-0.423695427717978,0.287101653385599,-1.47576798225165,0.140006188762497,0.253929032769241
"AENJPLPP_01854",27.7578405126255,-0.526159912763898,0.356706938216765,-1.47504815968609,0.140199596178896,0.254105770487143
"AENJPLPP_00350",13.3695795465333,-0.73334052902596,0.497450378850464,-1.47419835264897,0.140428193290799,0.254346002622459
"AENJPLPP_01147",1.35530045002715,-2.48501837168879,1.6921661031244,-1.46854281450295,0.141956835307769,0.256923893031685
"AENJPLPP_01824",49.9430418047982,-0.405273570299581,0.276031283176607,-1.46821608636396,0.142045536026581,0.256923893031685
"AENJPLPP_02565",8.96938380773158,0.891537737096011,0.607536149051133,1.46746450970603,0.142249736926918,0.257117613230361
"AENJPLPP_02882",168.350292193681,0.275129843389165,0.187679350010076,1.46595692799657,0.142660021384895,0.257683312842567
"AENJPLPP_02613",25.7731748502449,0.532992185447522,0.36423797708316,1.46330755984249,0.14338324006276,0.258813101353911
"AENJPLPP_00550",15.6322403522117,0.650585173002343,0.445396409096472,1.46068796181387,0.144101094207254,0.259931674019625
"AENJPLPP_02478",109.332702230413,-0.308427916864564,0.211314854351704,-1.45956571681056,0.144409467160802,0.260310598394692
"AENJPLPP_00368",8.64843848162482,-0.899373355848889,0.617055353249273,-1.4575245982601,0.144971626370129,0.261146167774218
"AENJPLPP_01748",26.6461185695953,0.524716783135035,0.360449722464358,1.45572808198492,0.145467803667253,0.261861824684491
"AENJPLPP_01092",14.4447400367854,-0.694799366239823,0.477441229196475,-1.45525632004835,0.145598314256977,0.261918706625322
"AENJPLPP_00018",2.64883407982186,1.6199844451637,1.11493445484759,1.45298626131807,0.146227568580653,0.262741133398513
"AENJPLPP_00665",4.47523726787306,1.20281897702845,0.828083139301237,1.4525340753145,0.146353161541846,0.262741133398513
"AENJPLPP_01536",14.4065496533843,0.672759016487234,0.463096115655282,1.45274165285381,0.146295497417374,0.262741133398513
"AENJPLPP_01509",15.6347397239025,-0.668553518545188,0.460844906720858,-1.45071261241071,0.146859901964032,0.263472236043873
"AENJPLPP_00529",2.75024110112636,1.5894784309491,1.09652572476671,1.44955872447704,0.147181613184159,0.263692091821146
"AENJPLPP_01043",15.0198996184866,-0.676243997550984,0.46647820103862,-1.44967974075813,0.147147847812195,0.263692091821146
"AENJPLPP_02707",7.74817985135062,-0.969293192049397,0.668869474748026,-1.44915148417342,0.147295282896556,0.263717315152185
"AENJPLPP_01051",3.05404922216194,-1.55436029303826,1.07440845097765,-1.44671264603688,0.14797742112469,0.264759602120391
"AENJPLPP_00333",5.98471310486363,-1.07056032195864,0.740229592045088,-1.44625442357812,0.148105853966088,0.26481046678069
"AENJPLPP_01422",37.2902633368391,-0.444471392108237,0.308168003991221,-1.44230220643185,0.149217138020837,0.2666173964097
"AENJPLPP_03004",25.2706718094386,0.527685081950089,0.366020261248988,1.44168270944741,0.149391903572959,0.266749670034522
"AENJPLPP_01554",37.2690726428944,0.483438753804221,0.336370782288077,1.43721981592976,0.15065554414109,0.268824717577902
"AENJPLPP_02219",71.0075337492481,0.345912860373844,0.24135732474003,1.43319810470402,0.151801231157967,0.270686639802221
"AENJPLPP_01001",15.8457853493897,-0.666372619352421,0.466045439610044,-1.42984473769338,0.152761585715626,0.27221580011775
"AENJPLPP_02990",6.74527963528346,1.00519725096483,0.703814757697505,1.42821280737744,0.153230615364037,0.272867968718205
"AENJPLPP_01018",9.16929809800742,-0.862104683428114,0.604003741355119,-1.42731679359126,0.153488602137656,0.273143695201957
"AENJPLPP_00889",11.3188515936681,-0.779141729471625,0.551497391271587,-1.41277500456559,0.157721889867576,0.280300378771369
"AENJPLPP_01982",10.4821280377854,0.78827031667562,0.557840664061768,1.41307431935141,0.157633873181071,0.280300378771369
"AENJPLPP_00746",53.5530378141073,0.366092495002114,0.259298755885411,1.41185596418325,0.157992376108502,0.280592764544141
"AENJPLPP_00162",109.919164504917,-0.286044262021775,0.203000805672208,-1.40907944219522,0.158811678908165,0.281858797418781
"AENJPLPP_02285",1.93261300055709,-2.07398083506116,1.47247455404227,-1.40850028910015,0.158982981420903,0.281973834429036
"AENJPLPP_01216",14.023469677282,0.67140019304863,0.476887579622722,1.40787938654178,0.159166787909588,0.282110879775495
"AENJPLPP_00317",20.6218475697063,-0.573520970606506,0.40789945755187,-1.40603513926854,0.159713690609771,0.282711082795195
"AENJPLPP_01663",27.3275531176169,-0.498547072811405,0.354581005455521,-1.40601742659885,0.159718950098796,0.282711082795195
"AENJPLPP_00391",15.7039402542154,0.630402502876132,0.448738967346654,1.40483120198728,0.160071478397967,0.282723289227777
"AENJPLPP_00562",93.5926801936559,-0.304769047006748,0.216901225822513,-1.40510523096876,0.15998998885716,0.282723289227777
"AENJPLPP_02728",14.4322051854006,0.677517698956462,0.48237094539441,1.4045574374354,0.16015292063507,0.282723289227777
"AENJPLPP_02853",17.4838217052153,0.603560609742221,0.429574078693244,1.40502101890841,0.160015028132374,0.282723289227777
"AENJPLPP_00862",3.08870789648958,-1.53259087081583,1.09162616540357,-1.40395212151152,0.160333107315924,0.28285281024155
"AENJPLPP_00634",25.5437890821938,0.50975969079618,0.363834047191809,1.40107748224959,0.161190904394899,0.284176774192871
"AENJPLPP_00775",1.86297637795563,1.90121800685,1.36057466439021,1.39736396436729,0.162304149785856,0.285949027699898
"AENJPLPP_00653",72.4738681686945,-0.336291906322835,0.241013671826078,-1.39532294485564,0.162918475958686,0.286840508203857
"AENJPLPP_02894",2.97225389386118,1.45603266545803,1.0440869713542,1.39455112974882,0.163151240880316,0.28705945903726
"AENJPLPP_02671",2.03085468736063,-1.97722590658651,1.42078063883123,-1.39164755807274,0.164029149892428,0.288412476039276
"AENJPLPP_01753",3.68046762865095,1.2839660751901,0.924112992599821,1.38940376931386,0.164710004754511,0.289417446974085
"AENJPLPP_00029",1.48317154414818,2.16565074985452,1.55997433222013,1.38826050219199,0.165057734883045,0.289836128627522
"AENJPLPP_00901",32.5836726866198,-0.533356728916021,0.38433110844623,-1.38775320861294,0.165212207528618,0.289915126266257
"AENJPLPP_01925",36.8848165727159,-0.436402187641034,0.314587989868167,-1.38721820824729,0.165375234848466,0.290009021111747
"AENJPLPP_01118",5.12792246177937,-1.13192990474621,0.816594936644487,-1.38615836806126,0.165698550758257,0.290383694512155
"AENJPLPP_02784",6.52672229482936,0.979897163516075,0.708204835221198,1.3836352348682,0.166470173731641,0.291543002672875
"AENJPLPP_01541",1.50825705353871,2.16223994070146,1.56591727612172,1.38081364429202,0.167336267160056,0.29286611727682
"AENJPLPP_02289",30.7808385776042,0.490477643316919,0.356068767144025,1.37748010658438,0.168363861139869,0.294469949998925
"AENJPLPP_01533",22.493419611953,-0.546940074457387,0.398058121565757,-1.37402063876,0.169435275189598,0.296148256569014
"AENJPLPP_02805",4.12051794345613,1.20396436219232,0.876631416205589,1.37339860280568,0.169628463902064,0.296290351195689
"AENJPLPP_00985",33.3877614666453,-0.448043161177861,0.326544884118127,-1.37207221110768,0.170040959275063,0.296701230796679
"AENJPLPP_01247",16.8882848915792,-0.608385746578844,0.443455127384115,-1.3719217774471,0.170087790162145,0.296701230796679
"AENJPLPP_00004",4.92101700454908,-1.11671709586945,0.81454635165662,-1.3709681390117,0.170384888338732,0.296828410737475
"AENJPLPP_00364",42.3464542023878,0.410876317234922,0.299688918761842,1.37100937509618,0.170372033538875,0.296828410737475
"AENJPLPP_02223",40.4948317692598,0.422582073193989,0.308632418939892,1.36920831144537,0.170934168705616,0.297589532368489
"AENJPLPP_02073",10.7278075964176,0.744570396178981,0.544267240568812,1.36802353821779,0.171304708404949,0.298038677960778
"AENJPLPP_02632",1.47732865296258,2.17955649896044,1.59676896450113,1.3649792471019,0.172259572770301,0.299503183647904
"AENJPLPP_00188",24.0556357750511,-0.528568746194231,0.387541774195698,-1.36390134274226,0.172598618182336,0.299770761742831
"AENJPLPP_03014",47.1749026336611,-0.382611537056307,0.280628220533142,-1.36341076577906,0.172753090037598,0.299770761742831
"AENJPLPP_03044",1.09177721630021,2.62480304360722,1.92506380676476,1.3634888539193,0.17272849489059,0.299770761742831
"AENJPLPP_02957",11.845926026589,0.740787719462841,0.543680430773567,1.36254254803474,0.173026725976121,0.300048965543398
"AENJPLPP_00422",8.13272037753146,0.859185393795812,0.630919110159043,1.36179960308894,0.17326113688408,0.300258828840997
"AENJPLPP_01605",9.78124280483661,-0.805233521583371,0.592237493412463,-1.35964630834774,0.173941876390479,0.301241392205356
"AENJPLPP_00128",8.6509334305798,-0.822410068331252,0.606616762740632,-1.35573251325217,0.175184290604336,0.302798956605928
"AENJPLPP_02387",10.5695593789322,0.746587947478045,0.550567829748471,1.3560326396461,0.175088783219848,0.302798956605928
"AENJPLPP_03145",1.48326783247887,2.12574959463108,1.56779040516903,1.35588889153961,0.175134522449955,0.302798956605928
"AENJPLPP_00111",10.5085218774789,-0.769375909918939,0.568426126997677,-1.35351961033642,0.175889689465395,0.303819894132007
"AENJPLPP_02508",99.7512621458224,0.28478094898486,0.210491722250386,1.35293182050221,0.176077412602065,0.303945885639027
"AENJPLPP_01366",1.82596555923375,-1.9647530716596,1.45331586979855,-1.35191056018121,0.176403928910817,0.30431114251195
"AENJPLPP_01270",2.53838737665965,-1.66977147382338,1.23711371492718,-1.34973159999416,0.177102092245253,0.305316627776972
"AENJPLPP_00696",8.18649761866925,-0.856487773955618,0.634803588803764,-1.34921696893617,0.177267285905791,0.305402584956756
"AENJPLPP_01941",3.98752129399426,1.17845570258135,0.874762186717989,1.3471726607237,0.177924630836366,0.306335775328152
"AENJPLPP_00572",6.03009438359468,0.978168578587589,0.726389492290514,1.34661719224922,0.178103554193583,0.306382251487825
"AENJPLPP_01693",11.8647735225395,0.715292393226184,0.531274524006446,1.34637058790627,0.1781830314544,0.306382251487825
"AENJPLPP_01196",16.8382349023115,-0.594506196590216,0.441816350259338,-1.34559573506334,0.178432927862252,0.306612844243507
"AENJPLPP_00770",4.60268745133996,-1.1461513536045,0.853409002155604,-1.34302702538813,0.179263223066789,0.307839827938299
"AENJPLPP_01574",27.9211712835827,-0.483954460137418,0.360671738942318,-1.34181419802015,0.179656247479083,0.308314804487758
"AENJPLPP_00234",6.19495059712819,0.96554405787932,0.720175309285969,1.34070697152423,0.180015610193563,0.308731435098804
"AENJPLPP_01268",30.2401404181678,0.480774732241311,0.359178347528391,1.33854040910221,0.180720336873834,0.309739451159813
"AENJPLPP_00120",13.9977514645892,-0.640477442929055,0.479784294724161,-1.33492790400169,0.181899943998588,0.311157010147455
"AENJPLPP_02106",8.46320311124395,0.7985790437189,0.597976627108148,1.33546865799902,0.181723006617804,0.311157010147455
"AENJPLPP_02496",63.120668608343,0.349917925629631,0.262095158104718,1.33507970219665,0.181850261981176,0.311157010147455
"AENJPLPP_01010",7.42813429199962,0.917041450033336,0.691174877982165,1.32678643169233,0.184579340045891,0.314926605954587
"AENJPLPP_01348",1.90879118991457,-1.88985558008582,1.42396988547586,-1.32717383939217,0.184451184062979,0.314926605954587
"AENJPLPP_01562",15.0577995359617,-0.61257277318744,0.461602929344551,-1.32705564511312,0.18449027620914,0.314926605954587
"AENJPLPP_02929",1.83755505327427,-1.94452621321354,1.46516205516037,-1.32717483800841,0.184450853801945,0.314926605954587
"AENJPLPP_03155",4.23432947833985,1.15420900967452,0.871093319774285,1.32501189421771,0.185167206346378,0.315726183132781
"AENJPLPP_02362",20.0216953653314,0.552441508302229,0.417155400318205,1.3243062606425,0.185401352126834,0.315921995129895
"AENJPLPP_00176",9.29606161183374,0.764799077112146,0.578970930950982,1.32096282598495,0.186513759585078,0.317586630586975
"AENJPLPP_00400",1.91261775199677,-1.89117026994831,1.43394926059078,-1.31885438482611,0.187217798469135,0.317586630586975
"AENJPLPP_02126",177.1017512086,-0.236725609316123,0.179253586814203,-1.32061853558049,0.186628589282646,0.317586630586975
"AENJPLPP_02127",403.740802362712,0.2609025098407,0.19770497847596,1.31965574085139,0.18694998331181,0.317586630586975
"AENJPLPP_02838",1.91261775199677,-1.89117026994831,1.43394926059078,-1.31885438482611,0.187217798469135,0.317586630586975
"AENJPLPP_02905",23.3131718098327,-0.501596833828129,0.379983250948433,-1.32004985108199,0.186818374550244,0.317586630586975
"AENJPLPP_03062",6.23238311647116,0.99061435985078,0.75095616852539,1.31913738959757,0.1871231852378,0.317586630586975
"AENJPLPP_01108",1.38110329526244,2.09440490468784,1.58990278695602,1.31731633020011,0.187732613607799,0.3180524381532
"AENJPLPP_03106",1.38110329526244,2.09440490468784,1.58990278695602,1.31731633020011,0.187732613607799,0.3180524381532
"AENJPLPP_00016",146.566690101656,0.268641099078208,0.204033151957527,1.31665416380045,0.187954574337664,0.318224880336404
"AENJPLPP_01848",6.22261568801623,-0.965521609141204,0.73370347869515,-1.31595615555528,0.188188758995637,0.318417785188784
"AENJPLPP_01303",5.9140518764056,-0.985055779599946,0.750306981329044,-1.31287033722528,0.189226643725188,0.319969446094699
"AENJPLPP_02820",1.28139164225873,-2.35719822769889,1.79609998142043,-1.31239811373681,0.18938584299952,0.320034277130012
"AENJPLPP_00302",25.6109678194446,0.487383332577821,0.372760083617265,1.30749872102252,0.191043389002147,0.322629396733218
"AENJPLPP_02970",6.73660050989924,0.901875608474702,0.690623423735994,1.30588621451025,0.191591255263547,0.323348402764738
"AENJPLPP_02370",109.396109176497,-0.268785326408578,0.205973354395704,-1.30495193029776,0.191909216629166,0.323678729703205
"AENJPLPP_00175",9.33561058695029,-0.775677847839617,0.59754555561124,-1.29810663062528,0.194250696155747,0.327419378370732
"AENJPLPP_02701",4.1548877240397,-1.18436612415811,0.914403579092208,-1.29523347375118,0.195239700703524,0.328877053093468
"AENJPLPP_01709",20.8209423624645,-0.520188493326546,0.401799535782228,-1.29464682509858,0.195442091356389,0.32900868271565
"AENJPLPP_01552",4.61064295995965,-1.15649234388986,0.893639063044352,-1.29413808294151,0.195617729181452,0.329095137784298
"AENJPLPP_02972",1.40236224257077,2.09532867764567,1.62131561106522,1.29236322856906,0.196231384721587,0.329917909043023
"AENJPLPP_01890",4.54859358214603,-1.13800832286984,0.882246918357779,-1.28989775899488,0.197086158976954,0.331144764575492
"AENJPLPP_01464",131.55350195407,0.251986759026485,0.195428810524255,1.28940435317857,0.197257548816139,0.331145549010924
"AENJPLPP_01529",42.4528256978733,0.414571190702467,0.321578304733621,1.28917649169734,0.197336735777658,0.331145549010924
"AENJPLPP_02483",12.82843255756,0.666316692930309,0.517651298476536,1.28719215984061,0.198027319260333,0.332093946422649
"AENJPLPP_02908",32.1535487477658,0.450420819553665,0.350066717347773,1.28667136072292,0.198208859325436,0.332188012337819
"AENJPLPP_00038",5.79972970719801,0.94636195090073,0.736239770240119,1.28539911745338,0.198652849462612,0.332721534077796
"AENJPLPP_00174",1.77566295761138,1.75359295833173,1.36726500039414,1.28255528944735,0.199647922809037,0.333965697787953
"AENJPLPP_02383",20.9706614159356,-0.521992531444087,0.406985606848031,-1.28258228954765,0.199638458215136,0.333965697787953
"AENJPLPP_02886",7.48299939438738,0.817131448347231,0.637932156859678,1.28090650323961,0.200226508313447,0.334722092180561
"AENJPLPP_01719",4.28968216072526,1.10293665894179,0.861768677679075,1.27985234031972,0.200597071967285,0.335129997835565
"AENJPLPP_01003",1.7969219049197,1.75603622234785,1.37255086177927,1.27939610199324,0.200757605829199,0.3351867214601
"AENJPLPP_00226",7.22521250309045,-0.896018574238626,0.701458764879859,-1.27736457094821,0.201473566768354,0.336170135351355
"AENJPLPP_01165",4.78640761307833,1.0928634829955,0.856046705767809,1.27664001932615,0.201729366346879,0.336384988719481
"AENJPLPP_02447",17.5357968186309,0.559001144961637,0.438071690173349,1.27604946290968,0.201938034640363,0.336521029406974
"AENJPLPP_02237",16.9419871209599,0.548043160071417,0.429775312192397,1.27518529921066,0.202243663360613,0.33681837772258
"AENJPLPP_01277",2.23296363430929,-1.65404200826496,1.29892751151032,-1.27339054228032,0.202879491785974,0.337664924103872
"AENJPLPP_02456",16.5410303258362,0.60555840327257,0.476652892105925,1.27043895736606,0.203928313745847,0.339197345979274
"AENJPLPP_02893",1.95838119092115,4.70505295339658,3.70843332900818,1.26874411266683,0.204532343694424,0.339988478407304
"AENJPLPP_01843",4.57834826489397,1.05394337057332,0.831396815285005,1.26767790205213,0.20491299938092,0.340407542258893
"AENJPLPP_01521",325.875802438211,0.204628018680529,0.16154959445582,1.2666575819631,0.205277753434357,0.340799680936788
"AENJPLPP_02123",28.7010785842132,-0.447593142521176,0.353524004696451,-1.26608981731098,0.205480927782829,0.340923243589556
"AENJPLPP_02349",8.08522202987853,0.790152135292013,0.624835552584442,1.26457614651374,0.206023308344557,0.341609092358413
"AENJPLPP_02343",7.19030738124349,-0.847680735001121,0.670616754288856,-1.26403154943546,0.206218703268222,0.341719102787392
"AENJPLPP_00337",4.7611258655056,-1.15124228901056,0.911954047573838,-1.26239067864585,0.206808241695483,0.342088462251177
"AENJPLPP_01240",25.8923261838458,-0.474991468402983,0.376280786720761,-1.26233250584616,0.206829164676788,0.342088462251177
"AENJPLPP_01373",21.7914594738212,-0.496017936607524,0.392825400587083,-1.26269313508296,0.206699482102885,0.342088462251177
"AENJPLPP_01517",20.312151384032,-0.539661433061919,0.42779466263201,-1.26149641452198,0.207130050978668,0.342158686831885
"AENJPLPP_01708",8.03955241021345,-0.826844825838418,0.655434873694906,-1.26152095200125,0.207121216091952,0.342158686831885
"AENJPLPP_01697",3.68239886239107,-1.30498283631936,1.03545467454607,-1.2602993336154,0.20756140030017,0.34265747381225
"AENJPLPP_01853",29.6714322485838,-0.46280724255988,0.367419138288288,-1.2596165913294,0.207807707389254,0.342850348390494
"AENJPLPP_01009",3.7891313990777,1.13037712865125,0.897763341224701,1.25910368216776,0.207992884631652,0.342942190849698
"AENJPLPP_02641",8.72111685015323,-0.759567263231327,0.603601663984569,-1.25839159921657,0.208250168560691,0.343152735749041
"AENJPLPP_01129",5.6501185768457,-1.0063329830341,0.801060412250841,-1.25625104878979,0.209024963644245,0.344215238638034
"AENJPLPP_02679",1.21551570236291,-2.29038886960952,1.82679929517068,-1.25377148746684,0.20992507554585,0.345482660065513
"AENJPLPP_01902",72.1346478433815,0.358431278042839,0.286122939968501,1.25271772365508,0.210308453477574,0.345898624104731
"AENJPLPP_01852",45.9722146216891,0.345744813273865,0.276376748617582,1.25099095710206,0.210937776684489,0.346718331881146
"AENJPLPP_02056",5.66494808999803,0.935308921401422,0.749382344072389,1.24810642898076,0.211992084231205,0.348070200459222
"AENJPLPP_02808",1.49208348150406,2.08401738530085,1.6698567409035,1.24802166212969,0.212023124373386,0.348070200459222
"AENJPLPP_02589",6.37818760160468,-0.919755468694568,0.737634775666472,-1.2468981927588,0.212434829495609,0.348530005269128
"AENJPLPP_01235",9.429905934946,-0.773158395431994,0.620858202116866,-1.24530592137762,0.213019319894672,0.349272544322657
"AENJPLPP_00182",7.70042810912808,0.785821571971632,0.632262940234374,1.24287147318857,0.213915199318852,0.350524410765049
"AENJPLPP_00905",19.4676888218224,-0.510601151244462,0.411270497169896,-1.24152146764258,0.214413172704241,0.351123117699956
"AENJPLPP_01767",29.6623902178204,-0.4556206142746,0.36733133039843,-1.24035326303478,0.214844759755693,0.351612437474089
"AENJPLPP_02630",72.9484749010701,0.293004141036092,0.236324402247991,1.23983870581686,0.215035058730648,0.351706507423568
"AENJPLPP_02497",41.2952951040343,0.396106613239022,0.319677337787069,1.23908255737184,0.215314925885674,0.351946866509423
"AENJPLPP_00269",1.2303717047916,-2.16304592103236,1.74940022022712,-1.23645001070797,0.216291336377576,0.352455051524814
"AENJPLPP_00596",2.06498903657361,1.58439337947494,1.2803360441904,1.23748244585022,0.21590802737751,0.352455051524814
"AENJPLPP_00640",2.06498903657361,1.58439337947494,1.2803360441904,1.23748244585022,0.21590802737751,0.352455051524814
"AENJPLPP_01245",26.4708248637159,-0.447419333270513,0.361807046977203,-1.23662415369898,0.216226648525942,0.352455051524814
"AENJPLPP_01781",46.9993439898376,-0.344486519180511,0.278481468481284,-1.23701774864658,0.216080493490215,0.352455051524814
"AENJPLPP_01740",3.24352717972262,-1.24179838075858,1.00468424379321,-1.23600861507507,0.216455361367641,0.352505410148533
"AENJPLPP_00199",48.4439548184139,-0.35263589516747,0.285659719090826,-1.23446139445145,0.217031023777889,0.35322566131767
"AENJPLPP_00516",60.6918047972036,0.318585749641806,0.258540039612048,1.23224917161713,0.217856020343099,0.35435057854332
"AENJPLPP_02047",12.1144111973432,-0.638920752174063,0.519063645549491,-1.23091023163005,0.218356440435622,0.354946503544215
"AENJPLPP_00165",23.1420528626765,0.469779576473856,0.381869202351674,1.23021069408269,0.218618216285184,0.35494818105075
"AENJPLPP_00906",25.0579724253241,-0.459531897947375,0.373545139613213,-1.23019107790613,0.218625560156259,0.35494818105075
"AENJPLPP_02541",4.41069294110445,1.02301521030002,0.833509045080144,1.22735945859071,0.219687516943538,0.35645376523682
"AENJPLPP_03179",117.749537397414,0.250752237970951,0.20477071565187,1.22455126052913,0.220744341340051,0.357949183018038
"AENJPLPP_01249",17.7046997338925,0.526782219443569,0.430501728796786,1.22364716377767,0.221085359456865,0.358282761225079
"AENJPLPP_00682",13.7636180212303,0.59814535576179,0.489174213037757,1.2227655093414,0.221418276046208,0.358602810379424
"AENJPLPP_02435",11.1349374334141,-0.682899683060604,0.55942764451298,-1.2207113641213,0.222195323498127,0.359641330454181
"AENJPLPP_01039",4.11043859568294,1.07237742531562,0.879354272060361,1.21950556151049,0.222652366296722,0.360160944382235
"AENJPLPP_00976",1.71409627423888,1.699907212747,1.39485716029076,1.21869626592637,0.222959495759569,0.360437573120476
"AENJPLPP_02646",88.7559540548401,-0.285537031054758,0.234570046976399,-1.21727831296162,0.223498342777905,0.361088231650941
"AENJPLPP_00218",11.4594659014562,-0.652720858356,0.537222655242332,-1.21499131130568,0.224369405276431,0.362053738678848
"AENJPLPP_01254",2.92529391484418,-1.33168491663579,1.09589572659172,-1.21515659229494,0.224306372598802,0.362053738678848
"AENJPLPP_01681",121.613631761921,0.256362543511106,0.211276066253039,1.21340077964188,0.224976628394139,0.362812492075323
"AENJPLPP_01793",6.38337415076556,-0.862703558436897,0.712020359852918,-1.21162765432031,0.225654943767796,0.363684900241706
"AENJPLPP_01089",1.65736502842747,-1.83825276815425,1.51848098418358,-1.21058662393629,0.226053873253113,0.364106238670464
"AENJPLPP_00351",2.90011211712297,-1.32016729012349,1.09427629007448,-1.20642958464688,0.227651894545205,0.366234639584267
"AENJPLPP_01199",26.4859530998027,-0.44989114970563,0.372852219043102,-1.20662055025512,0.227578308851407,0.366234639584267
"AENJPLPP_01950",156.698655731149,-0.224504234506203,0.186379674605679,-1.20455320560669,0.228375830637476,0.36717619886341
"AENJPLPP_00060",1.41127417992665,1.99849433338213,1.66105576209999,1.20314704598209,0.228919422503291,0.367815416536339
"AENJPLPP_01873",7.94284604492862,0.763251908210448,0.634559192239342,1.20280647975007,0.229051216717683,0.367815416536339
"AENJPLPP_01140",7.35976973931171,0.798555590489042,0.664194678684676,1.20229146079647,0.229250624192309,0.367912516885597
"AENJPLPP_00519",14.1615649299876,-0.574738307478277,0.478926256672899,-1.2000559574056,0.230117608877379,0.369080210967474
"AENJPLPP_01899",17.0475191645399,-0.528854241323035,0.441506257725045,-1.1978408733051,0.230978971634017,0.370237479955737
"AENJPLPP_01794",6.4609377577077,0.873315720086441,0.729839683530194,1.19658568832851,0.231468081475191,0.370797023439991
"AENJPLPP_00065",3.41305683902176,1.13621569330085,0.950798696289296,1.19501183345663,0.232082406764371,0.371107616613559
"AENJPLPP_01775",1.77111905968441,-1.7470212574626,1.46127853280432,-1.19554295655731,0.231874963381404,0.371107616613559
"AENJPLPP_02446",22.7186586982627,0.469568708308603,0.39291558431502,1.19508802158411,0.232052641498884,0.371107616613559
"AENJPLPP_02085",18.3679963893833,0.518464848785107,0.434230524181888,1.19398526799082,0.232483730845165,0.371524996546769
"AENJPLPP_01071",14.8374558585014,0.559821537852658,0.469227105265214,1.19307160982578,0.23284132907656,0.371872038235664
"AENJPLPP_02044",1.09727876699904,-2.12976460195058,1.78656700445781,-1.19209892303867,0.233222459250707,0.372256221878163
"AENJPLPP_00461",2.92146735276198,-1.32749626345631,1.11396433548271,-1.1916865030343,0.233384192244468,0.372289964495995
"AENJPLPP_00214",6.6601994278179,-0.871999665236606,0.732854468099637,-1.18986743370452,0.234098500145125,0.372766430910657
"AENJPLPP_00666",23.0468937415065,0.459588482538458,0.386759203879576,1.18830651715158,0.234712671048366,0.372766430910657
"AENJPLPP_00758",8.08666115305585,0.7454320478947,0.627303866830189,1.18831094037635,0.234710929039715,0.372766430910657
"AENJPLPP_00853",44.6947173699693,-0.336042745902534,0.282531292987862,-1.1894000921058,0.234282264612915,0.372766430910657
"AENJPLPP_01141",53.173560196438,-0.346005346725407,0.29111871245006,-1.18853695048807,0.234621931150605,0.372766430910657
"AENJPLPP_01295",11.2605508946258,-0.686349830036533,0.577879273212732,-1.18770452904593,0.234949838817933,0.372766430910657
"AENJPLPP_01298",2.14173224910867,-1.53868463095595,1.29383137320622,-1.18924665363691,0.234342620786437,0.372766430910657
"AENJPLPP_02579",64.2710264980462,0.298912565642355,0.251640693773437,1.18785463972484,0.234890683212129,0.372766430910657
"AENJPLPP_02890",8.91769651209099,-0.728598127438203,0.612178973195967,-1.19017176240872,0.233978889276982,0.372766430910657
"AENJPLPP_02136",38.6983397698943,-0.388517637214707,0.328739167264466,-1.18184164195485,0.237268541297981,0.376219818776679
"AENJPLPP_00304",5.6934637864286,0.866734289746229,0.733721387467283,1.18128530059358,0.237489404739557,0.376344670107927
"AENJPLPP_02441",3.45375098119638,1.1109304558337,0.942258889221326,1.17900766821289,0.238395122398549,0.377553997674258
"AENJPLPP_01651",50.8326236090074,0.321176478948835,0.273768123839063,1.17316974103837,0.240727743727039,0.380930574829444
"AENJPLPP_01692",4.48711199413682,0.997557122249452,0.850466801033368,1.17295245509567,0.240814872456378,0.380930574829444
"AENJPLPP_00680",37.4921330140777,0.360073293384247,0.307269148514599,1.17184981025565,0.241257360494347,0.381402680948675
"AENJPLPP_00378",2.89799949968889,-1.29674204578589,1.1089824106941,-1.1693080370628,0.242279546200311,0.382790118340348
"AENJPLPP_00299",2.80369418276147,-1.34168016092229,1.14930872465558,-1.16738012349499,0.243056894415302,0.383560581890179
"AENJPLPP_02440",1.98724878116647,1.47160624305447,1.26048706088773,1.16749016211087,0.243012478955664,0.383560581890179
"AENJPLPP_02786",2.366296099062,1.35746668985291,1.16685359213681,1.1633564819105,0.24468489822519,0.385899708457596
"AENJPLPP_00052",1.99097905491799,1.49405197629795,1.28787438397345,1.1600913838261,0.246011601810005,0.387761143805294
"AENJPLPP_00942",13.2757334831432,0.569840956519629,0.492519413118985,1.15699186943919,0.24727568218796,0.389521717093229
"AENJPLPP_02738",2.67971064454268,-1.28864892809049,1.12013471985239,-1.15044101861274,0.249962273879495,0.393519679686624
"AENJPLPP_02741",7.89411414932489,0.717341284047503,0.626199423903047,1.14554765888537,0.251982364944328,0.396464231950434
"AENJPLPP_00375",25.4870671656746,0.416974212170482,0.365284648963439,1.14150488763686,0.253659879215885,0.398866603422603
"AENJPLPP_02191",5.59103439667309,0.882100578845627,0.773426589528642,1.14050976626394,0.254073986264648,0.399280662094237
"AENJPLPP_03120",9.02338566100306,0.664608719273843,0.583490524173172,1.1390223006888,0.254693852908151,0.400017391756099
"AENJPLPP_00348",4.4348444364456,-0.962028104433095,0.845643351496974,-1.1376286501042,0.255275578084462,0.400693379233939
"AENJPLPP_01792",15.9936863469422,-0.510403328520656,0.448820318377527,-1.13721083387167,0.255450159031773,0.400729870329464
"AENJPLPP_01152",21.6369433860104,-0.446012097398848,0.393095917785628,-1.13461391283661,0.256537121190511,0.402196741807266
"AENJPLPP_00971",1.58684622763193,1.66696625954594,1.47456044027417,1.13048350818092,0.25827254375924,0.404207410516173
"AENJPLPP_02061",74.4217239428702,0.273426014004921,0.241771007575557,1.130929703883,0.258084679892979,0.404207410516173
"AENJPLPP_03073",2.84779807195372,1.25116926845269,1.10676750445106,1.13047163331133,0.258277544786014,0.404207410516173
"AENJPLPP_01459",11.6386719345823,-0.589927489514609,0.522242238474896,-1.12960508754974,0.258642666305308,0.40453974032868
"AENJPLPP_01516",8.59061514964634,-0.701658398401604,0.62140427326509,-1.12914961899896,0.258834722635942,0.404601148488769
"AENJPLPP_02710",3.65949391356587,1.02567765519453,0.910486930714471,1.12651551669135,0.259947376487658,0.406100680200188
"AENJPLPP_01448",1.21671084709228,1.85278237663754,1.64978167047054,1.12304701270508,0.261417528355146,0.408156612667704
"AENJPLPP_01619",2.80634641386718,1.23174504138324,1.09814165769106,1.12166315953545,0.262005686130684,0.40883385791046
"AENJPLPP_02948",3.45289717695377,1.07774625075059,0.961957608037964,1.12036771864489,0.26255709535656,0.409452996763351
"AENJPLPP_00604",8.1152731378171,0.696726251479831,0.622344125864402,1.11951928607363,0.262918667845481,0.409729008922351
"AENJPLPP_01420",2.98262414162908,-1.24318909546368,1.11075743922069,-1.11922644095538,0.263043548024168,0.409729008922351
"AENJPLPP_02946",1.72492825236748,1.64548621172916,1.47088993372741,1.11870111692131,0.263267668548209,0.409837028992156
"AENJPLPP_02892",2.42135991645536,1.34107963099897,1.20047452832334,1.11712460311175,0.263941052268135,0.410643893305535
"AENJPLPP_02625",57.8576665434842,-0.282927253183586,0.253380613299247,-1.11660971018901,0.264161238013957,0.410745131098625
"AENJPLPP_00169",3.44715057409885,1.0645054450089,0.956603035433948,1.11279747771865,0.265795418931265,0.412801330985331
"AENJPLPP_02950",7.21634486788241,0.755187050118869,0.67857874652808,1.11289522989447,0.265753428968768,0.412801330985331
"AENJPLPP_02111",29.2220643806677,0.400499622334717,0.360922059606306,1.10965681280768,0.267146939616854,0.414657148948082
"AENJPLPP_01684",11.9657545420627,0.561548084765315,0.506336622880465,1.10904102012365,0.267412486523184,0.4148261653857
"AENJPLPP_00098",4.54859846770255,-0.931191924580437,0.84236655392626,-1.1054474091358,0.268965770581287,0.416991428863728
"AENJPLPP_02907",5.86655085411061,0.802120994461048,0.726426131086854,1.10420173522797,0.269505637114262,0.417583924563233
"AENJPLPP_01231",30.6067276356217,0.375588593172423,0.34030175149447,1.10369280064821,0.269726419678688,0.417681613631091
"AENJPLPP_00489",18.922381284908,0.457706216443313,0.416648677603169,1.09854234765926,0.271967736581044,0.420640509746881
"AENJPLPP_01208",87.8321521075061,0.30764876601572,0.28019992152897,1.09796164230515,0.272221239014003,0.420640509746881
"AENJPLPP_02629",10.4265160280569,0.626265264057281,0.570450118217118,1.09784404290178,0.272272595810481,0.420640509746881
"AENJPLPP_02793",4.93212868970499,-0.881786189015474,0.803141918368533,-1.09792076449788,0.272239089995819,0.420640509746881
"AENJPLPP_00064",1.85565863501334,-1.61426690908561,1.4753939119472,-1.09412604729752,0.273899699994643,0.422661075516208
"AENJPLPP_02305",3.09991586997618,-1.1339401805832,1.03612837495239,-1.09440124215814,0.273779039398133,0.422661075516208
"AENJPLPP_01507",28.3856154159999,-0.380963735491668,0.348326200570204,-1.09369819114392,0.27408736788048,0.422704339049221
"AENJPLPP_00699",20.8327727788284,-0.436669415519301,0.400413656993251,-1.09054575909897,0.275472807848438,0.424168784129506
"AENJPLPP_01421",36.3721891523598,-0.351374089676526,0.322187174944195,-1.09058993343663,0.275453361028482,0.424168784129506
"AENJPLPP_02076",7.64363319485456,0.683953551510024,0.627224671609075,1.0904442737487,0.275517488180797,0.424168784129506
"AENJPLPP_01344",5.55873967285538,0.818134650695383,0.751247918491267,1.08903416642863,0.276138819194332,0.424878322618588
"AENJPLPP_00435",17.2997669732218,0.468541747830785,0.431572472832754,1.08566180033535,0.277628646957532,0.42692256512401
"AENJPLPP_01816",28.5483857851168,0.373847187837943,0.34465224894635,1.08470839514568,0.278050828447243,0.427323617950261
"AENJPLPP_00521",23.9948959484084,-0.404173788338807,0.373254243150705,-1.0828377593972,0.278880442217806,0.428189709480529
"AENJPLPP_01667",29.1232777875615,-0.384300251740796,0.354943379521022,-1.08270860625543,0.278937782799816,0.428189709480529
"AENJPLPP_02865",2.36573241259916,1.26395200502351,1.16832332241069,1.0818512142816,0.279318645500141,0.428525940489209
"AENJPLPP_01742",7.19605886965492,-0.720602935601923,0.666747892155858,-1.08077272396307,0.279798224366607,0.429013143093675
"AENJPLPP_01956",5.87900048855664,0.794916661557367,0.735962178075985,1.08010531687308,0.280095284504145,0.429220088754037
"AENJPLPP_02169",1.19545189978396,1.85038238175909,1.71530319747259,1.07874945052602,0.280699434691263,0.429648614486974
"AENJPLPP_02406",1.19545189978396,1.85038238175909,1.71530319747259,1.07874945052602,0.280699434691263,0.429648614486974
"AENJPLPP_00005",7.14837160686146,0.705896360276434,0.655572398238296,1.07676339359829,0.281585983099438,0.430756604995559
"AENJPLPP_01787",24.8408052675801,0.406847320593326,0.378151092473644,1.07588561474719,0.281978416215275,0.431107878832592
"AENJPLPP_00476",2.04264164361904,-1.4132665559189,1.31560788842801,-1.07423083150374,0.282719237105199,0.431991078969744
"AENJPLPP_02230",1.10236902782924,-1.95244533814284,1.81839194505121,-1.07372084629854,0.282947815289175,0.432091012044831
"AENJPLPP_02303",13.0496367807425,-0.544222760184108,0.507703280463316,-1.07193075389914,0.283751135647412,0.433068015673975
"AENJPLPP_00354",4.88634713725405,0.833047799060522,0.778231341833207,1.07043722641418,0.284422550449709,0.433282825273994
"AENJPLPP_00532",13.9545093135687,-0.532714691631124,0.497357526541974,-1.07109003725143,0.28412894740204,0.433282825273994
"AENJPLPP_01346",6.66455810371139,0.762913854988609,0.712895656517521,1.07016201882254,0.284546387141796,0.433282825273994
"AENJPLPP_02399",5.24118516468847,-0.895398700129293,0.836196525896006,-1.07079935445779,0.284259657253643,0.433282825273994
"AENJPLPP_02023",8.02759491508224,-0.688957277153792,0.644639382665959,-1.06874835090675,0.285183078126501,0.433859900685001
"AENJPLPP_02840",16.2213441314083,0.498968520950918,0.466939675880295,1.06859311111278,0.285253054037986,0.433859900685001
"AENJPLPP_01967",8.77855947254475,-0.645702574189967,0.60602446268512,-1.06547278855551,0.286662033174871,0.435752619889242
"AENJPLPP_01511",39.872411866841,-0.321329537734429,0.302505748878759,-1.06222621859399,0.28813299996454,0.437737340164143
"AENJPLPP_02070",135.982458382157,0.233928564543551,0.2206142536682,1.06035109089268,0.28898490401612,0.438779831327228
"AENJPLPP_01405",46.1791382824352,-0.296424015471159,0.279996621905592,-1.05866997056524,0.289750108495292,0.439689562920076
"AENJPLPP_01805",3.05641747383212,1.11572509510831,1.0547988635055,1.05776099473631,0.290164419599309,0.440066084249123
"AENJPLPP_01884",17.9278783105265,-0.461445532754639,0.437522280824831,-1.05467893402984,0.291572189498251,0.441948001025398
"AENJPLPP_00115",6.01765864551013,-0.772695970048664,0.73335275449208,-1.0536484186029,0.292043912755672,0.442409771725984
"AENJPLPP_02724",2.10995492984646,-1.33382155529294,1.26960040710696,-1.05058374889176,0.293449808112544,0.444285358423109
"AENJPLPP_01041",15.6441382753772,-0.492591069962897,0.470043497438496,-1.04796911912892,0.294652834851979,0.445657480206796
"AENJPLPP_01800",3.37102163884624,1.05931900025831,1.01091380127656,1.04788261760857,0.29469269178327,0.445657480206796
"AENJPLPP_02233",7.92741158378614,0.65196710715277,0.622663216674016,1.04706218336661,0.295070899363392,0.445974738307227
"AENJPLPP_00228",6.23518364858152,-0.737988140197833,0.705357205072749,-1.04626157483104,0.295440280947609,0.446023867701978
"AENJPLPP_01875",6.82322432871079,0.70456803234017,0.673381610368505,1.04631314768842,0.295416477140257,0.446023867701978
"AENJPLPP_01336",8.30818448111791,-0.662599738827199,0.633765360085346,-1.04549693081675,0.295793358359003,0.446302457512616
"AENJPLPP_01361",91.4742028996779,-0.234354260793224,0.224455042431306,-1.04410334584017,0.296437578058352,0.446765342457892
"AENJPLPP_03160",1.54578097565584,1.53468147017314,1.46939336186608,1.04443201528021,0.296285557820222,0.446765342457892
"AENJPLPP_01599",1.50910597222479,1.51837698290055,1.45500485403595,1.04355458243924,0.296691515153695,0.446893704281562
"AENJPLPP_00539",16.1856868164424,-0.466206070215589,0.44698799093731,-1.04299462103664,0.296950784004838,0.447029946586021
"AENJPLPP_02450",28.5019195198575,-0.365509006250407,0.351346225271674,-1.0403100416627,0.298195880385525,0.448649256398221
"AENJPLPP_00262",51.1639445669124,-0.278985043879834,0.26856949213044,-1.03878158932637,0.298906325618007,0.448990664771212
"AENJPLPP_00318",2.07318363808473,-1.33545461726113,1.28545205991891,-1.03889881147756,0.298851799215773,0.448990664771212
"AENJPLPP_00737",2.62346886340402,1.14390268478835,1.10125384300554,1.03872753049053,0.2989314735618,0.448990664771212
"AENJPLPP_00573",23.0279368795828,0.39202073644552,0.378407288415555,1.03597564964186,0.300213502759716,0.450660632260617
"AENJPLPP_01662",6.89874445663374,0.688369286902133,0.665175474282392,1.03486871286823,0.300730227812548,0.451180534417918
"AENJPLPP_00676",36.1020398981485,0.332701567562383,0.322224896948214,1.03251353546356,0.30183161013627,0.452576502627884
"AENJPLPP_02026",7.59896678289689,-0.760085406114847,0.738213082650746,-1.0296287399643,0.303184318579745,0.454347524391152
"AENJPLPP_01050",12.6057909812007,-0.56601768838692,0.550089499031935,-1.02895563246166,0.303500524136932,0.454564133435858
"AENJPLPP_02975",3.28351564184062,1.0006107694089,0.973110017361641,1.02826068127612,0.303827221054921,0.454796202008722
"AENJPLPP_01167",75.1414568572391,-0.241450732773572,0.234989633299618,-1.02749525322981,0.304187319447184,0.454821017445592
"AENJPLPP_01248",73.2706220133084,0.244666123799798,0.238041813525525,1.02782834736538,0.304030579287699,0.454821017445592
"AENJPLPP_02306",38.4507072924639,-0.319334476488464,0.311355875845628,-1.02562534148799,0.305068217714345,0.455880722634078
"AENJPLPP_01369",8.2736455835159,-0.646714581073151,0.632504131871745,-1.02246696659412,0.306559939518423,0.457851505834622
"AENJPLPP_00424",7.62534334386499,-0.690400322284418,0.676650859340794,-1.0203198780491,0.307576778882066,0.458492938851311
"AENJPLPP_01251",1.18708143977479,-3.43609174919054,3.36594049364171,-1.02084150200556,0.30732953799473,0.458492938851311
"AENJPLPP_02020",30.4572358817734,-0.36850762371123,0.361247291614561,-1.0200979557915,0.307682006170234,0.458492938851311
"AENJPLPP_02883",18.5801146223097,-0.433494182082749,0.424922648360907,-1.02017198601888,0.307646901139154,0.458492938851311
"AENJPLPP_01757",3.8855457006704,0.940102669847437,0.922139822587766,1.01947952666144,0.307975367985424,0.458671976617212
"AENJPLPP_01164",6.08456203723215,-0.752091220351689,0.738056894888988,-1.01901523522087,0.308195733697898,0.458742160107945
"AENJPLPP_00251",8.94603448634842,-0.604658903045502,0.593754457562121,-1.01836524399017,0.308504412918749,0.458943643488117
"AENJPLPP_01438",38.1870551715377,0.303902874015852,0.298690805091865,1.01744971333277,0.308939542851155,0.459075145605981
"AENJPLPP_01814",2.06149785571352,-1.32719529562957,1.30440762675041,-1.01746974520222,0.308930017841117,0.459075145605981
"AENJPLPP_01317",3.79032610973835,-0.981991400845092,0.969595200098918,-1.01278492379594,0.311162903390271,0.461799312230062
"AENJPLPP_02397",10.1354704870026,-0.609999594861047,0.602464925422778,-1.01250640347732,0.311295986529705,0.461799312230062
"AENJPLPP_02437",1.11464259820654,1.76057303024734,1.737846754943,1.01307726083425,0.311023258692179,0.461799312230062
"AENJPLPP_02854",7.50338613243334,0.688758431889057,0.681159236559269,1.01115626849336,0.311941642738422,0.462384541300519
"AENJPLPP_02934",6.64025048991695,0.677033750346295,0.66969964026303,1.01095134242626,0.312039718770403,0.462384541300519
"AENJPLPP_00219",2.42809190639421,-1.19987938527055,1.18782964143679,-1.0101443367074,0.312426143049598,0.462439590159495
"AENJPLPP_00560",18.491674434436,0.426827266244023,0.422485469312294,1.01027679588317,0.312362695064126,0.462439590159495
"AENJPLPP_01715",9.11787992182303,0.584666306742198,0.579261707141574,1.00933015169826,0.312816324395626,0.462758450837775
"AENJPLPP_00695",17.2019581800067,-0.435990138549463,0.432257042789459,-1.00863628672401,0.31314909802241,0.462992077924814
"AENJPLPP_00555",23.6987542082592,-0.380104902496248,0.377664319533748,-1.00646230749443,0.314193234380296,0.464017671298953
"AENJPLPP_01333",9.39594683108277,-0.600606690365571,0.596558666736029,-1.0067856253798,0.314037803870873,0.464017671298953
"AENJPLPP_01202",32.2755483720859,-0.325369922170291,0.323745827860642,-1.0050165721683,0.314888870067429,0.464785801526507
"AENJPLPP_01660",9.20979413832473,-0.589741467508993,0.587940065607679,-1.00306392097884,0.315830021028346,0.465915262218974
"AENJPLPP_02086",60.197646480593,0.270845234608446,0.270847329790801,0.999992264341846,0.31731425148301,0.467844174792322
"AENJPLPP_00912",26.3289155211744,-0.364684119848632,0.365147769209051,-0.998730241837645,0.317925386593788,0.468484376015777
"AENJPLPP_01573",28.4823004644738,-0.35103521965663,0.353093698357265,-0.994170163018449,0.320140031431613,0.471485430050562
"AENJPLPP_00677",29.1813909320804,0.343110295402391,0.346081201761677,0.991415580088825,0.321482695625306,0.473199654261151
"AENJPLPP_01219",44.773615877829,-0.28233628647511,0.284971021357547,-0.990754376112048,0.321805532224553,0.473411694072565
"AENJPLPP_02388",7.05644776957427,-0.690906874456784,0.697656969570246,-0.990324621686758,0.322015475701972,0.473457512303621
"AENJPLPP_02518",2.528957450352,1.11404516974921,1.12702959374345,0.988479074492523,0.322918077726697,0.474521126426357
"AENJPLPP_00267",6.48142814646425,-0.689531993967759,0.69846115814073,-0.987215947416832,0.323536785474242,0.475166615604988
"AENJPLPP_00185",10.6835857338366,-0.552716412407437,0.561165888642174,-0.98494299741707,0.324652071419975,0.476012560974582
"AENJPLPP_00360",15.8018677294479,-0.456436305780267,0.463214441777477,-0.985367174712429,0.324443747350701,0.476012560974582
"AENJPLPP_00551",1.44780041953229,-1.53586457672064,1.55898287651286,-0.985170908455435,0.324540127792639,0.476012560974582
"AENJPLPP_00413",1.62166485875237,-1.53459106848154,1.56160316131296,-0.982702332128538,0.325753962589218,0.477363858846845
"AENJPLPP_00468",13.069661656042,-0.488385852940169,0.499009607274904,-0.978710321044215,0.32772313096147,0.479718546592577
"AENJPLPP_02320",1.43813096626449,-1.52733670595836,1.56025395757398,-0.978902632192775,0.327628091497675,0.479718546592577
"AENJPLPP_02501",10.952041156276,0.523524242959118,0.538000531352353,0.973092427331166,0.330507367348962,0.483259806040889
"AENJPLPP_02593",8.80079200082131,-0.583885986522414,0.599924409436211,-0.97326592707093,0.330421152201117,0.483259806040889
"AENJPLPP_01078",4.96291998224387,0.76525427787238,0.787937262973092,0.971212193956758,0.33144262285941,0.484359859454591
"AENJPLPP_01785",44.4829592306956,-0.283461898720651,0.292149280422923,-0.970263894918049,0.331914969140949,0.484782591442489
"AENJPLPP_00222",1.40135967450276,-1.53126886979667,1.58433692191672,-0.966504566430323,0.333791763042195,0.486986550157428
"AENJPLPP_02008",10.0438112363456,0.550317284965486,0.569261868153507,0.96672079363146,0.333683629353206,0.486986550157428
"AENJPLPP_01094",12.2067873155332,-0.509882631121658,0.528172779561023,-0.96537089916946,0.334359071862694,0.487426702563846
"AENJPLPP_02246",10.6008396733231,0.52516169085562,0.544115324813008,0.965166145680787,0.334461600664089,0.487426702563846
"AENJPLPP_01782",115.184549298533,0.219257730436148,0.227326172478189,0.964507201462625,0.334791699670042,0.48750469276529
"AENJPLPP_02861",2.47898026102002,1.08703924753351,1.1272547606548,0.964324379434921,0.33488332180516,0.48750469276529
"AENJPLPP_00962",1.17065650817319,1.72886221144715,1.79572484422167,0.962765658118681,0.335665138442197,0.488106143105402
"AENJPLPP_02637",25.0181467915528,0.353813522224564,0.367382896675659,0.963064762747855,0.335515023806774,0.488106143105402
"AENJPLPP_00090",2.17898216072198,-1.22591897954729,1.28308216311985,-0.955448540073564,0.339350917054349,0.4929244258694
"AENJPLPP_02476",6.12058069863848,-0.683531950261391,0.715235260104752,-0.955674291227312,0.339236815013791,0.4929244258694
"AENJPLPP_01210",1.88955345726617,-1.29695496435303,1.35927971578303,-0.954148693086258,0.340008381229742,0.493608658715108
"AENJPLPP_00361",10.7879216449016,-0.50935043680595,0.536241955419854,-0.949851893642211,0.342187513434236,0.496179482414659
"AENJPLPP_00543",7.06695858132958,0.639112250459954,0.673059872650263,0.949562255053721,0.342334725001131,0.496179482414659
"AENJPLPP_01032",88.7161160712347,-0.222614983935041,0.234442809416953,-0.949549207709431,0.342341357391081,0.496179482414659
"AENJPLPP_01008",31.0323498422066,0.327992833565715,0.34587345889447,0.948302985184502,0.342975231613556,0.496826265488345
"AENJPLPP_01327",3.77993975469451,0.866083018639399,0.914266974246799,0.947297718320083,0.343487093180625,0.497295693134114
"AENJPLPP_01279",1.39542049498647,-1.48916833045507,1.57757435318566,-0.943960788566281,0.34518968621729,0.49948758967398
"AENJPLPP_00253",4.15037033638911,0.818413933417779,0.868265603854027,0.942584768744761,0.345893333558415,0.500232412486446
"AENJPLPP_01271",4.69163568023369,-0.764728945575986,0.812264969263158,-0.941477195883145,0.346460370097684,0.500505761057647
"AENJPLPP_01292",3.58495428717033,-0.904410929032961,0.960613595365122,-0.941492951376771,0.346452299716777,0.500505761057647
"AENJPLPP_02154",2.77286695607254,-1.01976055489955,1.08813519111003,-0.937163473096818,0.34867447562665,0.503429668189405
"AENJPLPP_01597",3.73359529799566,0.862630232158518,0.922256809062288,0.935347100376092,0.34960944935438,0.504504535090136
"AENJPLPP_02059",1.54986866841804,-1.42475573726999,1.52765736213618,-0.932640900101908,0.351005408516372,0.506062542483448
"AENJPLPP_02507",22.1592734026619,0.356356134100804,0.382145913102854,0.932513267530069,0.35107133328629,0.506062542483448
"AENJPLPP_01117",3.57316099474902,-0.916099862815041,0.983121647777798,-0.931827576867777,0.351425640507468,0.506297658358964
"AENJPLPP_02668",16.6172128450378,0.402300830540281,0.432352229413375,0.930493248724846,0.352115758068059,0.507016056206753
"AENJPLPP_00763",2.75533828251573,-1.01060464876997,1.08820139318353,-0.92869266213072,0.353048384637892,0.507856327570044
"AENJPLPP_01734",4.75268926021094,0.76016948512716,0.818595867067442,0.928626097087944,0.353082892392919,0.507856327570044
"AENJPLPP_01260",7.55087448240254,-0.61000161942367,0.658168692975606,-0.926816522775991,0.354021804736214,0.508930368589302
"AENJPLPP_02727",8.56508305587654,0.579320815611508,0.625675052337205,0.925913241142441,0.354491069476122,0.509328460104596
"AENJPLPP_02937",77.3163289735073,-0.221328867139414,0.239189243758472,-0.925329515916307,0.354794530004125,0.509488023563407
"AENJPLPP_01949",12.6176678896269,-0.475592262606417,0.514299222682731,-0.924738443362976,0.355101977241593,0.509653135900129
"AENJPLPP_01222",27.7777192644985,-0.327479741541358,0.354871663899135,-0.922811750995247,0.35610531594586,0.510539727463258
"AENJPLPP_01729",1.83133064153474,-1.25393216028402,1.35838053129983,-0.923108165488895,0.355950839768018,0.510539727463258
"AENJPLPP_00272",5.36204578587902,-0.77709563051632,0.847281811332117,-0.917163121080755,0.359057168697541,0.513809062888562
"AENJPLPP_02072",11.3060074162688,-0.51318625531911,0.559658418925443,-0.916963344006224,0.359161848718553,0.513809062888562
"AENJPLPP_02504",30.5335582046544,-0.31449874298995,0.34277518507535,-0.917507324577232,0.358876856508337,0.513809062888562
"AENJPLPP_02913",32.7998093597364,-0.303275675674904,0.330362067222243,-0.918009982880033,0.358613639506708,0.513809062888562
"AENJPLPP_02806",1.8326220745948,1.24278739989424,1.35657946383919,0.916118394109472,0.35960480115267,0.514164964067101
"AENJPLPP_01845",5.42145539934205,0.706265819218443,0.773192406466752,0.913441225381218,0.361010531994798,0.515618062956972
"AENJPLPP_03043",1.46229411739378,1.3300731878765,1.45564895675664,0.913732106702472,0.360857628999627,0.515618062956972
"AENJPLPP_01991",48.1390152279562,0.248173548351981,0.272183287184913,0.911788342769846,0.361880148082775,0.516474883276485
"AENJPLPP_02068",8.29909100974051,0.553013525555155,0.606667341076117,0.91155974306151,0.362000522417355,0.516474883276485
"AENJPLPP_02003",56.1023677324133,0.233799889568904,0.256708088969446,0.910761676842724,0.362420958850423,0.516796283810404
"AENJPLPP_00138",19.3057084381584,-0.384131662975804,0.422220628617639,-0.909788951414953,0.362933822447823,0.517170894972311
"AENJPLPP_01109",8.013501314122,-0.580251054385049,0.637973140478407,-0.909522701770685,0.363074280118401,0.517170894972311
"AENJPLPP_02442",2.38693399885625,-1.07699252672544,1.18565681572274,-0.908350976811903,0.363692817614527,0.517773430668424
"AENJPLPP_02578",5.49103634774871,0.695678900686193,0.766636056793784,0.907443492281921,0.364172318847753,0.518177485388957
"AENJPLPP_01703",26.6074538976647,0.316903014845308,0.350089620094044,0.905205400720475,0.365356581243749,0.519583365807437
"AENJPLPP_02117",11.9843187804543,0.474820021366352,0.525977775096794,0.902737803472726,0.366665067808505,0.520918367834721
"AENJPLPP_02571",4.84759399993258,-0.75052423818646,0.831427842950701,-0.902693173616706,0.366688760439547,0.520918367834721
"AENJPLPP_00201",158.211842964084,-0.192014036507656,0.213497127052522,-0.899375271033128,0.368452806480422,0.52314371665424
"AENJPLPP_01865",2.05368477475633,1.11056204323842,1.23567893387877,0.898746440349509,0.368787734442493,0.523338649948404
"AENJPLPP_03021",5.3776168867469,-0.691240159045678,0.770546089510977,-0.897078277931915,0.369677148846711,0.524319812611725
"AENJPLPP_02066",34.8699693375197,0.295613585460882,0.329770341301928,0.896422596082488,0.37002710352531,0.524535208851724
"AENJPLPP_00037",3.67500137246276,0.801969321798528,0.89573585314816,0.895318992736442,0.370616590292066,0.524808947108765
"AENJPLPP_02663",63.5691244140902,0.233090336303273,0.260264460833686,0.89559033744612,0.370471598211789,0.524808947108765
"AENJPLPP_00236",26.1440998479982,-0.344982700397184,0.386388575401316,-0.892838769984007,0.37194352088277,0.526063023123566
"AENJPLPP_00992",39.3292485803505,-0.264986278546298,0.296886759725271,-0.892550003885343,0.372098203289441,0.526063023123566
"AENJPLPP_02010",35.1867317073887,-0.291087185320271,0.325915561337048,-0.893136811651782,0.371783911679044,0.526063023123566
"AENJPLPP_00863",16.0146784670471,-0.397833735826926,0.446448024210807,-0.891108738873206,0.37287083717114,0.526874053804257
"AENJPLPP_00993",38.5434092835041,-0.27061117677581,0.304076801900572,-0.889943511259025,0.373496218737626,0.527476259849191
"AENJPLPP_02464",3.36134730002192,0.833180236082702,0.938258000825737,0.888007600627377,0.374536662869136,0.528663690446414
"AENJPLPP_01603",13.1213464538592,-0.435864015619465,0.491202675565616,-0.887340475329396,0.374895620343583,0.528888440420782
"AENJPLPP_01602",10.5408282283327,-0.485367849181706,0.547576172210232,-0.886393297981852,0.375405629434414,0.52932593543255
"AENJPLPP_02511",35.6305945065117,0.27780429254707,0.313703148308553,0.885564247744899,0.37585238436966,0.529673823209612
"AENJPLPP_00841",34.6798090439639,0.275393528761895,0.311533136475734,0.883994338057665,0.376699269273959,0.530584928211407
"AENJPLPP_03012",1.04647550773652,1.57656518942807,1.79057063080906,0.880481988423829,0.378598258332182,0.532976176535682
"AENJPLPP_00756",1.51896800215397,1.41330763673027,1.60721583725821,0.879351487191204,0.379210727305084,0.533554732148705
"AENJPLPP_00767",5.03047155039574,-0.687014191882625,0.783796611783262,-0.876521002456949,0.380746863849723,0.535431596109435
"AENJPLPP_00027",3.95782333265815,0.765006147509582,0.87412753723145,0.875165367667654,0.381483934013782,0.536183363730623
"AENJPLPP_02833",61.0415530301923,-0.239401986490678,0.273704682940997,-0.874672599380723,0.381752073170824,0.536275591382674
"AENJPLPP_01404",56.5563001424396,0.226778450124734,0.259771005207045,0.872993696675211,0.382666513432131,0.537275147173003
"AENJPLPP_00409",4.40957123595023,-0.753288282749495,0.864054652754833,-0.87180629182172,0.383314061591143,0.537899117696528
"AENJPLPP_03057",4.51772190298172,0.707111595980952,0.812002815247291,0.870824069453016,0.383850220877574,0.538366199620665
"AENJPLPP_02396",10.8841605220649,-0.484168557230836,0.559069062186656,-0.866026382030753,0.386475694323187,0.541761587383695
"AENJPLPP_02768",4.36597655147548,0.74895326388004,0.869382017227457,0.861477749756688,0.388974970601885,0.544976572568143
"AENJPLPP_02760",2.08385565942053,1.02900167845912,1.19736874336188,0.859385785844023,0.390127709178508,0.546302577421834
"AENJPLPP_02702",3.61333840075958,0.790429658310001,0.921063535279225,0.858170612595556,0.390798260720278,0.546663388477177
"AENJPLPP_02818",5.01868947969385,-0.673317701223897,0.784332049575593,-0.858460012679876,0.390638501762719,0.546663388477177
"AENJPLPP_02250",9.40683000542727,0.483174662609059,0.563855014757796,0.856912947411857,0.391492996729002,0.547346069344455
"AENJPLPP_00957",1.04274523398501,1.52916006940451,1.78859557414243,0.854950158387645,0.392578740902548,0.54857440945116
"AENJPLPP_00817",16.0784652779038,-0.381588640592506,0.447042928353269,-0.853583887341936,0.393335589323245,0.549019087936537
"AENJPLPP_01244",22.669324039999,-0.326870859771755,0.383255756485449,-0.852879191611479,0.393726302111587,0.549019087936537
"AENJPLPP_01294",9.61746466270093,-0.521952125842715,0.611791355311835,-0.853153810217981,0.393574014133555,0.549019087936537
"AENJPLPP_02700",7.29976192709014,-0.563699966763092,0.660606487773164,-0.853306737363822,0.393489224835382,0.549019087936537
"AENJPLPP_02144",1.8472806148056,1.17759030652738,1.38442214332272,0.850600600551698,0.394991255732746,0.550176550152056
"AENJPLPP_02666",21.3973072894925,-0.33174535810009,0.390168594177234,-0.850261561414641,0.395179682171152,0.550176550152056
"AENJPLPP_02827",5.21943151900465,0.644508907188699,0.757352947801031,0.851002044766613,0.394768216924966,0.550176550152056
"AENJPLPP_01964",8.29392053910354,-0.525547288018796,0.618443575476392,-0.849790197293203,0.395441740608959,0.55025209097873
"AENJPLPP_02389",12.3186656081652,0.447132002362677,0.526492329918217,0.849265937895301,0.395733329899041,0.550368622674717
"AENJPLPP_02153",1.7760444781653,1.13073476564054,1.33207066572839,0.848854940456356,0.395962014510993,0.550397592874074
"AENJPLPP_01142",54.9607532181888,-0.226228692128557,0.266737115400309,-0.848133533231928,0.396363608334754,0.550666754916279
"AENJPLPP_01114",3.51517442593941,-0.840699257672979,0.992703673426197,-0.846878358746681,0.397062926169844,0.551060077829008
"AENJPLPP_01733",7.79671649565092,0.526640120687212,0.621677626973099,0.847127349992283,0.396924142072843,0.551060077829008
"AENJPLPP_02336",19.9187567156153,-0.346936835671344,0.410594529666518,-0.844962147822874,0.39813197341355,0.552254303613976
"AENJPLPP_00517",19.6978903427262,0.341223242765484,0.404409643452976,0.84375644421338,0.398805519150833,0.552898960581887
"AENJPLPP_01431",55.1927951754549,0.221349569559921,0.262550405384342,0.84307456785638,0.399186741245352,0.553137881118625
"AENJPLPP_02252",1.36597247136296,1.28182960169314,1.52344463822805,0.841402155042574,0.40012267860063,0.553855124377662
"AENJPLPP_02974",5.17474408772342,-0.676391535102666,0.803617671332824,-0.841683252162499,0.399965275219398,0.553855124377662
"AENJPLPP_02592",19.4575022554923,0.348163974457604,0.414131568480418,0.840708607979657,0.400511197052737,0.554103265305981
"AENJPLPP_01214",86.882296784089,0.188733302567858,0.224730392358655,0.839820998784407,0.401008757831989,0.554501927278907
"AENJPLPP_00146",2.05675382092661,1.03178598586267,1.2355430008023,0.835087071184633,0.40366868556776,0.557306923557574
"AENJPLPP_02022",15.5316464922619,-0.393322334454024,0.470836512975788,-0.835369228202252,0.403509850027111,0.557306923557574
"AENJPLPP_02570",27.7421590534145,-0.290657615216137,0.347969324774225,-0.83529666129256,0.403550696771098,0.557306923557574
"AENJPLPP_02035",6.07148080194406,-0.601459994559354,0.722600406719023,-0.83235490731356,0.405208646628023,0.559141477994271
"AENJPLPP_02895",5.42306183394006,0.625609948764492,0.75238873686971,0.831498290853373,0.405692193370535,0.559517150023529
"AENJPLPP_00034",11.9951335775988,-0.427663614627956,0.515624748277161,-0.829408627217553,0.406873221352402,0.560853873056304
"AENJPLPP_00276",32.9633853377614,-0.265248782868615,0.320432934959422,-0.827782521488325,0.407793674970819,0.561830203601835
"AENJPLPP_00437",2.10511460672886,1.03400001883032,1.25064834427751,0.82677118916881,0.408366762811743,0.562274184914239
"AENJPLPP_02467",16.9552812303563,0.363746128288471,0.440123075845483,0.826464569233752,0.408540608676358,0.562274184914239
"AENJPLPP_00085",29.2053704931855,0.280423031617461,0.340395797759635,0.823814610706439,0.410044904462204,0.563758518699853
"AENJPLPP_00490",16.2699428464045,0.359209736655789,0.43595529790838,0.823960021541658,0.40996227415119,0.563758518699853
"AENJPLPP_02378",4.13366203623936,-0.729535837470628,0.889253478230463,-0.820391322980643,0.411993060410604,0.565849390024523
"AENJPLPP_02936",27.6470974733629,-0.303265975268279,0.369629402411958,-0.820459555677566,0.411954176382664,0.565849390024523
"AENJPLPP_02042",17.8118992346426,0.35862125901158,0.438169243554199,0.818453746553803,0.413098142784053,0.567073033743998
"AENJPLPP_00258",26.3290152444552,-0.291770905333695,0.359121804974233,-0.812456668718931,0.416529640681121,0.570969173085941
"AENJPLPP_01059",19.2759297717095,-0.357007811519081,0.439468215766549,-0.812363212425646,0.416583248641253,0.570969173085941
"AENJPLPP_01879",11.1289388578439,-0.438711601971922,0.539751730254774,-0.812802585671826,0.416331252838497,0.570969173085941
"AENJPLPP_01623",26.9500139032341,0.29011743732629,0.358054684986988,0.81026013480827,0.417790682189431,0.57232784606188
"AENJPLPP_01389",65.3545819692471,-0.206983492300268,0.255873874995622,-0.808927805950529,0.418556673736298,0.573080699097061
"AENJPLPP_02353",8.40051410956893,-0.511745883749596,0.635232670833214,-0.805603847608082,0.420471306381437,0.575107447984527
"AENJPLPP_02919",5.59197597092105,0.620362729662919,0.769911148206153,0.80575886075728,0.42038190310134,0.575107447984527
"AENJPLPP_00972",1.66421048768107,1.10656460291265,1.37573368664893,0.804345065946642,0.421197717608466,0.575803591237593
"AENJPLPP_01561",8.22998356905821,-0.499646543570213,0.621984485273618,-0.803310300176399,0.421795405998169,0.576025907727256
"AENJPLPP_02249",1.97594451934919,0.978956106353685,1.21835093963373,0.8035091323096,0.421680520498458,0.576025907727256
"AENJPLPP_02273",1.2520017619014,-1.32885270951699,1.6609919318942,-0.800035619680318,0.423690160019834,0.578315228728103
"AENJPLPP_02900",2.08777850983342,0.998744321352117,1.2518704582442,0.797801653337913,0.424985601712896,0.579784581831916
"AENJPLPP_03153",3.2637482644523,-0.791721533626149,0.993817457014784,-0.796646836939564,0.425656167642189,0.58040037688801
"AENJPLPP_01931",1.68939228540228,1.07473749583809,1.35721441014089,0.791870089064645,0.428436429168318,0.58389071767252
"AENJPLPP_02596",2.72940385443912,-0.849927640303283,1.07589399449457,-0.789973403190671,0.429543301228151,0.584863396283873
"AENJPLPP_02733",7.36628016548942,-0.528915141428823,0.669926569162107,-0.78951211338035,0.429812752707106,0.584863396283873
"AENJPLPP_03168",3.88239396786996,1.38513357760523,1.75403054452598,0.789686121446395,0.429711098500903,0.584863396283873
"AENJPLPP_00485",42.4748208480159,-0.26234321141021,0.333072138454389,-0.787646822179741,0.430903318878492,0.585745373916965
"AENJPLPP_02468",108.421157874432,0.163286058770896,0.207244891954288,0.787889425071627,0.43076138727799,0.585745373916965
"AENJPLPP_02672",19.316165468146,0.320228666502121,0.40770228642587,0.785447315759279,0.432191348216644,0.587194812764327
"AENJPLPP_01621",1.24615887071579,-1.32476167526174,1.6909169822745,-0.783457549453296,0.433358472647358,0.588478582343694
"AENJPLPP_01233",78.635354109031,-0.185519917011543,0.237101146668549,-0.782450526360746,0.433949849781514,0.588792253474857
"AENJPLPP_02745",4.20067293801148,-0.679359217434132,0.868825104086943,-0.7819286231929,0.434256522294712,0.588792253474857
"AENJPLPP_03052",18.8818029997813,0.321698003579189,0.4113759216872,0.78200494151381,0.434211669511205,0.588792253474857
"AENJPLPP_01877",7.44988732453514,-0.536361764670416,0.686553814996812,-0.78123776017894,0.434662668845817,0.589041324003953
"AENJPLPP_01784",15.4828886044457,0.37391136728935,0.478872414200042,0.780816259616813,0.434910569520455,0.589075799534612
"AENJPLPP_01296",2.67913654732739,-0.842587928594871,1.08113943803637,-0.779351764398894,0.435772529619177,0.589909710181241
"AENJPLPP_02067",27.7543257533811,-0.272748859709271,0.350137793153305,-0.778975777658627,0.435993983516985,0.589909710181241
"AENJPLPP_02480",4.41872270026626,0.634694509015327,0.815137063908449,0.778635320509254,0.436194566667247,0.589909710181241
"AENJPLPP_01209",14.9224652484476,0.36494869769115,0.468968408930413,0.778194630473076,0.436454281821437,0.589959641788241
"AENJPLPP_01363",12.6017938802457,-0.424181048550758,0.546853765274696,-0.775675464788438,0.437940630078567,0.591063602674845
"AENJPLPP_01604",27.7274662924012,0.269229970792467,0.34699955393513,0.775879875749921,0.437819915894734,0.591063602674845
"AENJPLPP_02372",3.21136833990648,-0.768003821473384,0.989532942783309,-0.776127593400964,0.437673652752717,0.591063602674845
"AENJPLPP_00347",11.5301187829165,-0.412444336877647,0.532655942050981,-0.774316597857781,0.438743590708966,0.59154431170944
"AENJPLPP_01571",27.099655803023,-0.272737471542112,0.35218357230676,-0.774418493616026,0.438683350719299,0.59154431170944
"AENJPLPP_01933",1.39466786463107,-1.21093626786689,1.56557364119229,-0.773477680005313,0.439239733135215,0.591911864296209
"AENJPLPP_01371",1.35991290197274,-1.21570582515599,1.575143179727,-0.771806551177585,0.440229011054827,0.592943245815453
"AENJPLPP_01265",5.93188863094119,-0.55481421794064,0.720158901532287,-0.770405276891195,0.441059524198414,0.593759847522826
"AENJPLPP_01349",3.32612493923143,0.746709402309968,0.969910594919168,0.769874467009197,0.441374361137423,0.593881762343443
"AENJPLPP_00705",105.370867165652,0.159678031940006,0.208447092137033,0.766036265140286,0.443654724197171,0.596178531079859
"AENJPLPP_01739",5.13575208408123,0.594139254885585,0.7757756423243,0.765864797076493,0.443756754062841,0.596178531079859
"AENJPLPP_01790",2.23731495557489,0.929345410307766,1.21228650427675,0.766605424566871,0.443316149274429,0.596178531079859
"AENJPLPP_02286",6.89791795263446,-0.530886967868105,0.693972202712358,-0.76499745349044,0.444273060996804,0.596569505841551
"AENJPLPP_03063",6.24117954950963,0.545650064803123,0.714037383517079,0.764175766422,0.444762505911026,0.596924032261732
"AENJPLPP_01821",21.0406640859634,0.305531011088133,0.401212609444005,0.761518964998468,0.446347155652483,0.597974341610259
"AENJPLPP_01944",11.0369510304395,0.410793428937098,0.538896433027266,0.762286413048708,0.445889081272116,0.597974341610259
"AENJPLPP_02195",3.90526487497222,0.672200906438838,0.882386214122053,0.761798967029032,0.446179997010936,0.597974341610259
"AENJPLPP_02606",3.82288931886395,-0.701793416409247,0.921775680610972,-0.761349459712458,0.446448366073823,0.597974341610259
"AENJPLPP_01441",4.43572661463967,-0.644281339680394,0.846701113388557,-0.760931253653293,0.446698129855668,0.598006394265829
"AENJPLPP_02667",22.1046651585459,0.295874747117396,0.389352493059482,0.75991486478602,0.447305475653943,0.598516876974048
"AENJPLPP_00982",3.81267350269291,0.662692400283598,0.875390822784853,0.757024614646285,0.449035115799306,0.599921789423089
"AENJPLPP_01531",10.5962243708237,-0.423679917496673,0.559130966641657,-0.757747187642724,0.448602344078859,0.599921789423089
"AENJPLPP_01876",14.5537659614518,0.354829332767389,0.468700980363929,0.757048411744044,0.449020859196752,0.599921789423089
"AENJPLPP_02215",6.00665124295222,-0.546723416723561,0.727465132740496,-0.751545870884495,0.452324205463393,0.604011344461454
"AENJPLPP_01569",6.2866030698016,-0.55072528254111,0.733960653598637,-0.750347147140495,0.453045653976446,0.604365184750443
"AENJPLPP_01589",210.407353296557,0.153028627266319,0.203881071653785,0.750577903211049,0.452906723612819,0.604365184750443
"AENJPLPP_02410",14.0921133316009,-0.374805025918963,0.504898306175604,-0.742337657572979,0.457882781255627,0.610510375007502
"AENJPLPP_01869",51.4629268789244,-0.205224436820429,0.277017476489232,-0.740835702574912,0.458793064741155,0.611416223167881
"AENJPLPP_02452",4.98519821578352,-0.589078409589193,0.79749757950799,-0.738658554866863,0.460114358371945,0.612868622217762
"AENJPLPP_02337",87.324363543579,0.168345507228853,0.228727984770338,0.73600747804378,0.461726146870227,0.614706303123358
"AENJPLPP_02869",2.23154061840791,-0.891332103791409,1.21543180635774,-0.733346041406011,0.463347400356916,0.616554731731212
"AENJPLPP_01989",101.837023175587,0.169171626023112,0.232144281116077,0.728734842011993,0.466163875535818,0.619990930396207
"AENJPLPP_02569",1.24274156349958,1.14696803857072,1.57493643667682,0.728263066280234,0.466452566563546,0.620063451937886
"AENJPLPP_00265",4.90208246732294,-0.594608848722118,0.821744825421232,-0.723593055079254,0.469315606322096,0.623556309854947
"AENJPLPP_02074",14.8072612491922,-0.341179968274513,0.471793164064771,-0.723155811192877,0.469584163673421,0.623600233403821
"AENJPLPP_02512",7.6054147856482,0.456181805775102,0.63122608824363,0.722691622338386,0.469869363698463,0.623666203044376
"AENJPLPP_02817",1.2678270728901,1.1438830833125,1.59048579088129,0.719203585389265,0.472015490606233,0.626200911385424
"AENJPLPP_00612",4.15758502076909,-0.646229885551969,0.900881195221691,-0.717330863358673,0.473169967894894,0.627418164739949
"AENJPLPP_02110",46.569068684686,0.198580989209497,0.277632776008592,0.715264934005311,0.474445352005118,0.628254369167014
"AENJPLPP_02314",3.02189526790232,-0.722525997245753,1.0096869244858,-0.715594091320645,0.474242023128507,0.628254369167014
"AENJPLPP_03007",18.6331521339159,0.296257506475964,0.41425550752061,0.715156470095271,0.474512363419195,0.628254369167014
"AENJPLPP_00840",36.5630042692437,0.223786757348331,0.314361171276726,0.711877858322825,0.476540414246882,0.630624196364689
"AENJPLPP_00481",8.01151335897006,-0.445883794069153,0.627159515761204,-0.710957552047934,0.477110540353723,0.631063292136193
"AENJPLPP_00453",41.6910397375171,-0.203939360928031,0.288375868288258,-0.707199815777146,0.479442313033966,0.633830876142757
"AENJPLPP_01148",24.6096027228892,0.257844776213476,0.364835862663736,0.706741860109096,0.479726910887879,0.633890648718115
"AENJPLPP_02585",27.2902710202038,-0.246974807653048,0.349846685611679,-0.705951543377443,0.48021827213463,0.634223433721945
"AENJPLPP_01276",16.9234806205178,0.304133488076545,0.432947437870383,0.702472081998086,0.48238480636142,0.636767182076291
"AENJPLPP_01360",55.4242902539076,0.187745255351736,0.26750828968492,0.701829672541617,0.482785391608089,0.636978433970214
"AENJPLPP_02884",15.3762702927976,0.312234003566982,0.445383914910885,0.701044633885029,0.483275160952697,0.637307084762321
"AENJPLPP_01786",5.4877838828818,0.513487074458606,0.733179404052748,0.700356654347131,0.483704598806664,0.637555887327051
"AENJPLPP_00693",81.0380330176533,-0.176783782141152,0.253030863669791,-0.698664896357694,0.484761476662421,0.63767927978246
"AENJPLPP_01482",52.5623679440445,-0.198315500911155,0.283474473281179,-0.699588568295692,0.48418428377839,0.63767927978246
"AENJPLPP_01636",2.04800672592004,-0.861431019862475,1.23191180486947,-0.699263548297399,0.484387342854747,0.63767927978246
"AENJPLPP_01864",9.6220658929271,-0.400129222249125,0.572487227372625,-0.69893126539343,0.484594987208665,0.63767927978246
"AENJPLPP_01024",23.7899211140308,-0.260531305156791,0.375140734440114,-0.694489510838182,0.487375276573525,0.640799271284356
"AENJPLPP_00233",11.8722625865695,0.367012810816484,0.531268400419897,0.690823716461226,0.489676329523447,0.643185972508972
"AENJPLPP_00769",1.60634997651685,-0.971118821926785,1.40571762078677,-0.690834921300381,0.489669287244542,0.643185972508972
"AENJPLPP_01913",14.0378943583041,-0.329938616499856,0.478702827635216,-0.689234734897531,0.490675561529633,0.644178922622939
"AENJPLPP_01948",56.8702815776675,0.180451588397631,0.263184751843257,0.685646060927957,0.492936328177439,0.646826262147601
"AENJPLPP_00556",6.44511733227551,0.481346568564119,0.704199851198268,0.683536879118986,0.494267654809062,0.648251981146308
"AENJPLPP_00206",5.29481963001755,-0.519160108123878,0.762042256484022,-0.68127469796652,0.495697690157106,0.649805684918821
"AENJPLPP_01012",86.95644550171,-0.169856927436757,0.251392924913408,-0.675663117787677,0.499254557727091,0.653993969322584
"AENJPLPP_02482",4.49871837766823,-0.571966135909156,0.846786247120961,-0.675455155127776,0.499386633674572,0.653993969322584
"AENJPLPP_00671",24.2898544261869,0.261125287076577,0.387935633448142,0.673114982389167,0.500874142947777,0.655617761011228
"AENJPLPP_01387",16.6330783073417,-0.303718515547942,0.452105515756371,-0.671786795256903,0.501719436309809,0.6563997368322
"AENJPLPP_00900",122.323076620357,-0.132761944179732,0.197853521666917,-0.671011276732463,0.502213345744723,0.656435670557607
"AENJPLPP_01532",156.445932838106,0.135560454693977,0.202037981819176,0.670965199084715,0.502242699603365,0.656435670557607
"AENJPLPP_02858",1.13951142939245,-1.1320447355608,1.68961056564468,-0.670003347859546,0.502855656018671,0.656912568888722
"AENJPLPP_01136",3.14863285075343,0.763032704291684,1.14171139363011,0.668323631128526,0.503927032080482,0.657015647931618
"AENJPLPP_01590",4.23266123895482,-0.597629784546472,0.893736661863745,-0.668686661348557,0.503695378015278,0.657015647931618
"AENJPLPP_02448",4.81850420628672,-0.533334669738941,0.797917823575712,-0.668408016440723,0.503873179755903,0.657015647931618
"AENJPLPP_02623",12.5187433715222,0.335735112954229,0.502183960296759,0.668550052366927,0.503782543295554,0.657015647931618
"AENJPLPP_01728",2.58588883302336,-0.729847425850402,1.09378951053531,-0.667264970838136,0.504602897192718,0.657377513406802
"AENJPLPP_02186",6.11039814197543,0.46826637363798,0.702156293786479,0.666897637722203,0.504837519969721,0.657377513406802
"AENJPLPP_02811",4.34480900694132,0.558748146071051,0.838051913596722,0.666722594395179,0.50494934375734,0.657377513406802
"AENJPLPP_03018",1.2766427219153,1.04659607965721,1.57354839710392,0.665118455576869,0.505974731232459,0.658388741181107
"AENJPLPP_01907",6.01174150378242,-0.476613858924936,0.717105180043872,-0.664635917001433,0.506283390715368,0.658466806785017
"AENJPLPP_01936",81.3100385001899,0.151996934453973,0.228873056629696,0.664110213286902,0.50661977379543,0.658580835056602
"AENJPLPP_00815",9.04667971933278,-0.408338763627579,0.615544573150836,-0.663378058127267,0.507088455070912,0.658866648198123
"AENJPLPP_01952",4.78494927391429,0.574220598329976,0.868268699557609,0.661339742665544,0.508394459740581,0.660239592640049
"AENJPLPP_00007",15.0795271264379,0.324458325213437,0.49283199114335,0.658354837032204,0.510310148737654,0.662402585224171
"AENJPLPP_00319",2.22737068083629,0.758826549260855,1.15469097126069,0.657168513608772,0.511072568784773,0.662418092091081
"AENJPLPP_02381",4.38748685835076,-0.589014708035782,0.895295244505089,-0.657899962778629,0.510602414583834,0.662418092091081
"AENJPLPP_03017",1.21765605410905,1.13270323001272,1.72356247727569,0.657187218303282,0.511060543135486,0.662418092091081
"AENJPLPP_02462",27.3622659255437,-0.230665196928569,0.35236441197835,-0.654621150965556,0.512711702769347,0.664217509262834
"AENJPLPP_01770",14.0907817184737,-0.322244593067009,0.493359708026776,-0.653163579887475,0.513650826902883,0.66510874798965
"AENJPLPP_02282",56.7225936132144,0.173847912158779,0.267229733622271,0.650556020852505,0.515333127791313,0.666960959135581
"AENJPLPP_01139",24.0342690595358,-0.241214795155443,0.371007607855592,-0.65016131757959,0.515588024836455,0.666964870428399
"AENJPLPP_02045",155.502505950544,0.127888958708864,0.19751846998069,0.647478479968818,0.517322317923158,0.668881590752208
"AENJPLPP_02906",1.71426111658819,-0.881989528389258,1.36317972176797,-0.647008985172819,0.517626128265182,0.668947773375404
"AENJPLPP_00021",190.207297448449,-0.121223888537375,0.188476696862164,-0.643177064090991,0.520109214038885,0.671756673476863
"AENJPLPP_01132",9.89812731790462,-0.382301909998598,0.595764328386073,-0.641699900083402,0.521068054124425,0.671756673476863
"AENJPLPP_01200",13.6755107167554,0.305712215346784,0.475725488003618,0.6426231577999,0.520468652824537,0.671756673476863
"AENJPLPP_02182",4.2639997053639,0.532051543582741,0.829027452569776,0.641777955523083,0.521017364889415,0.671756673476863
"AENJPLPP_02712",5.61068260822316,-0.478104355922326,0.744406338824762,-0.642262607109361,0.52070268878346,0.671756673476863
"AENJPLPP_00506",9.46107324933399,-0.388403372954425,0.606442421518923,-0.640462077144295,0.521872236126309,0.672370401853379
"AENJPLPP_01893",20.4176819157684,-0.256455633291772,0.400595754242787,-0.640185600010986,0.522051943432986,0.672370401853379
"AENJPLPP_01522",46.0747956824769,-0.177064539259538,0.277093318003942,-0.63900688957436,0.522818449953021,0.673030265180165
"AENJPLPP_02812",3.66082064113657,0.582382278058262,0.912181885612964,0.638449729427499,0.523180968061846,0.673169680965873
"AENJPLPP_02517",1.90787371720986,0.814318258758002,1.27909227911779,0.636637615637589,0.524360917516552,0.674360228064026
"AENJPLPP_00110",23.2484117917383,0.237359041999969,0.373607099237916,0.635317269088661,0.525221512910878,0.674811531386708
"AENJPLPP_00706",65.0737714160946,-0.157087174967208,0.24711917956972,-0.635673747544508,0.524989090795968,0.674811531386708
"AENJPLPP_00609",7.67367453168009,0.39891106867842,0.630218916875048,0.632972222821282,0.526751782409652,0.675247194013982
"AENJPLPP_01983",121.028333596733,0.124214306826028,0.196279548568804,0.63284385832223,0.526835612852299,0.675247194013982
"AENJPLPP_02198",2.17719966205524,0.756106179847058,1.19387562610557,0.633320727313515,0.526524220453695,0.675247194013982
"AENJPLPP_02514",3.22137913366105,0.63023287410617,0.995395289916921,0.633148338645215,0.52663677830088,0.675247194013982
"AENJPLPP_02971",4.32202994443396,0.530538590607759,0.837977826652473,0.633117695640154,0.526656787344555,0.675247194013982
"AENJPLPP_01512",11.2385946142586,-0.338935136573555,0.536451118021744,-0.631809917413233,0.527511092399904,0.675459077695815
"AENJPLPP_01642",39.874493264354,-0.196143642192531,0.310267629686472,-0.632175655548521,0.527272103094684,0.675459077695815
"AENJPLPP_00385",56.4783905457042,0.171287319515684,0.271840602117294,0.630102045763481,0.52862782130875,0.676561851534833
"AENJPLPP_00445",58.6263279302275,0.16032374099406,0.25537303692353,0.627802147499496,0.53013355914261,0.678074959705657
"AENJPLPP_00730",4.97417366099355,-0.499033682484518,0.796742716509052,-0.626342321233944,0.531090432941667,0.678074959705657
"AENJPLPP_01015",4.37090827736724,-0.524976758190953,0.837894072324575,-0.626543110317641,0.530958769572642,0.678074959705657
"AENJPLPP_02018",17.1541880327644,0.271738030234655,0.433585170329567,0.62672353399012,0.530840474536817,0.678074959705657
"AENJPLPP_02345",13.4433432519971,-0.304319028780371,0.485747326797324,-0.626496558996704,0.530989293182435,0.678074959705657
"AENJPLPP_01075",3.06393046807784,-0.642485679696894,1.0310733488295,-0.623123156491494,0.5332035936987,0.680444875235738
"AENJPLPP_02989",5.28575264791651,-0.508267419644944,0.817851687195587,-0.621466492766913,0.534292734280777,0.681506339294556
"AENJPLPP_02436",2.40802810381526,0.678376307398429,1.09508979675942,0.619470941475187,0.535606159215837,0.682852724893374
"AENJPLPP_00635",42.7632875627934,0.1889203966028,0.305347113232143,0.618707000708311,0.536109397262115,0.683165391698788
"AENJPLPP_00006",9.23658978051499,0.355120777888331,0.575397701450694,0.617174481220554,0.537119645733892,0.683956192965589
"AENJPLPP_00074",1.23573678709259,-1.000401042547,1.62215931055945,-0.616709490883469,0.537426359992242,0.683956192965589
"AENJPLPP_02575",19.8474997862221,0.260778158993764,0.4229357245955,0.616590521510508,0.537504848021673,0.683956192965589
"AENJPLPP_00063",1.23191022501039,-0.996308161589926,1.62293974727484,-0.61389103524199,0.539287334584606,0.685894746388106
"AENJPLPP_00167",13.0513363049711,0.307611807424353,0.50360459449868,0.610820097323714,0.541318686943217,0.687037628908225
"AENJPLPP_00363",36.7783216170771,-0.186813980888302,0.305767013136403,-0.610968393784729,0.541220504624796,0.687037628908225
"AENJPLPP_00681",41.3369523054354,0.175949934377532,0.288172467762897,0.610571633520175,0.541483206771702,0.687037628908225
"AENJPLPP_01627",1.82696812730175,0.78299528680327,1.28039475693775,0.611526470692459,0.540851099586106,0.687037628908225
"AENJPLPP_02984",8.54818235039298,0.373245992770093,0.60986334286142,0.61201578540343,0.540527313668996,0.687037628908225
"AENJPLPP_01144",1.2609185848138,-1.02503379984781,1.68371426085497,-0.60879320421466,0.542661518647846,0.688202922116616
"AENJPLPP_01280",4.69649318433537,0.505502552324985,0.833568018278088,0.606432278159145,0.544227739814187,0.689664620527256
"AENJPLPP_01624",21.5999244830319,-0.242140745445069,0.399393757873878,-0.606270730754717,0.544334991277177,0.689664620527256
"AENJPLPP_02643",2.27371513753514,0.765689956028555,1.27116555515879,0.602352662028282,0.546939413326911,0.692632982539292
"AENJPLPP_02309",2.90356204420777,-0.626268337296957,1.04125077371168,-0.601457740160459,0.547535150810625,0.69272483485262
"AENJPLPP_02935",1.82687183897107,0.812633773360336,1.35048123930643,0.601736440098703,0.54734958959541,0.69272483485262
"AENJPLPP_00851",29.3432601729255,0.220916993952782,0.368114723130958,0.600130828981242,0.548419048051792,0.693475927256962
"AENJPLPP_01640",6.93843667037976,-0.402256089964839,0.670672276152876,-0.59978040582245,0.548652593505792,0.693475927256962
"AENJPLPP_00077",5.13306455846488,0.45599385933631,0.764084196167428,0.596784832906545,0.550651045474156,0.695338086988824
"AENJPLPP_03008",2.85765158355756,0.646865682137162,1.08387846280315,0.596806472622609,0.550636596022664,0.695338086988824
"AENJPLPP_02029",41.2297514728203,0.192734099395903,0.323398786128963,0.595964201668481,0.551199141879408,0.695698440274868
"AENJPLPP_00261",21.5242131496431,-0.240788680402813,0.405240943187543,-0.594186457342683,0.552387409619978,0.696866060349549
"AENJPLPP_00910",20.1073776702333,0.237171454750659,0.400509864694379,0.592173815572908,0.553734201492,0.697900126392582
"AENJPLPP_02000",6.51753268544882,-0.406281880252274,0.685780329703655,-0.592437348600885,0.553557762634896,0.697900126392582
"AENJPLPP_00843",38.3440570768298,0.183933464629265,0.313639537466773,0.586448590362275,0.55757409946112,0.702405430719812
"AENJPLPP_03022",3.74479527721495,0.543489414465628,0.93363990929939,0.582118875866677,0.560486611627002,0.705738729238375
"AENJPLPP_00928",5.29925601789441,0.447479898024289,0.772170760070857,0.579508990968819,0.562245781731985,0.707617314651281
"AENJPLPP_02342",106.63692636729,0.117825220406406,0.203507578563812,0.578972150511146,0.56260796479069,0.707736765209381
"AENJPLPP_02221",2.46988490496752,0.666201202554196,1.15501273358562,0.576791218990325,0.564080502114158,0.709252217283139
"AENJPLPP_02259",9.44512344739069,-0.342373254797315,0.596467348897047,-0.574001670720805,0.565966670699993,0.711286067400846
"AENJPLPP_02382",18.0928715452679,-0.249170707534669,0.435296873384688,-0.572415569165983,0.567040470603551,0.712297517152848
"AENJPLPP_02764",3.84827738403733,0.503617715273329,0.880965626851411,0.571665567785282,0.567548565621381,0.712597724876917
"AENJPLPP_01258",37.7939091957978,0.175490045673079,0.307844855048931,0.570060024700383,0.568636987118536,0.713442773103881
"AENJPLPP_02266",115.034237555595,-0.119947354649157,0.210625803567475,-0.569480816773389,0.569029885496751,0.713442773103881
"AENJPLPP_02826",5.20339441536785,-0.447887737228747,0.786013967652863,-0.569821600710477,0.568798703317339,0.713442773103881
"AENJPLPP_02412",19.412273544683,0.23270849178955,0.409683390713592,0.56802032267946,0.570021168492987,0.714009486362077
"AENJPLPP_03002",2.4638253355773,-0.632725147830579,1.1136031245996,-0.568178315823311,0.569913893896743,0.714009486362077
"AENJPLPP_00432",10.823448453902,-0.311971759819497,0.550202498966682,-0.567012618818346,0.570705608340776,0.71419113936029
"AENJPLPP_01534",28.0566601521143,-0.20118540994983,0.35470973228976,-0.567183225143321,0.570589703753493,0.71419113936029
"AENJPLPP_00448",6.32726191746557,0.395761491057004,0.700910427573324,0.564639182822833,0.572319208336684,0.715872113214709
"AENJPLPP_01283",6.76000672951288,0.371744925057761,0.661901395476115,0.561631879912204,0.574366855094524,0.718046089683062
"AENJPLPP_02495",28.0595523520009,0.19914853110786,0.354804792443769,0.561290420392002,0.574599571011483,0.718046089683062
"AENJPLPP_01560",1.90449170450428,-0.706052569496183,1.26075731795988,-0.560022582806574,0.575464034253299,0.71854181306641
"AENJPLPP_02792",1.49416772498668,0.802386357509719,1.43305611541657,0.559912726987996,0.575538967339069,0.71854181306641
"AENJPLPP_00667",24.7024183070806,0.208909968303717,0.374330322513322,0.558089889435238,0.576783004296926,0.719077869763776
"AENJPLPP_01885",30.4945825710293,0.183060893331209,0.327572776449509,0.558840375306419,0.576270664636584,0.719077869763776
"AENJPLPP_02803",1.54424245543705,0.839718466301142,1.50440355745586,0.558173677627574,0.576725793353546,0.719077869763776
"AENJPLPP_01542",1.94508955834821,-0.714208916429591,1.28793599267751,-0.554537586099145,0.579210990078209,0.721765036106869
"AENJPLPP_02379",61.1905573663108,0.136522349618571,0.247101915993692,0.552494095683402,0.580609878542932,0.723167901402485
"AENJPLPP_02628",3.23925542862439,0.550698320901433,0.998033110563099,0.551783618271667,0.581096612229659,0.723433864214451
"AENJPLPP_00479",4.28702992961955,-0.47116369657313,0.858585381811422,-0.548767433681529,0.583165062070825,0.725667802802417
"AENJPLPP_00367",9.89375520388615,0.301188058411977,0.55119116939896,0.546431211407839,0.584769560481391,0.727322590960414
"AENJPLPP_01145",8.79616835590833,0.316338208740836,0.581180572413442,0.544302792894802,0.586233125353746,0.728800617810667
"AENJPLPP_03164",3.79028592967119,0.506730159749438,0.933098015852989,0.543062091163287,0.587087052357411,0.729519715927932
"AENJPLPP_00558",7.42312255411975,0.349031072352267,0.648665769737126,0.538075367370954,0.590525017534057,0.733447582753369
"AENJPLPP_00709",1.69397147783989,0.71799507674298,1.33583111777661,0.537489408045853,0.590929599384216,0.733605991171778
"AENJPLPP_02942",2.42268664402606,0.601513680220706,1.12052917254017,0.536812155329355,0.591397374493475,0.733842665257133
"AENJPLPP_00858",24.5552005748978,0.203485907109799,0.379729100408794,0.535871248452484,0.592047536506926,0.733961552748286
"AENJPLPP_03156",4.07739188114923,0.462475232555798,0.862669744305459,0.536097661484743,0.591891056244161,0.733961552748286
"AENJPLPP_00852",66.1407187883158,0.133294175848647,0.250577279868958,0.531948371050857,0.594761754180093,0.736941678653512
"AENJPLPP_02011",40.3200670127348,-0.158305075971536,0.29779386338631,-0.53159280776104,0.595008047190789,0.736941678653512
"AENJPLPP_00642",6.23729074081968,-0.388900522899825,0.732713949144962,-0.530767188687552,0.59558011986078,0.737305356424191
"AENJPLPP_01626",48.9199939988196,-0.14310060709444,0.270036449472582,-0.529930708887391,0.596159973656113,0.737333774050158
"AENJPLPP_02730",17.4661518280317,-0.231076864798368,0.435804936303583,-0.530230030798457,0.595952452007414,0.737333774050158
"AENJPLPP_02586",18.6564028482246,-0.226950038639954,0.428802932634984,-0.529264194266003,0.59662219042632,0.73756095249715
"AENJPLPP_00474",9.53372812946744,-0.304755344264745,0.577243177247721,-0.527949668834217,0.59753426973041,0.737681354607085
"AENJPLPP_02377",8.03621734780666,-0.325992232195966,0.617501099707249,-0.527921703055291,0.597553680580342,0.737681354607085
"AENJPLPP_02617",2.13402179264506,0.653882990882209,1.2386039916922,0.527919331172885,0.597555326900377,0.737681354607085
"AENJPLPP_00247",1.44732261064768,-0.760001874200606,1.44494185401731,-0.525974019015094,0.598906258719717,0.738660350763769
"AENJPLPP_01455",63.0731155820329,-0.130839811486509,0.248624847394116,-0.526253963985762,0.598711764249967,0.738660350763769
"AENJPLPP_00067",2.65351508578608,0.547038969748459,1.04662475029773,0.522669628816675,0.601204176907796,0.74114928326436
"AENJPLPP_03158",1.33982136508173,-0.854855435005251,1.64629800850135,-0.519259229246979,0.603579980622429,0.743731870027078
"AENJPLPP_02228",5.65189662402465,0.380928270401821,0.734348309717778,0.518729689114717,0.603949255011458,0.743840756869926
"AENJPLPP_02534",13.7550463506531,0.249815951839782,0.483044278374623,0.517169880741323,0.605037575377824,0.744834727847735
"AENJPLPP_00733",10.8189877589112,0.279564760293682,0.54149359217168,0.516284521802884,0.60565570505316,0.745249213281026
"AENJPLPP_01704",1.69991065735617,0.681341389694102,1.32870810388171,0.512784852973817,0.608101826393337,0.747911582113125
"AENJPLPP_02304",10.0058305850056,-0.291361705871908,0.569305634366322,-0.511784335660431,0.608801954496216,0.748305931403062
"AENJPLPP_02322",33.5102302280294,0.176224119138731,0.344511343376985,0.511519061785713,0.608987644325377,0.748305931403062
"AENJPLPP_02642",3.24230162603913,-0.508739860568962,0.997983462811185,-0.509767826348455,0.610214128513071,0.749465219064291
"AENJPLPP_00203",1.96978866162829,-0.629164485374411,1.240801477022,-0.507062972623506,0.61211063432581,0.751445971114856
"AENJPLPP_02373",18.0711533919133,-0.216578011848648,0.428463712962398,-0.505475738776634,0.613224734456339,0.752464827080809
"AENJPLPP_02563",23.3704190095932,-0.191970304957241,0.38127622477312,-0.503494035253507,0.61461697293035,0.753823874163764
"AENJPLPP_00951",54.9831283742075,0.132441081249399,0.264310539633897,0.501081347088338,0.616313873768229,0.75555515636031
"AENJPLPP_00235",30.1969226615935,-0.174903652729199,0.350766604227553,-0.498632568269623,0.618038256982864,0.757257040442295
"AENJPLPP_00732",4.72104352379005,-0.427414408055508,0.857946017320081,-0.498183334879972,0.61835482747774,0.757257040442295
"AENJPLPP_01342",16.7499928162951,0.215838680534363,0.433504858775202,0.497892183133033,0.61856003718908,0.757257040442295
"AENJPLPP_00301",17.3579707520461,-0.225937790984846,0.454294289264492,-0.497337951024306,0.61895075353084,0.757385210420362
"AENJPLPP_00537",6.26902913280244,0.348580685540698,0.702867677667461,0.495940696401774,0.619936252305866,0.757540930367297
"AENJPLPP_01929",5.54919816966009,-0.381897949208371,0.770047030987026,-0.495941070922467,0.619935988060782,0.757540930367297
"AENJPLPP_02576",90.345480826795,0.107589982156426,0.216893278981123,0.496050327893239,0.6198589033145,0.757540930367297
"AENJPLPP_03051",2.03164546278054,-0.623213594888891,1.26012376915102,-0.494565383294663,0.620906942636632,0.758377114438101
"AENJPLPP_00762",6.21389429231907,0.351273293407567,0.712506663199256,0.493010538077357,0.622005141343207,0.759018255427102
"AENJPLPP_02071",5.28021356530147,0.385834317829717,0.782473664675623,0.493095595734415,0.621945042696219,0.759018255427102
"AENJPLPP_03143",1.10927751590555,0.822601041335352,1.67091719259216,0.492305091468489,0.622503681359917,0.759276714988973
"AENJPLPP_00520",12.362131997589,-0.245998659953777,0.502493378374186,-0.489556023105626,0.624448102035355,0.761297686090985
"AENJPLPP_01585",19.9477114914697,-0.198930724130909,0.407276552953364,-0.488441386297256,0.625237233271919,0.7615657095759
"AENJPLPP_02051",28.7981457709736,0.168223674532537,0.344571285777489,0.488211529736026,0.625400018668578,0.7615657095759
"AENJPLPP_02744",8.82432291146913,0.289549390243985,0.593306140367294,0.488026956985032,0.625530747102561,0.7615657095759
"AENJPLPP_00177",76.3259451928932,-0.114604020059512,0.235648638295729,-0.486334319130198,0.626730150473381,0.762440793298065
"AENJPLPP_02027",7.22574642023859,-0.315464378663752,0.648836665647719,-0.486199987401809,0.626825380290743,0.762440793298065
"AENJPLPP_02955",2.84757223578436,0.508631578328758,1.04724752323312,0.485684202678736,0.6271910857503,0.762535351270337
"AENJPLPP_01036",3.31545780345214,-0.464473306109518,0.958385983493422,-0.484641171833985,0.6279309030207,0.763084456722723
"AENJPLPP_00066",3.341728686459,0.493809943209768,1.02307779576469,0.482670961342361,0.629329384952195,0.76408262785576
"AENJPLPP_02920",13.1753755173847,-0.23546541627605,0.487827281418777,-0.482681935276831,0.629321591817042,0.76408262785576
"AENJPLPP_01756",7.16266959059877,-0.315219596160387,0.655729060405969,-0.480716221369282,0.630718200618893,0.765067244726903
"AENJPLPP_02737",6.01174638933894,-0.346933371659529,0.721585115687628,-0.480793414549471,0.630663331144973,0.765067244726903
"AENJPLPP_01705",1.56107664190463,-0.673555891033979,1.40403517517606,-0.479728644226821,0.631420357204996,0.765217897427382
"AENJPLPP_02148",12.0823714946133,-0.255243369978225,0.531791084978793,-0.479969253317594,0.631249256085251,0.765217897427382
"AENJPLPP_00223",2.78714886128594,-0.503984874085985,1.05211539688107,-0.479020529097869,0.631924024200295,0.765279291616825
"AENJPLPP_00411",1.05201031794334,-0.846621087817401,1.76804892973729,-0.478844829222684,0.632049022192596,0.765279291616825
"AENJPLPP_00749",4.59141092383474,-0.39189602432598,0.820664262586134,-0.477535140973497,0.632981103612665,0.765756554406071
"AENJPLPP_02430",2.69657381811003,-0.533016817381189,1.11708260409401,-0.477150763450909,0.633254768877114,0.765756554406071
"AENJPLPP_03151",3.2567904383441,0.467614736721439,0.980176136425818,0.477072149936829,0.633310745524659,0.765756554406071
"AENJPLPP_02426",1.04234086467554,-0.832445246334924,1.75435187421917,-0.474503010808724,0.635141251461674,0.767619367353041
"AENJPLPP_00484",7.49545877119442,-0.307926001051733,0.651414936667867,-0.472703316609292,0.636424860055848,0.768819812695203
"AENJPLPP_00401",2.2123991740902,-0.552215022230146,1.17098987548031,-0.471579672713774,0.637226838694413,0.769437605500595
"AENJPLPP_00320",4.60682697995746,-0.385830327479595,0.820651334060942,-0.470151343775118,0.638246893752504,0.770115838702854
"AENJPLPP_02321",22.2416550683624,0.179863864902358,0.382706367618225,0.469978762103547,0.638370191069775,0.770115838702854
"AENJPLPP_02804",1.03649797348994,-0.824118226607384,1.75620552830258,-0.469260694905065,0.638883306300775,0.770383877543011
"AENJPLPP_00075",3.77638001981579,0.411454461710977,0.878516714210454,0.468351318825803,0.639533374852558,0.77044541809514
"AENJPLPP_01017",5.10028467113465,-0.361183110066756,0.771810931941734,-0.467968378159773,0.639807203319944,0.77044541809514
"AENJPLPP_02995",37.6780318494454,0.142281225133971,0.303876896179574,0.468219949995446,0.639627306916327,0.77044541809514
"AENJPLPP_02653",1.53972140626562,-0.653494182792633,1.39976515536082,-0.466859873093626,0.640600135919877,0.77104961814356
"AENJPLPP_00540",31.7506595876898,-0.152564923041188,0.328938662001062,-0.463809641934687,0.642784134707847,0.772975653363478
"AENJPLPP_02503",13.6020297114482,0.232102794298056,0.500372923459048,0.463859620327862,0.642748324673602,0.772975653363478
"AENJPLPP_02323",32.5641355114835,-0.150418228855445,0.325016627200544,-0.462801642337617,0.643506553925304,0.773493125190289
"AENJPLPP_02463",44.0450344976466,0.139192769253434,0.301066698652362,0.462332001103044,0.643843254381267,0.773546704900905
"AENJPLPP_00256",2.17562788232846,-0.554482577151934,1.20487075654052,-0.460200875605938,0.645372042553636,0.774845972809799
"AENJPLPP_02019",97.379856203965,-0.100020319078553,0.217431314242354,-0.460008805203963,0.64550990030907,0.774845972809799
"AENJPLPP_00462",1.04616742675774,-0.841437788869016,1.83290880865686,-0.459072368955231,0.646182198036076,0.775301522609665
"AENJPLPP_00014",45.6003792751001,0.133736191221139,0.291986006820723,0.458022604156001,0.646936201626406,0.775854647602682
"AENJPLPP_02843",11.0069086199058,-0.245557463103673,0.537473453923686,-0.45687365824497,0.647761858606896,0.776493165048013
"AENJPLPP_02465",17.7549584674358,0.19905913722963,0.437513803701296,0.454977958513814,0.649125096098036,0.777775228265882
"AENJPLPP_01064",12.6968411586191,0.237371545557668,0.52229668658776,0.454476453045205,0.649485936129886,0.777855612334662
"AENJPLPP_03025",18.7570250533738,0.184379447163844,0.406760427858675,0.453287573067223,0.650341679994374,0.778528376412795
"AENJPLPP_02857",10.5564425576403,-0.252726686558579,0.560090307290398,-0.45122488868129,0.651827473373501,0.779954428148681
"AENJPLPP_01379",38.5795866776675,-0.135838775445525,0.301705440089903,-0.450236414050232,0.652539982365973,0.780454323986042
"AENJPLPP_00217",19.0110312304272,0.183919845854283,0.410041616247816,0.448539461768017,0.65376391318144,0.781212473873851
"AENJPLPP_03100",24.7167069276785,-0.183048934990081,0.408068724796634,-0.448573791292888,0.653739143685566,0.781212473873851
"AENJPLPP_00431",81.941779174508,-0.099347417747986,0.223115332195728,-0.445273826636143,0.656121880137855,0.783269610120749
"AENJPLPP_01213",10.7032173985509,0.262487960530855,0.58995796006207,0.44492655121263,0.656372834160854,0.783269610120749
"AENJPLPP_01423",4.52170842185671,-0.367732753897201,0.8253502975899,-0.445547490527373,0.655924147857462,0.783269610120749
"AENJPLPP_00636",2.72892604555451,-0.471658924629375,1.06198161938001,-0.444130968014993,0.656947898049193,0.783409905239555
"AENJPLPP_00641",19.991556924624,-0.184775310135594,0.41775148208037,-0.442309167200144,0.658265498171454,0.783409905239555
"AENJPLPP_01321",14.1078172868369,-0.210007219620599,0.47388696060243,-0.443158890368342,0.657650811583387,0.783409905239555
"AENJPLPP_02248",51.8379089635788,0.122601356607875,0.277118008348948,0.44241569625275,0.658188422774125,0.783409905239555
"AENJPLPP_02513",75.8881370456217,0.104913650107972,0.236357310659447,0.443877322073341,0.657131281288861,0.783409905239555
"AENJPLPP_02715",1.12908934576925,-0.767987289026527,1.73480452310435,-0.442693847519057,0.657987193209116,0.783409905239555
"AENJPLPP_02897",6.16306329874449,0.311470194453662,0.710170335182039,0.438585194316547,0.660962126970606,0.786265818606543
"AENJPLPP_00561",103.21437221215,-0.09297213688717,0.212638996411751,-0.437229945852171,0.661944594358864,0.786374735694156
"AENJPLPP_00566",7.5240819776751,-0.286425245638943,0.654734144700817,-0.437468013478701,0.661771968539394,0.786374735694156
"AENJPLPP_00688",4.82983256964725,0.342477355203153,0.78251339816565,0.437663247691325,0.661630415181478,0.786374735694156
"AENJPLPP_02190",1.42590434618598,0.644249430623115,1.47891081844302,0.43562425981938,0.663109366350309,0.787405202733461
"AENJPLPP_02885",5.03976436866614,-0.347734317983811,0.799253449602292,-0.435073903224119,0.663508785213581,0.787526339419794
"AENJPLPP_01038",1.12899305743856,-0.72433002882137,1.66766523081208,-0.434337788807082,0.664043166501956,0.78780748427293
"AENJPLPP_03023",5.05757419985664,-0.344473306371999,0.797480885351147,-0.43195180310851,0.665776443052854,0.789510085626492
"AENJPLPP_02739",16.3352699255737,-0.195375877846904,0.453883166639256,-0.430454117286504,0.666865336186186,0.790447363572525
"AENJPLPP_01130",17.8751810866989,-0.183221514875809,0.426118779762787,-0.429977563950139,0.667211961862587,0.790504373607217
"AENJPLPP_00447",7.59649432996699,0.301709565399649,0.702375685135792,0.429555822880341,0.667518778557096,0.790512192477727
"AENJPLPP_01741",1.12315016625296,-0.716304101595689,1.66913124615642,-0.429147859549784,0.667815624838623,0.790512192477727
"AENJPLPP_00013",18.7022242590876,-0.179525287802821,0.419293207384024,-0.428161688864177,0.668533406625825,0.791008248769073
"AENJPLPP_00697",26.068306404957,-0.159627330182497,0.373331817416114,-0.427574942010841,0.668960612680214,0.791160206510588
"AENJPLPP_00507",16.2031094040644,-0.191706261937156,0.449202573483158,-0.426770177318105,0.669546730223315,0.791499884656847
"AENJPLPP_01339",2.96076132779076,0.433712427459469,1.02549967903253,0.422927901711913,0.672347864928454,0.794456557934202
"AENJPLPP_00518",1.11348071298515,-0.703520961459571,1.67161438003778,-0.420863190614374,0.673854985445126,0.795882248643485
"AENJPLPP_01508",23.8507937443828,0.157137052854636,0.374107395260771,0.420031934266106,0.674462125062177,0.796244185093467
"AENJPLPP_01049",9.70356479603723,-0.234789331904163,0.56114427362781,-0.418411704330945,0.675646130542103,0.797233918021271
"AENJPLPP_02116",1.77275875379041,-0.584870561730363,1.39900818801032,-0.418060856786099,0.675902623095828,0.797233918021271
"AENJPLPP_01006",6.94709236261216,0.273999863427265,0.657614598406811,0.416657209391456,0.676929157454877,0.798089229270042
"AENJPLPP_01737",19.7866509070062,0.167668575364821,0.406004414143363,0.412972296664773,0.679626910932204,0.800556966258219
"AENJPLPP_02112",7.52353072921534,0.268903930504199,0.651091393228952,0.413004891940939,0.679603029620099,0.800556966258219
"AENJPLPP_00068",7.56624120049336,0.260021840317704,0.630727953780682,0.412256724565786,0.680151264195446,0.800818384877519
"AENJPLPP_01808",9.27418650256786,0.239599424559146,0.584428003891785,0.409972525210327,0.681826102156223,0.802433563782079
"AENJPLPP_01812",9.96733671468907,-0.229706161511088,0.560921323798013,-0.409515830055706,0.682161152099513,0.802471226459134
"AENJPLPP_00541",75.64437086852,0.0960431422752241,0.234920545540406,0.40883245036865,0.682662623966716,0.802704541857843
"AENJPLPP_00563",6.7903424565264,-0.280332714343412,0.690678060109499,-0.405880439142614,0.68483045125766,0.804773758466393
"AENJPLPP_02835",1.63749016974107,0.538951604989664,1.32874807111692,0.405608569980185,0.685030230960442,0.804773758466393
"AENJPLPP_00797",18.319419104456,-0.168879433118733,0.419699326392037,-0.402381949407715,0.687402952265838,0.806750917105741
"AENJPLPP_02163",5.31084062637841,0.317866692472796,0.790561308759417,0.402077218997229,0.687627197850323,0.806750917105741
"AENJPLPP_02931",6.09642984293675,0.296375163992181,0.737106092923409,0.402079384280679,0.68762560436054,0.806750917105741
"AENJPLPP_02794",15.4508137575327,-0.18335979190322,0.456851068125707,-0.401355725522276,0.68815824133056,0.807016396387654
"AENJPLPP_02553",69.2549914226115,-0.0971304453471584,0.244204996496622,-0.397741433388329,0.690820792312889,0.809729583725642
"AENJPLPP_02921",2.74771289266339,0.422383625918823,1.0629072114577,0.397385229270909,0.69108340604983,0.809729583725642
"AENJPLPP_01986",18.260377286513,0.173910164727464,0.442835768532301,0.392719326408202,0.69452679479205,0.813404224948849
"AENJPLPP_01553",6.47160300881188,-0.2682146150907,0.685647875721889,-0.39118419904431,0.695661086968049,0.814147498678705
"AENJPLPP_02916",49.3047185833365,0.10669642892653,0.272861178982505,0.391028248592925,0.695776355555102,0.814147498678705
"AENJPLPP_01286",10.8824948627406,0.20937476168318,0.536670770514964,0.390136324142031,0.696435743989393,0.814199492310778
"AENJPLPP_01293",34.0436291417935,0.123706197309869,0.316962769969312,0.390286207184035,0.696324921303397,0.814199492310778
"AENJPLPP_02742",12.876588669092,-0.198210375704918,0.509203912704988,-0.389255405858896,0.69708722096366,0.814601483279688
"AENJPLPP_00857",8.2446478057925,-0.237400273148162,0.612360690732465,-0.387680458169515,0.698252519083492,0.815262810684707
"AENJPLPP_01239",75.2086442562497,0.0910325875462917,0.234826862820211,0.387658321765293,0.698268902806992,0.815262810684707
"AENJPLPP_00708",10.2966969610324,-0.215565778311145,0.559303271073698,-0.385418411548572,0.699927443803842,0.816839079414973
"AENJPLPP_01105",1.60665805749563,0.511717954986342,1.33375877873628,0.383666044523575,0.701225982607967,0.817633818558299
"AENJPLPP_02559",5.30336781219985,0.292723334601116,0.762643551996585,0.383827194021077,0.701106531111391,0.817633818558299
"AENJPLPP_00650",8.37746839118564,0.22946491060596,0.599211929043873,0.382944496736077,0.701760917890934,0.817897407823589
"AENJPLPP_00423",36.2281508269513,-0.120126832805993,0.31673435112918,-0.379266828424933,0.704489729872492,0.820158024949471
"AENJPLPP_02785",3.82404079333289,0.350585535814969,0.924836741481594,0.379078295757724,0.704629723096694,0.820158024949471
"AENJPLPP_02825",1.10851999999363,0.653819911940172,1.72393491358316,0.379260206860838,0.704494646485348,0.820158024949471
"AENJPLPP_01891",1.33483227813874,-0.567100508287902,1.50449511823134,-0.376937420012752,0.706220111850036,0.82164800359354
"AENJPLPP_02842",4.41314093976065,-0.310429399906604,0.82528453067659,-0.37614833232377,0.706806624250106,0.821969231890329
"AENJPLPP_01466",73.3344292865974,-0.0946243810798842,0.251849917875955,-0.375717339429469,0.70712704580747,0.821980867997445
"AENJPLPP_02939",38.2127740851071,0.114273696542379,0.305115686924548,0.374525799358974,0.708013165847579,0.822649786381917
"AENJPLPP_01074",19.5101545324376,0.153050733914843,0.411264863647207,0.372146388965856,0.709783859294426,0.823984068133117
"AENJPLPP_02333",9.85172863761735,0.212531974893731,0.57052036702469,0.372523028410192,0.709503469593832,0.823984068133117
"AENJPLPP_00859",48.8203988973503,0.104616986066135,0.282363903421648,0.370504107636991,0.711006916536026,0.825042206392373
"AENJPLPP_02352",223.92218942143,0.0640620647276614,0.173240526172173,0.369786828423703,0.711541330086705,0.825300675457554
"AENJPLPP_01725",1.31799320611463,0.560867687591361,1.51930766892044,0.369160045107844,0.712008435153664,0.825480882787611
"AENJPLPP_02055",1.30248086166123,0.587298047020162,1.59520792100346,0.368163948590931,0.712750990148529,0.825980140881096
"AENJPLPP_01115",3.63255203186473,-0.335578648500259,0.92605746942325,-0.362373459078364,0.717072970259129,0.830625207894215
"AENJPLPP_02346",20.2397726307433,-0.155326302264864,0.429896272886579,-0.361311116334903,0.717866884597776,0.831181246355449
"AENJPLPP_00467",32.2052970116422,-0.120985918287072,0.33781171554139,-0.358146010694671,0.720234048083595,0.832708072015189
"AENJPLPP_00752",1.30965048041753,-0.539447667769483,1.50917219075488,-0.357446069490358,0.720757893149098,0.832708072015189
"AENJPLPP_00983",2.62237489256185,-0.380981461284871,1.06206926802208,-0.358716208778343,0.719807401489944,0.832708072015189
"AENJPLPP_02242",1.30965048041753,-0.539447667769483,1.50917219075488,-0.357446069490358,0.720757893149098,0.832708072015189
"AENJPLPP_02533",39.0775345384893,-0.110637285928928,0.308883265787764,-0.358184784296305,0.720205033253956,0.832708072015189
"AENJPLPP_02217",3.55682746592159,0.332774990053441,0.932914563538475,0.356704679141518,0.721312902237467,0.832985854829836
"AENJPLPP_02675",15.7077149804423,0.158504582756791,0.445958276588848,0.355424691227169,0.722271453911783,0.833729210967045
"AENJPLPP_01564",1.30459347909532,0.539555770548031,1.52285103036334,0.35430633712038,0.723109319063866,0.834332669664975
"AENJPLPP_00698",3.70398199795411,-0.324377067161848,0.916718443512764,-0.353845904876606,0.723454369086118,0.834367234033119
"AENJPLPP_01817",47.5572095128945,-0.0975554180205771,0.277170124108494,-0.351969456788895,0.72486116860287,0.835625761628384
"AENJPLPP_00011",12.2161893572012,0.179184803991066,0.509735500662748,0.351525063014236,0.725194473147998,0.835646198823281
"AENJPLPP_01042",4.64276731623212,0.287457866378864,0.823143546592182,0.34921960764795,0.7269244469745,0.837239740115987
"AENJPLPP_02183",1.60091145464071,0.484484345850353,1.38884566986044,0.348839584097948,0.727209744058448,0.837239740115987
"AENJPLPP_02949",5.86008328264212,-0.257983921532921,0.742109001476836,-0.34763615724849,0.728113448408876,0.837915867616994
"AENJPLPP_00522",11.9143883785523,0.177844920494061,0.516893363678776,0.344065010292109,0.730797395984883,0.84027420953885
"AENJPLPP_02421",1.30763415131412,-0.543619353489067,1.57842303101706,-0.344406627885292,0.730540505091245,0.84027420953885
"AENJPLPP_01702",4.22060515774911,-0.304273639952144,0.885821852033846,-0.343493038982423,0.731227576730354,0.840403916311623
"AENJPLPP_00948",6.160530204725,-0.239800997431642,0.701359518853603,-0.341908808514648,0.732419520475232,0.841380831721629
"AENJPLPP_01026",251.894270906345,0.0588363274353295,0.172491649829942,0.341096670437878,0.733030807697054,0.841380831721629
"AENJPLPP_02638",40.9496438409176,-0.106388260907493,0.311707259578872,-0.341308255223914,0.732871533873273,0.841380831721629
"AENJPLPP_02698",1.32010582354872,0.516968577507219,1.51883987505028,0.340370690814332,0.73357738779111,0.841643380793267
"AENJPLPP_01110",6.53499344462641,-0.235948391534644,0.694281537410912,-0.339845406828091,0.733972951135532,0.841732513905106
"AENJPLPP_03126",9.46806087350892,-0.192459819903368,0.571770433247297,-0.33660330914685,0.736415961302925,0.844168599796599
"AENJPLPP_02500",4.88456356487917,-0.272584450393835,0.813493827396894,-0.335078695392294,0.737565723429247,0.845120742380202
"AENJPLPP_02524",1.37027684232977,0.523891351202536,1.56822448789737,0.334066554403162,0.738329337368434,0.845629794702255
"AENJPLPP_01613",11.1725025489682,0.181288160828874,0.545318020945559,0.33244483744463,0.739553386482866,0.846492971528602
"AENJPLPP_02241",2.51420814700644,0.377086353999482,1.13504646233385,0.332221073333094,0.739722332370538,0.846492971528602
"AENJPLPP_02347",19.1345149219728,0.140259719530089,0.422960474179295,0.331614247885092,0.740180559579998,0.846651456487185
"AENJPLPP_02973",1.28716109386919,0.525551719301094,1.59162591945604,0.330198015046593,0.741250346570903,0.847509031830635
"AENJPLPP_01515",7.91635412221865,-0.225625325057504,0.687867055775965,-0.328007168191798,0.742906242769329,0.84830346306735
"AENJPLPP_02015",6.13671409060597,0.228356184889436,0.695391389800066,0.328385119860474,0.742620492394513,0.84830346306735
"AENJPLPP_03024",16.3388198628483,0.154644881789852,0.470987438549335,0.328341839150034,0.742653212980127,0.84830346306735
"AENJPLPP_00072",1.96520946919069,-0.406490342562778,1.24111438476473,-0.327520450614899,0.743274277794891,0.848357882586583
"AENJPLPP_00464",10.6136949011143,-0.173831304310955,0.53454844494773,-0.325192797685444,0.745035159330318,0.848904088600121
"AENJPLPP_00846",156.267257821312,0.0596866306487437,0.183501437301158,0.325265194249065,0.744980370818603,0.848904088600121
"AENJPLPP_01457",26.0447729352485,-0.118970679570608,0.365544722016504,-0.325461352346477,0.744831928126848,0.848904088600121
"AENJPLPP_02494",10.2268283639173,0.184338012899638,0.564655784375949,0.326460859873004,0.744075697816571,0.848904088600121
"AENJPLPP_02640",3.73471656908116,-0.305948725876785,0.943854899568039,-0.32414805074043,0.745825949880619,0.849439619476938
"AENJPLPP_00329",5.03520439221526,0.250119341362282,0.777326965256395,0.321768512532923,0.747628070058945,0.850394815084229
"AENJPLPP_00855",5.62436204226979,-0.240765659550247,0.747292401272696,-0.322184006073398,0.747313300329799,0.850394815084229
"AENJPLPP_01104",3.21607708018275,-0.325219251876252,1.00837300363018,-0.322518800786466,0.747059697095329,0.850394815084229
"AENJPLPP_00241",43.4475699134695,0.0913172143212914,0.285027873395399,0.320379944717244,0.748680326776554,0.851226064965357
"AENJPLPP_02449",12.7990483449741,0.156836629090651,0.490488983365772,0.319755661002671,0.749153561670327,0.851398554207307
"AENJPLPP_01102",2.47380286982388,0.341588612331625,1.07754939487375,0.317005061630281,0.751239761564137,0.85340321262198
"AENJPLPP_00607",5.85198560910109,0.23243901238145,0.736142277001556,0.31575283697632,0.752190118599239,0.85411639539056
"AENJPLPP_00764",1.93879723222946,0.39705346075534,1.26102701057086,0.314865151520898,0.752864041827815,0.854515209069891
"AENJPLPP_01163",4.36211547709759,0.273687508588233,0.872440740818023,0.313703264627024,0.753746421040672,0.854698226387977
"AENJPLPP_02830",14.729641383659,-0.150519586133251,0.480313399561946,-0.31337786176802,0.753993601526554,0.854698226387977
"AENJPLPP_03103",3.5752162798839,0.290421830172309,0.926562449377084,0.313440103651466,0.753946319785705,0.854698226387977
"AENJPLPP_02912",1.19046345248037,-0.54645520885502,1.75616272244887,-0.311164336806455,0.755675693251755,0.856238440620731
"AENJPLPP_02091",4.22302585616198,0.267106034583447,0.862287239229092,0.309764568500685,0.756739997409329,0.857077636073526
"AENJPLPP_02864",2.81608442115361,-0.363970490972808,1.17880409337018,-0.308762493292863,0.757502201976324,0.857574104674351
"AENJPLPP_02234",14.9504754016815,0.14655258067955,0.476426080549488,0.307608224366146,0.75838046133583,0.858201479323623
"AENJPLPP_03096",1.39630267318055,-0.453574128041971,1.4824838043292,-0.305955536726559,0.759638499906802,0.859257901645968
"AENJPLPP_00721",19.7669473694076,-0.128846527507729,0.422537165143038,-0.304935371694729,0.760415375195898,0.859381475446095
"AENJPLPP_01736",2.14454016459895,0.356121365674292,1.16939909618786,0.30453364196639,0.760721366482495,0.859381475446095
"AENJPLPP_02753",2.14454016459895,0.356121365674292,1.16939909618786,0.30453364196639,0.760721366482495,0.859381475446095
"AENJPLPP_00298",1.95048301460067,0.388701220541932,1.27887095081498,0.30394092562211,0.761172897656566,0.859489027559049
"AENJPLPP_02260",7.16698765235638,0.201315431263649,0.663189143444973,0.303556584503035,0.761465732119913,0.859489027559049
"AENJPLPP_02458",25.935287782629,0.109216820774301,0.360954773875118,0.302577576691332,0.762211805085996,0.859964575998175
"AENJPLPP_01107",1.41171872930327,-0.435527597918851,1.44296995006818,-0.301827212616779,0.76278378507348,0.860243382825628
"AENJPLPP_01047",18.2311641098638,-0.124742529399785,0.417754902320557,-0.298602191636439,0.765243593016912,0.862650078462658
"AENJPLPP_00418",1.54518766245382,0.415209806765338,1.39265690423208,0.298142209688242,0.765594626951989,0.862678541348454
"AENJPLPP_00765",1.96397902995067,0.372656577883953,1.25861505119919,0.29608463487616,0.767165447786487,0.863528624230265
"AENJPLPP_01657",44.4838079199768,0.0843860875422541,0.285210870439101,0.295872620185675,0.767327361334522,0.863528624230265
"AENJPLPP_02605",1.20625550396109,0.474097438609341,1.60009116228139,0.296294017356724,0.767005554406626,0.863528624230265
"AENJPLPP_01920",21.9735047072812,-0.12096084110315,0.410499225447491,-0.294667647597358,0.768247779839688,0.864197162708366
"AENJPLPP_01227",23.3120819058281,-0.117792265426771,0.402287300572789,-0.292806323388917,0.76967019462674,0.865429586145056
"AENJPLPP_02348",7.79790568111563,-0.181573358977196,0.634114524019957,-0.286341586731234,0.774616509316312,0.870621611489641
"AENJPLPP_01937",1.2179412863323,0.455452491726327,1.59645998125639,0.285289012611449,0.775422729912723,0.870906704415238
"AENJPLPP_03070",192.558517015305,0.0594090070660215,0.208341785303393,0.285151665468876,0.775527949022331,0.870906704415238
"AENJPLPP_00357",2.4179827893063,0.317744797346813,1.11900447769072,0.283953106248993,0.776446317798136,0.871518238097601
"AENJPLPP_02705",4.92659876505469,-0.220296674778882,0.776835970307369,-0.283581969938542,0.776730756008436,0.871518238097601
"AENJPLPP_00092",176.092761582911,-0.049273596987633,0.174748495131696,-0.281968648430986,0.777967550211556,0.872536244371113
"AENJPLPP_00420",2.16510951037457,-0.325808500728563,1.1585032994994,-0.281232259648589,0.778532263097156,0.872799929162265
"AENJPLPP_00704",2.21022352783341,0.355128726412948,1.26693071652037,0.280306351233088,0.779242478451072,0.873008132861862
"AENJPLPP_01514",14.4679292565394,-0.138644425290261,0.494927911114849,-0.28013054462408,0.779377351240726,0.873008132861862
"AENJPLPP_00989",32.2429749884579,0.0946558148682448,0.339081488871603,0.279153589844261,0.780126958289346,0.87347830255822
"AENJPLPP_01226",7.45181306183134,-0.187388806177427,0.674141595012022,-0.2779665393204,0.781038044655496,0.873759502428286
"AENJPLPP_02635",22.7138317744427,0.107620361773918,0.386826663216001,0.278213401525076,0.780848547894059,0.873759502428286
"AENJPLPP_02454",9.63405975627709,-0.155278381302436,0.560418621206205,-0.277075699176851,0.781721980849734,0.874155323179939
"AENJPLPP_02544",16.8511399309553,-0.120673677934227,0.43659924764065,-0.276394608067556,0.78224499762655,0.87437093867248
"AENJPLPP_00673",34.4279613321833,-0.0874811156822792,0.318393439093903,-0.274757909369102,0.783502237361479,0.874624613468691
"AENJPLPP_01758",3.5414169349948,-0.255421939870321,0.93677697677225,-0.272660351613679,0.785114315035906,0.874624613468691
"AENJPLPP_01773",4.20030982247731,-0.234070276620251,0.857163888674803,-0.273075289000018,0.784795341592569,0.874624613468691
"AENJPLPP_02256",1.61930026860302,0.407404398622339,1.48962084671794,0.273495365965081,0.784472454032917,0.874624613468691
"AENJPLPP_02453",7.16822850234884,-0.185216650352122,0.677117610168734,-0.273536897535374,0.784440533260268,0.874624613468691
"AENJPLPP_02601",15.545686482782,0.123821205665938,0.451709066663207,0.27411715815361,0.783994588379709,0.874624613468691
"AENJPLPP_02985",16.0260833183553,0.123622139567242,0.451344959292129,0.27389724205877,0.784163591091205,0.874624613468691
"AENJPLPP_03005",1.86756109558917,0.356315684183364,1.29854328575533,0.274396462630126,0.783779961141897,0.874624613468691
"AENJPLPP_01281",4.66563822333439,-0.232865433109492,0.857470011042324,-0.27157268488775,0.78595060463573,0.874939058146383
"AENJPLPP_01699",39.8940693078558,-0.0862681735122399,0.31782399109471,-0.271433799616884,0.78605740911263,0.874939058146383
"AENJPLPP_01841",7.28974990929989,0.172746918590092,0.650764896207881,0.265452115805137,0.790661193026662,0.878586168331767
"AENJPLPP_02251",22.5712233854947,0.101324918827458,0.380741098887269,0.266125509233398,0.790142549639861,0.878586168331767
"AENJPLPP_02516",5.15056485807022,0.208964701165561,0.786154659005529,0.265806096512736,0.790388547737072,0.878586168331767
"AENJPLPP_02626",6.02967661040337,0.21131527942004,0.793940142528555,0.266160215488083,0.790115821617097,0.878586168331767
"AENJPLPP_02279",54.421455688719,0.0733276460228399,0.277953072139914,0.26381304390091,0.791923982967217,0.879620262960231
"AENJPLPP_01888",79.8635360921248,0.0592849251851184,0.227873300770589,0.26016617561003,0.794735594027822,0.882373103977221
"AENJPLPP_00741",3.57990217140464,-0.242989830151142,0.937048970776197,-0.259313907521678,0.79539304967799,0.882697129411532
"AENJPLPP_01452",2.81178493574332,0.274150578790608,1.05882012445092,0.25892082371666,0.795696330921143,0.882697129411532
"AENJPLPP_02002",7.50641477196577,0.17533228648791,0.678289872532022,0.258491676771472,0.796027471689856,0.882697129411532
"AENJPLPP_02540",4.77878425822864,0.20384852340473,0.799502090453898,0.254969343843742,0.798746776928343,0.885341760278884
"AENJPLPP_00552",2.61213622763527,0.277083542217585,1.10303766734766,0.251200435324983,0.801659148011758,0.885494505718835
"AENJPLPP_00689",1.65423295343449,-0.342229007006954,1.37111476688064,-0.249599096496892,0.802897397368174,0.885494505718835
"AENJPLPP_01011",137.028263476828,0.0481949346950635,0.190752943931565,0.252656308740137,0.800533813181601,0.885494505718835
"AENJPLPP_01063",17.6780047415314,0.106510129270748,0.425501511522245,0.250316688393668,0.80234245172329,0.885494505718835
"AENJPLPP_01198",155.325321944446,0.0489984393263212,0.193651477709845,0.253023833878186,0.80024979555253,0.885494505718835
"AENJPLPP_01359",205.780720747052,-0.0469143380529382,0.186525517858579,-0.251516996663738,0.801414423027327,0.885494505718835
"AENJPLPP_01447",2.06957375420714,0.297305318639555,1.18836728576647,0.2501796559031,0.802448417335453,0.885494505718835
"AENJPLPP_01596",14.6878171651646,-0.117480417263179,0.4699500978834,-0.249984876675837,0.802599044070809,0.885494505718835
"AENJPLPP_01783",152.269696104385,0.0541131542375951,0.213274112682348,0.25372584397147,0.799707366658746,0.885494505718835
"AENJPLPP_02645",79.5650145043447,0.0582060363285423,0.230804322496908,0.252187808698089,0.800895900857949,0.885494505718835
"AENJPLPP_02778",1.62330455285836,-0.342163598322783,1.36228116143847,-0.251169588193882,0.801682996133068,0.885494505718835
"AENJPLPP_02983",1.87732683718765,0.314358163828027,1.25702403044031,0.250081268309497,0.802524501544281,0.885494505718835
"AENJPLPP_00109",40.9859930240847,0.0709507147974135,0.290345313786939,0.244366660759948,0.806946860040235,0.888213931279691
"AENJPLPP_01238",30.6768082835418,0.0840974454976633,0.342151231818954,0.245790275401267,0.805844585289724,0.888213931279691
"AENJPLPP_01275",9.62288015674196,-0.137762921603166,0.563242133592396,-0.244589162256923,0.806774556489641,0.888213931279691
"AENJPLPP_01506",47.8370630164105,0.066963891366499,0.273190656759577,0.245117794879167,0.806365224827171,0.888213931279691
"AENJPLPP_01576",20.3406555612558,-0.100544903945454,0.411654247452665,-0.244246001511294,0.807040301608359,0.888213931279691
"AENJPLPP_01284",4.35647194055699,-0.208055998657281,0.857089269890454,-0.242747174613297,0.808201260157357,0.889122117530819
"AENJPLPP_00740",3.40977111464687,0.224664708335285,0.935795839734209,0.240078763760155,0.810269196897377,0.890757631868212
"AENJPLPP_03174",8.2157406198763,-0.144507338776907,0.602212449994692,-0.239960729437229,0.810360700593097,0.890757631868212
"AENJPLPP_00690",4.53263604867659,0.19379330120609,0.813201394243034,0.238309110852524,0.811641355448246,0.891795149056828
"AENJPLPP_00097",4.41159326157712,-0.205318811306371,0.878787354177748,-0.23363878682401,0.815265413443876,0.894636311949329
"AENJPLPP_00187",97.1530658322873,0.0530162271980879,0.226106065052573,0.234475033589925,0.814616213307781,0.894636311949329
"AENJPLPP_00710",8.94212710357207,-0.145828364104104,0.623109360074789,-0.234033339005855,0.814959096480471,0.894636311949329
"AENJPLPP_02227",3.02641143151722,-0.232380273835726,0.996333375489793,-0.233235460692551,0.815578571391873,0.894636311949329
"AENJPLPP_00678",2.26717775926031,-0.263356648106023,1.14789639456993,-0.229425451070165,0.818538256557363,0.896912426883402
"AENJPLPP_01510",60.1389192931143,-0.0582892336225528,0.253342052106207,-0.230081161567747,0.818028703126499,0.896912426883402
"AENJPLPP_02515",2.70760406942349,0.246794577233604,1.07760436183521,0.229021509168078,0.818852198477128,0.896912426883402
"AENJPLPP_02639",6.27123149490628,-0.180067073300844,0.786935794814845,-0.228820539728036,0.819008401889753,0.896912426883402
"AENJPLPP_00542",28.6997085966166,0.0817783558502612,0.360321828765375,0.226959205137448,0.820455463993602,0.898125700146779
"AENJPLPP_00127",26.9744271424035,-0.0799444776493444,0.356514115273036,-0.224239305610997,0.822571100643301,0.900069534918786
"AENJPLPP_01631",64.27455381913,0.0551700891231031,0.24784974432182,0.222594900285504,0.823850805862571,0.900353666497766
"AENJPLPP_02577",7.10677607050605,0.143989799542377,0.644906932823465,0.223272215282251,0.823323650457408,0.900353666497766
"AENJPLPP_02723",7.59293253133359,-0.147783796562706,0.663755501732363,-0.222647942166957,0.823809520405199,0.900353666497766
"AENJPLPP_01520",21.1726834325979,0.0864027187808646,0.391240701092808,0.220842868698287,0.825214783160393,0.901472254871585
"AENJPLPP_01002",7.11826802342818,0.150127500001107,0.681708381445121,0.220222464747843,0.825697901726693,0.901628059287539
"AENJPLPP_02185",4.05958350056511,0.182844854617685,0.846875695954597,0.21590518595717,0.829061654629123,0.904927972571277
"AENJPLPP_02510",138.954092542862,0.0426960205683818,0.199001575786568,0.214551168248908,0.830117269320678,0.905706851735128
"AENJPLPP_00330",3.52448157464001,0.19962225736258,0.935029878383091,0.213492918223938,0.830942512238081,0.906075923258767
"AENJPLPP_02364",15.1739340855644,-0.0995191554296412,0.467662656397899,-0.212801159271883,0.831482059485953,0.906075923258767
"AENJPLPP_03101",6.65602885060687,0.148880636958669,0.698545939451403,0.213129342753879,0.831226078186625,0.906075923258767
"AENJPLPP_01465",140.482489310453,0.0425434953511677,0.202630382065671,0.209956152268319,0.833701895634942,0.908121192777181
"AENJPLPP_01673",70.229186531468,0.0512498590656357,0.24473958533607,0.209405679082363,0.834131559777008,0.908215612783519
"AENJPLPP_02376",27.6636242107391,-0.0734663563397376,0.352347165420766,-0.208505597744785,0.83483421231951,0.90860706708675
"AENJPLPP_01246",16.0036155090357,-0.0974797946560573,0.46958613531827,-0.207586611538241,0.835551759093619,0.908641091613923
"AENJPLPP_02547",21.6077744297748,-0.0824441978782764,0.396695053353325,-0.2078276428742,0.835363547943886,0.908641091613923
"AENJPLPP_01618",1.75591968176631,0.262816627105557,1.27286321530341,0.206476724243232,0.836418544380623,0.909210306042647
"AENJPLPP_01054",3.50906551851729,0.19226938272163,0.935207787338604,0.205590014673409,0.837111178047555,0.90921673481129
"AENJPLPP_01958",6.00627949351133,-0.153990137612058,0.747640776076327,-0.20596808325545,0.836815842621969,0.90921673481129
"AENJPLPP_00149",10.9456451319556,-0.106026997054839,0.527221213917479,-0.201105331606468,0.840616213144397,0.910628363379513
"AENJPLPP_00899",37.2126242475672,-0.0645932684128868,0.320486256743708,-0.201547701512024,0.840270334187299,0.910628363379513
"AENJPLPP_02317",1.50411752492121,-0.306849636747655,1.51653086776269,-0.202336558569589,0.839653621382095,0.910628363379513
"AENJPLPP_02335",16.6874039961374,0.0922066163263964,0.457555271996139,0.201520170282672,0.840291859329504,0.910628363379513
"AENJPLPP_02611",6.48032172986698,0.14068138546171,0.692818825648032,0.20305652827797,0.839090849241988,0.910628363379513
"AENJPLPP_02615",36.8100012526454,-0.062251802374817,0.309946184547339,-0.200847132432789,0.84081810742557,0.910628363379513
"AENJPLPP_02822",2.07359289295071,0.243719866270101,1.20762951201567,0.201816752443641,0.840059984466511,0.910628363379513
"AENJPLPP_02844",5.47973635833965,0.152561116073772,0.762521660379093,0.200074468701552,0.841422340672215,0.910910203638603
"AENJPLPP_00557",7.02596676892863,0.127430482246292,0.646848925071242,0.197001923180528,0.843826032795272,0.91270130482767
"AENJPLPP_01229",21.0962254787772,0.0796325326486743,0.404970226317872,0.196637993298225,0.844110836677856,0.91270130482767
"AENJPLPP_02471",35.8070813600316,0.0656602833040395,0.333464078107342,0.196903617555182,0.843902962701759,0.91270130482767
"AENJPLPP_01813",67.3497318037791,-0.0481686022191234,0.247250915909463,-0.194816678603373,0.845536464822046,0.913869615856645
"AENJPLPP_00036",8.67912371471997,-0.114310776313747,0.594021272241324,-0.192435492894785,0.847401092599291,0.915511257936729
"AENJPLPP_01934",11.3552109559218,-0.101050809811073,0.531873586968954,-0.189990276424408,0.849316750047404,0.916771651728606
"AENJPLPP_02054",2.70981297518826,0.204379807847691,1.07408209555347,0.190283227598516,0.849087195976335,0.916771651728606
"AENJPLPP_02670",1.76941569711631,0.249075879164016,1.31354786344943,0.189620710515971,0.849606357002266,0.916771651728606
"AENJPLPP_00454",37.0318066964679,-0.0569385931473382,0.305142130097328,-0.186596957716645,0.851976652243761,0.918580690204185
"AENJPLPP_01261",55.8797400569998,0.0483637780434844,0.258631012514223,0.186999144353675,0.851661303819276,0.918580690204185
"AENJPLPP_01857",5.34222479805058,-0.141024571018165,0.763741136917652,-0.184649698963865,0.853503802010576,0.919852693416364
"AENJPLPP_01351",7.00097754786879,0.118973054354681,0.649137009593539,0.18327880339033,0.854579265130912,0.920035715295551
"AENJPLPP_01355",7.52439369142269,0.117324055829761,0.642482955810669,0.18261037863911,0.855103740305038,0.920035715295551
"AENJPLPP_02220",15.3910022725836,0.082242243122024,0.450727443006231,0.182465577364206,0.855217366136981,0.920035715295551
"AENJPLPP_02247",17.5470307573359,0.0794877186590117,0.434717106762793,0.182849299975639,0.854916264853846,0.920035715295551
"AENJPLPP_02424",2.60755214964115,0.191898684731248,1.05312106713182,0.182219016142071,0.855410850097298,0.920035715295551
"AENJPLPP_02398",7.00682043905439,0.117364950636633,0.651745178565735,0.18007797295089,0.857091354951718,0.921468902928197
"AENJPLPP_00225",8.75620274254587,-0.105501874096214,0.598167136745765,-0.176375242996766,0.859999152985644,0.923095969641665
"AENJPLPP_00545",77.8632222646804,0.0425469097719679,0.240452665590724,0.176945053478373,0.85955154937307,0.923095969641665
"AENJPLPP_00553",1.75399964099359,0.234694625801947,1.32967624430957,0.176505090473216,0.85989714984698,0.923095969641665
"AENJPLPP_02265",6.9523666817784,0.123017599927369,0.696903245024992,0.176520343111557,0.85988516811959,0.923095969641665
"AENJPLPP_00731",3.9918942189797,-0.155467762542647,0.88817113453102,-0.175042575127978,0.861046179875924,0.923180426389486
"AENJPLPP_01584",16.9130770844899,0.0768486698175991,0.438875456243869,0.175103594252709,0.86099823410068,0.923180426389486
"AENJPLPP_02103",1.43632642980918,0.257061984594404,1.46939689900536,0.174943873073647,0.861123736095933,0.923180426389486
"AENJPLPP_01975",4.67366245730026,-0.139567290399648,0.80182520393368,-0.174061989714147,0.861816744953924,0.923187064260583
"AENJPLPP_02709",1.2008904216601,-0.271113737960562,1.55768906809785,-0.174048687580268,0.861827198962297,0.923187064260583
"AENJPLPP_01583",21.2649545363003,0.0701467025012336,0.404440659096484,0.173441272343737,0.862304586023331,0.923324926724538
"AENJPLPP_00620",18.5834168592772,-0.0709336366192763,0.418436842729796,-0.169520533030791,0.865387223061668,0.926251158717581
"AENJPLPP_00406",217.730076833085,-0.0307069064385277,0.181956663630913,-0.168759449782035,0.865985855151033,0.926517391692903
"AENJPLPP_02917",15.8164521904442,-0.0744806768921008,0.443488996352929,-0.167942558901346,0.866628468432617,0.926830446045869
"AENJPLPP_00404",8.76284274531428,0.100262613058439,0.605580917334769,0.165564353480137,0.868499801859446,0.927778372816717
"AENJPLPP_00548",38.2319897247238,-0.0520952799460352,0.314812522887359,-0.165480329271002,0.868565931349185,0.927778372816717
"AENJPLPP_02258",12.5113242568741,-0.0844375591755526,0.508931566234193,-0.165911420665735,0.868226659670422,0.927778372816717
"AENJPLPP_00412",3.96086953007289,-0.144041032555724,0.876274908877201,-0.164378816620789,0.869432938623422,0.928330008659202
"AENJPLPP_01088",1.22799226015402,-0.276066358285008,1.68919555129245,-0.163430668565154,0.870179357467229,0.92864353370338
"AENJPLPP_02137",15.9466631335319,0.0724852829798627,0.44438172669922,0.163114904652514,0.870427964747654,0.92864353370338
"AENJPLPP_01469",126.015736206966,0.0320552720955385,0.197442025413639,0.162352832576464,0.871028012120599,0.928909454730304
"AENJPLPP_02080",2.61147500005404,0.170274184973445,1.0534567319849,0.161633771756926,0.871594260975538,0.929139131667965
"AENJPLPP_00048",1.467351118716,0.217224572005859,1.39247843992331,0.155998517304025,0.876034189933885,0.933496392331963
"AENJPLPP_00254",10.081500000812,0.0879315509372514,0.570594237810864,0.154105220681177,0.877526771947224,0.934334898317752
"AENJPLPP_02878",51.7007809373354,-0.04409338147443,0.285703219778801,-0.154332812589821,0.877347326536428,0.934334898317752
"AENJPLPP_01386",48.4757957842314,-0.042593321306037,0.278122661363014,-0.153145813783376,0.878283287800341,0.934764528173354
"AENJPLPP_02281",2.00829105027018,-0.193028766356217,1.27807676698528,-0.151030651164666,0.879951537091411,0.936163788757757
"AENJPLPP_01868",1.23652267695598,0.237958645025811,1.5803548792633,0.150572917607428,0.880312626397061,0.936171821164425
"AENJPLPP_00349",27.3034044993208,-0.0576931696317375,0.387127657228289,-0.149028798522953,0.881530908772287,0.936715026656909
"AENJPLPP_02028",16.109958789058,-0.0695721509346333,0.466757305377283,-0.149054230395811,0.881510841200163,0.936715026656909
"AENJPLPP_01628",113.055896322895,0.0302386579056119,0.204259576906762,0.148040343388231,0.882310929585169,0.93716780647474
"AENJPLPP_02644",15.0012966241431,0.0678319522764736,0.460817821791931,0.147199064508189,0.882974898969379,0.93721927263905
"AENJPLPP_03176",1.81000866540372,-0.190802864064238,1.29725453053299,-0.14708205643024,0.883067252732035,0.93721927263905
"AENJPLPP_00104",7.86875032827029,-0.0938736645999557,0.642883267656219,-0.146019766453394,0.8839057843002,0.937635650854133
"AENJPLPP_02404",2.0216907772895,-0.173949497134174,1.19767419687882,-0.145239412844906,0.884521848879768,0.937635650854133
"AENJPLPP_02956",22.114635977804,0.0593229984328763,0.407527378596918,0.145568130016492,0.884262328499866,0.937635650854133
"AENJPLPP_00208",1.76424319147669,-0.392526225740819,2.72973361705861,-0.143796531386011,0.885661141963002,0.938467668634666
"AENJPLPP_02836",2.60793367019508,-0.159396954201264,1.11969373277267,-0.142357637214378,0.886797522130766,0.939295935440907
"AENJPLPP_02940",15.0690580925159,-0.0658393415181345,0.464995976038034,-0.141591207044659,0.887402912716807,0.939561340613397
"AENJPLPP_00287",5.62495046991529,-0.10503961738412,0.750754708343395,-0.139912032807492,0.888729494001153,0.940589808199461
"AENJPLPP_02564",12.9532743150051,0.0708678552271531,0.511688386642216,0.138498072415127,0.889846792926068,0.94139604780992
"AENJPLPP_00672",38.6752238704633,0.0447479648545584,0.327095354489758,0.13680403662217,0.891185692882665,0.941824666497988
"AENJPLPP_01150",10.345539999455,-0.0751478297242768,0.556071397029771,-0.135140613463802,0.892500699792536,0.941824666497988
"AENJPLPP_01380",36.1393892967926,0.0419949290133979,0.311343111651565,0.134883115899464,0.892704289107755,0.941824666497988
"AENJPLPP_01716",5.412713189892,0.104285534622029,0.761569892792004,0.136934949252926,0.891082213522149,0.941824666497988
"AENJPLPP_02245",29.6973051030284,0.0453817866234814,0.332811018290981,0.136359026983306,0.89153746280218,0.941824666497988
"AENJPLPP_02888",6.41954157599729,-0.0943360982874488,0.69963660971662,-0.134835851894112,0.892741658953909,0.941824666497988
"AENJPLPP_03069",27.3019943080001,-0.0474782707762946,0.351876583461198,-0.134928759138444,0.892668200965869,0.941824666497988
"AENJPLPP_01149",27.8208943431822,0.0478548345720058,0.358526501578255,0.133476421858206,0.893816610038531,0.942583187328566
"AENJPLPP_02841",18.5096043398395,-0.0559419830330957,0.430091696978521,-0.130069897712742,0.896511125909953,0.945048352471957
"AENJPLPP_01927",1.29922839679432,-0.196449245664959,1.54134067854713,-0.127453487992111,0.898581484082334,0.946477235421647
"AENJPLPP_01940",1.29338550560872,-0.190203956706047,1.49034431481391,-0.127624170344687,0.898446402378162,0.946477235421647
"AENJPLPP_01004",156.045452636149,0.0233778357450468,0.187811355140911,0.12447509218762,0.900939120542668,0.948206196819152
"AENJPLPP_02325",2.89467848080336,-0.126393540023965,1.01358856324372,-0.124699058974655,0.900761802416147,0.948206196819152
"AENJPLPP_00509",38.0289089366456,-0.0389393219263666,0.315046257360583,-0.12359874468148,0.901632986464796,0.948559454969718
"AENJPLPP_03121",1.44236189765616,0.176453279621597,1.44708309285356,0.121937213207046,0.902948743638942,0.949566430959459
"AENJPLPP_01614",9.97254247983668,0.0659888077391774,0.550448698656797,0.11988184893561,0.90457674321933,0.950196279674413
"AENJPLPP_02038",3.75464878881879,0.110093525687072,0.91880917110582,0.119821970817478,0.904624177137158,0.950196279674413
"AENJPLPP_02530",20.1195483533758,0.051935033240766,0.432210432171335,0.120161452327412,0.904355253054256,0.950196279674413
"AENJPLPP_00108",61.0689476365443,-0.0300607216706683,0.262500202600359,-0.114516946550453,0.908828013365974,0.952292825103397
"AENJPLPP_00750",4.4841893852961,-0.0927585814146944,0.812770287286476,-0.114126442447077,0.909137561125902,0.952292825103397
"AENJPLPP_00761",5.21212665588619,0.0907311918761092,0.783666553395396,0.115777803050287,0.907828642792966,0.952292825103397
"AENJPLPP_01468",78.7851579503652,0.0285944488338768,0.247970848963738,0.115313751408168,0.908196439025506,0.952292825103397
"AENJPLPP_01755",20.8071251807412,-0.046574436022625,0.404190937471924,-0.115228798334599,0.908263772933417,0.952292825103397
"AENJPLPP_02197",5.36998661133804,-0.0863512951587814,0.755872729161751,-0.114240522018228,0.909047130236091,0.952292825103397
"AENJPLPP_02417",6.6572403607691,-0.0806152231615575,0.699915117586084,-0.115178571138153,0.908303583379595,0.952292825103397
"AENJPLPP_00433",14.3529325193669,-0.0520520127881579,0.463747792285805,-0.112242071345708,0.910631471800205,0.952839874115434
"AENJPLPP_00554",1.30295867054584,-0.161069266420863,1.52406602958393,-0.105683916112765,0.915833141959463,0.952839874115434
"AENJPLPP_01037",12.0014162797643,0.0649091632025951,0.598244722256628,0.108499349493218,0.913599596498633,0.952839874115434
"AENJPLPP_01135",2.06793894565766,-0.136480558541411,1.23676382957904,-0.110352967379282,0.912129451833966,0.952839874115434
"AENJPLPP_01211",222.396108886556,-0.0196471502615067,0.185355178080278,-0.105997309948349,0.915584486513791,0.952839874115434
"AENJPLPP_01259",67.7188824607084,-0.0255725863622637,0.240017912072587,-0.106544491373335,0.915150357262836,0.952839874115434
"AENJPLPP_01287",8.15035225997812,-0.0656217782095148,0.621414427873722,-0.105600667229519,0.91589919534022,0.952839874115434
"AENJPLPP_01329",1.45203135092396,0.16413314073931,1.46009852837865,0.112412373240023,0.910496445084261,0.952839874115434
"AENJPLPP_01403",17.8407342050193,-0.0470851147408042,0.426917614527364,-0.11029086910113,0.912178698488936,0.952839874115434
"AENJPLPP_01641",7.32945436323033,-0.0692303677338045,0.644943471356562,-0.107343311171422,0.914516625670993,0.952839874115434
"AENJPLPP_01735",1.13435813973955,0.169137802763927,1.61317612740722,0.104847697588839,0.916496661394264,0.952839874115434
"AENJPLPP_01743",16.5337459849775,0.0518612548680159,0.475354941524856,0.109100064683569,0.913123123586623,0.952839874115434
"AENJPLPP_01844",11.9522803017601,0.0533270402885773,0.506783756639875,0.105226419730086,0.916196147181697,0.952839874115434
"AENJPLPP_01935",14.0402285394993,-0.0526076675844201,0.476879198583866,-0.110316549223877,0.912158332985694,0.952839874115434
"AENJPLPP_02050",59.7390105131648,0.0282132779698126,0.253053341834499,0.111491426136805,0.911226664164526,0.952839874115434
"AENJPLPP_02351",18.030587346971,-0.0463540089569249,0.417356907693532,-0.111065632561575,0.911564301331358,0.952839874115434
"AENJPLPP_02627",1.13435813973955,0.169137802763927,1.61317612740722,0.104847697588839,0.916496661394264,0.952839874115434
"AENJPLPP_02994",4.43010040165869,0.0853410468292785,0.813364674745301,0.104923473417385,0.916436532679456,0.952839874115434
"AENJPLPP_03080",7.58062003367685,0.0703653199084326,0.642383881793155,0.109537804267464,0.912775938683174,0.952839874115434
"AENJPLPP_00510",41.2592766720329,-0.0314157547599442,0.302070889133003,-0.104001265564229,0.917168344243314,0.953163962149252
"AENJPLPP_00616",16.1669838119091,-0.0463182570767835,0.456001006097134,-0.10157490105826,0.919094102440046,0.954495473762341
"AENJPLPP_01116",3.41493562601919,-0.100671655420269,0.9920474610306,-0.101478668485966,0.919170490216756,0.954495473762341
"AENJPLPP_01030",4.88408575599456,-0.0814977054368836,0.821377827501837,-0.0992207273049398,0.920963018052491,0.955981996002743
"AENJPLPP_02665",89.0006780172061,0.0214915198309013,0.218283660526842,0.0984568417948924,0.921569540653654,0.956236733405516
"AENJPLPP_00668",36.6512182440497,0.0308696232984911,0.319959947938037,0.096479648460467,0.9231396366911,0.957490700336088
"AENJPLPP_02677",19.4618722695856,-0.03941845533657,0.418926489875959,-0.0940939670543191,0.925034512713608,0.959080418819748
"AENJPLPP_00995",30.3825808876419,0.0317213803675191,0.349403294314228,0.0907872961809889,0.927661604540885,0.959937424259958
"AENJPLPP_01850",39.0849561587128,0.0272238259268148,0.296548405151281,0.0918023009192272,0.926855115915051,0.959937424259958
"AENJPLPP_01990",17.2441555478895,-0.038522003040016,0.423950990545853,-0.0908642836060308,0.927600430307213,0.959937424259958
"AENJPLPP_02505",11.8419089228481,0.0472768223935063,0.516352369331001,0.0915592242846863,0.927048249620985,0.959937424259958
"AENJPLPP_02821",3.80232485864485,-0.0851140223331314,0.937667046592359,-0.0907721164377592,0.927673666420405,0.959937424259958
"AENJPLPP_02932",2.17631748386117,0.103572452673473,1.15535827908552,0.0896453113708169,0.928569076069098,0.960488638058974
"AENJPLPP_00399",4.36843742995551,0.0715674430636019,0.844492384226658,0.0847461083135044,0.932463238656864,0.962763294809578
"AENJPLPP_00414",5.72197576100008,0.0630039975403084,0.756837330065312,0.0832464190619026,0.933655603727656,0.962763294809578
"AENJPLPP_01040",57.6281520069751,-0.022510574566028,0.266758363381686,-0.0843856375510116,0.932749826128113,0.962763294809578
"AENJPLPP_01093",21.0565983288565,-0.0341656206666428,0.401520437767053,-0.0850906142079483,0.932189352022149,0.962763294809578
"AENJPLPP_01842",15.8707422690683,-0.039825155313594,0.473493120234282,-0.0841092586390456,0.932969563401663,0.962763294809578
"AENJPLPP_01926",7.55635995457746,-0.0547149905065846,0.63734960143891,-0.0858476892164952,0.931587495867605,0.962763294809578
"AENJPLPP_02394",12.1527932248632,-0.0426679774553277,0.512538433239517,-0.0832483472227502,0.933654070599486,0.962763294809578
"AENJPLPP_02904",1.15953993746076,0.130155909766379,1.5640022144568,0.0832197733246713,0.933676790434666,0.962763294809578
"AENJPLPP_00774",7.01666761449534,-0.058409054729632,0.711651833796016,-0.0820753238533411,0.934586815618624,0.963136545038959
"AENJPLPP_03054",5.38879020536227,0.0636257963761137,0.777348871633285,0.0818497314370956,0.934766208742494,0.963136545038959
"AENJPLPP_02409",13.9442204996432,-0.0382257836117397,0.472957793785939,-0.0808228220656846,0.935582858058416,0.96322838574599
"AENJPLPP_02914",6.04862829986156,-0.0598707799842712,0.737365133941325,-0.0811955667936902,0.935286425063281,0.96322838574599
"AENJPLPP_00734",5.62075643080043,-0.0589006043810101,0.745337770631339,-0.0790253851366183,0.937012431781787,0.964325269863261
"AENJPLPP_00270",10.3988623092158,-0.0424921654580573,0.551862769106779,-0.07699770275649,0.938625372478702,0.965582397929974
"AENJPLPP_01659",4.75639668520692,0.0606052014907369,0.791469688080283,0.0765729912382815,0.93896324572118,0.965582397929974
"AENJPLPP_00615",20.5406616618835,-0.0291056662327598,0.394776852918609,-0.0737268814460114,0.941227708692239,0.967535315456929
"AENJPLPP_00008",4.92546461414536,0.0560031145918929,0.775323872936495,0.0722318975936911,0.942417360855649,0.968382293964206
"AENJPLPP_01029",1.13828099015244,0.119149521223108,1.66317516296406,0.0716397910913749,0.942888572701248,0.968490667382818
"AENJPLPP_00099",2.84421859703025,-0.0761098954275242,1.07713108872675,-0.0706598261103874,0.943668494999621,0.968621998162704
"AENJPLPP_02765",4.30466058803053,0.0603929060876146,0.855909644901877,0.0705599083353455,0.943748019357921,0.968621998162704
"AENJPLPP_01874",8.68383245499625,0.0414497748702008,0.591340315746628,0.070094620249029,0.944118348591529,0.968626651325211
"AENJPLPP_00025",25.1430916153122,-0.0248357189926947,0.362881728412949,-0.0684402576600173,0.94543517596272,0.969446870542196
"AENJPLPP_00122",23.5202597879633,-0.0260901003825545,0.38271914960037,-0.0681703552325443,0.94565002515502,0.969446870542196
"AENJPLPP_02658",13.4197381195592,-0.0321885244562154,0.48338511905057,-0.066589812527613,0.946908256169944,0.970361092236072
"AENJPLPP_02987",2.11781984665895,-0.0774055670687525,1.20288744759037,-0.0643498003273806,0.948691700664673,0.97181262025534
"AENJPLPP_00150",7.21591764981741,-0.0401190952095657,0.641891953912571,-0.0625013212348664,0.950163609805609,0.97219213244407
"AENJPLPP_01769",14.2912016332845,0.0300506736399222,0.475308239962038,0.0632235486645935,0.949588493165979,0.97219213244407
"AENJPLPP_02633",6.54399739790475,0.0425349854157712,0.67648529182182,0.0628764378619699,0.949864897573082,0.97219213244407
"AENJPLPP_00229",5.25577006750545,-0.0440365182411732,0.774915356793253,-0.056827520393201,0.954682591252523,0.975371377114867
"AENJPLPP_01025",23.8178823345495,-0.0238380458357218,0.414421874030874,-0.057521205634879,0.954130014419039,0.975371377114867
"AENJPLPP_01591",132.497475347958,0.0106118190412369,0.18699176053238,0.0567501958964622,0.954744187870746,0.975371377114867
"AENJPLPP_01919",29.4779514619584,0.0195177445802535,0.340553947767959,0.057311755474208,0.954296856231696,0.975371377114867
"AENJPLPP_01749",3.05907092897351,0.0522587361873928,0.985085027737186,0.0530499750944698,0.957692089375741,0.977628624775236
"AENJPLPP_02407",5.81471729246803,-0.0378706761556757,0.709828535332863,-0.0533518649513249,0.957451556756071,0.977628624775236
"AENJPLPP_02319",1.59545008400903,-0.0700733014003289,1.34678150977728,-0.0520301926419508,0.958504635739467,0.978081030997344
"AENJPLPP_02329",3.40823259442808,-0.0456047670741314,0.924853968983195,-0.0493102355653728,0.960672062640531,0.979915108579402
"AENJPLPP_01906",8.8995349584133,0.0285990213291097,0.591028487547255,0.0483885665948092,0.961406571167708,0.980286715614975
"AENJPLPP_00061",1.04186305579093,0.079253306460514,1.71949620191715,0.0460910040813995,0.963237716092956,0.980698005049235
"AENJPLPP_00153",6.59053443126497,0.03040631275949,0.678281634358549,0.0448284476819798,0.964244049908984,0.980698005049235
"AENJPLPP_00415",2.70261009692397,0.0473840010673397,1.07440190119741,0.0441026779778877,0.964822558145833,0.980698005049235
"AENJPLPP_01518",68.2411223621196,-0.0110089442624294,0.247306340462955,-0.0445154145333305,0.964493565136068,0.980698005049235
"AENJPLPP_02461",455.342947992916,0.00752084784639184,0.165186550599931,0.0455294200349685,0.963685325409846,0.980698005049235
"AENJPLPP_02731",3.51271354745938,0.0438194900120574,1.00921698776832,0.0434192949020363,0.965367297096719,0.980698005049235
"AENJPLPP_02901",1.35868246273273,-0.0717965770207084,1.52195170931839,-0.0471740177964404,0.962374535255816,0.980698005049235
"AENJPLPP_02902",10.4443466255091,-0.0235965677454127,0.545763208122663,-0.0432359077970482,0.965513481557159,0.980698005049235
"AENJPLPP_03003",23.1209253268819,0.0174201567280706,0.382569172087502,0.0455346588252705,0.963681149790568,0.980698005049235
"AENJPLPP_03152",1.38578430122666,-0.0669641651357392,1.51519708654895,-0.0441950197305739,0.964748951855817,0.980698005049235
"AENJPLPP_01519",12.8574416995783,0.020499808627378,0.500379259283316,0.0409685418551111,0.967320974760145,0.981404575158952
"AENJPLPP_02034",1.83413774605806,-0.0549805288399222,1.34096428635624,-0.0410007405859547,0.967295305457872,0.981404575158952
"AENJPLPP_02457",23.1603805114912,0.0157357520987685,0.382263779402655,0.0411646432297562,0.967164640383039,0.981404575158952
"AENJPLPP_01966",7.93159193211021,0.0251348673317548,0.627780776318759,0.0400376505300832,0.9680631095633,0.98178135355175
"AENJPLPP_02405",1.69359548248189,0.0511651014737312,1.35903956524621,0.0376479852258472,0.969968348341469,0.983010741622837
"AENJPLPP_02719",1.57611117747343,-0.0507147519991746,1.34929919487086,-0.0375859944124761,0.97001777487178,0.983010741622837
"AENJPLPP_01776",9.82593637446207,-0.0207733639813188,0.566091603024409,-0.0366961175017166,0.970727304344618,0.983353443727831
"AENJPLPP_01221",52.1336747448739,0.00962075156257988,0.266889175139514,0.0360477398813598,0.971244292748873,0.983500912886813
"AENJPLPP_00057",4.88525316641188,0.027767344152042,0.78411797684691,0.0354122019542261,0.971751055062758,0.98363791812163
"AENJPLPP_01267",12.8317672384843,0.0160754137457883,0.491546242837192,0.0327037668989217,0.973910819948616,0.985447402072577
"AENJPLPP_01611",2.97643787495406,-0.0326799805756136,1.08564919946658,-0.0301017866468012,0.975985875839954,0.987169823997019
"AENJPLPP_01943",1.59535379567835,-0.0387528233397979,1.34571571201555,-0.0287971842743485,0.977026346573659,0.98784488954832
"AENJPLPP_00200",108.034849685333,0.00534424329477254,0.202582624285257,0.0263805610852751,0.978953798760898,0.987984760041399
"AENJPLPP_01137",5.48011787889358,-0.0198512353746884,0.75523763698301,-0.0262847538345537,0.979030215388456,0.987984760041399
"AENJPLPP_01201",55.0096742939352,0.00731142945803375,0.261589930777298,0.0279499651852359,0.977702057535682,0.987984760041399
"AENJPLPP_01978",24.091133601536,0.010277443414754,0.378201619106911,0.0271745092975097,0.978320546829947,0.987984760041399
"AENJPLPP_02750",7.36897193702288,0.0192447201649206,0.719308296755998,0.026754481008647,0.978655559101098,0.987984760041399
"AENJPLPP_02816",29.9636497717088,0.0085934934729863,0.33331633498969,0.0257817951624006,0.979431382378697,0.98801306687192
"AENJPLPP_02152",21.7256382468257,-0.00989234024792329,0.413709913987128,-0.0239112960880872,0.980923363884555,0.989141305242309
"AENJPLPP_02889",3.5065705695623,-0.0202862641074286,0.924891042505422,-0.0219336799418832,0.982500858523612,0.990354881374391
"AENJPLPP_01393",2.87992365226187,-0.0215739339149801,1.03044972887717,-0.0209364254367732,0.98329636968911,0.990779599291006
"AENJPLPP_02455",64.6826504878631,0.00435282418584124,0.25072880371984,0.0173606866114394,0.986148871964477,0.99327585125977
"AENJPLPP_00458",37.8714666991419,-0.00490044213584942,0.31067085824177,-0.0157737425505027,0.987414896240318,0.993825196826873
"AENJPLPP_02075",63.3928664030497,0.00395102682740918,0.251079878438017,0.0157361348587101,0.987444899113106,0.993825196826873
"AENJPLPP_00504",3.82807034282891,-0.0114806821606328,0.927706099375696,-0.0123753440538536,0.990126156073902,0.994722841494297
"AENJPLPP_00713",15.2682742286906,-0.00608658704694134,0.505274124859084,-0.0120461087308574,0.990388828270621,0.994722841494297
"AENJPLPP_01062",7.83658660289763,-0.00751963329494152,0.645089498968423,-0.0116567287282871,0.990699486743286,0.994722841494297
"AENJPLPP_02135",14.6141040427683,-0.0053034055485704,0.468405142130228,-0.0113222615884433,0.9909663352953,0.994722841494297
"AENJPLPP_02334",16.6177969715231,-0.00629887143312598,0.458708853876798,-0.013731741560885,0.989043999728612,0.994722841494297
"AENJPLPP_02735",50.9309786527121,0.00328680419709157,0.275566816010457,0.011927431048036,0.990483512558912,0.994722841494297
"AENJPLPP_03006",27.5436420193924,0.00430752635658101,0.351243469631073,0.0122636482355256,0.990215269680163,0.994722841494297
"AENJPLPP_00398",1.72854302180159,-0.0138817504934834,1.40360383167586,-0.00989007737098369,0.992108988602168,0.995492459953975
"AENJPLPP_02680",1.08255719796555,0.0133920860385441,1.70463863965881,0.00785626098515783,0.993731675135413,0.996742983241884
"AENJPLPP_01765",67.0067966928961,0.00174317154688775,0.245338317744033,0.00710517445019103,0.994330938703435,0.996966423963156
"AENJPLPP_01311",1.05364512649282,0.0105119162564778,1.71668660721615,0.00612337523476364,0.995114283972442,0.997374195291078
"AENJPLPP_00600",2.63348657771776,-0.00519026481255523,1.04610324127654,-0.00496152254171554,0.996041294007613,0.997548164346505
"AENJPLPP_02474",2.66441497829389,-0.00564503911821582,1.04490908362389,-0.0054024213270671,0.995689512399952,0.997548164346505
"AENJPLPP_02604",1.87827204420443,-0.00436813074777537,1.28316325834932,-0.00340418938849184,0.997283855090884,0.998414989898171
"AENJPLPP_02039",1.06331457976063,-0.00275894237237393,1.69564863507701,-0.00162707197428825,0.998701784965208,0.999079080690545
"AENJPLPP_02484",25.8070082998521,0.000636747649168427,0.382829335257307,0.00166326765095067,0.998672905032716,0.999079080690545
"AENJPLPP_01103",3.61840456004653,-0.000492065111893445,0.946131315679371,-0.000520081201984227,0.99958503525728,0.99958503525728
"AENJPLPP_00019",0,NA,NA,NA,NA,NA
"AENJPLPP_00020",0,NA,NA,NA,NA,NA
"AENJPLPP_00023",0.933985175227575,2.43922870527113,1.90760784603979,1.27868456314802,0.201008157855019,NA
"AENJPLPP_00028",0.441753037733873,-0.361228705378637,2.49859473899662,-0.144572747128932,0.885048215774481,NA
"AENJPLPP_00030",0.953763745583284,-1.89426164650818,1.87018598672481,-1.01287340401129,0.311120633451695,NA
"AENJPLPP_00041",0.478046520610994,1.3462366500998,2.4490112436669,0.54970619411452,0.582520907702618,NA
"AENJPLPP_00049",0.94440725885078,1.4635292849812,1.89689132321542,0.771540924390106,0.440386374919995,NA
"AENJPLPP_00054",0,NA,NA,NA,NA,NA
"AENJPLPP_00055",0,NA,NA,NA,NA,NA
"AENJPLPP_00062",0.810281983675513,0.76858197610964,2.08089732181026,0.369351225576579,0.711865948031,NA
"AENJPLPP_00069",0.697313842281956,3.14578398549027,2.23590457047214,1.40694018297301,0.15944512690566,NA
"AENJPLPP_00070",0.739991054051987,-0.169797246524738,2.07347200738171,-0.0818903008674565,0.934733947321054,NA
"AENJPLPP_00071",0,NA,NA,NA,NA,NA
"AENJPLPP_00073",0.739894765721302,-0.0999511408070525,1.99040050003771,-0.0502165975165093,0.959949785334719,NA
"AENJPLPP_00076",0.744199136688113,-1.38146746813278,2.10144402557751,-0.657389609867496,0.510930430711776,NA
"AENJPLPP_00078",0,NA,NA,NA,NA,NA
"AENJPLPP_00079",0,NA,NA,NA,NA,NA
"AENJPLPP_00080",0,NA,NA,NA,NA,NA
"AENJPLPP_00081",0,NA,NA,NA,NA,NA
"AENJPLPP_00082",0.595245593396215,2.98649719766568,2.33643362635527,1.27822899138996,0.201168696714492,NA
"AENJPLPP_00083",0.266460697055899,1.52162516071186,3.3510175907527,0.454078535699382,0.649772301619617,NA
"AENJPLPP_00084",0.712729898404677,3.17149806734908,2.22292588073476,1.42672236390571,0.153659936786999,NA
"AENJPLPP_00087",0.271517698378112,-1.30369482218768,3.06450131049116,-0.425418262255116,0.670531795465162,NA
"AENJPLPP_00089",0.323323525708639,0.559848395506652,2.94324524780572,0.190214660475214,0.849140923449997,NA
"AENJPLPP_00091",0.323323525708639,0.559848395506652,2.94324524780572,0.190214660475214,0.849140923449997,NA
"AENJPLPP_00121",0.307907469585917,0.559847991004969,2.99018055166912,0.187228824925793,0.851481225412301,NA
"AENJPLPP_00148",0.405363266526068,-1.88360690304036,2.47871370907742,-0.759913053347916,0.447306558502474,NA
"AENJPLPP_00152",0,NA,NA,NA,NA,NA
"AENJPLPP_00158",0.426240693280467,-0.307414187115533,2.52565596004779,-0.121716572636329,0.903123487762025,NA
"AENJPLPP_00168",0.621561542026753,0.439488235204301,2.14730862705571,0.204669338010767,0.837830477980773,NA
"AENJPLPP_00172",0.553490739887417,-0.393190419154391,2.47084429789407,-0.159132009851658,0.87356486932754,NA
"AENJPLPP_00173",0.394463374018252,0.559849846938173,2.76828911070671,0.202236769553037,0.839731629026136,NA
"AENJPLPP_00207",1.0018392991623,-0.873154676446234,1.79044279080983,-0.487675272802937,0.625779869131178,NA
"AENJPLPP_00221",0.667211511636376,-2.60715153081256,2.08266799859484,-1.25183252086822,0.210630897301418,NA
"AENJPLPP_00224",0.548878287941827,-2.31527120284202,2.23432021214568,-1.03623070241065,0.300094526471803,NA
"AENJPLPP_00231",0.401536704443868,-1.8731899645423,2.85049457053724,-0.657145599891198,0.511087300706724,NA
"AENJPLPP_00232",0,NA,NA,NA,NA,NA
"AENJPLPP_00250",0,NA,NA,NA,NA,NA
"AENJPLPP_00252",0.266460697055899,1.52162516071186,3.3510175907527,0.454078535699382,0.649772301619617,NA
"AENJPLPP_00271",0.79600007846212,-1.31682197025695,2.06516227816159,-0.637636075470635,0.523710606414162,NA
"AENJPLPP_00274",0.697313842281956,3.14578398549027,2.23590457047214,1.40694018297301,0.15944512690566,NA
"AENJPLPP_00280",1.02638397084551,2.55245762301416,1.93133459763064,1.32160301283139,0.186300379616855,NA
"AENJPLPP_00283",0.389850922072661,-1.84018810487413,2.66635269556176,-0.690151797223669,0.490098732642899,NA
"AENJPLPP_00288",0.575598605881829,-0.936222040324524,2.26851603003988,-0.412702413351721,0.679824656460939,NA
"AENJPLPP_00289",0.313654072440836,0.559848146239939,2.97225590779935,0.188357989219862,0.850596029943291,NA
"AENJPLPP_00290",0,NA,NA,NA,NA,NA
"AENJPLPP_00291",0.53336594348842,-2.2842915344639,2.25121012150163,-1.01469494679608,0.310251263653754,NA
"AENJPLPP_00292",0.55472117912743,-2.32817928480056,2.34865098670546,-0.991283633872899,0.321547102218726,NA
"AENJPLPP_00293",0.128002676962353,-0.401943885934528,4.0804728567969,-0.098504242042685,0.921531903680528,NA
"AENJPLPP_00294",0.164392448170158,1.5216106515451,4.02997289839292,0.377573420444562,0.705747512944394,NA
"AENJPLPP_00295",0.128002676962353,-0.401943885934528,4.0804728567969,-0.098504242042685,0.921531903680528,NA
"AENJPLPP_00296",0,NA,NA,NA,NA,NA
"AENJPLPP_00297",0,NA,NA,NA,NA,NA
"AENJPLPP_00300",0.128002676962353,-0.401943885934528,4.0804728567969,-0.098504242042685,0.921531903680528,NA
"AENJPLPP_00321",0.128002676962353,-0.401943885934528,4.0804728567969,-0.098504242042685,0.921531903680528,NA
"AENJPLPP_00326",0.133845568147956,-0.401943885934528,4.0804728567969,-0.098504242042685,0.921531903680528,NA
"AENJPLPP_00343",0.822412315423342,-2.90029419494524,2.07503414069393,-1.39770914514945,0.162200426905871,NA
"AENJPLPP_00381",0.825761068620931,-1.6371870677645,1.9385000642188,-0.844563844997483,0.398354402640348,NA
"AENJPLPP_00395",0.415032719793871,-1.9099245685569,2.61355708114546,-0.730775915450764,0.464916036885782,NA
"AENJPLPP_00396",0.143515021415759,-0.401943885934528,4.0804728567969,-0.0985042420426849,0.921531903680528,NA
"AENJPLPP_00397",0,NA,NA,NA,NA,NA
"AENJPLPP_00416",0.143515021415759,-0.401943885934528,4.0804728567969,-0.0985042420426849,0.921531903680528,NA
"AENJPLPP_00419",0.830277232235836,0.0983518108946641,2.02269758772263,0.0486240807778878,0.961218878974595,NA
"AENJPLPP_00429",0.292395125132511,0.559847544303192,3.04117085374529,0.184089474490959,0.853943263509088,NA
"AENJPLPP_00463",0.344200952463038,2.29608689209511,2.82885557592139,0.811666354280828,0.416983105449573,NA
"AENJPLPP_00471",0.451326202670991,-0.340555885978653,2.48457264131055,-0.137068194471874,0.890976892281605,NA
"AENJPLPP_00496",0.441753037733873,-0.361228705378637,2.49859473899662,-0.144572747128932,0.885048215774481,NA
"AENJPLPP_00574",0.143515021415759,-0.401943885934528,4.0804728567969,-0.0985042420426849,0.921531903680528,NA
"AENJPLPP_00575",0.847020015929256,-1.64631618132307,1.91105485054029,-0.86146987401101,0.388979306496471,NA
"AENJPLPP_00618",0.585171770818947,-0.921516834223414,2.16325876842353,-0.425985484341741,0.670118423219545,NA
"AENJPLPP_00633",0,NA,NA,NA,NA,NA
"AENJPLPP_00700",0,NA,NA,NA,NA,NA
"AENJPLPP_00728",0,NA,NA,NA,NA,NA
"AENJPLPP_00735",0.307907469585917,0.559847991004969,2.99018055166912,0.187228824925793,0.851481225412301,NA
"AENJPLPP_00736",0.394463374018252,0.559849846938173,2.76828911070671,0.202236769553037,0.839731629026136,NA
"AENJPLPP_00738",0.164392448170158,1.5216106515451,4.02997289839292,0.377573420444562,0.705747512944394,NA
"AENJPLPP_00739",0,NA,NA,NA,NA,NA
"AENJPLPP_00743",0.877566895951458,-0.515543962532854,1.80622554638359,-0.285426127188308,0.775317693079732,NA
"AENJPLPP_00745",0.958068116550094,-3.1205435970069,1.97706679587575,-1.57837034313484,0.114480554267895,NA
"AENJPLPP_00751",0.913860378828578,0.485176394727573,1.81074744186066,0.267942609505511,0.788743494793933,NA
"AENJPLPP_00753",0.717883188057575,0.554974764301759,2.15111119815293,0.257994456436418,0.796411185563818,NA
"AENJPLPP_00754",0,NA,NA,NA,NA,NA
"AENJPLPP_00755",0,NA,NA,NA,NA,NA
"AENJPLPP_00757",0,NA,NA,NA,NA,NA
"AENJPLPP_00759",0.287030042831518,-1.36881106618645,3.24110502318218,-0.422328513391561,0.672785248699044,NA
"AENJPLPP_00766",0,NA,NA,NA,NA,NA
"AENJPLPP_00768",0.292395125132511,0.559847544303192,3.04117085374529,0.184089474490959,0.853943263509088,NA
"AENJPLPP_00773",0.785857701866226,1.0565882257814,1.96233917134411,0.538433029932172,0.590278128290883,NA
"AENJPLPP_00777",0.47220362942539,1.34591633916046,2.45713787297521,0.547757760752255,0.583858245328195,NA
"AENJPLPP_00778",0,NA,NA,NA,NA,NA
"AENJPLPP_00779",0.627308144881671,0.49274658523439,2.34441482099128,0.210178924319393,0.833528028134707,NA
"AENJPLPP_00807",0,NA,NA,NA,NA,NA
"AENJPLPP_00810",0.702062762625389,-2.66448203448433,2.206209933144,-1.20771917234878,0.227155300820365,NA
"AENJPLPP_00818",0,NA,NA,NA,NA,NA
"AENJPLPP_00867",0,NA,NA,NA,NA,NA
"AENJPLPP_00868",0,NA,NA,NA,NA,NA
"AENJPLPP_00877",0.816569424237739,-2.89158668127797,1.96413023774531,-1.4721970191739,0.140967682135127,NA
"AENJPLPP_00890",0.328784896340316,2.25016708706636,3.08377126702059,0.729680281780553,0.46558563670898,NA
"AENJPLPP_00892",0.574368166641816,1.50602369716931,2.33187383721318,0.64584270089378,0.518381230819345,NA
"AENJPLPP_00913",0,NA,NA,NA,NA,NA
"AENJPLPP_00914",0,NA,NA,NA,NA,NA
"AENJPLPP_00915",0,NA,NA,NA,NA,NA
"AENJPLPP_00916",0.17980850429288,1.52161386467826,3.88984488064764,0.391175975229355,0.695667165309827,NA
"AENJPLPP_00917",0,NA,NA,NA,NA,NA
"AENJPLPP_00918",0,NA,NA,NA,NA,NA
"AENJPLPP_00920",1.0018392991623,-0.873154676446234,1.79044279080983,-0.487675272802937,0.625779869131178,NA
"AENJPLPP_00921",0,NA,NA,NA,NA,NA
"AENJPLPP_00922",0,NA,NA,NA,NA,NA
"AENJPLPP_00923",0,NA,NA,NA,NA,NA
"AENJPLPP_00924",0.143515021415759,-0.401943885934528,4.0804728567969,-0.0985042420426849,0.921531903680528,NA
"AENJPLPP_00925",0,NA,NA,NA,NA,NA
"AENJPLPP_00926",0,NA,NA,NA,NA,NA
"AENJPLPP_00927",0,NA,NA,NA,NA,NA
"AENJPLPP_00931",0.456787573302669,1.303758165524,2.61640602170491,0.4983011637752,0.618271787719411,NA
"AENJPLPP_00938",0.657855024903873,1.92049893766896,2.19176163011612,0.876235312855263,0.380902122932238,NA
"AENJPLPP_00944",0.292395125132511,0.559847544303192,3.04117085374529,0.184089474490959,0.853943263509088,NA
"AENJPLPP_00945",0,NA,NA,NA,NA,NA
"AENJPLPP_00949",0.954862601981974,3.69104532964698,1.90266669036383,1.93993269989983,0.0523878694187718,NA
"AENJPLPP_00953",0,NA,NA,NA,NA,NA
"AENJPLPP_00954",0,NA,NA,NA,NA,NA
"AENJPLPP_00955",0,NA,NA,NA,NA,NA
"AENJPLPP_00956",0,NA,NA,NA,NA,NA
"AENJPLPP_00958",0,NA,NA,NA,NA,NA
"AENJPLPP_00961",0.738760614811974,2.02234480178437,2.12855179463885,0.950103637072878,0.342059595335391,NA
"AENJPLPP_00963",1.01172543063471,2.64712444631065,1.90954503581892,1.38625923801552,0.165667758807078,NA
"AENJPLPP_00964",0.292395125132511,0.559847544303192,3.04117085374529,0.184089474490959,0.853943263509088,NA
"AENJPLPP_00965",0.430853145226057,2.4820881163748,2.633259559519,0.942591514536527,0.34588988177402,NA
"AENJPLPP_00969",0,NA,NA,NA,NA,NA
"AENJPLPP_01007",0.143515021415759,-0.401943885934528,4.0804728567969,-0.0985042420426849,0.921531903680528,NA
"AENJPLPP_01052",0,NA,NA,NA,NA,NA
"AENJPLPP_01080",0.84073257536703,2.19206432916528,2.06453370933988,1.06177211795984,0.288339150440171,NA
"AENJPLPP_01084",0,NA,NA,NA,NA,NA
"AENJPLPP_01085",0.128002676962353,-0.401943885934528,4.0804728567969,-0.098504242042685,0.921531903680528,NA
"AENJPLPP_01086",0.441753037733873,-0.361228705378637,2.49859473899662,-0.144572747128932,0.885048215774481,NA
"AENJPLPP_01087",0.399520375340464,-1.86721327153707,2.64542087776263,-0.705828432531414,0.480294838160072,NA
"AENJPLPP_01106",0.929059756746685,-3.08664993026571,1.88676129208855,-1.63595148109539,0.101849742270667,NA
"AENJPLPP_01112",0.959162087392264,1.27760071812839,1.87217782233875,0.68241419318406,0.494977083565167,NA
"AENJPLPP_01113",0.923529832096381,0.466192937690626,1.80569107864808,0.25817978678815,0.796268157039301,NA
"AENJPLPP_01151",0.462630464488272,1.30419121188868,2.60639900943775,0.500380489390233,0.616807188698447,NA
"AENJPLPP_01166",0,NA,NA,NA,NA,NA
"AENJPLPP_01228",0.933672208692275,-1.64658903827445,1.87202893145702,-0.879574567788809,0.379089821210204,NA
"AENJPLPP_01266",0,NA,NA,NA,NA,NA
"AENJPLPP_01285",0.409975718471658,0.559850103137811,2.73624531881619,0.204605230126086,0.837880568802913,NA
"AENJPLPP_01300",0.606145485904031,0.399989277212581,2.25444078112839,0.177422836102343,0.859176271243286,NA
"AENJPLPP_01301",0.409975718471658,0.559850103137811,2.73624531881619,0.204605230126086,0.837880568802913,NA
"AENJPLPP_01302",1.0211782056979,-0.899867220110276,1.78389010287335,-0.504440951076998,0.613951547085378,NA
"AENJPLPP_01304",0,NA,NA,NA,NA,NA
"AENJPLPP_01305",0.999759941236195,1.24509880945344,1.91367430649068,0.650632558126734,0.515283708045881,NA
"AENJPLPP_01308",0.809496093812122,-1.34097858590716,2.03892514951053,-0.657688972167066,0.510738009990815,NA
"AENJPLPP_01309",0.994765968736679,0.550700751132428,1.77101640465067,0.310951806932049,0.755837259077204,NA
"AENJPLPP_01310",0,NA,NA,NA,NA,NA
"AENJPLPP_01312",0,NA,NA,NA,NA,NA
"AENJPLPP_01313",0,NA,NA,NA,NA,NA
"AENJPLPP_01314",0.841273413074337,-1.66035671310163,1.91469541599637,-0.867164928285794,0.385851649541156,NA
"AENJPLPP_01315",0.277360589563715,-1.32779435503673,3.04181923281529,-0.436513235471858,0.662464398486532,NA
"AENJPLPP_01326",0.600206306387743,0.500048044173768,2.26307286192682,0.220959763420086,0.82512376275949,NA
"AENJPLPP_01335",0.405363266526068,-1.88360690304036,2.47871370907742,-0.759913053347916,0.447306558502474,NA
"AENJPLPP_01338",0.585171770818947,-0.921516834223414,2.16325876842353,-0.425985484341741,0.670118423219545,NA
"AENJPLPP_01340",0.164392448170158,1.5216106515451,4.02997289839292,0.377573420444562,0.705747512944394,NA
"AENJPLPP_01341",0.738664326481289,2.0468512496992,2.05193600558934,0.997521971505796,0.318511214413169,NA
"AENJPLPP_01350",0.441753037733873,-0.361228705378637,2.49859473899662,-0.144572747128932,0.885048215774481,NA
"AENJPLPP_01367",0,NA,NA,NA,NA,NA
"AENJPLPP_01368",0.287030042831518,-1.36881106618645,3.24110502318218,-0.422328513391561,0.672785248699044,NA
"AENJPLPP_01430",0.266460697055899,1.52162516071186,3.3510175907527,0.454078535699382,0.649772301619617,NA
"AENJPLPP_01442",0,NA,NA,NA,NA,NA
"AENJPLPP_01453",0.53336594348842,-2.2842915344639,2.25121012150163,-1.01469494679608,0.310251263653754,NA
"AENJPLPP_01543",0.995147489290605,-0.400095242204484,1.7490000512706,-0.228756564022869,0.819058128487256,NA
"AENJPLPP_01544",0.883409787137061,-0.525285949012328,1.80380643027553,-0.291209710862429,0.770890936080458,NA
"AENJPLPP_01550",0.133845568147956,-0.401943885934528,4.0804728567969,-0.098504242042685,0.921531903680528,NA
"AENJPLPP_01600",0.17980850429288,1.52161386467826,3.88984488064764,0.391175975229355,0.695667165309827,NA
"AENJPLPP_01620",1.03144097216773,0.582947984526701,1.7003768771087,0.342834575307762,0.731722913209776,NA
"AENJPLPP_01632",0.344200952463038,2.29608689209511,2.82885557592139,0.811666354280828,0.416983105449573,NA
"AENJPLPP_01637",0.17980850429288,1.52161386467826,3.88984488064764,0.391175975229355,0.695667165309827,NA
"AENJPLPP_01638",0.944885067735391,0.423450860186641,1.79492801601792,0.235915232481621,0.813498448019582,NA
"AENJPLPP_01639",0.667524478171676,1.92100601765499,2.18358855402169,0.879747246392607,0.378996248472566,NA
"AENJPLPP_01645",0.676880964904179,-2.62251685680295,2.07558398920097,-1.26350794304042,0.206406693859649,NA
"AENJPLPP_01678",0.164392448170158,1.5216106515451,4.02997289839292,0.377573420444562,0.705747512944394,NA
"AENJPLPP_01682",0.395693813258265,-1.85699941892124,2.65360630783835,-0.699802157326783,0.484050867307044,NA
"AENJPLPP_01685",0,NA,NA,NA,NA,NA
"AENJPLPP_01686",0.929372723281985,0.458843490556528,1.74446689709672,0.263027914900634,0.792529063453773,NA
"AENJPLPP_01688",0.133845568147956,-0.401943885934528,4.0804728567969,-0.098504242042685,0.921531903680528,NA
"AENJPLPP_01689",0.409975718471658,0.559850103137811,2.73624531881619,0.204605230126086,0.837880568802913,NA
"AENJPLPP_01690",0.256005353924705,-1.23617066253894,3.38323495189221,-0.365381263824897,0.714826825186434,NA
"AENJPLPP_01691",0.569659426365541,-0.8834883479513,2.27439238778625,-0.388450274761617,0.697682845488491,NA
"AENJPLPP_01695",0.87260618295993,1.10639495831592,1.90976958512228,0.579334264685696,0.562363649641683,NA
"AENJPLPP_01696",0.671823963581967,-0.921430092875033,2.09563371977403,-0.439690430718204,0.660161334259213,NA
"AENJPLPP_01701",0.835430521888734,-1.65133715663785,2.00491411646807,-0.823644834995178,0.410141392741147,NA
"AENJPLPP_01706",0.307811181255232,0.559847988356641,2.9904854161471,0.187209737032572,0.851496190760207,NA
"AENJPLPP_01707",0.266460697055899,1.52162516071186,3.3510175907527,0.454078535699382,0.649772301619617,NA
"AENJPLPP_01718",0.47220362942539,1.34591633916046,2.45713787297521,0.547757760752255,0.583858245328195,NA
"AENJPLPP_01724",0.478046520610994,1.3462366500998,2.4490112436669,0.54970619411452,0.582520907702618,NA
"AENJPLPP_01744",0.831916926341834,2.31891509469645,2.02137692002909,1.14719579100719,0.251300710741489,NA
"AENJPLPP_01774",0.948706744261071,-0.370336597577256,1.84110872573421,-0.201148684160177,0.840582315408611,NA
"AENJPLPP_01835",0,NA,NA,NA,NA,NA
"AENJPLPP_01836",0.133845568147956,-0.401943885934528,4.0804728567969,-0.098504242042685,0.921531903680528,NA
"AENJPLPP_01860",0,NA,NA,NA,NA,NA
"AENJPLPP_01866",0.744507217666892,2.04674397543511,2.04837083780538,0.99920577742065,0.317695017721401,NA
"AENJPLPP_01878",0.524009456755917,2.8698763583123,2.42592483347442,1.18300300104602,0.23680795804613,NA
"AENJPLPP_01880",0.133845568147956,-0.401943885934528,4.0804728567969,-0.098504242042685,0.921531903680528,NA
"AENJPLPP_01881",0.133845568147956,-0.401943885934528,4.0804728567969,-0.098504242042685,0.921531903680528,NA
"AENJPLPP_01882",0.877566895951458,-0.515543962532854,1.80622554638359,-0.285426127188308,0.775317693079732,NA
"AENJPLPP_01930",0.271517698378112,-1.30369482218768,3.06450131049116,-0.425418262255116,0.670531795465162,NA
"AENJPLPP_01932",0.164392448170158,1.5216106515451,4.02997289839292,0.377573420444562,0.705747512944394,NA
"AENJPLPP_01951",0,NA,NA,NA,NA,NA
"AENJPLPP_01955",0,NA,NA,NA,NA,NA
"AENJPLPP_01960",0.47220362942539,1.34591633916046,2.45713787297521,0.547757760752255,0.583858245328195,NA
"AENJPLPP_02014",0.636596077595548,1.89133041155042,2.21068829579345,0.855539161784718,0.39225273389381,NA
"AENJPLPP_02041",0.65552572926517,-2.58618861733601,2.24605723663499,-1.15143486779998,0.249553376156718,NA
"AENJPLPP_02053",0,NA,NA,NA,NA,NA
"AENJPLPP_02088",1.03228989085381,0.0469119448346794,1.7070295205911,0.0274816248159756,0.978075595585065,NA
"AENJPLPP_02109",0.873836622199943,-0.574939921630867,1.96056376377279,-0.293252345195082,0.76932927614645,NA
"AENJPLPP_02142",0.298238016318114,0.559847716889714,3.0215723845629,0.185283569491817,0.853006624551792,NA
"AENJPLPP_02143",0,NA,NA,NA,NA,NA
"AENJPLPP_02156",0.17980850429288,1.52161386467826,3.88984488064764,0.391175975229355,0.695667165309827,NA
"AENJPLPP_02157",0.831916926341834,2.31891509469645,2.02137692002909,1.14719579100719,0.251300710741489,NA
"AENJPLPP_02162",0,NA,NA,NA,NA,NA
"AENJPLPP_02164",0.657855024903873,1.92049893766896,2.19176163011612,0.876235312855263,0.380902122932238,NA
"AENJPLPP_02165",0.430545064247277,-1.95449390395405,2.78411981084182,-0.702015012551876,0.482669801175394,NA
"AENJPLPP_02166",0.313654072440836,0.559848146239939,2.97225590779935,0.188357989219862,0.850596029943291,NA
"AENJPLPP_02167",0.652108422048954,1.89236606782514,2.19698748083956,0.861345858512581,0.389047585577316,NA
"AENJPLPP_02168",0.524009456755917,2.8698763583123,2.42592483347442,1.18300300104602,0.23680795804613,NA
"AENJPLPP_02170",0.17980850429288,1.52161386467826,3.88984488064764,0.391175975229355,0.695667165309827,NA
"AENJPLPP_02171",0,NA,NA,NA,NA,NA
"AENJPLPP_02172",0,NA,NA,NA,NA,NA
"AENJPLPP_02173",0,NA,NA,NA,NA,NA
"AENJPLPP_02174",0,NA,NA,NA,NA,NA
"AENJPLPP_02175",0,NA,NA,NA,NA,NA
"AENJPLPP_02176",0.292395125132511,0.559847544303192,3.04117085374529,0.184089474490959,0.853943263509088,NA
"AENJPLPP_02178",0.323323525708639,0.559848395506652,2.94324524780572,0.190214660475214,0.849140923449997,NA
"AENJPLPP_02179",0.759923273789614,2.07496262244026,2.11394728127498,0.981558358063118,0.326317470932551,NA
"AENJPLPP_02180",0,NA,NA,NA,NA,NA
"AENJPLPP_02181",0.790470153811816,3.40208187051302,2.02900075183711,1.67672775253173,0.0935957311055515,NA
"AENJPLPP_02184",0.804439092489909,0.786284984203236,2.08608527460585,0.376918908241562,0.706233869266215,NA
"AENJPLPP_02187",0.642438968781151,1.89172289222942,2.20546488100282,0.857743375795336,0.39103418289209,NA
"AENJPLPP_02188",0.328784896340316,2.25016708706636,3.08377126702059,0.729680281780553,0.46558563670898,NA
"AENJPLPP_02189",0.17980850429288,1.52161386467826,3.88984488064764,0.391175975229355,0.695667165309827,NA
"AENJPLPP_02192",0.271517698378112,-1.30369482218768,3.06450131049116,-0.425418262255116,0.670531795465162,NA
"AENJPLPP_02199",0,NA,NA,NA,NA,NA
"AENJPLPP_02200",0,NA,NA,NA,NA,NA
"AENJPLPP_02201",0,NA,NA,NA,NA,NA
"AENJPLPP_02202",0,NA,NA,NA,NA,NA
"AENJPLPP_02203",0,NA,NA,NA,NA,NA
"AENJPLPP_02205",0,NA,NA,NA,NA,NA
"AENJPLPP_02206",0,NA,NA,NA,NA,NA
"AENJPLPP_02207",0,NA,NA,NA,NA,NA
"AENJPLPP_02208",0,NA,NA,NA,NA,NA
"AENJPLPP_02209",0,NA,NA,NA,NA,NA
"AENJPLPP_02210",0,NA,NA,NA,NA,NA
"AENJPLPP_02213",0.17980850429288,1.52161386467826,3.88984488064764,0.391175975229355,0.695667165309827,NA
"AENJPLPP_02214",0.532921394111798,2.7168866243045,2.61527335771172,1.03885378417256,0.298872743080486,NA
"AENJPLPP_02231",0.133845568147956,-0.401943885934528,4.0804728567969,-0.098504242042685,0.921531903680528,NA
"AENJPLPP_02232",0.831603959806534,-1.64626398546003,1.91893801541784,-0.857903680177792,0.390945651921335,NA
"AENJPLPP_02236",0.266460697055899,1.52162516071186,3.3510175907527,0.454078535699382,0.649772301619617,NA
"AENJPLPP_02244",0.723629790912493,0.612405585863473,2.06565999542086,0.296469693570602,0.766871408219915,NA
"AENJPLPP_02253",0.86799373101434,-0.557099573066726,1.87211489724646,-0.297577661438471,0.766025526164919,NA
"AENJPLPP_02254",0.17980850429288,1.52161386467826,3.88984488064764,0.391175975229355,0.695667165309827,NA
"AENJPLPP_02268",0.133845568147956,-0.401943885934528,4.0804728567969,-0.098504242042685,0.921531903680528,NA
"AENJPLPP_02284",0.676436415527557,1.71703254011094,2.33283597086866,0.736027976914118,0.461713671985779,NA
"AENJPLPP_02315",0.435813858217585,-0.283857515386326,2.65369615604714,-0.106966848762803,0.914815279677323,NA
"AENJPLPP_02316",0.133845568147956,-0.401943885934528,4.0804728567969,-0.098504242042685,0.921531903680528,NA
"AENJPLPP_02318",0.164392448170158,1.5216106515451,4.02997289839292,0.377573420444562,0.705747512944394,NA
"AENJPLPP_02332",0.292395125132511,0.559847544303192,3.04117085374529,0.184089474490959,0.853943263509088,NA
"AENJPLPP_02339",0.53336594348842,-2.2842915344639,2.25121012150163,-1.01469494679608,0.310251263653754,NA
"AENJPLPP_02344",0.344200952463038,2.29608689209511,2.82885557592139,0.811666354280828,0.416983105449573,NA
"AENJPLPP_02356",0,NA,NA,NA,NA,NA
"AENJPLPP_02357",0.164392448170158,1.5216106515451,4.02997289839292,0.377573420444562,0.705747512944394,NA
"AENJPLPP_02384",0.323323525708639,0.559848395506652,2.94324524780572,0.190214660475214,0.849140923449997,NA
"AENJPLPP_02418",0.580114769496734,1.54298196690301,2.32442392208021,0.663812634281505,0.50681023833119,NA
"AENJPLPP_02419",0.143515021415759,-0.401943885934528,4.0804728567969,-0.0985042420426849,0.921531903680528,NA
"AENJPLPP_02420",0.456787573302669,1.303758165524,2.61640602170491,0.4983011637752,0.618271787719411,NA
"AENJPLPP_02422",0.128002676962353,-0.401943885934528,4.0804728567969,-0.098504242042685,0.921531903680528,NA
"AENJPLPP_02423",0,NA,NA,NA,NA,NA
"AENJPLPP_02427",0.128002676962353,-0.401943885934528,4.0804728567969,-0.098504242042685,0.921531903680528,NA
"AENJPLPP_02428",0.415032719793871,-1.9099245685569,2.61355708114546,-0.730775915450764,0.464916036885782,NA
"AENJPLPP_02434",0.522466050980604,-0.286666664035499,2.51591074435388,-0.113941507932595,0.909284161238694,NA
"AENJPLPP_02473",0.621465253696068,0.514028252156924,2.24047378713414,0.229428371404619,0.818535986991775,NA
"AENJPLPP_02492",0.595245593396215,2.98649719766568,2.33643362635527,1.27822899138996,0.201168696714492,NA
"AENJPLPP_02493",0.462630464488272,1.30419121188868,2.60639900943775,0.500380489390233,0.616807188698447,NA
"AENJPLPP_02545",0.261848245110309,-1.26395015600651,3.1040310267654,-0.407196366630274,0.683863769962205,NA
"AENJPLPP_02556",0.266460697055899,1.52162516071186,3.3510175907527,0.454078535699382,0.649772301619617,NA
"AENJPLPP_02607",0.292395125132511,0.559847544303192,3.04117085374529,0.184089474490959,0.853943263509088,NA
"AENJPLPP_02619",0.74966050731979,-0.191046332749029,2.06646488633477,-0.0924508004042997,0.926339879327211,NA
"AENJPLPP_02620",0.973792253651595,-0.356545952070145,1.82760122408931,-0.195089578279207,0.845322821154327,NA
"AENJPLPP_02631",0.97388854198228,-0.414648693542797,1.81385911561668,-0.228600275497044,0.819179610421219,NA
"AENJPLPP_02634",0,NA,NA,NA,NA,NA
"AENJPLPP_02647",0,NA,NA,NA,NA,NA
"AENJPLPP_02648",0,NA,NA,NA,NA,NA
"AENJPLPP_02649",0.328784896340316,2.25016708706636,3.08377126702059,0.729680281780553,0.46558563670898,NA
"AENJPLPP_02650",0.143515021415759,-0.401943885934528,4.0804728567969,-0.0985042420426849,0.921531903680528,NA
"AENJPLPP_02651",0.543821286619614,-0.359465333949243,2.36539593450496,-0.151968357054133,0.879211893149481,NA
"AENJPLPP_02656",0.277360589563715,-1.32779435503673,3.04181923281529,-0.436513235471858,0.662464398486532,NA
"AENJPLPP_02657",0.411206157711671,-1.90001778366236,2.62123514143201,-0.7248559099602,0.46854043173265,NA
"AENJPLPP_02662",0,NA,NA,NA,NA,NA
"AENJPLPP_02681",0,NA,NA,NA,NA,NA
"AENJPLPP_02682",0,NA,NA,NA,NA,NA
"AENJPLPP_02683",0.266460697055899,1.52162516071186,3.3510175907527,0.454078535699382,0.649772301619617,NA
"AENJPLPP_02684",0.17980850429288,1.52161386467826,3.88984488064764,0.391175975229355,0.695667165309827,NA
"AENJPLPP_02685",0,NA,NA,NA,NA,NA
"AENJPLPP_02686",0.133845568147956,-0.401943885934528,4.0804728567969,-0.098504242042685,0.921531903680528,NA
"AENJPLPP_02687",0.292395125132511,0.559847544303192,3.04117085374529,0.184089474490959,0.853943263509088,NA
"AENJPLPP_02688",0,NA,NA,NA,NA,NA
"AENJPLPP_02689",0.872509894629245,1.1672710122265,1.85471159841766,0.629354457707791,0.529117026441735,NA
"AENJPLPP_02690",0,NA,NA,NA,NA,NA
"AENJPLPP_02691",0,NA,NA,NA,NA,NA
"AENJPLPP_02692",0.702274555273484,0.682838740930032,2.16684889504054,0.315129837845594,0.752663074493624,NA
"AENJPLPP_02695",0.164392448170158,1.5216106515451,4.02997289839292,0.377573420444562,0.705747512944394,NA
"AENJPLPP_02697",0,NA,NA,NA,NA,NA
"AENJPLPP_02699",1.00481694255841,-0.409578462040827,1.8155515470902,-0.225594510217715,0.821516811005365,NA
"AENJPLPP_02711",0,NA,NA,NA,NA,NA
"AENJPLPP_02714",0.430545064247277,-1.95449390395405,2.78411981084182,-0.702015012551876,0.482669801175394,NA
"AENJPLPP_02716",0.133845568147956,-0.401943885934528,4.0804728567969,-0.098504242042685,0.921531903680528,NA
"AENJPLPP_02717",0,NA,NA,NA,NA,NA
"AENJPLPP_02718",0.17980850429288,1.52161386467826,3.88984488064764,0.391175975229355,0.695667165309827,NA
"AENJPLPP_02720",0,NA,NA,NA,NA,NA
"AENJPLPP_02721",0,NA,NA,NA,NA,NA
"AENJPLPP_02722",0,NA,NA,NA,NA,NA
"AENJPLPP_02725",0.739894765721302,-0.0999511408070525,1.99040050003771,-0.0502165975165093,0.959949785334719,NA
"AENJPLPP_02743",0.307811181255232,0.559847988356641,2.9904854161471,0.187209737032572,0.851496190760207,NA
"AENJPLPP_02746",0,NA,NA,NA,NA,NA
"AENJPLPP_02754",0.430853145226057,2.4820881163748,2.633259559519,0.942591514536527,0.34588988177402,NA
"AENJPLPP_02756",0.128002676962353,-0.401943885934528,4.0804728567969,-0.098504242042685,0.921531903680528,NA
"AENJPLPP_02757",0.487715973878797,1.34676053583748,2.43590832060159,0.552878170515411,0.58034683618635,NA
"AENJPLPP_02761",0,NA,NA,NA,NA,NA
"AENJPLPP_02762",0.493462576733715,1.37778834487682,2.55638856631304,0.538958890300444,0.58991522089702,NA
"AENJPLPP_02763",0.672985848803353,3.24327302275802,2.2289831232235,1.45504602029812,0.145656521516465,NA
"AENJPLPP_02770",0.298238016318114,0.559847716889714,3.0215723845629,0.185283569491817,0.853006624551792,NA
"AENJPLPP_02773",0,NA,NA,NA,NA,NA
"AENJPLPP_02774",0.887640718528726,2.39829368016488,2.01007815900765,1.19313454027523,0.23281668611528,NA
"AENJPLPP_02777",0,NA,NA,NA,NA,NA
"AENJPLPP_02779",0.836216411752125,0.00485791571578172,1.86586929293346,0.00260356699913544,0.997922656435274,NA
"AENJPLPP_02780",0,NA,NA,NA,NA,NA
"AENJPLPP_02781",0,NA,NA,NA,NA,NA
"AENJPLPP_02782",0,NA,NA,NA,NA,NA
"AENJPLPP_02783",0,NA,NA,NA,NA,NA
"AENJPLPP_02787",0.307811181255232,0.559847988356641,2.9904854161471,0.187209737032572,0.851496190760207,NA
"AENJPLPP_02789",0.133845568147956,-0.401943885934528,4.0804728567969,-0.098504242042685,0.921531903680528,NA
"AENJPLPP_02790",0.395693813258265,-1.85699941892124,2.65360630783835,-0.699802157326783,0.484050867307044,NA
"AENJPLPP_02791",0,NA,NA,NA,NA,NA
"AENJPLPP_02799",0.71778689972689,0.629299746434968,2.0707093463937,0.303905397216149,0.761199965773753,NA
"AENJPLPP_02802",0,NA,NA,NA,NA,NA
"AENJPLPP_02815",0.770441645743504,1.03060746504486,1.972285529142,0.522544758259826,0.601291091606505,NA
"AENJPLPP_02819",0,NA,NA,NA,NA,NA
"AENJPLPP_02824",0.645856275997367,-2.5695448326403,2.25499371956907,-1.13949090427238,0.254498459887563,NA
"AENJPLPP_02829",0.589784222764537,1.54225339463293,2.31472361454052,0.666279716915173,0.505232327630445,NA
"AENJPLPP_02839",0.446269201348778,2.52203749304099,2.60403275006949,0.968512202073377,0.332788628005692,NA
"AENJPLPP_02846",0,NA,NA,NA,NA,NA
"AENJPLPP_02855",0.266460697055899,1.52162516071186,3.3510175907527,0.454078535699382,0.649772301619617,NA
"AENJPLPP_02856",1.0115087524301,-0.88488032280699,1.77020009228855,-0.499875876553027,0.617162479287711,NA
"AENJPLPP_02866",0.344200952463038,2.29608689209511,2.82885557592139,0.811666354280828,0.416983105449573,NA
"AENJPLPP_02867",0.143515021415759,-0.401943885934528,4.0804728567969,-0.0985042420426849,0.921531903680528,NA
"AENJPLPP_02870",0,NA,NA,NA,NA,NA
"AENJPLPP_02899",0.133845568147956,-0.401943885934528,4.0804728567969,-0.098504242042685,0.921531903680528,NA
"AENJPLPP_02903",0.277360589563715,-1.32779435503673,3.04181923281529,-0.436513235471858,0.662464398486532,NA
"AENJPLPP_02918",0,NA,NA,NA,NA,NA
"AENJPLPP_02922",0.852959195445544,-1.67889785488578,1.99618352491641,-0.841053857989375,0.40031776296118,NA
"AENJPLPP_02933",0.77464972837963,-0.11499992750773,2.04617470283388,-0.0562023992127646,0.955180569890474,NA
"AENJPLPP_02945",0.128002676962353,-0.401943885934528,4.0804728567969,-0.098504242042685,0.921531903680528,NA
"AENJPLPP_02947",0.754176670934695,2.0465679904107,2.0425696719335,1.00195749429365,0.316364122416896,NA
"AENJPLPP_02963",0.164392448170158,1.5216106515451,4.02997289839292,0.377573420444562,0.705747512944394,NA
"AENJPLPP_02964",0.17980850429288,1.52161386467826,3.88984488064764,0.391175975229355,0.695667165309827,NA
"AENJPLPP_02969",0.133845568147956,-0.401943885934528,4.0804728567969,-0.098504242042685,0.921531903680528,NA
"AENJPLPP_02976",0.887925950751967,1.1945718870513,1.90503669951117,0.627059776516552,0.530620052341872,NA
"AENJPLPP_02977",0.164392448170158,1.5216106515451,4.02997289839292,0.377573420444562,0.705747512944394,NA
"AENJPLPP_02978",0.610661649518936,3.01281992228916,2.21071542319642,1.36282575797703,0.17293743119287,NA
"AENJPLPP_02979",0.261848245110309,-1.26395015600651,3.1040310267654,-0.407196366630274,0.683863769962205,NA
"AENJPLPP_02980",0.133845568147956,-0.401943885934528,4.0804728567969,-0.098504242042685,0.921531903680528,NA
"AENJPLPP_02981",0.857475359060449,0.028071203373934,1.91306190463279,0.0146734422477156,0.988292707094248,NA
"AENJPLPP_02986",0.261848245110309,-1.26395015600651,3.1040310267654,-0.407196366630274,0.683863769962205,NA
"AENJPLPP_02988",0,NA,NA,NA,NA,NA
"AENJPLPP_03009",0,NA,NA,NA,NA,NA
"AENJPLPP_03010",0.344200952463038,2.29608689209511,2.82885557592139,0.811666354280828,0.416983105449573,NA
"AENJPLPP_03011",0.344200952463038,2.29608689209511,2.82885557592139,0.811666354280828,0.416983105449573,NA
"AENJPLPP_03013",0.83612012342144,0.0738059838073985,1.92500223832549,0.0383407262277265,0.969416019809124,NA
"AENJPLPP_03015",1.02569436931281,0.542999497238279,1.70260678303418,0.318922432736118,0.749785333021174,NA
"AENJPLPP_03016",0.277360589563715,-1.32779435503673,3.04181923281529,-0.436513235471858,0.662464398486532,NA
"AENJPLPP_03019",0.292395125132511,0.559847544303192,3.04117085374529,0.184089474490959,0.853943263509088,NA
"AENJPLPP_03020",0.430853145226057,2.4820881163748,2.633259559519,0.942591514536527,0.34588988177402,NA
"AENJPLPP_03026",0,NA,NA,NA,NA,NA
"AENJPLPP_03027",0,NA,NA,NA,NA,NA
"AENJPLPP_03028",0,NA,NA,NA,NA,NA
"AENJPLPP_03029",0,NA,NA,NA,NA,NA
"AENJPLPP_03030",0,NA,NA,NA,NA,NA
"AENJPLPP_03031",0,NA,NA,NA,NA,NA
"AENJPLPP_03032",0,NA,NA,NA,NA,NA
"AENJPLPP_03033",0,NA,NA,NA,NA,NA
"AENJPLPP_03034",0,NA,NA,NA,NA,NA
"AENJPLPP_03035",0,NA,NA,NA,NA,NA
"AENJPLPP_03036",0,NA,NA,NA,NA,NA
"AENJPLPP_03037",0,NA,NA,NA,NA,NA
"AENJPLPP_03038",0,NA,NA,NA,NA,NA
"AENJPLPP_03039",0,NA,NA,NA,NA,NA
"AENJPLPP_03040",0,NA,NA,NA,NA,NA
"AENJPLPP_03041",0,NA,NA,NA,NA,NA
"AENJPLPP_03042",0,NA,NA,NA,NA,NA
"AENJPLPP_03045",0,NA,NA,NA,NA,NA
"AENJPLPP_03046",0,NA,NA,NA,NA,NA
"AENJPLPP_03053",0.939446545859252,3.67340512069209,1.92675672192627,1.90652254064521,0.0565824440697725,NA
"AENJPLPP_03055",0.128002676962353,-0.401943885934528,4.0804728567969,-0.098504242042685,0.921531903680528,NA
"AENJPLPP_03081",0,NA,NA,NA,NA,NA
"AENJPLPP_03082",0,NA,NA,NA,NA,NA
"AENJPLPP_03083",0,NA,NA,NA,NA,NA
"AENJPLPP_03084",0,NA,NA,NA,NA,NA
"AENJPLPP_03085",0,NA,NA,NA,NA,NA
"AENJPLPP_03086",0,NA,NA,NA,NA,NA
"AENJPLPP_03087",0,NA,NA,NA,NA,NA
"AENJPLPP_03088",0,NA,NA,NA,NA,NA
"AENJPLPP_03089",0,NA,NA,NA,NA,NA
"AENJPLPP_03090",0,NA,NA,NA,NA,NA
"AENJPLPP_03091",0,NA,NA,NA,NA,NA
"AENJPLPP_03092",0,NA,NA,NA,NA,NA
"AENJPLPP_03093",0,NA,NA,NA,NA,NA
"AENJPLPP_03094",0,NA,NA,NA,NA,NA
"AENJPLPP_03095",0.579425167964029,-0.944872897273956,2.26457137895521,-0.417241384420343,0.676501857634435,NA
"AENJPLPP_03097",0,NA,NA,NA,NA,NA
"AENJPLPP_03098",0,NA,NA,NA,NA,NA
"AENJPLPP_03099",0.389850922072661,-1.84018810487413,2.66635269556176,-0.690151797223669,0.490098732642899,NA
"AENJPLPP_03102",0.984247596782789,1.27704206463124,1.85915685578902,0.686893126125861,0.492150078919913,NA
"AENJPLPP_03104",0.164392448170158,1.5216106515451,4.02997289839292,0.377573420444562,0.705747512944394,NA
"AENJPLPP_03107",0.836216411752125,0.00485791571578172,1.86586929293346,0.00260356699913544,0.997922656435274,NA
"AENJPLPP_03108",0,NA,NA,NA,NA,NA
"AENJPLPP_03109",0.754176670934695,2.0465679904107,2.0425696719335,1.00195749429365,0.316364122416896,NA
"AENJPLPP_03111",0,NA,NA,NA,NA,NA
"AENJPLPP_03112",0,NA,NA,NA,NA,NA
"AENJPLPP_03113",0,NA,NA,NA,NA,NA
"AENJPLPP_03114",0,NA,NA,NA,NA,NA
"AENJPLPP_03116",0,NA,NA,NA,NA,NA
"AENJPLPP_03117",0,NA,NA,NA,NA,NA
"AENJPLPP_03127",0.266460697055899,1.52162516071186,3.3510175907527,0.454078535699382,0.649772301619617,NA
"AENJPLPP_03128",0,NA,NA,NA,NA,NA
"AENJPLPP_03129",0,NA,NA,NA,NA,NA
"AENJPLPP_03130",0,NA,NA,NA,NA,NA
"AENJPLPP_03131",0,NA,NA,NA,NA,NA
"AENJPLPP_03132",0.17980850429288,1.52161386467826,3.88984488064764,0.391175975229355,0.695667165309827,NA
"AENJPLPP_03134",0,NA,NA,NA,NA,NA
"AENJPLPP_03135",0,NA,NA,NA,NA,NA
"AENJPLPP_03138",0,NA,NA,NA,NA,NA
"AENJPLPP_03139",0,NA,NA,NA,NA,NA
"AENJPLPP_03140",0.164392448170158,1.5216106515451,4.02997289839292,0.377573420444562,0.705747512944394,NA
"AENJPLPP_03141",0.948398663282291,-3.10881507079918,1.87932192259779,-1.65422168145724,0.0980824791099372,NA
"AENJPLPP_03142",0.816404581888428,2.31818351853872,2.03072371522621,1.14155534854749,0.253638893077734,NA
"AENJPLPP_03144",0.761153713029627,-0.109490357715595,3.84423428292389,-0.0284817078402198,0.977277957139801,NA
"AENJPLPP_03146",0.271517698378112,-1.30369482218768,3.06450131049116,-0.425418262255116,0.670531795465162,NA
"AENJPLPP_03147",0,NA,NA,NA,NA,NA
"AENJPLPP_03148",0,NA,NA,NA,NA,NA
"AENJPLPP_03149",0.564698713374013,1.50659543635567,2.34198449482491,0.643298638263746,0.520030339716307,NA
"AENJPLPP_03150",0,NA,NA,NA,NA,NA
"AENJPLPP_03154",0.164392448170158,1.5216106515451,4.02997289839292,0.377573420444562,0.705747512944394,NA
"AENJPLPP_03157",0.277360589563715,-1.32779435503673,3.04181923281529,-0.436513235471858,0.662464398486532,NA
"AENJPLPP_03159",0.420397802094863,-0.283310528928045,2.68337409520067,-0.105579959736049,0.915915625680263,NA
"AENJPLPP_03161",0.764598754557901,1.04244373937325,2.05595304275119,0.50703674534234,0.612129036319335,NA
"AENJPLPP_03162",0,NA,NA,NA,NA,NA
"AENJPLPP_03163",0,NA,NA,NA,NA,NA
"AENJPLPP_03166",0.133845568147956,-0.401943885934528,4.0804728567969,-0.098504242042685,0.921531903680528,NA
"AENJPLPP_03167",0,NA,NA,NA,NA,NA
"AENJPLPP_03169",0,NA,NA,NA,NA,NA
"AENJPLPP_03170",0,NA,NA,NA,NA,NA
"AENJPLPP_03171",0,NA,NA,NA,NA,NA
"AENJPLPP_03172",0,NA,NA,NA,NA,NA
"AENJPLPP_03173",0,NA,NA,NA,NA,NA
"AENJPLPP_03175",0,NA,NA,NA,NA,NA
"AENJPLPP_03177",0,NA,NA,NA,NA,NA
"AENJPLPP_03181",0.143515021415759,-0.401943885934528,4.0804728567969,-0.0985042420426849,0.921531903680528,NA
"AENJPLPP_03182",0,NA,NA,NA,NA,NA
"AENJPLPP_03183",0.133845568147956,-0.401943885934528,4.0804728567969,-0.098504242042685,0.921531903680528,NA
"AENJPLPP_03184",0,NA,NA,NA,NA,NA
"AENJPLPP_03185",0,NA,NA,NA,NA,NA
"AENJPLPP_03186",0,NA,NA,NA,NA,NA
"AENJPLPP_03187",0,NA,NA,NA,NA,NA
"AENJPLPP_03188",0,NA,NA,NA,NA,NA
"AENJPLPP_03189",0,NA,NA,NA,NA,NA
