"","BH1","BH2","BH3","Serum1","Serum2","Serum3"
"AENJPLPP_00001",15.499622312902,22.4860554488566,22.2724657914494,97.524615122459,79.8947298106968,79.8349759060385
"AENJPLPP_00003",27.5548841118257,27.304495902183,26.1125461003199,49.5616896523972,62.1403454083197,55.0214023136211
"AENJPLPP_00004",6.88872102795643,6.42458727110189,6.91214455596705,3.19752836467079,3.94541875608379,2.15770205151455
"AENJPLPP_00005",4.30545064247277,5.62151386221415,6.14412849419293,11.1913492763478,5.91812813412569,9.7096592318155
"AENJPLPP_00006",6.02763089946188,8.03073408887736,9.98420880306351,12.7901134586831,8.87719220118853,9.7096592318155
"AENJPLPP_00007",6.88872102795643,13.6522479510915,19.968417606127,11.1913492763478,23.6725125365027,15.1039143606019
"AENJPLPP_00008",5.16654077096733,3.21229363555094,6.14412849419293,4.79629254700618,5.91812813412569,4.31540410302911
"AENJPLPP_00009",40.471236039244,42.56289067105,29.1846103474164,65.5493314757511,70.0311829204873,92.7811882151258
"AENJPLPP_00010",55.970858352146,75.4889004354472,82.9457346716045,89.530794210782,119.348917371535,128.383272065116
"AENJPLPP_00011",11.1941716704292,9.63688090665283,13.05627305016,17.5864060056893,8.87719220118853,12.9462123090873
"AENJPLPP_00012",8.61090128494554,6.42458727110189,8.44817667951528,17.5864060056893,16.7680297133561,14.0250633348446
"AENJPLPP_00013",19.8050729553747,22.4860554488566,16.8963533590306,20.7839343703601,12.8226109572723,19.419318463631
"AENJPLPP_00014",43.9155965532223,40.1536704443868,45.3129476446729,62.3518031110803,47.3450250730055,34.5232328242329
"AENJPLPP_00015",37.8879656537604,36.1383033999481,36.0967549033835,49.5616896523972,62.1403454083197,49.6271471848347
"AENJPLPP_00016",118.830437732248,114.036424062059,166.659485404983,142.29001222785,173.598425267687,163.985355915106
"AENJPLPP_00017",2.58327038548366,4.01536704443868,3.07206424709646,1.59876418233539,0,0
"AENJPLPP_00018",0.861090128494554,0.803073408887736,2.30404818532235,1.59876418233539,4.93177344510474,5.39425512878639
"AENJPLPP_00019",0,0,0,0,0,0
"AENJPLPP_00020",0,0,0,0,0,0
"AENJPLPP_00021",174.801296084394,202.374499039709,215.044497296752,222.22822134462,173.598425267687,153.196845657533
"AENJPLPP_00022",0,1.60614681777547,3.07206424709646,15.9876418233539,12.8226109572723,14.0250633348446
"AENJPLPP_00023",0.861090128494554,0,0,1.59876418233539,0.986354689020948,2.15770205151455
"AENJPLPP_00024",3.44436051397822,0.803073408887736,1.53603212354823,11.1913492763478,9.86354689020948,11.86736128333
"AENJPLPP_00025",27.5548841118257,20.8799086310811,27.6485782238682,25.5802269173663,27.6179312925865,21.5770205151455
"AENJPLPP_00026",22.3883433408584,16.0614681777547,14.5923051737082,55.9567463817388,46.3586703839845,48.5482961590775
"AENJPLPP_00027",1.72218025698911,4.01536704443868,3.07206424709646,4.79629254700618,6.90448282314663,3.23655307727183
"AENJPLPP_00028",0.861090128494554,0.803073408887736,0,0,0.986354689020948,0
"AENJPLPP_00029",0,0.803073408887736,0.768016061774116,3.19752836467079,1.9727093780419,2.15770205151455
"AENJPLPP_00030",0.861090128494554,0.803073408887736,3.07206424709646,0,0.986354689020948,0
"AENJPLPP_00031",25.8327038548366,24.8952756755198,22.2724657914494,47.9629254700618,47.3450250730055,38.838636927262
"AENJPLPP_00032",21.5272532123639,24.8952756755198,21.5044497296753,52.759218017068,72.9902469875501,65.8099125711939
"AENJPLPP_00034",13.7774420559129,10.4399543155406,16.8963533590306,11.1913492763478,8.87719220118853,10.7885102575728
"AENJPLPP_00035",18.0828926983856,14.4553213599792,15.3603212354823,51.1604538347326,47.3450250730055,44.2328920560484
"AENJPLPP_00036",6.88872102795643,9.63688090665283,10.7522248648376,6.39505672934157,10.8499015792304,7.55195718030094
"AENJPLPP_00037",1.72218025698911,3.21229363555094,3.07206424709646,4.79629254700618,4.93177344510474,4.31540410302911
"AENJPLPP_00038",1.72218025698911,4.01536704443868,6.14412849419293,6.39505672934157,7.89083751216758,8.63080820605822
"AENJPLPP_00039",1.72218025698911,1.60614681777547,0,4.79629254700618,3.94541875608379,3.23655307727183
"AENJPLPP_00040",0.861090128494554,0,0,4.79629254700618,2.95906406706284,2.15770205151455
"AENJPLPP_00041",0,0.803073408887736,0,0,0.986354689020948,1.07885102575728
"AENJPLPP_00042",37.8879656537604,33.7290831732849,37.6327870269317,105.518436034136,77.9220204326549,91.7023371893686
"AENJPLPP_00043",453.79449771663,464.176430337111,403.208432431411,3701.13908210644,2638.49879313104,2569.82314335383
"AENJPLPP_00044",25.8327038548366,21.6829820399689,23.8084979149976,62.3518031110803,79.8947298106968,84.1503800090676
"AENJPLPP_00045",6.88872102795643,6.42458727110189,9.21619274128939,12.7901134586831,22.6861578474818,25.8924246181747
"AENJPLPP_00046",3.44436051397822,4.01536704443868,2.30404818532235,6.39505672934157,13.8089656462933,11.86736128333
"AENJPLPP_00047",6.02763089946188,5.62151386221415,6.14412849419293,15.9876418233539,28.6042859816075,19.419318463631
"AENJPLPP_00048",1.72218025698911,0.803073408887736,1.53603212354823,1.59876418233539,0.986354689020948,2.15770205151455
"AENJPLPP_00049",0,0,1.53603212354823,0,1.9727093780419,2.15770205151455
"AENJPLPP_00050",0,0.803073408887736,0,3.19752836467079,2.95906406706284,2.15770205151455
"AENJPLPP_00051",0,2.40922022666321,3.84008030887058,11.1913492763478,9.86354689020948,8.63080820605822
"AENJPLPP_00052",0.861090128494554,0,2.30404818532235,1.59876418233539,3.94541875608379,3.23655307727183
"AENJPLPP_00053",0,0.803073408887736,0,3.19752836467079,2.95906406706284,3.23655307727183
"AENJPLPP_00054",0,0,0,0,0,0
"AENJPLPP_00055",0,0,0,0,0,0
"AENJPLPP_00056",3.44436051397822,1.60614681777547,1.53603212354823,15.9876418233539,16.7680297133561,7.55195718030094
"AENJPLPP_00057",6.88872102795643,3.21229363555094,4.6080963706447,3.19752836467079,4.93177344510474,6.47310615454366
"AENJPLPP_00058",269.521210218795,340.5031253684,298.758248030131,2086.38725794769,1674.83026195757,1775.78878839648
"AENJPLPP_00059",0,0,3.07206424709646,9.59258509401236,5.91812813412569,9.7096592318155
"AENJPLPP_00060",0,1.60614681777547,0,4.79629254700618,0.986354689020948,1.07885102575728
"AENJPLPP_00061",0,0.803073408887736,2.30404818532235,0,0.986354689020948,2.15770205151455
"AENJPLPP_00062",0.861090128494554,0.803073408887736,0,3.19752836467079,0,0
"AENJPLPP_00063",0.861090128494554,2.40922022666321,1.53603212354823,1.59876418233539,0.986354689020948,0
"AENJPLPP_00064",1.72218025698911,1.60614681777547,4.6080963706447,3.19752836467079,0,0
"AENJPLPP_00065",0.861090128494554,2.40922022666321,3.07206424709646,4.79629254700618,3.94541875608379,5.39425512878639
"AENJPLPP_00066",0.861090128494554,5.62151386221415,1.53603212354823,7.99382091167697,2.95906406706284,1.07885102575728
"AENJPLPP_00067",1.72218025698911,2.40922022666321,2.30404818532235,3.19752836467079,1.9727093780419,4.31540410302911
"AENJPLPP_00068",6.02763089946188,7.22766067998962,7.68016061774116,4.79629254700618,8.87719220118853,10.7885102575728
"AENJPLPP_00069",0,0,0,3.19752836467079,0.986354689020948,0
"AENJPLPP_00070",0.861090128494554,1.60614681777547,0,0,1.9727093780419,0
"AENJPLPP_00071",0,0,0,0,0,0
"AENJPLPP_00072",2.58327038548366,2.40922022666321,1.53603212354823,3.19752836467079,0.986354689020948,1.07885102575728
"AENJPLPP_00073",0,1.60614681777547,0.768016061774116,0,0.986354689020948,1.07885102575728
"AENJPLPP_00074",1.72218025698911,0.803073408887736,2.30404818532235,1.59876418233539,0.986354689020948,0
"AENJPLPP_00075",3.44436051397822,2.40922022666321,3.84008030887058,4.79629254700618,4.93177344510474,3.23655307727183
"AENJPLPP_00076",2.58327038548366,0.803073408887736,0,0,0,1.07885102575728
"AENJPLPP_00077",3.44436051397822,5.62151386221415,3.84008030887058,6.39505672934157,3.94541875608379,7.55195718030094
"AENJPLPP_00078",0,0,0,0,0,0
"AENJPLPP_00079",0,0,0,0,0,0
"AENJPLPP_00080",0,0,0,0,0,0
"AENJPLPP_00081",0,0,0,0,0,0
"AENJPLPP_00082",0,0,0,1.59876418233539,1.9727093780419,0
"AENJPLPP_00083",0,0,0,1.59876418233539,0,0
"AENJPLPP_00084",0,0,0,3.19752836467079,0,1.07885102575728
"AENJPLPP_00085",24.9716137263421,28.1075693110708,25.3445300385458,39.9691045583848,26.6315766035656,30.2078287212038
"AENJPLPP_00086",12.0552617989238,19.2737618133057,12.2882569883859,7.99382091167697,0.986354689020948,2.15770205151455
"AENJPLPP_00087",0.861090128494554,0,0.768016061774116,0,0,0
"AENJPLPP_00088",12.0552617989238,8.8338074977651,15.3603212354823,7.99382091167697,6.90448282314663,3.23655307727183
"AENJPLPP_00089",0.861090128494554,0,0,0,0,1.07885102575728
"AENJPLPP_00090",2.58327038548366,1.60614681777547,4.6080963706447,3.19752836467079,0,1.07885102575728
"AENJPLPP_00091",0.861090128494554,0,0,0,0,1.07885102575728
"AENJPLPP_00092",169.634755313427,171.054636093088,196.612111814174,171.067767509887,175.571134645729,172.616164121164
"AENJPLPP_00093",97.3031845198846,111.627203835395,112.898361080795,28.7777552820371,31.5633500486703,33.4443817984756
"AENJPLPP_00094",1.72218025698911,3.21229363555094,3.84008030887058,0,0.986354689020948,0
"AENJPLPP_00095",34.4436051397822,35.3352299910604,23.0404818532235,4.79629254700618,8.87719220118853,3.23655307727183
"AENJPLPP_00096",14.6385321844074,12.046101133316,9.21619274128939,65.5493314757511,81.8674391887387,77.677273854524
"AENJPLPP_00097",4.30545064247277,1.60614681777547,8.44817667951528,1.59876418233539,2.95906406706284,7.55195718030094
"AENJPLPP_00098",6.02763089946188,8.03073408887736,3.84008030887058,3.19752836467079,2.95906406706284,3.23655307727183
"AENJPLPP_00099",0,4.81844045332642,3.84008030887058,3.19752836467079,1.9727093780419,3.23655307727183
"AENJPLPP_00100",5.16654077096733,4.01536704443868,5.37611243241881,1.59876418233539,0.986354689020948,1.07885102575728
"AENJPLPP_00101",10.3330815419347,11.2430277244283,14.5923051737082,9.59258509401236,2.95906406706284,3.23655307727183
"AENJPLPP_00102",12.9163519274183,19.2737618133057,9.98420880306351,3.19752836467079,2.95906406706284,3.23655307727183
"AENJPLPP_00103",164.46821454246,156.599314733109,167.427501466757,33.5740478290433,48.3313797620264,43.1540410302911
"AENJPLPP_00104",7.74981115645099,7.22766067998962,9.98420880306351,1.59876418233539,9.86354689020948,10.7885102575728
"AENJPLPP_00105",14.6385321844074,12.8491745422038,6.14412849419293,27.1789910997017,19.727093780419,22.6558715409028
"AENJPLPP_00106",100.747545033863,100.384176110967,89.0898631657975,444.456442689239,310.701727041599,352.78428542263
"AENJPLPP_00107",0,0,0.768016061774116,6.39505672934157,7.89083751216758,7.55195718030094
"AENJPLPP_00108",56.8319484806406,69.0643131643453,60.6732688801552,41.5678687407202,67.0721188534245,71.2041676999803
"AENJPLPP_00109",38.7490557822549,39.3505970354991,42.2408833975764,36.771576193714,42.4132516279008,46.3905941075629
"AENJPLPP_00110",24.9716137263421,20.0768352221934,19.2004015443529,23.9814627350309,28.6042859816075,22.6558715409028
"AENJPLPP_00111",16.3607124413965,10.4399543155406,13.05627305016,6.39505672934157,4.93177344510474,11.86736128333
"AENJPLPP_00112",10.3330815419347,4.81844045332642,9.98420880306351,3.19752836467079,0.986354689020948,1.07885102575728
"AENJPLPP_00113",14.6385321844074,7.22766067998962,8.44817667951528,3.19752836467079,3.94541875608379,2.15770205151455
"AENJPLPP_00114",34.4436051397822,33.7290831732849,31.4886585327388,11.1913492763478,7.89083751216758,7.55195718030094
"AENJPLPP_00115",6.02763089946188,6.42458727110189,9.98420880306351,6.39505672934157,2.95906406706284,4.31540410302911
"AENJPLPP_00116",56.8319484806406,70.6704599821208,66.049381312574,46.3641612877264,37.481478182796,58.257955390893
"AENJPLPP_00117",29.2770643688148,32.1229363555094,29.9526264091905,1.59876418233539,8.87719220118853,6.47310615454366
"AENJPLPP_00118",6.88872102795643,4.81844045332642,9.98420880306351,0,0.986354689020948,2.15770205151455
"AENJPLPP_00119",192.88418878278,199.162205404158,223.492673976268,1350.95573407341,1753.73863707925,2061.68431022216
"AENJPLPP_00120",19.8050729553747,14.4553213599792,16.8963533590306,11.1913492763478,10.8499015792304,10.7885102575728
"AENJPLPP_00121",0.861090128494554,0,0,0,0.986354689020948,0
"AENJPLPP_00122",30.999244625804,20.0768352221934,20.7364336679011,17.5864060056893,23.6725125365027,28.0501266696892
"AENJPLPP_00123",19.8050729553747,10.4399543155406,14.5923051737082,30.3765194643725,29.5906406706284,32.3655307727183
"AENJPLPP_00124",184.273287497835,203.177572448597,266.501573435618,28.7777552820371,30.5769953596494,38.838636927262
"AENJPLPP_00125",120.552617989238,100.384176110967,115.202409266117,39.9691045583848,38.467832871817,36.6809348757474
"AENJPLPP_00126",62.8595793801025,76.2919738443349,68.3534294978963,19.1851701880247,28.6042859816075,29.1289776954465
"AENJPLPP_00127",31.8603347542985,20.8799086310811,30.7206424709646,23.9814627350309,29.5906406706284,24.8135735924174
"AENJPLPP_00128",11.1941716704292,9.63688090665283,12.2882569883859,6.39505672934157,5.91812813412569,6.47310615454366
"AENJPLPP_00129",5.16654077096733,10.4399543155406,8.44817667951528,11.1913492763478,15.7816750243352,15.1039143606019
"AENJPLPP_00130",51.6654077096732,51.3966981688151,54.5291403859622,44.765397105391,44.3859610059427,29.1289776954465
"AENJPLPP_00131",53.3875879666624,54.608991804366,59.9052528183811,30.3765194643725,32.5497047376913,48.5482961590775
"AENJPLPP_00132",124.85806863171,138.931699737578,124.418602007407,81.5369732991051,85.8128579448225,100.333145395427
"AENJPLPP_00133",57.6930386091351,48.1844045332642,62.2093010037034,3.19752836467079,20.7134484694399,19.419318463631
"AENJPLPP_00134",68.0261201510698,85.1257813421,103.682168339506,17.5864060056893,34.5224141157332,32.3655307727183
"AENJPLPP_00135",15.499622312902,24.8952756755198,19.968417606127,9.59258509401236,5.91812813412569,8.63080820605822
"AENJPLPP_00136",58.5541287376297,69.0643131643453,56.8331885712846,15.9876418233539,16.7680297133561,15.1039143606019
"AENJPLPP_00137",356.491313196745,328.457024235084,356.35945266319,140.691248045515,184.448326846917,228.716417460543
"AENJPLPP_00138",24.9716137263421,15.258394768867,25.3445300385458,17.5864060056893,19.727093780419,12.9462123090873
"AENJPLPP_00139",6.88872102795643,7.22766067998962,4.6080963706447,15.9876418233539,23.6725125365027,30.2078287212038
"AENJPLPP_00140",30.1381544973094,26.5014224932953,22.2724657914494,137.493719680844,111.458079859367,127.304421039359
"AENJPLPP_00141",43.9155965532223,40.9567438532745,50.6890600770917,258.999797538334,179.516553401813,180.168121301465
"AENJPLPP_00142",13.7774420559129,20.8799086310811,12.2882569883859,9.59258509401236,8.87719220118853,4.31540410302911
"AENJPLPP_00143",14.6385321844074,9.63688090665283,12.2882569883859,3.19752836467079,1.9727093780419,1.07885102575728
"AENJPLPP_00144",5.16654077096733,6.42458727110189,5.37611243241881,30.3765194643725,41.4268969388798,32.3655307727183
"AENJPLPP_00145",1.72218025698911,4.81844045332642,3.07206424709646,38.3703403760494,29.5906406706284,15.1039143606019
"AENJPLPP_00146",1.72218025698911,0,2.30404818532235,3.19752836467079,2.95906406706284,2.15770205151455
"AENJPLPP_00147",0.861090128494554,1.60614681777547,4.6080963706447,3.19752836467079,7.89083751216758,10.7885102575728
"AENJPLPP_00148",0.861090128494554,0.803073408887736,0.768016061774116,0,0,0
"AENJPLPP_00149",12.0552617989238,10.4399543155406,11.5202409266117,11.1913492763478,11.8362562682514,8.63080820605822
"AENJPLPP_00150",6.88872102795643,8.03073408887736,6.91214455596705,7.99382091167697,5.91812813412569,7.55195718030094
"AENJPLPP_00151",2.58327038548366,4.01536704443868,3.84008030887058,27.1789910997017,29.5906406706284,31.286679746961
"AENJPLPP_00152",0,0,0,0,0,0
"AENJPLPP_00153",7.74981115645099,7.22766067998962,4.6080963706447,6.39505672934157,4.93177344510474,8.63080820605822
"AENJPLPP_00154",69.7483004080589,74.6858270265594,86.7858149804751,7.99382091167697,17.7543844023771,21.5770205151455
"AENJPLPP_00155",33.5825150112876,38.5475236266113,43.7769155211246,11.1913492763478,11.8362562682514,11.86736128333
"AENJPLPP_00156",169.634755313427,214.420600173025,209.668384864334,87.9320300284466,81.8674391887387,80.9138269317958
"AENJPLPP_00157",45.6377768102114,49.7905513510396,50.6890600770917,12.7901134586831,17.7543844023771,18.3404674378737
"AENJPLPP_00158",0,0.803073408887736,0.768016061774116,0,0.986354689020948,0
"AENJPLPP_00159",101.608635162357,82.7165611154368,102.146136215957,63.9505672934157,68.0584735424454,40.9963389787765
"AENJPLPP_00160",182.551107240845,213.617526764138,211.204416987882,102.320907669465,131.185173639786,118.6736128333
"AENJPLPP_00161",18.0828926983856,18.4706884044179,25.3445300385458,27.1789910997017,32.5497047376913,53.9425512878639
"AENJPLPP_00162",123.996978503216,122.870231559824,114.434393204343,111.913492763478,95.6764048350319,90.6234861636113
"AENJPLPP_00163",142.079871201601,116.445644288722,155.139244478371,35.1728120113787,52.2767985181102,55.0214023136211
"AENJPLPP_00164",49.0821373241896,54.608991804366,44.5449315828987,30.3765194643725,29.5906406706284,31.286679746961
"AENJPLPP_00165",16.3607124413965,18.4706884044179,23.8084979149976,20.7839343703601,33.5360594267122,25.8924246181747
"AENJPLPP_00166",39.6101459107495,49.7905513510396,61.4412849419293,78.3394449344343,82.8537938777596,75.5195718030094
"AENJPLPP_00167",10.3330815419347,15.258394768867,9.98420880306351,7.99382091167697,20.7134484694399,14.0250633348446
"AENJPLPP_00168",0.861090128494554,0.803073408887736,0,0,0.986354689020948,1.07885102575728
"AENJPLPP_00169",2.58327038548366,1.60614681777547,2.30404818532235,7.99382091167697,2.95906406706284,3.23655307727183
"AENJPLPP_00170",2.58327038548366,4.01536704443868,6.91214455596705,23.9814627350309,25.6452219145446,20.4981694893883
"AENJPLPP_00171",25.8327038548366,17.6676149955302,17.6643694208047,228.623278073961,118.362562682514,115.437059756029
"AENJPLPP_00172",1.72218025698911,0,0,1.59876418233539,0,0
"AENJPLPP_00173",0,0,0.768016061774116,1.59876418233539,0,0
"AENJPLPP_00174",0.861090128494554,0.803073408887736,0.768016061774116,3.19752836467079,3.94541875608379,1.07885102575728
"AENJPLPP_00175",12.0552617989238,13.6522479510915,9.21619274128939,9.59258509401236,3.94541875608379,7.55195718030094
"AENJPLPP_00176",5.16654077096733,7.22766067998962,8.44817667951528,7.99382091167697,11.8362562682514,15.1039143606019
"AENJPLPP_00177",69.7483004080589,91.5503686132019,77.5696222391857,63.9505672934157,82.8537938777596,72.2830187257376
"AENJPLPP_00178",24.9716137263421,23.2891288577443,16.8963533590306,20.7839343703601,53.2631532071312,38.838636927262
"AENJPLPP_00179",68.8872102795643,65.0489461199066,69.8894616214446,121.50607785749,130.198818950765,132.698676168145
"AENJPLPP_00180",105.91408580483,103.596469746518,111.362328957247,238.215863167974,216.011676895588,243.820331821145
"AENJPLPP_00181",125.719158760205,142.143993373129,152.835196293049,57.5555105640742,65.0994094753826,79.8349759060385
"AENJPLPP_00182",4.30545064247277,8.03073408887736,4.6080963706447,9.59258509401236,8.87719220118853,10.7885102575728
"AENJPLPP_00183",8.61090128494554,12.046101133316,11.5202409266117,12.7901134586831,26.6315766035656,31.286679746961
"AENJPLPP_00184",7.74981115645099,6.42458727110189,10.7522248648376,23.9814627350309,20.7134484694399,17.2616164121164
"AENJPLPP_00185",13.7774420559129,13.6522479510915,9.98420880306351,14.3888776410185,6.90448282314663,5.39425512878639
"AENJPLPP_00186",250.577227391915,252.968123799637,256.517364632555,68.7468598404219,62.1403454083197,74.4407207772521
"AENJPLPP_00187",100.747545033863,83.5196345243245,102.914152277732,79.9382091167697,91.7309860789481,124.067867962087
"AENJPLPP_00188",19.8050729553747,28.1075693110708,36.8647709651576,22.3826985526955,17.7543844023771,19.419318463631
"AENJPLPP_00189",2.58327038548366,2.40922022666321,0.768016061774116,7.99382091167697,13.8089656462933,11.86736128333
"AENJPLPP_00190",6.02763089946188,5.62151386221415,1.53603212354823,25.5802269173663,19.727093780419,21.5770205151455
"AENJPLPP_00191",0,0,0,1.59876418233539,0.986354689020948,6.47310615454366
"AENJPLPP_00192",57.6930386091351,61.8366524843557,85.2497828569269,3.19752836467079,3.94541875608379,2.15770205151455
"AENJPLPP_00193",256.604858291377,227.269774715229,231.940850655783,1.59876418233539,7.89083751216758,5.39425512878639
"AENJPLPP_00194",142.079871201601,170.2515626842,153.603212354823,1.59876418233539,7.89083751216758,4.31540410302911
"AENJPLPP_00195",73.1926609220371,60.2305056665802,62.9773170654775,9.59258509401236,13.8089656462933,11.86736128333
"AENJPLPP_00196",90.4144634919282,88.3380749776509,77.5696222391857,51.1604538347326,59.1812813412569,46.3905941075629
"AENJPLPP_00197",43.9155965532223,31.3198629466217,58.3692206948328,31.9752836467079,29.5906406706284,29.1289776954465
"AENJPLPP_00198",15.499622312902,16.8645415866425,17.6643694208047,7.99382091167697,7.89083751216758,6.47310615454366
"AENJPLPP_00199",42.1934162962332,60.2305056665802,60.6732688801552,41.5678687407202,49.3177344510474,36.6809348757474
"AENJPLPP_00200",100.747545033863,103.596469746518,119.042489574988,108.715964398807,111.458079859367,104.648549498456
"AENJPLPP_00201",216.133622252133,138.931699737578,152.835196293049,119.907313675154,149.925912731184,171.537313095407
"AENJPLPP_00202",36.1657853967713,37.7444502177236,33.024690656287,11.1913492763478,5.91812813412569,8.63080820605822
"AENJPLPP_00203",1.72218025698911,1.60614681777547,3.84008030887058,1.59876418233539,1.9727093780419,1.07885102575728
"AENJPLPP_00204",36.1657853967713,33.7290831732849,23.8084979149976,57.5555105640742,41.4268969388798,60.4156574424075
"AENJPLPP_00205",36.1657853967713,35.3352299910604,33.024690656287,14.3888776410185,17.7543844023771,18.3404674378737
"AENJPLPP_00206",6.88872102795643,4.81844045332642,6.91214455596705,4.79629254700618,2.95906406706284,5.39425512878639
"AENJPLPP_00207",0.861090128494554,2.40922022666321,0.768016061774116,0,1.9727093780419,0
"AENJPLPP_00208",6.02763089946188,0,0,1.59876418233539,2.95906406706284,0
"AENJPLPP_00209",15.499622312902,11.2430277244283,13.05627305016,4.79629254700618,5.91812813412569,10.7885102575728
"AENJPLPP_00210",35.3046952682767,38.5475236266113,47.6169958299952,15.9876418233539,19.727093780419,16.1827653863592
"AENJPLPP_00211",30.1381544973094,23.2891288577443,29.1846103474164,11.1913492763478,18.740739091398,11.86736128333
"AENJPLPP_00212",17.2218025698911,28.1075693110708,20.7364336679011,11.1913492763478,12.8226109572723,7.55195718030094
"AENJPLPP_00213",30.999244625804,36.1383033999481,27.6485782238682,15.9876418233539,21.6998031584609,17.2616164121164
"AENJPLPP_00214",7.74981115645099,9.63688090665283,7.68016061774116,9.59258509401236,0.986354689020948,4.31540410302911
"AENJPLPP_00215",52.5264978381678,77.0950472532226,60.6732688801552,38.3703403760494,24.6588672255237,30.2078287212038
"AENJPLPP_00216",1569.76730424557,1131.53043312282,938.51562748797,540.382293629363,459.641285083762,436.934665431697
"AENJPLPP_00217",17.2218025698911,20.0768352221934,16.1283372972564,20.7839343703601,23.6725125365027,16.1827653863592
"AENJPLPP_00218",15.499622312902,15.258394768867,10.7522248648376,12.7901134586831,6.90448282314663,7.55195718030094
"AENJPLPP_00219",1.72218025698911,4.01536704443868,4.6080963706447,0,0.986354689020948,3.23655307727183
"AENJPLPP_00220",21.5272532123639,24.8952756755198,19.968417606127,7.99382091167697,2.95906406706284,0
"AENJPLPP_00221",0.861090128494554,1.60614681777547,1.53603212354823,0,0,0
"AENJPLPP_00222",1.72218025698911,2.40922022666321,2.30404818532235,0,1.9727093780419,0
"AENJPLPP_00223",5.16654077096733,3.21229363555094,1.53603212354823,1.59876418233539,1.9727093780419,3.23655307727183
"AENJPLPP_00224",1.72218025698911,0.803073408887736,0.768016061774116,0,0,0
"AENJPLPP_00225",6.88872102795643,10.4399543155406,9.98420880306351,7.99382091167697,11.8362562682514,5.39425512878639
"AENJPLPP_00226",8.61090128494554,7.22766067998962,13.05627305016,0,6.90448282314663,7.55195718030094
"AENJPLPP_00227",43.9155965532223,49.7905513510396,50.6890600770917,36.771576193714,30.5769953596494,31.286679746961
"AENJPLPP_00228",6.88872102795643,8.03073408887736,8.44817667951528,4.79629254700618,4.93177344510474,4.31540410302911
"AENJPLPP_00229",7.74981115645099,4.01536704443868,4.6080963706447,1.59876418233539,4.93177344510474,8.63080820605822
"AENJPLPP_00230",278.993201632236,286.697206972922,250.373236138362,70.3456240227573,65.0994094753826,62.5733594939221
"AENJPLPP_00231",0,2.40922022666321,0,0,0,0
"AENJPLPP_00232",0,0,0,0,0,0
"AENJPLPP_00233",9.4719914134401,5.62151386221415,16.1283372972564,11.1913492763478,14.7953203353142,14.0250633348446
"AENJPLPP_00234",2.58327038548366,3.21229363555094,6.91214455596705,4.79629254700618,8.87719220118853,10.7885102575728
"AENJPLPP_00235",33.5825150112876,24.0922022666321,37.6327870269317,36.771576193714,28.6042859816075,20.4981694893883
"AENJPLPP_00236",19.8050729553747,41.7598172621623,26.8805621620941,15.9876418233539,27.6179312925865,24.8135735924174
"AENJPLPP_00237",45.6377768102114,29.7137161288462,26.1125461003199,20.7839343703601,21.6998031584609,18.3404674378737
"AENJPLPP_00238",131.746789659667,113.233350653171,99.8420880306351,52.759218017068,49.3177344510474,44.2328920560484
"AENJPLPP_00239",21.5272532123639,18.4706884044179,26.1125461003199,44.765397105391,44.3859610059427,31.286679746961
"AENJPLPP_00240",23.249433469353,28.1075693110708,34.5607227798352,43.1666329230556,62.1403454083197,53.9425512878639
"AENJPLPP_00241",37.8879656537604,43.3659640799377,44.5449315828987,47.9629254700618,39.4541875608379,47.4694451333202
"AENJPLPP_00242",3.44436051397822,7.22766067998962,6.91214455596705,15.9876418233539,19.727093780419,12.9462123090873
"AENJPLPP_00243",4.30545064247277,5.62151386221415,4.6080963706447,7.99382091167697,14.7953203353142,12.9462123090873
"AENJPLPP_00244",16.3607124413965,12.8491745422038,11.5202409266117,43.1666329230556,58.1949266522359,80.9138269317958
"AENJPLPP_00245",16.3607124413965,24.0922022666321,24.5765139767717,71.9443882050927,87.7855673228644,72.2830187257376
"AENJPLPP_00246",34.4436051397822,24.8952756755198,29.9526264091905,54.3579821994034,63.1267000973407,69.0464656484657
"AENJPLPP_00247",1.72218025698911,1.60614681777547,2.30404818532235,0,1.9727093780419,1.07885102575728
"AENJPLPP_00248",31.8603347542985,28.1075693110708,25.3445300385458,46.3641612877264,60.1676360302778,53.9425512878639
"AENJPLPP_00249",18.9439828268802,14.4553213599792,19.968417606127,35.1728120113787,47.3450250730055,36.6809348757474
"AENJPLPP_00250",0,0,0,0,0,0
"AENJPLPP_00251",8.61090128494554,12.8491745422038,10.7522248648376,7.99382091167697,5.91812813412569,7.55195718030094
"AENJPLPP_00252",0,0,0,1.59876418233539,0,0
"AENJPLPP_00253",2.58327038548366,2.40922022666321,3.84008030887058,7.99382091167697,5.91812813412569,2.15770205151455
"AENJPLPP_00254",12.9163519274183,11.2430277244283,5.37611243241881,9.59258509401236,13.8089656462933,7.55195718030094
"AENJPLPP_00255",11.1941716704292,14.4553213599792,13.05627305016,6.39505672934157,7.89083751216758,3.23655307727183
"AENJPLPP_00256",2.58327038548366,1.60614681777547,3.84008030887058,0,3.94541875608379,1.07885102575728
"AENJPLPP_00257",6.88872102795643,4.81844045332642,6.91214455596705,1.59876418233539,0.986354689020948,3.23655307727183
"AENJPLPP_00258",34.4436051397822,29.7137161288462,23.0404818532235,22.3826985526955,24.6588672255237,23.7347225666601
"AENJPLPP_00259",29.2770643688148,32.1229363555094,24.5765139767717,15.9876418233539,20.7134484694399,14.0250633348446
"AENJPLPP_00260",22.3883433408584,19.2737618133057,23.8084979149976,33.5740478290433,26.6315766035656,34.5232328242329
"AENJPLPP_00261",27.5548841118257,28.1075693110708,14.5923051737082,17.5864060056893,19.727093780419,21.5770205151455
"AENJPLPP_00262",58.5541287376297,53.8059183954783,56.0651725095105,46.3641612877264,52.2767985181102,39.9174879530193
"AENJPLPP_00263",8.61090128494554,9.63688090665283,6.14412849419293,1.59876418233539,3.94541875608379,1.07885102575728
"AENJPLPP_00264",5.16654077096733,4.01536704443868,2.30404818532235,1.59876418233539,0.986354689020948,0
"AENJPLPP_00265",3.44436051397822,8.03073408887736,6.14412849419293,4.79629254700618,5.91812813412569,1.07885102575728
"AENJPLPP_00266",17.2218025698911,8.8338074977651,6.14412849419293,31.9752836467079,39.4541875608379,58.257955390893
"AENJPLPP_00267",7.74981115645099,7.22766067998962,9.21619274128939,3.19752836467079,3.94541875608379,7.55195718030094
"AENJPLPP_00268",6.02763089946188,4.01536704443868,2.30404818532235,11.1913492763478,12.8226109572723,14.0250633348446
"AENJPLPP_00269",3.44436051397822,0.803073408887736,1.53603212354823,1.59876418233539,0,0
"AENJPLPP_00270",12.0552617989238,6.42458727110189,13.05627305016,11.1913492763478,8.87719220118853,10.7885102575728
"AENJPLPP_00271",0,2.40922022666321,0.768016061774116,1.59876418233539,0,0
"AENJPLPP_00272",7.74981115645099,8.03073408887736,3.84008030887058,9.59258509401236,2.95906406706284,0
"AENJPLPP_00273",13.7774420559129,11.2430277244283,7.68016061774116,6.39505672934157,2.95906406706284,5.39425512878639
"AENJPLPP_00274",0,0,0,3.19752836467079,0.986354689020948,0
"AENJPLPP_00275",3.44436051397822,1.60614681777547,1.53603212354823,12.7901134586831,5.91812813412569,4.31540410302911
"AENJPLPP_00276",34.4436051397822,38.5475236266113,34.5607227798352,33.5740478290433,28.6042859816075,28.0501266696892
"AENJPLPP_00277",11.1941716704292,12.046101133316,16.8963533590306,4.79629254700618,3.94541875608379,4.31540410302911
"AENJPLPP_00278",10.3330815419347,8.8338074977651,9.21619274128939,41.5678687407202,38.467832871817,46.3905941075629
"AENJPLPP_00279",2.58327038548366,1.60614681777547,3.07206424709646,7.99382091167697,10.8499015792304,6.47310615454366
"AENJPLPP_00280",0,0.803073408887736,0,3.19752836467079,0,2.15770205151455
"AENJPLPP_00281",3.44436051397822,2.40922022666321,7.68016061774116,12.7901134586831,9.86354689020948,9.7096592318155
"AENJPLPP_00282",20.6661630838693,29.7137161288462,19.968417606127,89.530794210782,60.1676360302778,58.257955390893
"AENJPLPP_00283",0,0.803073408887736,1.53603212354823,0,0,0
"AENJPLPP_00284",20.6661630838693,16.0614681777547,22.2724657914494,55.9567463817388,21.6998031584609,36.6809348757474
"AENJPLPP_00285",42.1934162962332,41.7598172621623,42.2408833975764,115.111021128148,79.8947298106968,84.1503800090676
"AENJPLPP_00286",10.3330815419347,6.42458727110189,9.98420880306351,23.9814627350309,24.6588672255237,20.4981694893883
"AENJPLPP_00287",2.58327038548366,6.42458727110189,8.44817667951528,4.79629254700618,3.94541875608379,7.55195718030094
"AENJPLPP_00288",0.861090128494554,1.60614681777547,0,0,0.986354689020948,0
"AENJPLPP_00289",0,0.803073408887736,0,0,0,1.07885102575728
"AENJPLPP_00290",0,0,0,0,0,0
"AENJPLPP_00291",0.861090128494554,0.803073408887736,1.53603212354823,0,0,0
"AENJPLPP_00292",1.72218025698911,1.60614681777547,0,0,0,0
"AENJPLPP_00293",0,0,0.768016061774116,0,0,0
"AENJPLPP_00294",0,0,0,0,0.986354689020948,0
"AENJPLPP_00295",0,0,0.768016061774116,0,0,0
"AENJPLPP_00296",0,0,0,0,0,0
"AENJPLPP_00297",0,0,0,0,0,0
"AENJPLPP_00298",0.861090128494554,3.21229363555094,0.768016061774116,4.79629254700618,0.986354689020948,1.07885102575728
"AENJPLPP_00299",1.72218025698911,6.42458727110189,3.84008030887058,1.59876418233539,0,3.23655307727183
"AENJPLPP_00300",0,0,0.768016061774116,0,0,0
"AENJPLPP_00301",24.9716137263421,12.8491745422038,18.4323854825788,14.3888776410185,10.8499015792304,22.6558715409028
"AENJPLPP_00302",24.1105235978475,17.6676149955302,23.0404818532235,19.1851701880247,39.4541875608379,30.2078287212038
"AENJPLPP_00303",1.72218025698911,0,1.53603212354823,14.3888776410185,8.87719220118853,6.47310615454366
"AENJPLPP_00304",3.44436051397822,5.62151386221415,3.07206424709646,6.39505672934157,5.91812813412569,9.7096592318155
"AENJPLPP_00305",7.74981115645099,16.8645415866425,7.68016061774116,43.1666329230556,24.6588672255237,35.6020838499901
"AENJPLPP_00306",0,1.60614681777547,1.53603212354823,4.79629254700618,2.95906406706284,7.55195718030094
"AENJPLPP_00308",0.861090128494554,0,0.768016061774116,12.7901134586831,13.8089656462933,35.6020838499901
"AENJPLPP_00309",0,0,0.768016061774116,4.79629254700618,14.7953203353142,11.86736128333
"AENJPLPP_00310",4.30545064247277,3.21229363555094,3.84008030887058,111.913492763478,115.403498615451,118.6736128333
"AENJPLPP_00311",5.16654077096733,4.81844045332642,8.44817667951528,46.3641612877264,78.9083751216758,46.3905941075629
"AENJPLPP_00312",1.72218025698911,0,0.768016061774116,7.99382091167697,5.91812813412569,5.39425512878639
"AENJPLPP_00313",14.6385321844074,14.4553213599792,12.2882569883859,134.296191316173,110.471725170346,133.777527193902
"AENJPLPP_00314",3.44436051397822,3.21229363555094,3.07206424709646,225.42574970929,179.516553401813,182.32582335298
"AENJPLPP_00315",2.58327038548366,4.81844045332642,1.53603212354823,33.5740478290433,47.3450250730055,28.0501266696892
"AENJPLPP_00316",15.499622312902,12.046101133316,16.1283372972564,123.104842039825,165.707587755519,144.566037451475
"AENJPLPP_00317",21.5272532123639,27.304495902183,25.3445300385458,15.9876418233539,21.6998031584609,11.86736128333
"AENJPLPP_00318",2.58327038548366,3.21229363555094,3.07206424709646,1.59876418233539,1.9727093780419,0
"AENJPLPP_00319",2.58327038548366,1.60614681777547,0.768016061774116,3.19752836467079,1.9727093780419,3.23655307727183
"AENJPLPP_00320",7.74981115645099,3.21229363555094,4.6080963706447,4.79629254700618,2.95906406706284,4.31540410302911
"AENJPLPP_00321",0,0,0.768016061774116,0,0,0
"AENJPLPP_00322",8.61090128494554,11.2430277244283,10.7522248648376,89.530794210782,89.7582767009063,103.569698472699
"AENJPLPP_00323",6.02763089946188,6.42458727110189,9.21619274128939,60.7530389287449,67.0721188534245,59.3368064166502
"AENJPLPP_00324",14.6385321844074,8.03073408887736,9.98420880306351,102.320907669465,128.226109572723,126.225570013601
"AENJPLPP_00325",1.72218025698911,5.62151386221415,2.30404818532235,12.7901134586831,12.8226109572723,6.47310615454366
"AENJPLPP_00326",0,0.803073408887736,0,0,0,0
"AENJPLPP_00327",27.5548841118257,15.258394768867,15.3603212354823,135.894955498508,99.6218235911157,83.0715289833103
"AENJPLPP_00328",53.3875879666624,54.608991804366,52.993108262414,244.610919897315,198.257292493211,181.246972327223
"AENJPLPP_00329",5.16654077096733,4.81844045332642,3.84008030887058,4.79629254700618,2.95906406706284,8.63080820605822
"AENJPLPP_00330",1.72218025698911,3.21229363555094,4.6080963706447,6.39505672934157,1.9727093780419,3.23655307727183
"AENJPLPP_00331",66.3039398940807,76.2919738443349,69.1214455596704,11.1913492763478,5.91812813412569,9.7096592318155
"AENJPLPP_00332",9.4719914134401,4.01536704443868,3.07206424709646,0,3.94541875608379,0
"AENJPLPP_00333",9.4719914134401,8.8338074977651,6.14412849419293,3.19752836467079,3.94541875608379,4.31540410302911
"AENJPLPP_00334",52.5264978381678,43.3659640799377,37.6327870269317,19.1851701880247,9.86354689020948,20.4981694893883
"AENJPLPP_00335",2.58327038548366,4.01536704443868,4.6080963706447,0,0,0
"AENJPLPP_00336",612.235081359628,562.151386221415,467.721781620437,540.382293629363,407.364486565651,418.594197993824
"AENJPLPP_00337",3.44436051397822,10.4399543155406,6.14412849419293,0,0.986354689020948,7.55195718030094
"AENJPLPP_00338",14.6385321844074,15.258394768867,13.05627305016,20.7839343703601,39.4541875608379,26.9712756439319
"AENJPLPP_00339",756.898222946713,777.375059803328,799.504720306855,1002.42514232429,1240.83419878835,1267.6499552648
"AENJPLPP_00340",48.221047195695,49.7905513510396,37.6327870269317,94.3270867577882,82.8537938777596,79.8349759060385
"AENJPLPP_00341",55.970858352146,57.821285439917,53.7611243241881,105.518436034136,61.1539907192988,67.9676146227085
"AENJPLPP_00342",11.1941716704292,14.4553213599792,18.4323854825788,22.3826985526955,33.5360594267122,25.8924246181747
"AENJPLPP_00343",1.72218025698911,3.21229363555094,0,0,0,0
"AENJPLPP_00344",71.470480665048,87.5350015687632,97.5380398453127,1.59876418233539,5.91812813412569,4.31540410302911
"AENJPLPP_00345",68.8872102795643,114.036424062059,100.610104092409,1.59876418233539,3.94541875608379,6.47310615454366
"AENJPLPP_00346",5.16654077096733,8.03073408887736,5.37611243241881,6.39505672934157,0,0
"AENJPLPP_00347",9.4719914134401,12.8491745422038,16.8963533590306,11.1913492763478,6.90448282314663,11.86736128333
"AENJPLPP_00348",6.02763089946188,6.42458727110189,5.37611243241881,1.59876418233539,3.94541875608379,3.23655307727183
"AENJPLPP_00349",29.2770643688148,30.516789537734,22.2724657914494,44.765397105391,19.727093780419,17.2616164121164
"AENJPLPP_00350",18.0828926983856,16.8645415866425,15.3603212354823,7.99382091167697,7.89083751216758,14.0250633348446
"AENJPLPP_00351",3.44436051397822,5.62151386221415,3.07206424709646,3.19752836467079,0.986354689020948,1.07885102575728
"AENJPLPP_00352",24.9716137263421,25.6983490844075,37.6327870269317,12.7901134586831,14.7953203353142,9.7096592318155
"AENJPLPP_00353",23.249433469353,29.7137161288462,27.6485782238682,9.59258509401236,20.7134484694399,16.1827653863592
"AENJPLPP_00354",3.44436051397822,4.01536704443868,3.07206424709646,6.39505672934157,5.91812813412569,6.47310615454366
"AENJPLPP_00355",0.861090128494554,0,0,0,0.986354689020948,5.39425512878639
"AENJPLPP_00356",0,0.803073408887736,2.30404818532235,0,6.90448282314663,5.39425512878639
"AENJPLPP_00357",2.58327038548366,2.40922022666321,1.53603212354823,1.59876418233539,0.986354689020948,5.39425512878639
"AENJPLPP_00358",12.9163519274183,9.63688090665283,8.44817667951528,22.3826985526955,19.727093780419,18.3404674378737
"AENJPLPP_00359",63.720669508597,48.1844045332642,49.9210440153175,54.3579821994034,30.5769953596494,35.6020838499901
"AENJPLPP_00360",17.2218025698911,20.8799086310811,16.1283372972564,17.5864060056893,7.89083751216758,15.1039143606019
"AENJPLPP_00361",13.7774420559129,12.8491745422038,11.5202409266117,7.99382091167697,8.87719220118853,9.7096592318155
"AENJPLPP_00362",36.1657853967713,53.0028449865906,65.2813652507999,6.39505672934157,16.7680297133561,14.0250633348446
"AENJPLPP_00363",34.4436051397822,41.7598172621623,41.4728673358023,31.9752836467079,36.4951234937751,34.5232328242329
"AENJPLPP_00364",29.2770643688148,35.3352299910604,43.7769155211246,54.3579821994034,38.467832871817,52.8637002621066
"AENJPLPP_00365",29.2770643688148,29.7137161288462,37.6327870269317,49.5616896523972,55.2358625851731,45.3117430818056
"AENJPLPP_00366",10.3330815419347,8.03073408887736,9.21619274128939,20.7839343703601,12.8226109572723,16.1827653863592
"AENJPLPP_00367",7.74981115645099,8.03073408887736,10.7522248648376,11.1913492763478,10.8499015792304,10.7885102575728
"AENJPLPP_00368",13.7774420559129,11.2430277244283,9.21619274128939,3.19752836467079,6.90448282314663,7.55195718030094
"AENJPLPP_00369",30.999244625804,24.0922022666321,29.1846103474164,15.9876418233539,15.7816750243352,10.7885102575728
"AENJPLPP_00370",22.3883433408584,22.4860554488566,29.1846103474164,11.1913492763478,4.93177344510474,6.47310615454366
"AENJPLPP_00371",31.8603347542985,20.0768352221934,36.0967549033835,14.3888776410185,12.8226109572723,14.0250633348446
"AENJPLPP_00372",78.3592016930044,71.4735333910085,72.961525868541,35.1728120113787,43.3996063169217,31.286679746961
"AENJPLPP_00373",37.8879656537604,38.5475236266113,43.7769155211246,20.7839343703601,19.727093780419,11.86736128333
"AENJPLPP_00374",8.61090128494554,4.81844045332642,3.07206424709646,0,0.986354689020948,2.15770205151455
"AENJPLPP_00375",19.8050729553747,20.0768352221934,26.1125461003199,22.3826985526955,36.4951234937751,28.0501266696892
"AENJPLPP_00376",19.8050729553747,23.2891288577443,16.1283372972564,30.3765194643725,31.5633500486703,37.7597859015047
"AENJPLPP_00377",4.30545064247277,5.62151386221415,6.91214455596705,0,0,1.07885102575728
"AENJPLPP_00378",3.44436051397822,3.21229363555094,5.37611243241881,3.19752836467079,0,2.15770205151455
"AENJPLPP_00379",8.61090128494554,6.42458727110189,6.14412849419293,4.79629254700618,1.9727093780419,0
"AENJPLPP_00380",30.1381544973094,44.9721108977132,58.3692206948328,6.39505672934157,7.89083751216758,9.7096592318155
"AENJPLPP_00381",0.861090128494554,0.803073408887736,2.30404818532235,0,0.986354689020948,0
"AENJPLPP_00382",104.191905547841,98.7780292931915,96.7700237835386,14.3888776410185,23.6725125365027,20.4981694893883
"AENJPLPP_00383",61.9984892516079,85.1257813421,74.4975579920893,14.3888776410185,17.7543844023771,19.419318463631
"AENJPLPP_00384",24.9716137263421,20.8799086310811,23.8084979149976,6.39505672934157,7.89083751216758,15.1039143606019
"AENJPLPP_00385",48.221047195695,57.0182120310293,55.2971564477364,41.5678687407202,60.1676360302778,76.5984228287667
"AENJPLPP_00386",208.383811095682,203.980645857485,189.699967258207,569.1600489114,445.832319437468,459.5905369726
"AENJPLPP_00387",12.0552617989238,8.03073408887736,4.6080963706447,23.9814627350309,15.7816750243352,20.4981694893883
"AENJPLPP_00388",17.2218025698911,15.258394768867,13.8242891119341,59.1542747464095,46.3586703839845,55.0214023136211
"AENJPLPP_00389",65.4428497655861,73.8827536176717,57.6012046330587,142.29001222785,112.444434548388,113.279357704514
"AENJPLPP_00390",86.97010297795,70.6704599821208,92.1619274128939,270.191146814681,226.861578474818,227.637566434785
"AENJPLPP_00391",9.4719914134401,12.046101133316,15.3603212354823,19.1851701880247,18.740739091398,19.419318463631
"AENJPLPP_00392",3.44436051397822,8.8338074977651,3.84008030887058,135.894955498508,126.253400194681,138.092931296931
"AENJPLPP_00393",10.3330815419347,13.6522479510915,22.2724657914494,79.9382091167697,60.1676360302778,62.5733594939221
"AENJPLPP_00394",4.30545064247277,5.62151386221415,3.84008030887058,17.5864060056893,16.7680297133561,11.86736128333
"AENJPLPP_00395",1.72218025698911,0,0.768016061774116,0,0,0
"AENJPLPP_00396",0.861090128494554,0,0,0,0,0
"AENJPLPP_00397",0,0,0,0,0,0
"AENJPLPP_00398",4.30545064247277,0.803073408887736,0,3.19752836467079,0.986354689020948,1.07885102575728
"AENJPLPP_00399",5.16654077096733,4.01536704443868,3.84008030887058,1.59876418233539,2.95906406706284,8.63080820605822
"AENJPLPP_00400",3.44436051397822,1.60614681777547,3.84008030887058,1.59876418233539,0.986354689020948,0
"AENJPLPP_00401",3.44436051397822,2.40922022666321,2.30404818532235,0,2.95906406706284,2.15770205151455
"AENJPLPP_00402",69.7483004080589,63.4427993021311,58.3692206948328,59.1542747464095,38.467832871817,46.3905941075629
"AENJPLPP_00403",18.9439828268802,20.0768352221934,17.6643694208047,15.9876418233539,10.8499015792304,8.63080820605822
"AENJPLPP_00404",6.02763089946188,8.03073408887736,10.7522248648376,14.3888776410185,6.90448282314663,6.47310615454366
"AENJPLPP_00405",48.221047195695,51.3966981688151,47.6169958299952,19.1851701880247,18.740739091398,21.5770205151455
"AENJPLPP_00406",249.716137263421,225.663627897454,183.555838764014,246.209684079651,208.12083938342,193.114333610553
"AENJPLPP_00407",6.88872102795643,10.4399543155406,4.6080963706447,1.59876418233539,0.986354689020948,1.07885102575728
"AENJPLPP_00408",37.0268755252658,38.5475236266113,53.7611243241881,12.7901134586831,14.7953203353142,16.1827653863592
"AENJPLPP_00409",6.02763089946188,5.62151386221415,5.37611243241881,0,2.95906406706284,6.47310615454366
"AENJPLPP_00410",7.74981115645099,9.63688090665283,4.6080963706447,47.9629254700618,76.9356657436339,93.8600392408831
"AENJPLPP_00411",2.58327038548366,0.803073408887736,0.768016061774116,0,0,2.15770205151455
"AENJPLPP_00412",4.30545064247277,4.01536704443868,3.84008030887058,6.39505672934157,1.9727093780419,3.23655307727183
"AENJPLPP_00413",0,3.21229363555094,3.84008030887058,1.59876418233539,0,1.07885102575728
"AENJPLPP_00414",7.74981115645099,6.42458727110189,2.30404818532235,9.59258509401236,3.94541875608379,4.31540410302911
"AENJPLPP_00415",1.72218025698911,0.803073408887736,5.37611243241881,3.19752836467079,2.95906406706284,2.15770205151455
"AENJPLPP_00416",0.861090128494554,0,0,0,0,0
"AENJPLPP_00417",28.4159742403203,23.2891288577443,19.2004015443529,25.5802269173663,49.3177344510474,48.5482961590775
"AENJPLPP_00418",2.58327038548366,0.803073408887736,0.768016061774116,0,2.95906406706284,2.15770205151455
"AENJPLPP_00419",0,0,2.30404818532235,1.59876418233539,0,1.07885102575728
"AENJPLPP_00420",2.58327038548366,1.60614681777547,3.07206424709646,1.59876418233539,1.9727093780419,2.15770205151455
"AENJPLPP_00421",69.7483004080589,49.7905513510396,61.4412849419293,15.9876418233539,24.6588672255237,18.3404674378737
"AENJPLPP_00422",8.61090128494554,4.01536704443868,4.6080963706447,12.7901134586831,6.90448282314663,11.86736128333
"AENJPLPP_00423",46.4988669387059,36.9413768088358,29.9526264091905,33.5740478290433,31.5633500486703,38.838636927262
"AENJPLPP_00424",5.16654077096733,13.6522479510915,9.98420880306351,1.59876418233539,8.87719220118853,6.47310615454366
"AENJPLPP_00425",2.58327038548366,4.81844045332642,0.768016061774116,20.7839343703601,20.7134484694399,19.419318463631
"AENJPLPP_00426",6.88872102795643,5.62151386221415,7.68016061774116,47.9629254700618,43.3996063169217,58.257955390893
"AENJPLPP_00427",43.0545064247277,46.5782577154887,46.080963706447,155.080125686533,187.40739091398,210.375950022669
"AENJPLPP_00428",3.44436051397822,5.62151386221415,3.07206424709646,6.39505672934157,5.91812813412569,14.0250633348446
"AENJPLPP_00429",0,0,0.768016061774116,0,0.986354689020948,0
"AENJPLPP_00430",116.247167346765,114.036424062059,126.722650192729,127.901134586831,159.789459621394,160.748802837834
"AENJPLPP_00431",92.9977338774118,83.5196345243245,77.5696222391857,83.1357374814404,78.9083751216758,75.5195718030094
"AENJPLPP_00432",8.61090128494554,12.046101133316,15.3603212354823,7.99382091167697,6.90448282314663,14.0250633348446
"AENJPLPP_00433",16.3607124413965,12.8491745422038,14.5923051737082,14.3888776410185,12.8226109572723,15.1039143606019
"AENJPLPP_00434",3.44436051397822,2.40922022666321,3.84008030887058,4.79629254700618,7.89083751216758,18.3404674378737
"AENJPLPP_00435",10.3330815419347,15.258394768867,17.6643694208047,22.3826985526955,18.740739091398,19.419318463631
"AENJPLPP_00436",12.0552617989238,17.6676149955302,9.21619274128939,27.1789910997017,16.7680297133561,31.286679746961
"AENJPLPP_00437",1.72218025698911,2.40922022666321,0,3.19752836467079,0.986354689020948,4.31540410302911
"AENJPLPP_00438",4.30545064247277,4.01536704443868,2.30404818532235,7.99382091167697,10.8499015792304,18.3404674378737
"AENJPLPP_00439",30.1381544973094,24.0922022666321,26.1125461003199,89.530794210782,86.7992126338434,143.487186425718
"AENJPLPP_00440",9.4719914134401,4.01536704443868,4.6080963706447,14.3888776410185,21.6998031584609,33.4443817984756
"AENJPLPP_00441",11.1941716704292,8.03073408887736,9.98420880306351,17.5864060056893,18.740739091398,31.286679746961
"AENJPLPP_00442",3.44436051397822,5.62151386221415,3.07206424709646,9.59258509401236,16.7680297133561,12.9462123090873
"AENJPLPP_00443",3.44436051397822,5.62151386221415,4.6080963706447,9.59258509401236,9.86354689020948,21.5770205151455
"AENJPLPP_00444",6.88872102795643,14.4553213599792,3.84008030887058,14.3888776410185,16.7680297133561,23.7347225666601
"AENJPLPP_00445",63.720669508597,53.8059183954783,49.1530279535434,55.9567463817388,61.1539907192988,67.9676146227085
"AENJPLPP_00446",14.6385321844074,14.4553213599792,6.14412849419293,19.1851701880247,21.6998031584609,18.3404674378737
"AENJPLPP_00447",0.861090128494554,8.03073408887736,11.5202409266117,6.39505672934157,6.90448282314663,11.86736128333
"AENJPLPP_00448",6.02763089946188,5.62151386221415,4.6080963706447,9.59258509401236,8.87719220118853,3.23655307727183
"AENJPLPP_00449",18.9439828268802,28.1075693110708,23.0404818532235,163.07394659821,199.243647182231,198.508588739339
"AENJPLPP_00450",23.249433469353,34.5321565821726,24.5765139767717,12.7901134586831,9.86354689020948,16.1827653863592
"AENJPLPP_00451",19.8050729553747,12.8491745422038,12.2882569883859,20.7839343703601,26.6315766035656,23.7347225666601
"AENJPLPP_00452",498.571184398347,468.19179738155,380.935966639962,743.425344785958,478.38202417516,491.956067745318
"AENJPLPP_00453",43.9155965532223,42.56289067105,47.6169958299952,36.771576193714,40.4405422498589,38.838636927262
"AENJPLPP_00454",37.0268755252658,37.7444502177236,38.4008030887058,38.3703403760494,40.4405422498589,30.2078287212038
"AENJPLPP_00455",196.328549296758,174.266929728639,196.612111814174,49.5616896523972,52.2767985181102,53.9425512878639
"AENJPLPP_00456",16.3607124413965,14.4553213599792,13.05627305016,6.39505672934157,4.93177344510474,3.23655307727183
"AENJPLPP_00457",77.4981115645099,76.2919738443349,81.4097025480563,35.1728120113787,38.467832871817,35.6020838499901
"AENJPLPP_00458",43.0545064247277,36.9413768088358,34.5607227798352,31.9752836467079,48.3313797620264,32.3655307727183
"AENJPLPP_00459",3.44436051397822,4.81844045332642,0.768016061774116,6.39505672934157,10.8499015792304,18.3404674378737
"AENJPLPP_00460",55.1097682236515,54.608991804366,28.4165942856423,38.3703403760494,21.6998031584609,20.4981694893883
"AENJPLPP_00461",4.30545064247277,6.42458727110189,1.53603212354823,3.19752836467079,0.986354689020948,1.07885102575728
"AENJPLPP_00462",2.58327038548366,0,1.53603212354823,0,0,2.15770205151455
"AENJPLPP_00463",0,0,0,0,0.986354689020948,1.07885102575728
"AENJPLPP_00464",11.1941716704292,11.2430277244283,11.5202409266117,7.99382091167697,9.86354689020948,11.86736128333
"AENJPLPP_00465",39.6101459107495,42.56289067105,37.6327870269317,62.3518031110803,58.1949266522359,42.0751900045338
"AENJPLPP_00466",104.191905547841,159.008534959772,127.490666254503,84.7345016637758,87.7855673228644,92.7811882151258
"AENJPLPP_00467",35.3046952682767,27.304495902183,38.4008030887058,25.5802269173663,25.6452219145446,40.9963389787765
"AENJPLPP_00468",14.6385321844074,15.258394768867,15.3603212354823,14.3888776410185,6.90448282314663,11.86736128333
"AENJPLPP_00469",64.5817596370916,46.5782577154887,52.993108262414,35.1728120113787,26.6315766035656,36.6809348757474
"AENJPLPP_00470",234.216514950519,238.512802439658,222.724657914494,131.098662951502,132.171528328807,125.146718987844
"AENJPLPP_00471",0.861090128494554,0,0.768016061774116,0,0,1.07885102575728
"AENJPLPP_00472",38.7490557822549,21.6829820399689,20.7364336679011,20.7839343703601,9.86354689020948,12.9462123090873
"AENJPLPP_00473",12.0552617989238,16.0614681777547,18.4323854825788,36.771576193714,32.5497047376913,24.8135735924174
"AENJPLPP_00474",10.3330815419347,14.4553213599792,6.91214455596705,7.99382091167697,8.87719220118853,8.63080820605822
"AENJPLPP_00475",256.604858291377,240.922022666321,206.596320617237,586.746454917089,439.914191303343,414.278793890794
"AENJPLPP_00476",5.16654077096733,2.40922022666321,1.53603212354823,0,0.986354689020948,2.15770205151455
"AENJPLPP_00477",2.58327038548366,2.40922022666321,2.30404818532235,4.79629254700618,7.89083751216758,14.0250633348446
"AENJPLPP_00478",35.3046952682767,43.3659640799377,36.8647709651576,52.759218017068,81.8674391887387,75.5195718030094
"AENJPLPP_00479",5.16654077096733,5.62151386221415,4.6080963706447,0,4.93177344510474,5.39425512878639
"AENJPLPP_00480",26.6937939833312,20.0768352221934,19.2004015443529,75.1419165697635,88.7719220118853,81.9926779575531
"AENJPLPP_00481",8.61090128494554,10.4399543155406,8.44817667951528,7.99382091167697,3.94541875608379,8.63080820605822
"AENJPLPP_00482",207.522720967188,233.694361986331,219.652593667397,319.752836467079,274.206603547823,269.712756439319
"AENJPLPP_00483",114.524987089776,121.264084742048,132.098762625148,334.141714108097,354.10133335852,349.547732345358
"AENJPLPP_00484",10.3330815419347,9.63688090665283,5.37611243241881,3.19752836467079,8.87719220118853,7.55195718030094
"AENJPLPP_00485",56.8319484806406,44.1690374888255,39.936835212254,17.5864060056893,54.2495078961521,42.0751900045338
"AENJPLPP_00486",81.8035622069826,81.9134877065491,69.1214455596704,14.3888776410185,19.727093780419,30.2078287212038
"AENJPLPP_00487",66.3039398940807,34.5321565821726,44.5449315828987,15.9876418233539,13.8089656462933,23.7347225666601
"AENJPLPP_00488",89.5533733634336,106.808763382069,94.4659755982163,70.3456240227573,67.0721188534245,73.3618697514949
"AENJPLPP_00489",14.6385321844074,13.6522479510915,19.968417606127,15.9876418233539,26.6315766035656,22.6558715409028
"AENJPLPP_00490",12.9163519274183,15.258394768867,14.5923051737082,17.5864060056893,16.7680297133561,20.4981694893883
"AENJPLPP_00491",12.0552617989238,13.6522479510915,19.968417606127,4.79629254700618,8.87719220118853,7.55195718030094
"AENJPLPP_00492",19.8050729553747,29.7137161288462,27.6485782238682,83.1357374814404,78.9083751216758,53.9425512878639
"AENJPLPP_00493",73.1926609220371,57.821285439917,73.7295419303152,25.5802269173663,34.5224141157332,23.7347225666601
"AENJPLPP_00494",43.0545064247277,44.1690374888255,50.6890600770917,223.826985526955,231.793351919923,221.164460280242
"AENJPLPP_00495",33.5825150112876,50.5936247599274,48.3850118917693,9.59258509401236,7.89083751216758,7.55195718030094
"AENJPLPP_00496",0.861090128494554,0.803073408887736,0,0,0.986354689020948,0
"AENJPLPP_00497",16.3607124413965,16.0614681777547,6.91214455596705,36.771576193714,31.5633500486703,28.0501266696892
"AENJPLPP_00498",117.108257475259,103.596469746518,74.4975579920893,11.1913492763478,17.7543844023771,21.5770205151455
"AENJPLPP_00499",30.1381544973094,18.4706884044179,28.4165942856423,12.7901134586831,6.90448282314663,5.39425512878639
"AENJPLPP_00500",45.6377768102114,48.1844045332642,49.1530279535434,11.1913492763478,13.8089656462933,18.3404674378737
"AENJPLPP_00501",110.219536447303,100.384176110967,102.914152277732,57.5555105640742,78.9083751216758,64.7310615454366
"AENJPLPP_00502",71.470480665048,54.608991804366,52.993108262414,15.9876418233539,14.7953203353142,14.0250633348446
"AENJPLPP_00503",13.7774420559129,12.046101133316,11.5202409266117,4.79629254700618,7.89083751216758,2.15770205151455
"AENJPLPP_00504",7.74981115645099,2.40922022666321,1.53603212354823,3.19752836467079,5.91812813412569,2.15770205151455
"AENJPLPP_00505",19.8050729553747,17.6676149955302,16.1283372972564,6.39505672934157,10.8499015792304,10.7885102575728
"AENJPLPP_00506",9.4719914134401,16.0614681777547,6.14412849419293,12.7901134586831,6.90448282314663,5.39425512878639
"AENJPLPP_00507",15.499622312902,16.8645415866425,19.968417606127,9.59258509401236,14.7953203353142,20.4981694893883
"AENJPLPP_00508",16.3607124413965,17.6676149955302,27.6485782238682,4.79629254700618,10.8499015792304,12.9462123090873
"AENJPLPP_00509",32.7214248827931,40.1536704443868,41.4728673358023,51.1604538347326,33.5360594267122,29.1289776954465
"AENJPLPP_00510",35.3046952682767,39.3505970354991,50.6890600770917,38.3703403760494,49.3177344510474,34.5232328242329
"AENJPLPP_00511",74.9148411790262,71.4735333910085,73.7295419303152,11.1913492763478,18.740739091398,20.4981694893883
"AENJPLPP_00512",159.301673771493,142.143993373129,158.211308725468,62.3518031110803,72.0038922985292,56.1002533393784
"AENJPLPP_00513",70.6093905365534,92.3534420220896,78.3376383009598,11.1913492763478,11.8362562682514,9.7096592318155
"AENJPLPP_00514",8.61090128494554,8.8338074977651,9.98420880306351,12.7901134586831,21.6998031584609,21.5770205151455
"AENJPLPP_00515",99.8864549053683,120.46101133316,129.026698378051,142.29001222785,170.639361200624,201.745141816611
"AENJPLPP_00516",51.6654077096732,57.821285439917,53.7611243241881,51.1604538347326,82.8537938777596,66.8887635969512
"AENJPLPP_00517",18.9439828268802,15.258394768867,18.4323854825788,15.9876418233539,23.6725125365027,25.8924246181747
"AENJPLPP_00518",0.861090128494554,1.60614681777547,1.53603212354823,1.59876418233539,0,1.07885102575728
"AENJPLPP_00519",14.6385321844074,15.258394768867,20.7364336679011,12.7901134586831,11.8362562682514,9.7096592318155
"AENJPLPP_00520",11.1941716704292,12.8491745422038,16.1283372972564,11.1913492763478,9.86354689020948,12.9462123090873
"AENJPLPP_00521",29.2770643688148,30.516789537734,22.2724657914494,20.7839343703601,21.6998031584609,19.419318463631
"AENJPLPP_00522",6.88872102795643,14.4553213599792,12.2882569883859,11.1913492763478,14.7953203353142,11.86736128333
"AENJPLPP_00523",0,2.40922022666321,0.768016061774116,6.39505672934157,3.94541875608379,6.47310615454366
"AENJPLPP_00524",135.191150173645,110.02105701762,115.202409266117,179.061588421564,127.239754883702,151.039143606019
"AENJPLPP_00525",39.6101459107495,40.1536704443868,36.0967549033835,55.9567463817388,69.0448282314663,46.3905941075629
"AENJPLPP_00527",7.74981115645099,12.8491745422038,6.91214455596705,60.7530389287449,50.3040891400683,47.4694451333202
"AENJPLPP_00528",6.02763089946188,0.803073408887736,4.6080963706447,65.5493314757511,48.3313797620264,38.838636927262
"AENJPLPP_00529",0.861090128494554,1.60614681777547,1.53603212354823,6.39505672934157,3.94541875608379,2.15770205151455
"AENJPLPP_00530",4.30545064247277,3.21229363555094,3.84008030887058,12.7901134586831,12.8226109572723,11.86736128333
"AENJPLPP_00531",6.02763089946188,4.81844045332642,8.44817667951528,81.5369732991051,53.2631532071312,57.1791043651357
"AENJPLPP_00532",19.8050729553747,13.6522479510915,15.3603212354823,17.5864060056893,10.8499015792304,6.47310615454366
"AENJPLPP_00533",1.72218025698911,0,0,15.9876418233539,11.8362562682514,18.3404674378737
"AENJPLPP_00534",1.72218025698911,1.60614681777547,1.53603212354823,14.3888776410185,13.8089656462933,9.7096592318155
"AENJPLPP_00535",17.2218025698911,16.8645415866425,16.1283372972564,25.5802269173663,23.6725125365027,28.0501266696892
"AENJPLPP_00537",3.44436051397822,7.22766067998962,6.14412849419293,3.19752836467079,7.89083751216758,9.7096592318155
"AENJPLPP_00538",15.499622312902,12.046101133316,26.1125461003199,52.759218017068,40.4405422498589,59.3368064166502
"AENJPLPP_00539",18.0828926983856,20.0768352221934,17.6643694208047,17.5864060056893,11.8362562682514,11.86736128333
"AENJPLPP_00540",37.0268755252658,32.9260097643972,29.9526264091905,33.5740478290433,24.6588672255237,32.3655307727183
"AENJPLPP_00541",80.9424720784881,63.4427993021311,76.0335901156375,65.5493314757511,84.8265032558015,83.0715289833103
"AENJPLPP_00542",28.4159742403203,23.2891288577443,30.7206424709646,43.1666329230556,20.7134484694399,25.8924246181747
"AENJPLPP_00543",3.44436051397822,4.81844045332642,8.44817667951528,6.39505672934157,12.8226109572723,6.47310615454366
"AENJPLPP_00544",72.3315707935426,34.5321565821726,55.2971564477364,30.3765194643725,26.6315766035656,29.1289776954465
"AENJPLPP_00545",76.6370214360153,80.3073408887736,71.4254937449928,102.320907669465,63.1267000973407,73.3618697514949
"AENJPLPP_00546",30.1381544973094,20.8799086310811,17.6643694208047,91.1295583931174,59.1812813412569,81.9926779575531
"AENJPLPP_00547",3.44436051397822,8.03073408887736,8.44817667951528,57.5555105640742,45.3723156949636,49.6271471848347
"AENJPLPP_00548",43.9155965532223,28.1075693110708,45.3129476446729,31.9752836467079,43.3996063169217,36.6809348757474
"AENJPLPP_00549",30.1381544973094,29.7137161288462,35.3287388416093,19.1851701880247,10.8499015792304,7.55195718030094
"AENJPLPP_00550",13.7774420559129,11.2430277244283,11.5202409266117,19.1851701880247,19.727093780419,18.3404674378737
"AENJPLPP_00551",3.44436051397822,2.40922022666321,0.768016061774116,0,0.986354689020948,1.07885102575728
"AENJPLPP_00552",3.44436051397822,0.803073408887736,3.07206424709646,0,2.95906406706284,5.39425512878639
"AENJPLPP_00553",2.58327038548366,0,2.30404818532235,1.59876418233539,2.95906406706284,1.07885102575728
"AENJPLPP_00554",1.72218025698911,0.803073408887736,1.53603212354823,1.59876418233539,0,2.15770205151455
"AENJPLPP_00555",27.5548841118257,21.6829820399689,30.7206424709646,23.9814627350309,17.7543844023771,20.4981694893883
"AENJPLPP_00556",3.44436051397822,5.62151386221415,6.91214455596705,9.59258509401236,9.86354689020948,3.23655307727183
"AENJPLPP_00557",6.88872102795643,6.42458727110189,6.91214455596705,6.39505672934157,6.90448282314663,8.63080820605822
"AENJPLPP_00558",8.61090128494554,3.21229363555094,7.68016061774116,9.59258509401236,7.89083751216758,7.55195718030094
"AENJPLPP_00559",68.8872102795643,95.5657356576406,56.8331885712846,86.3332658461112,109.485370481325,93.8600392408831
"AENJPLPP_00560",17.2218025698911,12.046101133316,17.6643694208047,25.5802269173663,15.7816750243352,22.6558715409028
"AENJPLPP_00561",98.1642746483792,110.02105701762,112.898361080795,79.9382091167697,111.458079859367,106.80625154997
"AENJPLPP_00562",95.5810042628955,101.990322928742,113.666377142569,73.5431523874281,93.70369545699,83.0715289833103
"AENJPLPP_00563",7.74981115645099,9.63688090665283,4.6080963706447,9.59258509401236,5.91812813412569,3.23655307727183
"AENJPLPP_00564",31.8603347542985,40.1536704443868,34.5607227798352,11.1913492763478,9.86354689020948,14.0250633348446
"AENJPLPP_00565",94.719914134401,110.824130426508,125.954634130955,27.1789910997017,66.0857641644035,57.1791043651357
"AENJPLPP_00566",9.4719914134401,7.22766067998962,8.44817667951528,3.19752836467079,4.93177344510474,11.86736128333
"AENJPLPP_00567",5.16654077096733,4.01536704443868,6.91214455596705,1.59876418233539,0,2.15770205151455
"AENJPLPP_00568",111.941716704292,107.611836790957,88.3218471040233,39.9691045583848,61.1539907192988,52.8637002621066
"AENJPLPP_00569",68.0261201510698,72.2766067998962,76.8016061774116,36.771576193714,60.1676360302778,44.2328920560484
"AENJPLPP_00570",61.9984892516079,65.0489461199066,64.5133491890257,33.5740478290433,32.5497047376913,37.7597859015047
"AENJPLPP_00571",97.3031845198846,89.9442217954264,94.4659755982163,22.3826985526955,35.5087688047541,24.8135735924174
"AENJPLPP_00572",6.88872102795643,2.40922022666321,3.07206424709646,6.39505672934157,9.86354689020948,7.55195718030094
"AENJPLPP_00573",22.3883433408584,18.4706884044179,19.2004015443529,23.9814627350309,32.5497047376913,21.5770205151455
"AENJPLPP_00574",0.861090128494554,0,0,0,0,0
"AENJPLPP_00575",0.861090128494554,1.60614681777547,1.53603212354823,0,0,1.07885102575728
"AENJPLPP_00576",3.44436051397822,0.803073408887736,5.37611243241881,1.59876418233539,0,0
"AENJPLPP_00577",6.88872102795643,9.63688090665283,6.14412849419293,1.59876418233539,0.986354689020948,2.15770205151455
"AENJPLPP_00578",23.249433469353,26.5014224932953,23.0404818532235,4.79629254700618,5.91812813412569,5.39425512878639
"AENJPLPP_00579",64.5817596370916,43.3659640799377,48.3850118917693,33.5740478290433,21.6998031584609,19.419318463631
"AENJPLPP_00580",7.74981115645099,7.22766067998962,8.44817667951528,418.876215771873,546.440497717605,661.335678789211
"AENJPLPP_00581",2.58327038548366,2.40922022666321,1.53603212354823,466.839141241935,650.007740064805,674.281891098298
"AENJPLPP_00582",12.0552617989238,7.22766067998962,4.6080963706447,826.561082267398,1153.04863146549,1333.45986783599
"AENJPLPP_00583",5.16654077096733,4.81844045332642,3.84008030887058,142.29001222785,192.339164359085,179.089270275708
"AENJPLPP_00584",7.74981115645099,2.40922022666321,1.53603212354823,650.697022210505,723.984341741376,839.346098039162
"AENJPLPP_00585",0,1.60614681777547,1.53603212354823,334.141714108097,433.996063169217,497.350322874105
"AENJPLPP_00586",3.44436051397822,2.40922022666321,3.84008030887058,824.962318085063,1078.0856750999,1142.50323627696
"AENJPLPP_00587",0,0,0,195.049230244918,237.711480054048,220.085609254485
"AENJPLPP_00588",0.861090128494554,0,0,67.1480956580865,30.5769953596494,40.9963389787765
"AENJPLPP_00589",2.58327038548366,1.60614681777547,2.30404818532235,452.450263600916,613.51261657103,541.583214930153
"AENJPLPP_00590",4.30545064247277,1.60614681777547,3.84008030887058,23.9814627350309,51.2904438290893,31.286679746961
"AENJPLPP_00591",25.8327038548366,15.258394768867,28.4165942856423,324.549129014085,381.719264651107,347.390030293843
"AENJPLPP_00592",13.7774420559129,16.0614681777547,18.4323854825788,209.438107885937,223.902514407755,213.612503099941
"AENJPLPP_00593",3.44436051397822,1.60614681777547,0.768016061774116,52.759218017068,63.1267000973407,53.9425512878639
"AENJPLPP_00594",30.1381544973094,32.9260097643972,46.080963706447,86.3332658461112,106.526306414262,80.9138269317958
"AENJPLPP_00595",12.0552617989238,10.4399543155406,10.7522248648376,35.1728120113787,47.3450250730055,50.705998210592
"AENJPLPP_00596",0.861090128494554,1.60614681777547,0.768016061774116,0,5.91812813412569,3.23655307727183
"AENJPLPP_00597",2.58327038548366,7.22766067998962,6.14412849419293,15.9876418233539,7.89083751216758,14.0250633348446
"AENJPLPP_00598",1.72218025698911,3.21229363555094,1.53603212354823,14.3888776410185,5.91812813412569,5.39425512878639
"AENJPLPP_00599",0,0.803073408887736,0.768016061774116,1.59876418233539,5.91812813412569,3.23655307727183
"AENJPLPP_00600",1.72218025698911,3.21229363555094,3.07206424709646,1.59876418233539,2.95906406706284,3.23655307727183
"AENJPLPP_00601",38.7490557822549,48.1844045332642,43.7769155211246,73.5431523874281,98.6354689020948,106.80625154997
"AENJPLPP_00602",22.3883433408584,21.6829820399689,26.8805621620941,47.9629254700618,38.467832871817,34.5232328242329
"AENJPLPP_00603",21.5272532123639,24.0922022666321,46.080963706447,54.3579821994034,62.1403454083197,50.705998210592
"AENJPLPP_00604",6.88872102795643,6.42458727110189,5.37611243241881,7.99382091167697,6.90448282314663,15.1039143606019
"AENJPLPP_00605",38.7490557822549,43.3659640799377,33.7927067180611,180.660352603899,158.803104932373,135.935229245417
"AENJPLPP_00606",49.0821373241896,40.9567438532745,46.080963706447,75.1419165697635,66.0857641644035,66.8887635969512
"AENJPLPP_00607",3.44436051397822,7.22766067998962,5.37611243241881,6.39505672934157,2.95906406706284,9.7096592318155
"AENJPLPP_00608",22.3883433408584,23.2891288577443,30.7206424709646,31.9752836467079,32.5497047376913,52.8637002621066
"AENJPLPP_00609",4.30545064247277,7.22766067998962,8.44817667951528,6.39505672934157,8.87719220118853,10.7885102575728
"AENJPLPP_00610",4.30545064247277,0,3.07206424709646,17.5864060056893,26.6315766035656,19.419318463631
"AENJPLPP_00611",0.861090128494554,1.60614681777547,0,4.79629254700618,3.94541875608379,2.15770205151455
"AENJPLPP_00612",8.61090128494554,4.01536704443868,3.07206424709646,0,4.93177344510474,4.31540410302911
"AENJPLPP_00613",12.0552617989238,20.0768352221934,20.7364336679011,132.697427133838,120.335272060556,107.885102575728
"AENJPLPP_00614",1.72218025698911,5.62151386221415,3.07206424709646,6.39505672934157,9.86354689020948,14.0250633348446
"AENJPLPP_00615",20.6661630838693,17.6676149955302,23.8084979149976,20.7839343703601,18.740739091398,21.5770205151455
"AENJPLPP_00616",16.3607124413965,15.258394768867,16.8963533590306,23.9814627350309,14.7953203353142,9.7096592318155
"AENJPLPP_00617",41.3323261677386,40.9567438532745,45.3129476446729,20.7839343703601,34.5224141157332,30.2078287212038
"AENJPLPP_00618",0.861090128494554,0.803073408887736,0.768016061774116,0,0,1.07885102575728
"AENJPLPP_00620",21.5272532123639,20.0768352221934,15.3603212354823,20.7839343703601,19.727093780419,14.0250633348446
"AENJPLPP_00621",25.8327038548366,20.0768352221934,31.4886585327388,43.1666329230556,34.5224141157332,33.4443817984756
"AENJPLPP_00622",11.1941716704292,12.8491745422038,4.6080963706447,15.9876418233539,18.740739091398,16.1827653863592
"AENJPLPP_00623",4.30545064247277,9.63688090665283,6.91214455596705,17.5864060056893,14.7953203353142,25.8924246181747
"AENJPLPP_00624",61.9984892516079,61.8366524843557,51.4570761388658,222.22822134462,180.502908090833,167.221908992378
"AENJPLPP_00625",6.02763089946188,4.01536704443868,8.44817667951528,9.59258509401236,11.8362562682514,12.9462123090873
"AENJPLPP_00626",8.61090128494554,15.258394768867,13.05627305016,19.1851701880247,13.8089656462933,30.2078287212038
"AENJPLPP_00627",13.7774420559129,10.4399543155406,19.968417606127,44.765397105391,49.3177344510474,39.9174879530193
"AENJPLPP_00628",26.6937939833312,20.8799086310811,19.968417606127,81.5369732991051,91.7309860789481,71.2041676999803
"AENJPLPP_00629",43.9155965532223,36.1383033999481,24.5765139767717,111.913492763478,99.6218235911157,93.8600392408831
"AENJPLPP_00630",14.6385321844074,16.8645415866425,16.8963533590306,41.5678687407202,30.5769953596494,38.838636927262
"AENJPLPP_00631",20.6661630838693,8.03073408887736,12.2882569883859,41.5678687407202,35.5087688047541,38.838636927262
"AENJPLPP_00632",18.9439828268802,20.0768352221934,19.968417606127,35.1728120113787,35.5087688047541,25.8924246181747
"AENJPLPP_00633",0,0,0,0,0,0
"AENJPLPP_00634",18.0828926983856,24.8952756755198,20.7364336679011,22.3826985526955,31.5633500486703,35.6020838499901
"AENJPLPP_00635",32.7214248827931,49.7905513510396,38.4008030887058,31.9752836467079,56.222217274194,47.4694451333202
"AENJPLPP_00636",2.58327038548366,1.60614681777547,5.37611243241881,1.59876418233539,1.9727093780419,3.23655307727183
"AENJPLPP_00637",89.5533733634336,108.414910199844,76.8016061774116,43.1666329230556,44.3859610059427,49.6271471848347
"AENJPLPP_00638",17.2218025698911,16.8645415866425,24.5765139767717,57.5555105640742,69.0448282314663,67.9676146227085
"AENJPLPP_00639",6.88872102795643,5.62151386221415,4.6080963706447,7.99382091167697,13.8089656462933,11.86736128333
"AENJPLPP_00640",0.861090128494554,1.60614681777547,0.768016061774116,0,5.91812813412569,3.23655307727183
"AENJPLPP_00641",14.6385321844074,21.6829820399689,26.8805621620941,23.9814627350309,18.740739091398,14.0250633348446
"AENJPLPP_00642",6.02763089946188,8.03073408887736,7.68016061774116,1.59876418233539,10.8499015792304,3.23655307727183
"AENJPLPP_00643",30.1381544973094,36.9413768088358,34.5607227798352,14.3888776410185,8.87719220118853,11.86736128333
"AENJPLPP_00644",18.9439828268802,26.5014224932953,17.6643694208047,94.3270867577882,90.7446313899272,72.2830187257376
"AENJPLPP_00645",89.5533733634336,91.5503686132019,105.218200463054,55.9567463817388,56.222217274194,59.3368064166502
"AENJPLPP_00646",21.5272532123639,24.0922022666321,18.4323854825788,14.3888776410185,12.8226109572723,7.55195718030094
"AENJPLPP_00647",60.2763089946188,48.1844045332642,58.3692206948328,33.5740478290433,28.6042859816075,46.3905941075629
"AENJPLPP_00648",196.328549296758,215.223673581913,195.076079690625,132.697427133838,146.966848664121,163.985355915106
"AENJPLPP_00649",85.2479227209609,89.9442217954264,92.9299434746681,49.5616896523972,51.2904438290893,62.5733594939221
"AENJPLPP_00650",6.88872102795643,8.8338074977651,7.68016061774116,6.39505672934157,11.8362562682514,8.63080820605822
"AENJPLPP_00651",379.740746666098,361.383033999481,286.469991041745,204.64181533893,162.748523688456,134.85637821966
"AENJPLPP_00652",81.8035622069826,68.2612397554576,76.0335901156375,52.759218017068,36.4951234937751,37.7597859015047
"AENJPLPP_00653",86.1090128494554,71.4735333910085,86.017798918701,55.9567463817388,75.949311054613,59.3368064166502
"AENJPLPP_00654",52.5264978381678,54.608991804366,54.5291403859622,15.9876418233539,20.7134484694399,22.6558715409028
"AENJPLPP_00655",32.7214248827931,31.3198629466217,30.7206424709646,3.19752836467079,4.93177344510474,2.15770205151455
"AENJPLPP_00656",13.7774420559129,14.4553213599792,16.8963533590306,7.99382091167697,3.94541875608379,6.47310615454366
"AENJPLPP_00657",48.221047195695,46.5782577154887,43.7769155211246,9.59258509401236,21.6998031584609,9.7096592318155
"AENJPLPP_00658",120.552617989238,125.279451786487,115.202409266117,30.3765194643725,20.7134484694399,15.1039143606019
"AENJPLPP_00659",179.106746726867,181.494590408628,177.411710269821,65.5493314757511,54.2495078961521,39.9174879530193
"AENJPLPP_00660",31.8603347542985,30.516789537734,39.936835212254,15.9876418233539,7.89083751216758,7.55195718030094
"AENJPLPP_00661",14.6385321844074,14.4553213599792,17.6643694208047,7.99382091167697,8.87719220118853,7.55195718030094
"AENJPLPP_00662",1.72218025698911,1.60614681777547,3.84008030887058,14.3888776410185,4.93177344510474,16.1827653863592
"AENJPLPP_00663",174.801296084394,210.405233128587,167.427501466757,383.703403760494,500.081827333621,515.690790311979
"AENJPLPP_00664",17.2218025698911,15.258394768867,26.1125461003199,41.5678687407202,51.2904438290893,65.8099125711939
"AENJPLPP_00665",3.44436051397822,2.40922022666321,2.30404818532235,6.39505672934157,6.90448282314663,5.39425512878639
"AENJPLPP_00666",12.9163519274183,22.4860554488566,23.0404818532235,22.3826985526955,31.5633500486703,25.8924246181747
"AENJPLPP_00667",22.3883433408584,20.8799086310811,26.1125461003199,17.5864060056893,25.6452219145446,35.6020838499901
"AENJPLPP_00668",36.1657853967713,39.3505970354991,34.5607227798352,22.3826985526955,45.3723156949636,42.0751900045338
"AENJPLPP_00669",60.2763089946188,78.7011940709981,56.0651725095105,46.3641612877264,35.5087688047541,45.3117430818056
"AENJPLPP_00670",45.6377768102114,45.7751843066009,43.0088994593505,91.1295583931174,77.9220204326549,66.8887635969512
"AENJPLPP_00671",18.0828926983856,27.304495902183,19.968417606127,38.3703403760494,23.6725125365027,18.3404674378737
"AENJPLPP_00672",41.3323261677386,49.7905513510396,23.0404818532235,41.5678687407202,37.481478182796,38.838636927262
"AENJPLPP_00673",39.6101459107495,29.7137161288462,37.6327870269317,28.7777552820371,38.467832871817,32.3655307727183
"AENJPLPP_00674",42.1934162962332,41.7598172621623,47.6169958299952,35.1728120113787,21.6998031584609,21.5770205151455
"AENJPLPP_00675",18.9439828268802,25.6983490844075,27.6485782238682,9.59258509401236,3.94541875608379,4.31540410302911
"AENJPLPP_00676",29.2770643688148,34.5321565821726,33.024690656287,25.5802269173663,42.4132516279008,51.7848492363493
"AENJPLPP_00677",23.249433469353,20.0768352221934,33.7927067180611,31.9752836467079,32.5497047376913,33.4443817984756
"AENJPLPP_00678",2.58327038548366,1.60614681777547,3.07206424709646,3.19752836467079,0.986354689020948,2.15770205151455
"AENJPLPP_00679",62.8595793801025,76.2919738443349,54.5291403859622,55.9567463817388,46.3586703839845,33.4443817984756
"AENJPLPP_00680",31.8603347542985,30.516789537734,36.8647709651576,31.9752836467079,47.3450250730055,46.3905941075629
"AENJPLPP_00681",39.6101459107495,40.9567438532745,36.0967549033835,41.5678687407202,43.3996063169217,46.3905941075629
"AENJPLPP_00682",6.88872102795643,15.258394768867,10.7522248648376,14.3888776410185,14.7953203353142,20.4981694893883
"AENJPLPP_00683",49.0821373241896,46.5782577154887,49.9210440153175,49.5616896523972,77.9220204326549,94.9388902666404
"AENJPLPP_00684",93.8588240059064,90.7472952043142,104.45018440128,33.5740478290433,29.5906406706284,38.838636927262
"AENJPLPP_00685",96.4420943913901,97.9749558843038,109.826296833699,118.308549492819,158.803104932373,149.960292580262
"AENJPLPP_00686",22.3883433408584,24.0922022666321,29.9526264091905,4.79629254700618,5.91812813412569,9.7096592318155
"AENJPLPP_00687",47.3599570672005,48.9874779421519,56.8331885712846,19.1851701880247,32.5497047376913,40.9963389787765
"AENJPLPP_00688",2.58327038548366,4.81844045332642,5.37611243241881,4.79629254700618,4.93177344510474,6.47310615454366
"AENJPLPP_00689",1.72218025698911,3.21229363555094,0.768016061774116,0,0.986354689020948,3.23655307727183
"AENJPLPP_00690",3.44436051397822,4.81844045332642,4.6080963706447,3.19752836467079,7.89083751216758,3.23655307727183
"AENJPLPP_00691",41.3323261677386,34.5321565821726,48.3850118917693,131.098662951502,116.389853304472,114.358208730271
"AENJPLPP_00692",61.9984892516079,73.079680208784,79.105654362734,113.512256945813,133.157883017828,172.616164121164
"AENJPLPP_00693",70.6093905365534,80.3073408887736,108.29026471015,59.1542747464095,96.6627595240529,71.2041676999803
"AENJPLPP_00694",13.7774420559129,8.8338074977651,13.8242891119341,22.3826985526955,33.5360594267122,16.1827653863592
"AENJPLPP_00695",17.2218025698911,19.2737618133057,23.0404818532235,12.7901134586831,15.7816750243352,15.1039143606019
"AENJPLPP_00696",12.0552617989238,11.2430277244283,8.44817667951528,4.79629254700618,3.94541875608379,8.63080820605822
"AENJPLPP_00697",29.2770643688148,20.0768352221934,33.024690656287,27.1789910997017,29.5906406706284,17.2616164121164
"AENJPLPP_00698",4.30545064247277,3.21229363555094,4.6080963706447,4.79629254700618,0.986354689020948,4.31540410302911
"AENJPLPP_00699",23.249433469353,24.0922022666321,25.3445300385458,11.1913492763478,21.6998031584609,19.419318463631
"AENJPLPP_00700",0,0,0,0,0,0
"AENJPLPP_00701",8.61090128494554,4.01536704443868,3.84008030887058,0,0.986354689020948,4.31540410302911
"AENJPLPP_00702",33.5825150112876,43.3659640799377,37.6327870269317,17.5864060056893,18.740739091398,11.86736128333
"AENJPLPP_00703",80.9424720784881,100.384176110967,106.754232586602,33.5740478290433,39.4541875608379,45.3117430818056
"AENJPLPP_00704",3.44436051397822,0,2.30404818532235,3.19752836467079,0,4.31540410302911
"AENJPLPP_00705",109.358446318808,83.5196345243245,105.986216524828,108.715964398807,112.444434548388,112.200506678757
"AENJPLPP_00706",68.8872102795643,64.2458727110189,73.7295419303152,51.1604538347326,72.0038922985292,60.4156574424075
"AENJPLPP_00707",78.3592016930044,73.079680208784,66.8173973743481,23.9814627350309,23.6725125365027,29.1289776954465
"AENJPLPP_00708",14.6385321844074,11.2430277244283,7.68016061774116,6.39505672934157,8.87719220118853,12.9462123090873
"AENJPLPP_00709",0.861090128494554,0.803073408887736,2.30404818532235,0,2.95906406706284,3.23655307727183
"AENJPLPP_00710",11.1941716704292,4.81844045332642,12.2882569883859,6.39505672934157,4.93177344510474,14.0250633348446
"AENJPLPP_00711",47.3599570672005,65.8520195287943,57.6012046330587,36.771576193714,37.481478182796,36.6809348757474
"AENJPLPP_00712",32.7214248827931,20.8799086310811,26.8805621620941,201.44428697426,243.629608188174,216.849056177213
"AENJPLPP_00713",13.7774420559129,8.03073408887736,24.5765139767717,9.59258509401236,22.6861578474818,12.9462123090873
"AENJPLPP_00714",21.5272532123639,9.63688090665283,21.5044497296753,6.39505672934157,6.90448282314663,8.63080820605822
"AENJPLPP_00715",24.1105235978475,40.1536704443868,19.968417606127,100.72214348713,141.048720529996,122.98901693633
"AENJPLPP_00716",2.58327038548366,4.01536704443868,3.07206424709646,7.99382091167697,9.86354689020948,17.2616164121164
"AENJPLPP_00717",98.1642746483792,111.627203835395,92.9299434746681,39.9691045583848,26.6315766035656,37.7597859015047
"AENJPLPP_00718",82.6646523354772,81.1104142976613,62.9773170654775,49.5616896523972,41.4268969388798,46.3905941075629
"AENJPLPP_00719",23.249433469353,28.9106427199585,41.4728673358023,14.3888776410185,19.727093780419,19.419318463631
"AENJPLPP_00720",56.8319484806406,60.2305056665802,54.5291403859622,30.3765194643725,30.5769953596494,18.3404674378737
"AENJPLPP_00721",13.7774420559129,21.6829820399689,26.1125461003199,22.3826985526955,21.6998031584609,12.9462123090873
"AENJPLPP_00722",118.830437732248,146.962433826456,138.242891119341,79.9382091167697,113.430789237409,116.515910781786
"AENJPLPP_00723",83.5257424639718,66.6550929376821,77.5696222391857,54.3579821994034,31.5633500486703,23.7347225666601
"AENJPLPP_00724",23.249433469353,24.8952756755198,27.6485782238682,7.99382091167697,6.90448282314663,14.0250633348446
"AENJPLPP_00725",15.499622312902,17.6676149955302,18.4323854825788,6.39505672934157,1.9727093780419,4.31540410302911
"AENJPLPP_00726",60.2763089946188,48.9874779421519,46.8489797682211,25.5802269173663,7.89083751216758,12.9462123090873
"AENJPLPP_00727",5.16654077096733,5.62151386221415,9.98420880306351,0,1.9727093780419,1.07885102575728
"AENJPLPP_00728",0,0,0,0,0,0
"AENJPLPP_00729",5.16654077096733,3.21229363555094,1.53603212354823,9.59258509401236,7.89083751216758,9.7096592318155
"AENJPLPP_00730",5.16654077096733,6.42458727110189,6.14412849419293,1.59876418233539,2.95906406706284,7.55195718030094
"AENJPLPP_00731",6.02763089946188,4.01536704443868,2.30404818532235,6.39505672934157,1.9727093780419,3.23655307727183
"AENJPLPP_00732",3.44436051397822,6.42458727110189,6.14412849419293,6.39505672934157,5.91812813412569,0
"AENJPLPP_00733",9.4719914134401,8.03073408887736,12.2882569883859,6.39505672934157,15.7816750243352,12.9462123090873
"AENJPLPP_00734",6.88872102795643,7.22766067998962,3.07206424709646,6.39505672934157,6.90448282314663,3.23655307727183
"AENJPLPP_00735",0.861090128494554,0,0,0,0.986354689020948,0
"AENJPLPP_00736",0,0,0.768016061774116,1.59876418233539,0,0
"AENJPLPP_00737",0.861090128494554,3.21229363555094,0.768016061774116,4.79629254700618,3.94541875608379,2.15770205151455
"AENJPLPP_00738",0,0,0,0,0.986354689020948,0
"AENJPLPP_00739",0,0,0,0,0,0
"AENJPLPP_00740",1.72218025698911,4.81844045332642,3.07206424709646,1.59876418233539,4.93177344510474,4.31540410302911
"AENJPLPP_00741",6.02763089946188,1.60614681777547,3.84008030887058,4.79629254700618,1.9727093780419,3.23655307727183
"AENJPLPP_00742",29.2770643688148,30.516789537734,34.5607227798352,12.7901134586831,7.89083751216758,7.55195718030094
"AENJPLPP_00743",0.861090128494554,0.803073408887736,1.53603212354823,0,0.986354689020948,1.07885102575728
"AENJPLPP_00744",13.7774420559129,18.4706884044179,17.6643694208047,35.1728120113787,28.6042859816075,34.5232328242329
"AENJPLPP_00745",3.44436051397822,0,2.30404818532235,0,0,0
"AENJPLPP_00746",49.9432274526841,45.7751843066009,44.5449315828987,62.3518031110803,57.208571963215,61.4945084681648
"AENJPLPP_00747",6.88872102795643,7.22766067998962,12.2882569883859,28.7777552820371,26.6315766035656,33.4443817984756
"AENJPLPP_00748",4.30545064247277,4.01536704443868,2.30404818532235,30.3765194643725,28.6042859816075,30.2078287212038
"AENJPLPP_00749",7.74981115645099,3.21229363555094,4.6080963706447,4.79629254700618,3.94541875608379,3.23655307727183
"AENJPLPP_00750",6.02763089946188,3.21229363555094,4.6080963706447,4.79629254700618,3.94541875608379,4.31540410302911
"AENJPLPP_00751",0,0.803073408887736,1.53603212354823,0,0.986354689020948,2.15770205151455
"AENJPLPP_00752",0.861090128494554,2.40922022666321,1.53603212354823,0,1.9727093780419,1.07885102575728
"AENJPLPP_00753",1.72218025698911,0,0,1.59876418233539,0.986354689020948,0
"AENJPLPP_00754",0,0,0,0,0,0
"AENJPLPP_00755",0,0,0,0,0,0
"AENJPLPP_00756",2.58327038548366,0,0,1.59876418233539,4.93177344510474,0
"AENJPLPP_00757",0,0,0,0,0,0
"AENJPLPP_00758",7.74981115645099,4.81844045332642,5.37611243241881,12.7901134586831,5.91812813412569,11.86736128333
"AENJPLPP_00759",1.72218025698911,0,0,0,0,0
"AENJPLPP_00760",3.44436051397822,8.03073408887736,4.6080963706447,9.59258509401236,11.8362562682514,11.86736128333
"AENJPLPP_00761",1.72218025698911,8.8338074977651,4.6080963706447,4.79629254700618,5.91812813412569,5.39425512878639
"AENJPLPP_00762",9.4719914134401,3.21229363555094,3.84008030887058,6.39505672934157,7.89083751216758,6.47310615454366
"AENJPLPP_00763",4.30545064247277,2.40922022666321,4.6080963706447,0,1.9727093780419,3.23655307727183
"AENJPLPP_00764",0.861090128494554,1.60614681777547,2.30404818532235,4.79629254700618,0.986354689020948,1.07885102575728
"AENJPLPP_00765",2.58327038548366,0.803073408887736,1.53603212354823,4.79629254700618,0.986354689020948,1.07885102575728
"AENJPLPP_00766",0,0,0,0,0,0
"AENJPLPP_00767",6.88872102795643,7.22766067998962,4.6080963706447,3.19752836467079,3.94541875608379,4.31540410302911
"AENJPLPP_00768",0,0,0.768016061774116,0,0.986354689020948,0
"AENJPLPP_00769",3.44436051397822,1.60614681777547,1.53603212354823,0,1.9727093780419,1.07885102575728
"AENJPLPP_00770",6.88872102795643,6.42458727110189,5.37611243241881,4.79629254700618,1.9727093780419,2.15770205151455
"AENJPLPP_00771",14.6385321844074,12.8491745422038,17.6643694208047,1.59876418233539,3.94541875608379,10.7885102575728
"AENJPLPP_00772",17.2218025698911,16.8645415866425,17.6643694208047,46.3641612877264,24.6588672255237,20.4981694893883
"AENJPLPP_00773",0,0.803073408887736,0.768016061774116,0,0.986354689020948,2.15770205151455
"AENJPLPP_00774",6.88872102795643,12.046101133316,3.07206424709646,1.59876418233539,9.86354689020948,8.63080820605822
"AENJPLPP_00775",0.861090128494554,0,1.53603212354823,1.59876418233539,3.94541875608379,3.23655307727183
"AENJPLPP_00776",1.72218025698911,1.60614681777547,0.768016061774116,3.19752836467079,3.94541875608379,7.55195718030094
"AENJPLPP_00777",0,0,0.768016061774116,0,0.986354689020948,1.07885102575728
"AENJPLPP_00778",0,0,0,0,0,0
"AENJPLPP_00779",0,1.60614681777547,0,0,0,2.15770205151455
"AENJPLPP_00796",83.5257424639718,57.0182120310293,72.1935098067669,78.3394449344343,90.7446313899272,100.333145395427
"AENJPLPP_00797",18.0828926983856,17.6676149955302,22.2724657914494,17.5864060056893,13.8089656462933,20.4981694893883
"AENJPLPP_00798",173.079115827405,152.58394768867,148.995115984179,95.9258509401236,92.7173407679691,115.437059756029
"AENJPLPP_00799",20.6661630838693,16.0614681777547,24.5765139767717,6.39505672934157,11.8362562682514,17.2616164121164
"AENJPLPP_00800",127.441339017194,97.171882475416,109.058280771924,28.7777552820371,45.3723156949636,52.8637002621066
"AENJPLPP_00801",43.0545064247277,48.1844045332642,36.0967549033835,22.3826985526955,12.8226109572723,24.8135735924174
"AENJPLPP_00802",297.076094330621,226.466701306342,353.287388416093,84.7345016637758,143.021429908037,116.515910781786
"AENJPLPP_00803",316.020077157501,260.195784479626,290.310071350616,118.308549492819,161.762168999435,113.279357704514
"AENJPLPP_00804",48.221047195695,59.4274322576925,52.2250922006399,65.5493314757511,71.0175376095082,77.677273854524
"AENJPLPP_00805",132.607879788161,84.3227079332123,56.0651725095105,695.462419315896,474.436605419076,461.748239024115
"AENJPLPP_00806",130.024609402678,113.233350653171,108.29026471015,214.234400432943,170.639361200624,168.300760018135
"AENJPLPP_00807",0,0,0,0,0,0
"AENJPLPP_00808",343.574961269327,293.924867652911,240.389027335298,145.487540592521,187.40739091398,202.823992842368
"AENJPLPP_00809",12.0552617989238,13.6522479510915,11.5202409266117,15.9876418233539,24.6588672255237,22.6558715409028
"AENJPLPP_00810",3.44436051397822,0,0.768016061774116,0,0,0
"AENJPLPP_00811",89.5533733634336,130.900965648701,105.986216524828,166.271474962881,121.321626749577,147.802590528747
"AENJPLPP_00812",7.74981115645099,7.22766067998962,4.6080963706447,12.7901134586831,11.8362562682514,16.1827653863592
"AENJPLPP_00813",196.328549296758,216.829820399689,247.301171891265,47.9629254700618,56.222217274194,61.4945084681648
"AENJPLPP_00814",2.58327038548366,4.01536704443868,3.07206424709646,9.59258509401236,4.93177344510474,10.7885102575728
"AENJPLPP_00815",6.88872102795643,11.2430277244283,12.2882569883859,11.1913492763478,2.95906406706284,9.7096592318155
"AENJPLPP_00816",113.663896961281,130.900965648701,116.738441389666,222.22822134462,158.803104932373,145.644888477232
"AENJPLPP_00817",16.3607124413965,20.0768352221934,17.6643694208047,17.5864060056893,11.8362562682514,12.9462123090873
"AENJPLPP_00818",0,0,0,0,0,0
"AENJPLPP_00819",55.970858352146,53.0028449865906,76.0335901156375,22.3826985526955,31.5633500486703,28.0501266696892
"AENJPLPP_00820",111.941716704292,138.128626328691,147.45908386063,17.5864060056893,24.6588672255237,24.8135735924174
"AENJPLPP_00821",38.7490557822549,33.7290831732849,40.7048512740282,11.1913492763478,13.8089656462933,11.86736128333
"AENJPLPP_00822",91.2755536204227,103.596469746518,90.6258952893457,23.9814627350309,19.727093780419,19.419318463631
"AENJPLPP_00823",142.940961330096,167.039269048649,189.699967258207,15.9876418233539,42.4132516279008,35.6020838499901
"AENJPLPP_00824",130.885699531172,131.704039057589,139.778923242889,17.5864060056893,29.5906406706284,18.3404674378737
"AENJPLPP_00825",20.6661630838693,20.8799086310811,22.2724657914494,3.19752836467079,0.986354689020948,3.23655307727183
"AENJPLPP_00826",132.607879788161,151.780874279782,139.010907181115,19.1851701880247,14.7953203353142,20.4981694893883
"AENJPLPP_00827",34.4436051397822,42.56289067105,39.936835212254,7.99382091167697,3.94541875608379,4.31540410302911
"AENJPLPP_00828",397.823639364484,411.173585350521,387.848111195929,11.1913492763478,11.8362562682514,9.7096592318155
"AENJPLPP_00829",142.940961330096,154.190094506445,193.540047567077,9.59258509401236,8.87719220118853,11.86736128333
"AENJPLPP_00830",371.990935509647,472.207164425989,453.897492508503,23.9814627350309,14.7953203353142,16.1827653863592
"AENJPLPP_00831",41.3323261677386,34.5321565821726,39.1688191504799,0,0.986354689020948,2.15770205151455
"AENJPLPP_00832",50.8043175811787,68.2612397554576,82.1777186098304,3.19752836467079,4.93177344510474,5.39425512878639
"AENJPLPP_00833",229.911064308046,187.91917767973,261.125461003199,4.79629254700618,6.90448282314663,5.39425512878639
"AENJPLPP_00834",251.43831752041,308.380189012891,296.454199844809,12.7901134586831,10.8499015792304,5.39425512878639
"AENJPLPP_00835",215.272532123639,209.602159719699,254.981332509007,1.59876418233539,5.91812813412569,5.39425512878639
"AENJPLPP_00836",44.7766866817168,48.9874779421519,50.6890600770917,1.59876418233539,0,1.07885102575728
"AENJPLPP_00837",282.437562146214,265.817298341841,250.373236138362,9.59258509401236,16.7680297133561,14.0250633348446
"AENJPLPP_00838",160.162763899987,233.694361986331,182.019806640466,3.19752836467079,10.8499015792304,4.31540410302911
"AENJPLPP_00839",29.2770643688148,24.0922022666321,32.2566745945129,20.7839343703601,16.7680297133561,12.9462123090873
"AENJPLPP_00840",35.3046952682767,26.5014224932953,39.936835212254,31.9752836467079,41.4268969388798,44.2328920560484
"AENJPLPP_00841",34.4436051397822,28.1075693110708,31.4886585327388,39.9691045583848,38.467832871817,35.6020838499901
"AENJPLPP_00842",20.6661630838693,19.2737618133057,23.0404818532235,31.9752836467079,41.4268969388798,30.2078287212038
"AENJPLPP_00843",26.6937939833312,38.5475236266113,41.4728673358023,51.1604538347326,35.5087688047541,36.6809348757474
"AENJPLPP_00844",962.698763656912,1085.75524881622,1304.09127289245,500.413189070978,830.510648155638,938.600392408831
"AENJPLPP_00845",145.52423171558,188.722251088618,208.90036880256,99.1233793047944,109.485370481325,110.042804627242
"AENJPLPP_00846",140.357690944612,173.463856319751,145.155035675308,159.876418233539,155.84404086531,162.906504889349
"AENJPLPP_00847",7.74981115645099,4.81844045332642,9.98420880306351,119.907313675154,138.089656462933,160.748802837834
"AENJPLPP_00848",7.74981115645099,4.81844045332642,6.14412849419293,23.9814627350309,26.6315766035656,32.3655307727183
"AENJPLPP_00849",117.108257475259,136.522479510915,139.010907181115,91.1295583931174,92.7173407679691,79.8349759060385
"AENJPLPP_00850",49.9432274526841,40.9567438532745,41.4728673358023,25.5802269173663,32.5497047376913,25.8924246181747
"AENJPLPP_00851",15.499622312902,30.516789537734,35.3287388416093,27.1789910997017,27.6179312925865,39.9174879530193
"AENJPLPP_00852",71.470480665048,64.2458727110189,52.993108262414,79.9382091167697,71.0175376095082,57.1791043651357
"AENJPLPP_00853",49.0821373241896,45.7751843066009,54.5291403859622,41.5678687407202,39.4541875608379,37.7597859015047
"AENJPLPP_00854",81.8035622069826,92.3534420220896,83.7137507333787,38.3703403760494,42.4132516279008,43.1540410302911
"AENJPLPP_00855",7.74981115645099,4.01536704443868,6.91214455596705,1.59876418233539,5.91812813412569,7.55195718030094
"AENJPLPP_00856",44.7766866817168,50.5936247599274,52.993108262414,33.5740478290433,32.5497047376913,28.0501266696892
"AENJPLPP_00857",7.74981115645099,7.22766067998962,11.5202409266117,9.59258509401236,6.90448282314663,6.47310615454366
"AENJPLPP_00858",23.249433469353,28.9106427199585,16.8963533590306,19.1851701880247,25.6452219145446,33.4443817984756
"AENJPLPP_00859",45.6377768102114,45.7751843066009,50.6890600770917,36.771576193714,49.3177344510474,64.7310615454366
"AENJPLPP_00860",22.3883433408584,25.6983490844075,16.8963533590306,44.765397105391,63.1267000973407,60.4156574424075
"AENJPLPP_00861",209.244901224177,179.888443590853,195.8440957524,247.808448261986,345.224141157332,321.497605675669
"AENJPLPP_00862",4.30545064247277,4.01536704443868,5.37611243241881,1.59876418233539,0,3.23655307727183
"AENJPLPP_00863",16.3607124413965,20.8799086310811,17.6643694208047,11.1913492763478,13.8089656462933,16.1827653863592
"AENJPLPP_00864",31.8603347542985,40.9567438532745,29.1846103474164,70.3456240227573,54.2495078961521,63.6522105196794
"AENJPLPP_00865",60.2763089946188,58.6243588488047,48.3850118917693,131.098662951502,79.8947298106968,96.0177412923977
"AENJPLPP_00866",4.30545064247277,2.40922022666321,3.07206424709646,1.59876418233539,0,0
"AENJPLPP_00867",0,0,0,0,0,0
"AENJPLPP_00868",0,0,0,0,0,0
"AENJPLPP_00869",21.5272532123639,12.8491745422038,16.8963533590306,20.7839343703601,39.4541875608379,56.1002533393784
"AENJPLPP_00870",59.4152188661242,61.8366524843557,59.1372367566069,60.7530389287449,97.6491142130738,98.1754433439122
"AENJPLPP_00871",21.5272532123639,29.7137161288462,17.6643694208047,6.39505672934157,7.89083751216758,11.86736128333
"AENJPLPP_00872",68.0261201510698,90.7472952043142,90.6258952893457,20.7839343703601,29.5906406706284,36.6809348757474
"AENJPLPP_00873",40.471236039244,32.9260097643972,33.024690656287,4.79629254700618,10.8499015792304,12.9462123090873
"AENJPLPP_00874",181.690017112351,173.463856319751,191.235999381755,30.3765194643725,42.4132516279008,50.705998210592
"AENJPLPP_00875",45.6377768102114,48.9874779421519,48.3850118917693,22.3826985526955,23.6725125365027,12.9462123090873
"AENJPLPP_00876",42.1934162962332,37.7444502177236,44.5449315828987,47.9629254700618,23.6725125365027,15.1039143606019
"AENJPLPP_00877",1.72218025698911,2.40922022666321,0.768016061774116,0,0,0
"AENJPLPP_00878",97.3031845198846,118.854864515385,110.594312895473,60.7530389287449,69.0448282314663,71.2041676999803
"AENJPLPP_00879",17.2218025698911,14.4553213599792,27.6485782238682,4.79629254700618,9.86354689020948,11.86736128333
"AENJPLPP_00880",37.8879656537604,37.7444502177236,39.936835212254,17.5864060056893,16.7680297133561,14.0250633348446
"AENJPLPP_00881",33.5825150112876,42.56289067105,36.0967549033835,19.1851701880247,26.6315766035656,23.7347225666601
"AENJPLPP_00882",5.16654077096733,3.21229363555094,3.07206424709646,11.1913492763478,8.87719220118853,10.7885102575728
"AENJPLPP_00883",22.3883433408584,28.1075693110708,33.024690656287,7.99382091167697,11.8362562682514,20.4981694893883
"AENJPLPP_00884",37.0268755252658,50.5936247599274,49.1530279535434,11.1913492763478,12.8226109572723,16.1827653863592
"AENJPLPP_00885",43.9155965532223,48.1844045332642,46.8489797682211,20.7839343703601,22.6861578474818,24.8135735924174
"AENJPLPP_00886",36.1657853967713,32.9260097643972,31.4886585327388,25.5802269173663,18.740739091398,12.9462123090873
"AENJPLPP_00887",80.9424720784881,109.217983608732,67.5854134361222,15.9876418233539,16.7680297133561,22.6558715409028
"AENJPLPP_00888",6.88872102795643,1.60614681777547,8.44817667951528,0,2.95906406706284,0
"AENJPLPP_00889",11.1941716704292,12.046101133316,19.968417606127,6.39505672934157,11.8362562682514,6.47310615454366
"AENJPLPP_00890",0,0,0,0,1.9727093780419,0
"AENJPLPP_00891",43.9155965532223,45.7751843066009,53.7611243241881,20.7839343703601,21.6998031584609,14.0250633348446
"AENJPLPP_00892",0.861090128494554,0,0,1.59876418233539,0.986354689020948,0
"AENJPLPP_00893",208.383811095682,245.740463119647,256.517364632555,49.5616896523972,77.9220204326549,61.4945084681648
"AENJPLPP_00894",49.9432274526841,35.3352299910604,49.1530279535434,11.1913492763478,5.91812813412569,15.1039143606019
"AENJPLPP_00895",99.0253647768737,110.824130426508,78.3376383009598,19.1851701880247,18.740739091398,12.9462123090873
"AENJPLPP_00896",57.6930386091351,53.0028449865906,78.3376383009598,17.5864060056893,12.8226109572723,11.86736128333
"AENJPLPP_00897",52.5264978381678,50.5936247599274,53.7611243241881,14.3888776410185,23.6725125365027,18.3404674378737
"AENJPLPP_00898",74.0537510505317,77.8981206621104,81.4097025480563,47.9629254700618,43.3996063169217,47.4694451333202
"AENJPLPP_00899",33.5825150112876,33.7290831732849,46.8489797682211,36.771576193714,45.3723156949636,26.9712756439319
"AENJPLPP_00900",115.38607721827,138.931699737578,129.026698378051,119.907313675154,105.539951725241,125.146718987844
"AENJPLPP_00901",24.1105235978475,28.9106427199585,62.9773170654775,20.7839343703601,29.5906406706284,29.1289776954465
"AENJPLPP_00902",32.7214248827931,51.3966981688151,39.936835212254,19.1851701880247,24.6588672255237,19.419318463631
"AENJPLPP_00903",40.471236039244,40.1536704443868,48.3850118917693,35.1728120113787,16.7680297133561,18.3404674378737
"AENJPLPP_00904",24.1105235978475,17.6676149955302,19.968417606127,3.19752836467079,13.8089656462933,11.86736128333
"AENJPLPP_00905",20.6661630838693,20.8799086310811,26.8805621620941,17.5864060056893,16.7680297133561,14.0250633348446
"AENJPLPP_00906",32.7214248827931,24.8952756755198,29.9526264091905,15.9876418233539,18.740739091398,28.0501266696892
"AENJPLPP_00907",90.4144634919282,85.9288547509877,83.7137507333787,55.9567463817388,51.2904438290893,40.9963389787765
"AENJPLPP_00908",67.1650300225752,64.2458727110189,63.7453331272516,19.1851701880247,36.4951234937751,48.5482961590775
"AENJPLPP_00909",68.8872102795643,49.7905513510396,62.9773170654775,27.1789910997017,37.481478182796,28.0501266696892
"AENJPLPP_00910",16.3607124413965,22.4860554488566,16.8963533590306,17.5864060056893,24.6588672255237,22.6558715409028
"AENJPLPP_00911",25.8327038548366,41.7598172621623,41.4728673358023,76.7406807520989,79.8947298106968,93.8600392408831
"AENJPLPP_00912",25.8327038548366,30.516789537734,31.4886585327388,31.9752836467079,18.740739091398,19.419318463631
"AENJPLPP_00913",0,0,0,0,0,0
"AENJPLPP_00914",0,0,0,0,0,0
"AENJPLPP_00915",0,0,0,0,0,0
"AENJPLPP_00916",0,0,0,0,0,1.07885102575728
"AENJPLPP_00917",0,0,0,0,0,0
"AENJPLPP_00918",0,0,0,0,0,0
"AENJPLPP_00920",0.861090128494554,2.40922022666321,0.768016061774116,0,1.9727093780419,0
"AENJPLPP_00921",0,0,0,0,0,0
"AENJPLPP_00922",0,0,0,0,0,0
"AENJPLPP_00923",0,0,0,0,0,0
"AENJPLPP_00924",0.861090128494554,0,0,0,0,0
"AENJPLPP_00925",0,0,0,0,0,0
"AENJPLPP_00926",0,0,0,0,0,0
"AENJPLPP_00927",0,0,0,0,0,0
"AENJPLPP_00928",5.16654077096733,5.62151386221415,3.07206424709646,1.59876418233539,9.86354689020948,6.47310615454366
"AENJPLPP_00929",3.44436051397822,0.803073408887736,1.53603212354823,12.7901134586831,11.8362562682514,3.23655307727183
"AENJPLPP_00930",10.3330815419347,6.42458727110189,9.21619274128939,33.5740478290433,9.86354689020948,16.1827653863592
"AENJPLPP_00931",0,0,0.768016061774116,0,1.9727093780419,0
"AENJPLPP_00932",0,0.803073408887736,0,0,3.94541875608379,5.39425512878639
"AENJPLPP_00933",0,0,0,1.59876418233539,6.90448282314663,3.23655307727183
"AENJPLPP_00934",0,0,0.768016061774116,3.19752836467079,7.89083751216758,1.07885102575728
"AENJPLPP_00935",0.861090128494554,0,0,1.59876418233539,2.95906406706284,4.31540410302911
"AENJPLPP_00936",1.72218025698911,0.803073408887736,0,15.9876418233539,13.8089656462933,17.2616164121164
"AENJPLPP_00937",1.72218025698911,2.40922022666321,0.768016061774116,1.59876418233539,6.90448282314663,7.55195718030094
"AENJPLPP_00938",0,0.803073408887736,0,0,0.986354689020948,2.15770205151455
"AENJPLPP_00939",0.861090128494554,0,1.53603212354823,4.79629254700618,8.87719220118853,2.15770205151455
"AENJPLPP_00940",0,0,0,3.19752836467079,0.986354689020948,2.15770205151455
"AENJPLPP_00941",47.3599570672005,31.3198629466217,31.4886585327388,87.9320300284466,58.1949266522359,58.257955390893
"AENJPLPP_00942",10.3330815419347,12.046101133316,9.21619274128939,22.3826985526955,13.8089656462933,11.86736128333
"AENJPLPP_00943",1.72218025698911,6.42458727110189,1.53603212354823,14.3888776410185,8.87719220118853,14.0250633348446
"AENJPLPP_00944",0,0,0.768016061774116,0,0.986354689020948,0
"AENJPLPP_00945",0,0,0,0,0,0
"AENJPLPP_00946",1.72218025698911,1.60614681777547,1.53603212354823,7.99382091167697,9.86354689020948,9.7096592318155
"AENJPLPP_00947",3.44436051397822,0,0.768016061774116,7.99382091167697,4.93177344510474,11.86736128333
"AENJPLPP_00948",6.88872102795643,8.03073408887736,5.37611243241881,3.19752836467079,5.91812813412569,7.55195718030094
"AENJPLPP_00949",0,0,0,1.59876418233539,1.9727093780419,2.15770205151455
"AENJPLPP_00950",3.44436051397822,5.62151386221415,0.768016061774116,73.5431523874281,84.8265032558015,63.6522105196794
"AENJPLPP_00951",49.0821373241896,49.7905513510396,57.6012046330587,68.7468598404219,57.208571963215,47.4694451333202
"AENJPLPP_00952",0,0,2.30404818532235,43.1666329230556,30.5769953596494,39.9174879530193
"AENJPLPP_00953",0,0,0,0,0,0
"AENJPLPP_00954",0,0,0,0,0,0
"AENJPLPP_00955",0,0,0,0,0,0
"AENJPLPP_00956",0,0,0,0,0,0
"AENJPLPP_00957",0,1.60614681777547,0,1.59876418233539,1.9727093780419,1.07885102575728
"AENJPLPP_00958",0,0,0,0,0,0
"AENJPLPP_00959",0,0,0,3.19752836467079,0.986354689020948,4.31540410302911
"AENJPLPP_00960",2.58327038548366,0.803073408887736,0,4.79629254700618,10.8499015792304,5.39425512878639
"AENJPLPP_00961",0.861090128494554,0,0,1.59876418233539,1.9727093780419,0
"AENJPLPP_00962",1.72218025698911,0,0,0,0.986354689020948,4.31540410302911
"AENJPLPP_00963",0.861090128494554,0,0,0,1.9727093780419,3.23655307727183
"AENJPLPP_00964",0,0,0.768016061774116,0,0.986354689020948,0
"AENJPLPP_00965",0,0,0,1.59876418233539,0.986354689020948,0
"AENJPLPP_00966",2.58327038548366,1.60614681777547,1.53603212354823,6.39505672934157,33.5360594267122,26.9712756439319
"AENJPLPP_00967",0,0.803073408887736,1.53603212354823,6.39505672934157,15.7816750243352,11.86736128333
"AENJPLPP_00968",0.861090128494554,0.803073408887736,0,14.3888776410185,13.8089656462933,9.7096592318155
"AENJPLPP_00969",0,0,0,0,0,0
"AENJPLPP_00970",0,0,0,4.79629254700618,4.93177344510474,5.39425512878639
"AENJPLPP_00971",0,0.803073408887736,1.53603212354823,0,3.94541875608379,3.23655307727183
"AENJPLPP_00972",0,2.40922022666321,0.768016061774116,1.59876418233539,1.9727093780419,3.23655307727183
"AENJPLPP_00973",0,3.21229363555094,0.768016061774116,9.59258509401236,7.89083751216758,1.07885102575728
"AENJPLPP_00974",4.30545064247277,1.60614681777547,4.6080963706447,25.5802269173663,28.6042859816075,40.9963389787765
"AENJPLPP_00975",0,0,0,3.19752836467079,0.986354689020948,3.23655307727183
"AENJPLPP_00976",1.72218025698911,0,0.768016061774116,1.59876418233539,2.95906406706284,3.23655307727183
"AENJPLPP_00977",11.1941716704292,6.42458727110189,3.84008030887058,41.5678687407202,46.3586703839845,61.4945084681648
"AENJPLPP_00978",50.8043175811787,48.9874779421519,34.5607227798352,3974.52775728579,2692.74830102719,2917.21317364768
"AENJPLPP_00979",158.440583642998,161.417755186435,185.091870887562,892.110413743149,730.888824564522,715.278230077075
"AENJPLPP_00980",51.6654077096732,33.7290831732849,26.1125461003199,5362.25506755291,3821.13806526715,3972.32947683829
"AENJPLPP_00981",6.88872102795643,5.62151386221415,8.44817667951528,17.5864060056893,11.8362562682514,17.2616164121164
"AENJPLPP_00982",2.58327038548366,2.40922022666321,3.84008030887058,4.79629254700618,4.93177344510474,4.31540410302911
"AENJPLPP_00983",4.30545064247277,2.40922022666321,2.30404818532235,1.59876418233539,2.95906406706284,2.15770205151455
"AENJPLPP_00984",3.44436051397822,4.81844045332642,4.6080963706447,39.9691045583848,43.3996063169217,33.4443817984756
"AENJPLPP_00985",44.7766866817168,36.9413768088358,33.7927067180611,28.7777552820371,23.6725125365027,32.3655307727183
"AENJPLPP_00986",216.994712380628,240.118949257433,248.069187953039,273.388675179352,285.056505127054,271.870458490834
"AENJPLPP_00987",24.9716137263421,28.1075693110708,28.4165942856423,7.99382091167697,7.89083751216758,5.39425512878639
"AENJPLPP_00988",32.7214248827931,33.7290831732849,33.024690656287,78.3394449344343,43.3996063169217,49.6271471848347
"AENJPLPP_00989",30.999244625804,34.5321565821726,29.1846103474164,19.1851701880247,37.481478182796,42.0751900045338
"AENJPLPP_00990",11.1941716704292,16.0614681777547,12.2882569883859,19.1851701880247,21.6998031584609,21.5770205151455
"AENJPLPP_00991",62.8595793801025,80.3073408887736,62.2093010037034,155.080125686533,106.526306414262,124.067867962087
"AENJPLPP_00992",42.1934162962332,44.1690374888255,43.0088994593505,30.3765194643725,38.467832871817,37.7597859015047
"AENJPLPP_00993",40.471236039244,48.1844045332642,38.4008030887058,28.7777552820371,35.5087688047541,39.9174879530193
"AENJPLPP_00994",67.1650300225752,81.9134877065491,80.6416864862822,39.9691045583848,62.1403454083197,56.1002533393784
"AENJPLPP_00995",19.8050729553747,31.3198629466217,39.1688191504799,27.1789910997017,33.5360594267122,31.286679746961
"AENJPLPP_00996",55.1097682236515,63.4427993021311,56.8331885712846,23.9814627350309,25.6452219145446,20.4981694893883
"AENJPLPP_00997",27.5548841118257,31.3198629466217,36.0967549033835,1.59876418233539,3.94541875608379,5.39425512878639
"AENJPLPP_00999",3.44436051397822,6.42458727110189,6.91214455596705,35.1728120113787,15.7816750243352,26.9712756439319
"AENJPLPP_01000",8.61090128494554,16.0614681777547,13.8242891119341,43.1666329230556,28.6042859816075,35.6020838499901
"AENJPLPP_01001",18.0828926983856,20.8799086310811,18.4323854825788,19.1851701880247,9.86354689020948,8.63080820605822
"AENJPLPP_01002",5.16654077096733,8.03073408887736,6.91214455596705,9.59258509401236,10.8499015792304,2.15770205151455
"AENJPLPP_01003",0.861090128494554,1.60614681777547,0,3.19752836467079,2.95906406706284,2.15770205151455
"AENJPLPP_01004",141.218781073107,169.448489275312,155.139244478371,132.697427133838,171.625715889645,166.143057966621
"AENJPLPP_01005",36.1657853967713,41.7598172621623,43.7769155211246,25.5802269173663,26.6315766035656,26.9712756439319
"AENJPLPP_01006",7.74981115645099,4.81844045332642,6.14412849419293,9.59258509401236,6.90448282314663,6.47310615454366
"AENJPLPP_01007",0.861090128494554,0,0,0,0,0
"AENJPLPP_01008",26.6937939833312,24.8952756755198,29.9526264091905,46.3641612877264,22.6861578474818,35.6020838499901
"AENJPLPP_01009",1.72218025698911,3.21229363555094,2.30404818532235,3.19752836467079,6.90448282314663,5.39425512878639
"AENJPLPP_01010",9.4719914134401,4.01536704443868,2.30404818532235,4.79629254700618,8.87719220118853,15.1039143606019
"AENJPLPP_01011",120.552617989238,131.704039057589,152.067180231275,134.296191316173,140.062365840975,143.487186425718
"AENJPLPP_01012",100.747545033863,77.0950472532226,100.610104092409,51.1604538347326,102.580887658179,89.544635137854
"AENJPLPP_01013",184.273287497835,213.617526764138,202.756240308367,91.1295583931174,66.0857641644035,77.677273854524
"AENJPLPP_01014",46.4988669387059,47.3813311243764,49.9210440153175,20.7839343703601,18.740739091398,22.6558715409028
"AENJPLPP_01015",5.16654077096733,4.01536704443868,6.14412849419293,4.79629254700618,3.94541875608379,2.15770205151455
"AENJPLPP_01016",39.6101459107495,41.7598172621623,44.5449315828987,9.59258509401236,11.8362562682514,9.7096592318155
"AENJPLPP_01017",5.16654077096733,5.62151386221415,6.14412849419293,6.39505672934157,2.95906406706284,4.31540410302911
"AENJPLPP_01018",13.7774420559129,11.2430277244283,9.98420880306351,9.59258509401236,3.94541875608379,6.47310615454366
"AENJPLPP_01019",6.88872102795643,4.01536704443868,2.30404818532235,11.1913492763478,6.90448282314663,10.7885102575728
"AENJPLPP_01020",176.523476341384,180.691516999741,248.837204014814,20.7839343703601,33.5360594267122,20.4981694893883
"AENJPLPP_01021",393.518188722011,395.112117172766,463.881701311566,57.5555105640742,87.7855673228644,67.9676146227085
"AENJPLPP_01022",98.1642746483792,101.990322928742,106.754232586602,22.3826985526955,34.5224141157332,28.0501266696892
"AENJPLPP_01023",192.88418878278,215.223673581913,291.07808741239,36.771576193714,41.4268969388798,47.4694451333202
"AENJPLPP_01024",31.8603347542985,21.6829820399689,24.5765139767717,19.1851701880247,21.6998031584609,23.7347225666601
"AENJPLPP_01025",19.8050729553747,29.7137161288462,23.8084979149976,7.99382091167697,33.5360594267122,28.0501266696892
"AENJPLPP_01026",247.993957006432,239.315875848545,250.373236138362,313.357779737737,233.766061297965,226.558715409028
"AENJPLPP_01027",29.2770643688148,26.5014224932953,26.1125461003199,52.759218017068,56.222217274194,43.1540410302911
"AENJPLPP_01028",27.5548841118257,43.3659640799377,40.7048512740282,11.1913492763478,14.7953203353142,17.2616164121164
"AENJPLPP_01029",1.72218025698911,0,1.53603212354823,1.59876418233539,1.9727093780419,0
"AENJPLPP_01030",6.88872102795643,1.60614681777547,6.91214455596705,1.59876418233539,6.90448282314663,5.39425512878639
"AENJPLPP_01031",48.221047195695,37.7444502177236,62.2093010037034,92.7283225754528,124.280690816639,121.910165910572
"AENJPLPP_01032",105.91408580483,72.2766067998962,109.058280771924,73.5431523874281,80.8810844997177,90.6234861636113
"AENJPLPP_01033",18.0828926983856,17.6676149955302,13.8242891119341,9.59258509401236,4.93177344510474,7.55195718030094
"AENJPLPP_01034",92.1366437489173,86.7319281598755,74.4975579920893,25.5802269173663,31.5633500486703,22.6558715409028
"AENJPLPP_01035",44.7766866817168,48.1844045332642,48.3850118917693,35.1728120113787,32.5497047376913,28.0501266696892
"AENJPLPP_01036",5.16654077096733,4.01536704443868,2.30404818532235,3.19752836467079,1.9727093780419,3.23655307727183
"AENJPLPP_01037",20.6661630838693,11.2430277244283,3.84008030887058,7.99382091167697,20.7134484694399,7.55195718030094
"AENJPLPP_01038",1.72218025698911,1.60614681777547,0.768016061774116,1.59876418233539,0,1.07885102575728
"AENJPLPP_01039",3.44436051397822,0.803073408887736,3.84008030887058,3.19752836467079,6.90448282314663,6.47310615454366
"AENJPLPP_01040",60.2763089946188,51.3966981688151,61.4412849419293,68.7468598404219,42.4132516279008,61.4945084681648
"AENJPLPP_01041",14.6385321844074,16.8645415866425,23.0404818532235,15.9876418233539,15.7816750243352,7.55195718030094
"AENJPLPP_01042",4.30545064247277,4.01536704443868,3.84008030887058,9.59258509401236,3.94541875608379,2.15770205151455
"AENJPLPP_01043",18.0828926983856,18.4706884044179,18.4323854825788,14.3888776410185,8.87719220118853,11.86736128333
"AENJPLPP_01044",133.468969916656,138.931699737578,119.810505636762,94.3270867577882,68.0584735424454,75.5195718030094
"AENJPLPP_01045",83.5257424639718,66.6550929376821,75.2655740538634,36.771576193714,39.4541875608379,34.5232328242329
"AENJPLPP_01046",75.7759313075208,78.7011940709981,76.0335901156375,23.9814627350309,37.481478182796,35.6020838499901
"AENJPLPP_01047",20.6661630838693,16.8645415866425,19.2004015443529,20.7839343703601,16.7680297133561,15.1039143606019
"AENJPLPP_01048",15.499622312902,20.8799086310811,21.5044497296753,11.1913492763478,7.89083751216758,7.55195718030094
"AENJPLPP_01049",11.1941716704292,8.8338074977651,11.5202409266117,7.99382091167697,7.89083751216758,10.7885102575728
"AENJPLPP_01050",9.4719914134401,16.0614681777547,18.4323854825788,19.1851701880247,4.93177344510474,7.55195718030094
"AENJPLPP_01051",3.44436051397822,5.62151386221415,4.6080963706447,1.59876418233539,1.9727093780419,1.07885102575728
"AENJPLPP_01052",0,0,0,0,0,0
"AENJPLPP_01053",62.8595793801025,74.6858270265594,76.0335901156375,118.308549492819,99.6218235911157,116.515910781786
"AENJPLPP_01054",1.72218025698911,3.21229363555094,4.6080963706447,6.39505672934157,2.95906406706284,2.15770205151455
"AENJPLPP_01055",23.249433469353,33.7290831732849,40.7048512740282,51.1604538347326,95.6764048350319,98.1754433439122
"AENJPLPP_01056",36.1657853967713,24.0922022666321,31.4886585327388,134.296191316173,169.653006511603,170.45846206965
"AENJPLPP_01057",65.4428497655861,74.6858270265594,57.6012046330587,11.1913492763478,12.8226109572723,17.2616164121164
"AENJPLPP_01058",127.441339017194,104.399543155406,98.3060559070869,84.7345016637758,96.6627595240529,79.8349759060385
"AENJPLPP_01059",15.499622312902,17.6676149955302,31.4886585327388,17.5864060056893,11.8362562682514,21.5770205151455
"AENJPLPP_01060",26.6937939833312,33.7290831732849,36.8647709651576,11.1913492763478,22.6861578474818,25.8924246181747
"AENJPLPP_01061",7.74981115645099,8.03073408887736,11.5202409266117,4.79629254700618,4.93177344510474,3.23655307727183
"AENJPLPP_01062",4.30545064247277,7.22766067998962,12.2882569883859,4.79629254700618,10.8499015792304,7.55195718030094
"AENJPLPP_01063",17.2218025698911,20.0768352221934,13.8242891119341,17.5864060056893,15.7816750243352,21.5770205151455
"AENJPLPP_01064",15.499622312902,8.8338074977651,9.98420880306351,22.3826985526955,10.8499015792304,8.63080820605822
"AENJPLPP_01065",130.024609402678,153.387021097558,162.819405096113,153.481361504198,211.079903450483,206.06054591964
"AENJPLPP_01066",129.163519274183,149.371654053119,135.938842934019,81.5369732991051,121.321626749577,97.0965923181549
"AENJPLPP_01067",223.883433408584,233.694361986331,223.492673976268,102.320907669465,136.116947084891,125.146718987844
"AENJPLPP_01068",30.1381544973094,32.1229363555094,33.024690656287,9.59258509401236,13.8089656462933,6.47310615454366
"AENJPLPP_01069",44.7766866817168,40.1536704443868,43.0088994593505,118.308549492819,121.321626749577,117.594761807543
"AENJPLPP_01070",28.4159742403203,39.3505970354991,30.7206424709646,55.9567463817388,66.0857641644035,77.677273854524
"AENJPLPP_01071",11.1941716704292,15.258394768867,9.98420880306351,11.1913492763478,18.740739091398,22.6558715409028
"AENJPLPP_01072",188.578738140307,230.48206835078,208.90036880256,391.697224672171,410.323550632714,393.780624401406
"AENJPLPP_01073",6.88872102795643,4.01536704443868,8.44817667951528,1.59876418233539,1.9727093780419,3.23655307727183
"AENJPLPP_01074",18.9439828268802,22.4860554488566,13.8242891119341,22.3826985526955,16.7680297133561,22.6558715409028
"AENJPLPP_01075",0.861090128494554,4.81844045332642,5.37611243241881,3.19752836467079,1.9727093780419,2.15770205151455
"AENJPLPP_01076",3.44436051397822,13.6522479510915,12.2882569883859,4.79629254700618,4.93177344510474,1.07885102575728
"AENJPLPP_01077",266.937939833312,233.694361986331,203.524256370141,60.7530389287449,48.3313797620264,55.0214023136211
"AENJPLPP_01078",3.44436051397822,2.40922022666321,5.37611243241881,3.19752836467079,8.87719220118853,6.47310615454366
"AENJPLPP_01079",18.0828926983856,25.6983490844075,14.5923051737082,81.5369732991051,83.8401485667806,127.304421039359
"AENJPLPP_01080",0,0,0.768016061774116,3.19752836467079,0,1.07885102575728
"AENJPLPP_01081",16.3607124413965,8.8338074977651,14.5923051737082,1.59876418233539,6.90448282314663,6.47310615454366
"AENJPLPP_01082",48.221047195695,32.1229363555094,52.993108262414,11.1913492763478,9.86354689020948,9.7096592318155
"AENJPLPP_01083",12.9163519274183,22.4860554488566,38.4008030887058,1.59876418233539,1.9727093780419,6.47310615454366
"AENJPLPP_01084",0,0,0,0,0,0
"AENJPLPP_01085",0,0,0.768016061774116,0,0,0
"AENJPLPP_01086",0.861090128494554,0.803073408887736,0,0,0.986354689020948,0
"AENJPLPP_01087",0.861090128494554,0,1.53603212354823,0,0,0
"AENJPLPP_01088",1.72218025698911,2.40922022666321,0,0,0,3.23655307727183
"AENJPLPP_01089",1.72218025698911,2.40922022666321,3.84008030887058,0,1.9727093780419,0
"AENJPLPP_01090",11.1941716704292,2.40922022666321,6.91214455596705,1.59876418233539,0,1.07885102575728
"AENJPLPP_01091",36.1657853967713,34.5321565821726,31.4886585327388,49.5616896523972,63.1267000973407,69.0464656484657
"AENJPLPP_01092",17.2218025698911,15.258394768867,21.5044497296753,7.99382091167697,12.8226109572723,11.86736128333
"AENJPLPP_01093",14.6385321844074,21.6829820399689,27.6485782238682,19.1851701880247,22.6861578474818,20.4981694893883
"AENJPLPP_01094",16.3607124413965,9.63688090665283,17.6643694208047,4.79629254700618,11.8362562682514,12.9462123090873
"AENJPLPP_01095",0.861090128494554,1.60614681777547,5.37611243241881,6.39505672934157,7.89083751216758,6.47310615454366
"AENJPLPP_01096",21.5272532123639,12.8491745422038,15.3603212354823,46.3641612877264,66.0857641644035,65.8099125711939
"AENJPLPP_01097",17.2218025698911,15.258394768867,17.6643694208047,46.3641612877264,50.3040891400683,52.8637002621066
"AENJPLPP_01098",65.4428497655861,93.9595888398651,94.4659755982163,166.271474962881,186.421036224959,155.354547709048
"AENJPLPP_01099",40.471236039244,35.3352299910604,42.2408833975764,43.1666329230556,63.1267000973407,59.3368064166502
"AENJPLPP_01100",49.9432274526841,44.9721108977132,62.2093010037034,83.1357374814404,90.7446313899272,96.0177412923977
"AENJPLPP_01101",7.74981115645099,6.42458727110189,11.5202409266117,20.7839343703601,19.727093780419,16.1827653863592
"AENJPLPP_01102",2.58327038548366,2.40922022666321,1.53603212354823,3.19752836467079,2.95906406706284,2.15770205151455
"AENJPLPP_01103",6.02763089946188,4.01536704443868,0.768016061774116,4.79629254700618,3.94541875608379,2.15770205151455
"AENJPLPP_01104",4.30545064247277,2.40922022666321,3.84008030887058,4.79629254700618,3.94541875608379,0
"AENJPLPP_01105",0.861090128494554,1.60614681777547,1.53603212354823,1.59876418233539,2.95906406706284,1.07885102575728
"AENJPLPP_01106",0.861090128494554,2.40922022666321,2.30404818532235,0,0,0
"AENJPLPP_01107",0.861090128494554,2.40922022666321,1.53603212354823,1.59876418233539,0.986354689020948,1.07885102575728
"AENJPLPP_01108",0,0.803073408887736,0.768016061774116,1.59876418233539,2.95906406706284,2.15770205151455
"AENJPLPP_01109",9.4719914134401,11.2430277244283,8.44817667951528,3.19752836467079,4.93177344510474,10.7885102575728
"AENJPLPP_01110",5.16654077096733,10.4399543155406,5.37611243241881,7.99382091167697,5.91812813412569,4.31540410302911
"AENJPLPP_01111",2.58327038548366,0.803073408887736,4.6080963706447,15.9876418233539,10.8499015792304,7.55195718030094
"AENJPLPP_01112",0,0.803073408887736,0.768016061774116,3.19752836467079,0.986354689020948,0
"AENJPLPP_01113",0.861090128494554,0,1.53603212354823,0,0.986354689020948,2.15770205151455
"AENJPLPP_01114",6.88872102795643,4.81844045332642,1.53603212354823,4.79629254700618,1.9727093780419,1.07885102575728
"AENJPLPP_01115",2.58327038548366,4.01536704443868,5.37611243241881,4.79629254700618,3.94541875608379,1.07885102575728
"AENJPLPP_01116",3.44436051397822,0.803073408887736,6.14412849419293,4.79629254700618,0.986354689020948,4.31540410302911
"AENJPLPP_01117",3.44436051397822,5.62151386221415,5.37611243241881,0,5.91812813412569,1.07885102575728
"AENJPLPP_01118",4.30545064247277,9.63688090665283,6.91214455596705,4.79629254700618,2.95906406706284,2.15770205151455
"AENJPLPP_01119",49.0821373241896,43.3659640799377,40.7048512740282,25.5802269173663,16.7680297133561,17.2616164121164
"AENJPLPP_01120",51.6654077096732,48.9874779421519,46.8489797682211,23.9814627350309,9.86354689020948,12.9462123090873
"AENJPLPP_01121",96.4420943913901,99.5811027020792,82.9457346716045,51.1604538347326,39.4541875608379,55.0214023136211
"AENJPLPP_01122",216.994712380628,212.011379946362,168.963533590306,148.685068957192,91.7309860789481,99.2542943696695
"AENJPLPP_01123",247.993957006432,218.435967217464,205.060288493689,105.518436034136,74.962956365592,57.1791043651357
"AENJPLPP_01124",30.999244625804,40.1536704443868,47.6169958299952,11.1913492763478,29.5906406706284,33.4443817984756
"AENJPLPP_01125",88.6922832349391,71.4735333910085,86.017798918701,57.5555105640742,54.2495078961521,48.5482961590775
"AENJPLPP_01126",57.6930386091351,66.6550929376821,49.1530279535434,14.3888776410185,20.7134484694399,23.7347225666601
"AENJPLPP_01127",6.88872102795643,10.4399543155406,9.98420880306351,0,1.9727093780419,3.23655307727183
"AENJPLPP_01128",20.6661630838693,11.2430277244283,16.8963533590306,14.3888776410185,6.90448282314663,7.55195718030094
"AENJPLPP_01129",10.3330815419347,8.03073408887736,3.84008030887058,6.39505672934157,0.986354689020948,4.31540410302911
"AENJPLPP_01130",19.8050729553747,15.258394768867,21.5044497296753,20.7839343703601,14.7953203353142,15.1039143606019
"AENJPLPP_01131",70.6093905365534,61.8366524843557,65.2813652507999,55.9567463817388,42.4132516279008,51.7848492363493
"AENJPLPP_01132",14.6385321844074,14.4553213599792,4.6080963706447,7.99382091167697,6.90448282314663,10.7885102575728
"AENJPLPP_01133",24.9716137263421,23.2891288577443,11.5202409266117,12.7901134586831,9.86354689020948,10.7885102575728
"AENJPLPP_01134",11.1941716704292,9.63688090665283,7.68016061774116,3.19752836467079,0.986354689020948,2.15770205151455
"AENJPLPP_01135",2.58327038548366,1.60614681777547,2.30404818532235,1.59876418233539,0,4.31540410302911
"AENJPLPP_01136",3.44436051397822,2.40922022666321,0.768016061774116,11.1913492763478,0,1.07885102575728
"AENJPLPP_01137",4.30545064247277,6.42458727110189,5.37611243241881,9.59258509401236,3.94541875608379,3.23655307727183
"AENJPLPP_01138",28.4159742403203,11.2430277244283,16.8963533590306,6.39505672934157,7.89083751216758,9.7096592318155
"AENJPLPP_01139",30.1381544973094,21.6829820399689,26.1125461003199,23.9814627350309,20.7134484694399,21.5770205151455
"AENJPLPP_01140",5.16654077096733,4.81844045332642,6.14412849419293,7.99382091167697,4.93177344510474,15.1039143606019
"AENJPLPP_01141",50.8043175811787,60.2305056665802,69.1214455596704,27.1789910997017,51.2904438290893,60.4156574424075
"AENJPLPP_01142",55.970858352146,61.0335790754679,59.9052528183811,60.7530389287449,53.2631532071312,38.838636927262
"AENJPLPP_01143",9.4719914134401,8.03073408887736,16.1283372972564,11.1913492763478,3.94541875608379,3.23655307727183
"AENJPLPP_01144",3.44436051397822,0,1.53603212354823,1.59876418233539,0.986354689020948,0
"AENJPLPP_01145",8.61090128494554,7.22766067998962,7.68016061774116,9.59258509401236,8.87719220118853,10.7885102575728
"AENJPLPP_01146",0,0,1.53603212354823,3.19752836467079,6.90448282314663,12.9462123090873
"AENJPLPP_01147",0.861090128494554,3.21229363555094,3.07206424709646,0,0.986354689020948,0
"AENJPLPP_01148",18.9439828268802,25.6983490844075,22.2724657914494,30.3765194643725,26.6315766035656,23.7347225666601
"AENJPLPP_01149",28.4159742403203,31.3198629466217,21.5044497296753,38.3703403760494,24.6588672255237,22.6558715409028
"AENJPLPP_01150",15.499622312902,8.8338074977651,7.68016061774116,9.59258509401236,11.8362562682514,8.63080820605822
"AENJPLPP_01151",0,0.803073408887736,0,0,1.9727093780419,0
"AENJPLPP_01152",24.9716137263421,21.6829820399689,27.6485782238682,22.3826985526955,14.7953203353142,18.3404674378737
"AENJPLPP_01153",267.799029961806,315.60784969288,361.735565095609,17.5864060056893,23.6725125365027,24.8135735924174
"AENJPLPP_01154",357.35240332524,371.822988315022,344.839211736578,62.3518031110803,40.4405422498589,34.5232328242329
"AENJPLPP_01155",292.770643688148,249.755830164086,215.812513358527,155.080125686533,114.41714392643,89.544635137854
"AENJPLPP_01156",216.994712380628,217.632893808576,252.677284323684,75.1419165697635,90.7446313899272,81.9926779575531
"AENJPLPP_01157",112.802806832787,115.642570879834,145.155035675308,500.413189070978,635.21241972949,627.891296990735
"AENJPLPP_01158",50.8043175811787,63.4427993021311,57.6012046330587,14.3888776410185,9.86354689020948,15.1039143606019
"AENJPLPP_01159",125.719158760205,152.58394768867,142.850987489986,46.3641612877264,56.222217274194,65.8099125711939
"AENJPLPP_01160",22.3883433408584,16.0614681777547,22.2724657914494,7.99382091167697,9.86354689020948,11.86736128333
"AENJPLPP_01161",61.9984892516079,70.6704599821208,69.8894616214446,20.7839343703601,25.6452219145446,34.5232328242329
"AENJPLPP_01162",60.2763089946188,65.0489461199066,49.9210440153175,41.5678687407202,25.6452219145446,28.0501266696892
"AENJPLPP_01163",3.44436051397822,3.21229363555094,5.37611243241881,3.19752836467079,9.86354689020948,1.07885102575728
"AENJPLPP_01164",5.16654077096733,5.62151386221415,12.2882569883859,3.19752836467079,5.91812813412569,4.31540410302911
"AENJPLPP_01165",6.02763089946188,0.803073408887736,2.30404818532235,7.99382091167697,2.95906406706284,8.63080820605822
"AENJPLPP_01166",0,0,0,0,0,0
"AENJPLPP_01167",93.8588240059064,72.2766067998962,78.3376383009598,68.7468598404219,73.9766016765711,63.6522105196794
"AENJPLPP_01194",5.16654077096733,5.62151386221415,0.768016061774116,0,0,1.07885102575728
"AENJPLPP_01195",164.46821454246,191.934544724169,209.668384864334,81.5369732991051,108.499015792304,111.121655653
"AENJPLPP_01196",17.2218025698911,22.4860554488566,20.7364336679011,15.9876418233539,13.8089656462933,10.7885102575728
"AENJPLPP_01197",27.5548841118257,23.2891288577443,25.3445300385458,6.39505672934157,9.86354689020948,11.86736128333
"AENJPLPP_01198",176.523476341384,134.91633269314,148.227099922404,132.697427133838,163.734878377477,175.852717198436
"AENJPLPP_01199",22.3883433408584,36.1383033999481,33.7927067180611,17.5864060056893,29.5906406706284,19.419318463631
"AENJPLPP_01200",12.9163519274183,11.2430277244283,12.2882569883859,17.5864060056893,11.8362562682514,16.1827653863592
"AENJPLPP_01201",52.5264978381678,63.4427993021311,49.1530279535434,49.5616896523972,58.1949266522359,57.1791043651357
"AENJPLPP_01202",33.5825150112876,37.7444502177236,36.0967549033835,30.3765194643725,25.6452219145446,30.2078287212038
"AENJPLPP_01203",11.1941716704292,12.8491745422038,6.14412849419293,1.59876418233539,1.9727093780419,3.23655307727183
"AENJPLPP_01204",30.1381544973094,24.0922022666321,30.7206424709646,19.1851701880247,20.7134484694399,11.86736128333
"AENJPLPP_01205",86.97010297795,89.9442217954264,108.29026471015,54.3579821994034,45.3723156949636,57.1791043651357
"AENJPLPP_01206",6.02763089946188,3.21229363555094,9.21619274128939,3.19752836467079,1.9727093780419,2.15770205151455
"AENJPLPP_01207",241.96632610697,238.512802439658,286.469991041745,75.1419165697635,77.9220204326549,97.0965923181549
"AENJPLPP_01208",43.0545064247277,100.384176110967,92.1619274128939,91.1295583931174,119.348917371535,80.9138269317958
"AENJPLPP_01209",18.0828926983856,9.63688090665283,11.5202409266117,15.9876418233539,13.8089656462933,20.4981694893883
"AENJPLPP_01210",4.30545064247277,3.21229363555094,0.768016061774116,0,1.9727093780419,1.07885102575728
"AENJPLPP_01211",229.049974179551,238.512802439658,201.988224246593,271.789910997017,215.025322206567,178.010419249951
"AENJPLPP_01212",300.520454844599,291.515647426248,387.848111195929,1004.02390650663,1410.48720529996,1556.78203016775
"AENJPLPP_01213",10.3330815419347,4.01536704443868,15.3603212354823,4.79629254700618,16.7680297133561,12.9462123090873
"AENJPLPP_01214",81.8035622069826,78.7011940709981,84.4817667951528,71.9443882050927,98.6354689020948,105.727400524213
"AENJPLPP_01215",49.0821373241896,34.5321565821726,48.3850118917693,78.3394449344343,60.1676360302778,61.4945084681648
"AENJPLPP_01216",12.9163519274183,7.22766067998962,12.2882569883859,17.5864060056893,15.7816750243352,18.3404674378737
"AENJPLPP_01217",20.6661630838693,29.7137161288462,30.7206424709646,51.1604538347326,65.0994094753826,57.1791043651357
"AENJPLPP_01218",224.744523537079,220.845187444127,266.501573435618,145.487540592521,215.025322206567,210.375950022669
"AENJPLPP_01219",45.6377768102114,45.7751843066009,56.0651725095105,38.3703403760494,37.481478182796,45.3117430818056
"AENJPLPP_01220",80.0813819499935,102.79339633763,79.105654362734,67.1480956580865,72.9902469875501,59.3368064166502
"AENJPLPP_01221",49.9432274526841,58.6243588488047,47.6169958299952,47.9629254700618,49.3177344510474,59.3368064166502
"AENJPLPP_01222",30.1381544973094,26.5014224932953,36.8647709651576,17.5864060056893,28.6042859816075,26.9712756439319
"AENJPLPP_01223",74.0537510505317,72.2766067998962,81.4097025480563,57.5555105640742,53.2631532071312,66.8887635969512
"AENJPLPP_01224",14.6385321844074,13.6522479510915,11.5202409266117,54.3579821994034,69.0448282314663,65.8099125711939
"AENJPLPP_01225",286.743012788687,351.746153092828,289.542055288842,487.623075612295,576.031138388234,527.558151595309
"AENJPLPP_01226",8.61090128494554,4.01536704443868,10.7522248648376,11.1913492763478,6.90448282314663,3.23655307727183
"AENJPLPP_01227",23.249433469353,29.7137161288462,20.7364336679011,14.3888776410185,34.5224141157332,17.2616164121164
"AENJPLPP_01228",0.861090128494554,1.60614681777547,1.53603212354823,1.59876418233539,0,0
"AENJPLPP_01229",18.0828926983856,23.2891288577443,19.2004015443529,31.9752836467079,16.7680297133561,17.2616164121164
"AENJPLPP_01230",49.9432274526841,52.1997715777028,59.9052528183811,107.117200216471,132.171528328807,162.906504889349
"AENJPLPP_01231",30.1381544973094,23.2891288577443,26.8805621620941,31.9752836467079,44.3859610059427,26.9712756439319
"AENJPLPP_01232",116.247167346765,139.734773146466,152.067180231275,67.1480956580865,89.7582767009063,102.490847446941
"AENJPLPP_01233",85.2479227209609,74.6858270265594,92.1619274128939,59.1542747464095,71.0175376095082,89.544635137854
"AENJPLPP_01234",35.3046952682767,29.7137161288462,35.3287388416093,9.59258509401236,25.6452219145446,20.4981694893883
"AENJPLPP_01235",13.7774420559129,13.6522479510915,8.44817667951528,4.79629254700618,2.95906406706284,12.9462123090873
"AENJPLPP_01236",4.30545064247277,1.60614681777547,4.6080963706447,0,0.986354689020948,0
"AENJPLPP_01237",13.7774420559129,27.304495902183,15.3603212354823,3.19752836467079,6.90448282314663,3.23655307727183
"AENJPLPP_01238",22.3883433408584,31.3198629466217,36.0967549033835,25.5802269173663,38.467832871817,30.2078287212038
"AENJPLPP_01239",66.3039398940807,72.2766067998962,80.6416864862822,65.5493314757511,76.9356657436339,89.544635137854
"AENJPLPP_01240",30.1381544973094,30.516789537734,28.4165942856423,31.9752836467079,13.8089656462933,20.4981694893883
"AENJPLPP_01241",134.33006004515,126.082525195375,135.170826872244,212.635636250607,252.506800389363,268.633905413562
"AENJPLPP_01242",63.720669508597,77.8981206621104,65.2813652507999,73.5431523874281,116.389853304472,98.1754433439122
"AENJPLPP_01243",51.6654077096732,33.7290831732849,48.3850118917693,9.59258509401236,18.740739091398,17.2616164121164
"AENJPLPP_01244",24.9716137263421,20.8799086310811,29.9526264091905,19.1851701880247,22.6861578474818,18.3404674378737
"AENJPLPP_01245",29.2770643688148,24.8952756755198,37.6327870269317,20.7839343703601,24.6588672255237,21.5770205151455
"AENJPLPP_01246",24.1105235978475,10.4399543155406,15.3603212354823,12.7901134586831,12.8226109572723,20.4981694893883
"AENJPLPP_01247",22.3883433408584,18.4706884044179,20.7364336679011,11.1913492763478,17.7543844023771,10.7885102575728
"AENJPLPP_01248",80.0813819499935,60.2305056665802,60.6732688801552,84.7345016637758,72.9902469875501,80.9138269317958
"AENJPLPP_01249",16.3607124413965,15.258394768867,11.5202409266117,27.1789910997017,19.727093780419,16.1827653863592
"AENJPLPP_01250",11.1941716704292,12.046101133316,7.68016061774116,19.1851701880247,30.5769953596494,29.1289776954465
"AENJPLPP_01251",0,4.81844045332642,2.30404818532235,0,0,0
"AENJPLPP_01252",16.3607124413965,9.63688090665283,17.6643694208047,0,5.91812813412569,10.7885102575728
"AENJPLPP_01253",22.3883433408584,28.9106427199585,22.2724657914494,6.39505672934157,12.8226109572723,12.9462123090873
"AENJPLPP_01254",5.16654077096733,4.81844045332642,2.30404818532235,3.19752836467079,0.986354689020948,1.07885102575728
"AENJPLPP_01255",44.7766866817168,62.6397258932434,59.9052528183811,17.5864060056893,14.7953203353142,16.1827653863592
"AENJPLPP_01256",26.6937939833312,19.2737618133057,26.8805621620941,3.19752836467079,14.7953203353142,5.39425512878639
"AENJPLPP_01257",120.552617989238,169.448489275312,135.938842934019,100.72214348713,115.403498615451,102.490847446941
"AENJPLPP_01258",30.1381544973094,42.56289067105,33.7927067180611,38.3703403760494,35.5087688047541,46.3905941075629
"AENJPLPP_01259",61.9984892516079,76.2919738443349,66.8173973743481,65.5493314757511,72.0038922985292,63.6522105196794
"AENJPLPP_01260",12.0552617989238,9.63688090665283,6.14412849419293,3.19752836467079,8.87719220118853,5.39425512878639
"AENJPLPP_01261",53.3875879666624,59.4274322576925,51.4570761388658,62.3518031110803,49.3177344510474,59.3368064166502
"AENJPLPP_01262",173.9402059559,163.826975413098,158.979324787242,223.826985526955,192.339164359085,209.297098996912
"AENJPLPP_01263",90.4144634919282,97.9749558843038,77.5696222391857,132.697427133838,120.335272060556,116.515910781786
"AENJPLPP_01264",3.44436051397822,2.40922022666321,4.6080963706447,6.39505672934157,13.8089656462933,6.47310615454366
"AENJPLPP_01265",6.02763089946188,7.22766067998962,7.68016061774116,6.39505672934157,3.94541875608379,4.31540410302911
"AENJPLPP_01266",0,0,0,0,0,0
"AENJPLPP_01267",10.3330815419347,13.6522479510915,14.5923051737082,9.59258509401236,14.7953203353142,14.0250633348446
"AENJPLPP_01268",25.8327038548366,23.2891288577443,25.3445300385458,54.3579821994034,25.6452219145446,26.9712756439319
"AENJPLPP_01269",28.4159742403203,29.7137161288462,28.4165942856423,49.5616896523972,47.3450250730055,25.8924246181747
"AENJPLPP_01270",6.02763089946188,1.60614681777547,3.84008030887058,1.59876418233539,0,2.15770205151455
"AENJPLPP_01271",5.16654077096733,7.22766067998962,5.37611243241881,3.19752836467079,3.94541875608379,3.23655307727183
"AENJPLPP_01272",6.02763089946188,5.62151386221415,4.6080963706447,0,0,1.07885102575728
"AENJPLPP_01273",83.5257424639718,89.9442217954264,90.6258952893457,17.5864060056893,33.5360594267122,24.8135735924174
"AENJPLPP_01274",6.02763089946188,8.8338074977651,6.91214455596705,15.9876418233539,9.86354689020948,20.4981694893883
"AENJPLPP_01275",10.3330815419347,11.2430277244283,8.44817667951528,11.1913492763478,7.89083751216758,8.63080820605822
"AENJPLPP_01276",12.9163519274183,14.4553213599792,17.6643694208047,22.3826985526955,15.7816750243352,18.3404674378737
"AENJPLPP_01277",2.58327038548366,4.01536704443868,3.84008030887058,0,2.95906406706284,0
"AENJPLPP_01278",21.5272532123639,18.4706884044179,24.5765139767717,9.59258509401236,6.90448282314663,3.23655307727183
"AENJPLPP_01279",0.861090128494554,1.60614681777547,3.84008030887058,0,0.986354689020948,1.07885102575728
"AENJPLPP_01280",2.58327038548366,6.42458727110189,2.30404818532235,9.59258509401236,2.95906406706284,4.31540410302911
"AENJPLPP_01281",5.16654077096733,7.22766067998962,2.30404818532235,7.99382091167697,0.986354689020948,4.31540410302911
"AENJPLPP_01282",4.30545064247277,4.81844045332642,1.53603212354823,12.7901134586831,14.7953203353142,10.7885102575728
"AENJPLPP_01283",6.02763089946188,6.42458727110189,5.37611243241881,6.39505672934157,9.86354689020948,6.47310615454366
"AENJPLPP_01284",6.02763089946188,4.01536704443868,3.84008030887058,4.79629254700618,0.986354689020948,6.47310615454366
"AENJPLPP_01285",0.861090128494554,0,0,1.59876418233539,0,0
"AENJPLPP_01286",10.3330815419347,8.8338074977651,10.7522248648376,15.9876418233539,11.8362562682514,7.55195718030094
"AENJPLPP_01287",11.1941716704292,7.22766067998962,6.91214455596705,4.79629254700618,6.90448282314663,11.86736128333
"AENJPLPP_01288",210.967081481166,188.722251088618,185.091870887562,43.1666329230556,28.6042859816075,42.0751900045338
"AENJPLPP_01289",37.8879656537604,37.7444502177236,37.6327870269317,17.5864060056893,9.86354689020948,17.2616164121164
"AENJPLPP_01290",24.1105235978475,17.6676149955302,18.4323854825788,7.99382091167697,15.7816750243352,8.63080820605822
"AENJPLPP_01291",50.8043175811787,61.8366524843557,57.6012046330587,19.1851701880247,30.5769953596494,28.0501266696892
"AENJPLPP_01292",4.30545064247277,3.21229363555094,6.14412849419293,4.79629254700618,1.9727093780419,1.07885102575728
"AENJPLPP_01293",37.0268755252658,27.304495902183,33.7927067180611,31.9752836467079,37.481478182796,36.6809348757474
"AENJPLPP_01294",12.9163519274183,5.62151386221415,15.3603212354823,7.99382091167697,3.94541875608379,11.86736128333
"AENJPLPP_01295",6.02763089946188,15.258394768867,20.7364336679011,4.79629254700618,8.87719220118853,11.86736128333
"AENJPLPP_01296",1.72218025698911,4.01536704443868,4.6080963706447,1.59876418233539,1.9727093780419,2.15770205151455
"AENJPLPP_01297",6.88872102795643,2.40922022666321,5.37611243241881,17.5864060056893,8.87719220118853,10.7885102575728
"AENJPLPP_01298",3.44436051397822,4.81844045332642,1.53603212354823,0,1.9727093780419,1.07885102575728
"AENJPLPP_01299",53.3875879666624,51.3966981688151,49.9210440153175,9.59258509401236,10.8499015792304,17.2616164121164
"AENJPLPP_01300",0.861090128494554,0.803073408887736,0,0,1.9727093780419,0
"AENJPLPP_01301",0.861090128494554,0,0,1.59876418233539,0,0
"AENJPLPP_01302",2.58327038548366,0.803073408887736,0.768016061774116,0,1.9727093780419,0
"AENJPLPP_01303",8.61090128494554,4.81844045332642,9.98420880306351,4.79629254700618,2.95906406706284,4.31540410302911
"AENJPLPP_01304",0,0,0,0,0,0
"AENJPLPP_01305",1.72218025698911,0,0,3.19752836467079,0,1.07885102575728
"AENJPLPP_01306",6.02763089946188,11.2430277244283,9.21619274128939,14.3888776410185,22.6861578474818,22.6558715409028
"AENJPLPP_01307",0.861090128494554,0.803073408887736,0.768016061774116,4.79629254700618,1.9727093780419,4.31540410302911
"AENJPLPP_01308",1.72218025698911,0,1.53603212354823,1.59876418233539,0,0
"AENJPLPP_01309",0.861090128494554,0,1.53603212354823,1.59876418233539,1.9727093780419,0
"AENJPLPP_01310",0,0,0,0,0,0
"AENJPLPP_01311",0.861090128494554,2.40922022666321,0,0,1.9727093780419,1.07885102575728
"AENJPLPP_01312",0,0,0,0,0,0
"AENJPLPP_01313",0,0,0,0,0,0
"AENJPLPP_01314",1.72218025698911,0.803073408887736,1.53603212354823,0,0.986354689020948,0
"AENJPLPP_01315",0.861090128494554,0.803073408887736,0,0,0,0
"AENJPLPP_01316",4.30545064247277,2.40922022666321,6.14412849419293,0,0.986354689020948,1.07885102575728
"AENJPLPP_01317",6.88872102795643,3.21229363555094,4.6080963706447,4.79629254700618,0,3.23655307727183
"AENJPLPP_01318",24.9716137263421,18.4706884044179,29.1846103474164,6.39505672934157,3.94541875608379,6.47310615454366
"AENJPLPP_01319",97.3031845198846,93.1565154309774,92.9299434746681,49.5616896523972,33.5360594267122,46.3905941075629
"AENJPLPP_01320",11.1941716704292,5.62151386221415,9.98420880306351,3.19752836467079,0.986354689020948,4.31540410302911
"AENJPLPP_01321",12.0552617989238,16.8645415866425,16.1283372972564,15.9876418233539,12.8226109572723,10.7885102575728
"AENJPLPP_01322",2.58327038548366,4.01536704443868,4.6080963706447,7.99382091167697,7.89083751216758,14.0250633348446
"AENJPLPP_01323",6.02763089946188,4.01536704443868,9.98420880306351,0,1.9727093780419,4.31540410302911
"AENJPLPP_01324",27.5548841118257,18.4706884044179,29.1846103474164,11.1913492763478,8.87719220118853,12.9462123090873
"AENJPLPP_01325",18.0828926983856,23.2891288577443,23.8084979149976,0,11.8362562682514,8.63080820605822
"AENJPLPP_01326",0,0,1.53603212354823,0,0.986354689020948,1.07885102575728
"AENJPLPP_01327",2.58327038548366,4.81844045332642,0.768016061774116,3.19752836467079,5.91812813412569,5.39425512878639
"AENJPLPP_01328",6.02763089946188,7.22766067998962,4.6080963706447,1.59876418233539,0.986354689020948,1.07885102575728
"AENJPLPP_01329",2.58327038548366,0.803073408887736,0.768016061774116,1.59876418233539,2.95906406706284,0
"AENJPLPP_01330",102.469725290852,93.9595888398651,92.1619274128939,36.771576193714,32.5497047376913,36.6809348757474
"AENJPLPP_01331",15.499622312902,19.2737618133057,32.2566745945129,0,1.9727093780419,1.07885102575728
"AENJPLPP_01332",83.5257424639718,91.5503686132019,66.8173973743481,23.9814627350309,18.740739091398,15.1039143606019
"AENJPLPP_01333",11.1941716704292,12.8491745422038,9.21619274128939,12.7901134586831,4.93177344510474,5.39425512878639
"AENJPLPP_01334",23.249433469353,24.8952756755198,23.0404818532235,14.3888776410185,11.8362562682514,18.3404674378737
"AENJPLPP_01335",0.861090128494554,0.803073408887736,0.768016061774116,0,0,0
"AENJPLPP_01336",12.9163519274183,8.03073408887736,9.98420880306351,3.19752836467079,4.93177344510474,10.7885102575728
"AENJPLPP_01337",5.16654077096733,4.01536704443868,3.07206424709646,11.1913492763478,5.91812813412569,9.7096592318155
"AENJPLPP_01338",0.861090128494554,0.803073408887736,0.768016061774116,0,0,1.07885102575728
"AENJPLPP_01339",2.58327038548366,3.21229363555094,1.53603212354823,6.39505672934157,2.95906406706284,1.07885102575728
"AENJPLPP_01340",0,0,0,0,0.986354689020948,0
"AENJPLPP_01341",0,0,0.768016061774116,1.59876418233539,0.986354689020948,1.07885102575728
"AENJPLPP_01342",14.6385321844074,16.0614681777547,15.3603212354823,22.3826985526955,14.7953203353142,17.2616164121164
"AENJPLPP_01343",5.16654077096733,4.01536704443868,7.68016061774116,7.99382091167697,16.7680297133561,10.7885102575728
"AENJPLPP_01344",6.02763089946188,3.21229363555094,3.07206424709646,4.79629254700618,10.8499015792304,5.39425512878639
"AENJPLPP_01345",0.861090128494554,0,0,1.59876418233539,2.95906406706284,2.15770205151455
"AENJPLPP_01346",1.72218025698911,6.42458727110189,6.91214455596705,3.19752836467079,9.86354689020948,11.86736128333
"AENJPLPP_01347",19.8050729553747,24.8952756755198,15.3603212354823,15.9876418233539,13.8089656462933,6.47310615454366
"AENJPLPP_01348",2.58327038548366,3.21229363555094,3.07206424709646,1.59876418233539,0.986354689020948,0
"AENJPLPP_01349",1.72218025698911,4.01536704443868,1.53603212354823,6.39505672934157,1.9727093780419,4.31540410302911
"AENJPLPP_01350",0.861090128494554,0.803073408887736,0,0,0.986354689020948,0
"AENJPLPP_01351",6.88872102795643,7.22766067998962,6.14412849419293,6.39505672934157,8.87719220118853,6.47310615454366
"AENJPLPP_01352",6.02763089946188,7.22766067998962,3.84008030887058,19.1851701880247,9.86354689020948,12.9462123090873
"AENJPLPP_01353",6.88872102795643,8.8338074977651,9.98420880306351,22.3826985526955,18.740739091398,21.5770205151455
"AENJPLPP_01354",5.16654077096733,9.63688090665283,1.53603212354823,27.1789910997017,12.8226109572723,10.7885102575728
"AENJPLPP_01355",9.4719914134401,6.42458727110189,6.14412849419293,4.79629254700618,11.8362562682514,6.47310615454366
"AENJPLPP_01356",46.4988669387059,38.5475236266113,31.4886585327388,23.9814627350309,26.6315766035656,15.1039143606019
"AENJPLPP_01357",55.970858352146,61.8366524843557,73.7295419303152,52.759218017068,51.2904438290893,34.5232328242329
"AENJPLPP_01358",225.605613665573,217.632893808576,310.278488956743,68.7468598404219,46.3586703839845,52.8637002621066
"AENJPLPP_01359",173.079115827405,206.389866084148,248.837204014814,177.462824239229,212.066258139504,216.849056177213
"AENJPLPP_01360",47.3599570672005,61.0335790754679,46.080963706447,71.9443882050927,53.2631532071312,52.8637002621066
"AENJPLPP_01361",106.775175933325,79.5042674798859,109.826296833699,91.1295583931174,82.8537938777596,78.7561248802812
"AENJPLPP_01362",12.9163519274183,10.4399543155406,16.1283372972564,19.1851701880247,22.6861578474818,32.3655307727183
"AENJPLPP_01363",7.74981115645099,21.6829820399689,13.05627305016,17.5864060056893,6.90448282314663,8.63080820605822
"AENJPLPP_01364",17.2218025698911,12.8491745422038,14.5923051737082,7.99382091167697,5.91812813412569,7.55195718030094
"AENJPLPP_01365",12.0552617989238,16.8645415866425,10.7522248648376,3.19752836467079,3.94541875608379,5.39425512878639
"AENJPLPP_01366",3.44436051397822,1.60614681777547,3.84008030887058,0,0.986354689020948,1.07885102575728
"AENJPLPP_01367",0,0,0,0,0,0
"AENJPLPP_01368",1.72218025698911,0,0,0,0,0
"AENJPLPP_01369",8.61090128494554,12.8491745422038,8.44817667951528,9.59258509401236,6.90448282314663,3.23655307727183
"AENJPLPP_01370",19.8050729553747,21.6829820399689,23.8084979149976,17.5864060056893,11.8362562682514,9.7096592318155
"AENJPLPP_01371",0.861090128494554,2.40922022666321,2.30404818532235,1.59876418233539,0.986354689020948,0
"AENJPLPP_01372",4.30545064247277,7.22766067998962,3.84008030887058,0,2.95906406706284,1.07885102575728
"AENJPLPP_01373",30.1381544973094,20.8799086310811,25.3445300385458,19.1851701880247,15.7816750243352,19.419318463631
"AENJPLPP_01374",899.839184276809,728.387581861176,845.585684013302,410.882394860196,495.150053888516,523.242747492279
"AENJPLPP_01375",522.681707996194,584.637441670272,625.933090345905,246.209684079651,328.456111443976,318.261052598397
"AENJPLPP_01376",16.3607124413965,17.6676149955302,17.6643694208047,4.79629254700618,9.86354689020948,5.39425512878639
"AENJPLPP_01377",43.9155965532223,61.0335790754679,36.0967549033835,28.7777552820371,25.6452219145446,28.0501266696892
"AENJPLPP_01378",6.88872102795643,10.4399543155406,7.68016061774116,1.59876418233539,4.93177344510474,4.31540410302911
"AENJPLPP_01379",39.6101459107495,44.9721108977132,36.0967549033835,41.5678687407202,32.5497047376913,36.6809348757474
"AENJPLPP_01380",37.0268755252658,31.3198629466217,39.1688191504799,28.7777552820371,38.467832871817,42.0751900045338
"AENJPLPP_01381",131.746789659667,169.448489275312,146.691067798856,47.9629254700618,45.3723156949636,31.286679746961
"AENJPLPP_01382",61.9984892516079,98.7780292931915,69.1214455596704,12.7901134586831,18.740739091398,8.63080820605822
"AENJPLPP_01383",68.0261201510698,70.6704599821208,50.6890600770917,14.3888776410185,13.8089656462933,11.86736128333
"AENJPLPP_01384",31.8603347542985,24.8952756755198,31.4886585327388,6.39505672934157,5.91812813412569,10.7885102575728
"AENJPLPP_01385",75.7759313075208,72.2766067998962,85.2497828569269,36.771576193714,64.1130547863616,65.8099125711939
"AENJPLPP_01386",51.6654077096732,54.608991804366,42.2408833975764,38.3703403760494,53.2631532071312,50.705998210592
"AENJPLPP_01387",18.9439828268802,21.6829820399689,15.3603212354823,7.99382091167697,20.7134484694399,15.1039143606019
"AENJPLPP_01388",5.16654077096733,9.63688090665283,3.07206424709646,0,0,0
"AENJPLPP_01389",78.3592016930044,57.821285439917,74.4975579920893,52.759218017068,54.2495078961521,74.4407207772521
"AENJPLPP_01390",46.4988669387059,44.9721108977132,39.936835212254,12.7901134586831,16.7680297133561,20.4981694893883
"AENJPLPP_01391",17.2218025698911,31.3198629466217,29.9526264091905,1.59876418233539,10.8499015792304,7.55195718030094
"AENJPLPP_01392",97.3031845198846,93.9595888398651,92.1619274128939,180.660352603899,213.052612828525,209.297098996912
"AENJPLPP_01393",4.30545064247277,2.40922022666321,2.30404818532235,0,3.94541875608379,4.31540410302911
"AENJPLPP_01403",15.499622312902,16.8645415866425,21.5044497296753,22.3826985526955,16.7680297133561,14.0250633348446
"AENJPLPP_01404",43.0545064247277,54.608991804366,58.3692206948328,62.3518031110803,56.222217274194,64.7310615454366
"AENJPLPP_01405",57.6930386091351,46.5782577154887,48.3850118917693,43.1666329230556,42.4132516279008,38.838636927262
"AENJPLPP_01406",185.134377626329,175.873076546414,185.091870887562,369.314526119476,418.214388144882,408.884538762008
"AENJPLPP_01407",19.8050729553747,24.0922022666321,27.6485782238682,14.3888776410185,16.7680297133561,14.0250633348446
"AENJPLPP_01408",86.1090128494554,92.3534420220896,92.1619274128939,52.759218017068,40.4405422498589,48.5482961590775
"AENJPLPP_01409",11.1941716704292,16.8645415866425,15.3603212354823,4.79629254700618,6.90448282314663,5.39425512878639
"AENJPLPP_01410",62.8595793801025,56.2151386221415,69.1214455596704,39.9691045583848,27.6179312925865,44.2328920560484
"AENJPLPP_01411",37.8879656537604,44.9721108977132,36.8647709651576,15.9876418233539,17.7543844023771,18.3404674378737
"AENJPLPP_01412",34.4436051397822,44.9721108977132,46.8489797682211,17.5864060056893,19.727093780419,15.1039143606019
"AENJPLPP_01413",47.3599570672005,53.0028449865906,67.5854134361222,38.3703403760494,31.5633500486703,25.8924246181747
"AENJPLPP_01414",19.8050729553747,20.8799086310811,19.2004015443529,4.79629254700618,6.90448282314663,4.31540410302911
"AENJPLPP_01415",20.6661630838693,25.6983490844075,23.8084979149976,3.19752836467079,5.91812813412569,5.39425512878639
"AENJPLPP_01416",45.6377768102114,56.2151386221415,31.4886585327388,9.59258509401236,8.87719220118853,4.31540410302911
"AENJPLPP_01417",46.4988669387059,62.6397258932434,54.5291403859622,43.1666329230556,38.467832871817,38.838636927262
"AENJPLPP_01418",59.4152188661242,62.6397258932434,76.8016061774116,20.7839343703601,28.6042859816075,16.1827653863592
"AENJPLPP_01419",16.3607124413965,8.03073408887736,5.37611243241881,3.19752836467079,3.94541875608379,0
"AENJPLPP_01420",4.30545064247277,4.81844045332642,3.84008030887058,0,4.93177344510474,0
"AENJPLPP_01421",41.3323261677386,37.7444502177236,44.5449315828987,19.1851701880247,35.5087688047541,39.9174879530193
"AENJPLPP_01422",38.7490557822549,40.1536704443868,49.9210440153175,31.9752836467079,30.5769953596494,32.3655307727183
"AENJPLPP_01423",2.58327038548366,6.42458727110189,6.14412849419293,4.79629254700618,3.94541875608379,3.23655307727183
"AENJPLPP_01424",92.9977338774118,98.7780292931915,126.722650192729,62.3518031110803,60.1676360302778,62.5733594939221
"AENJPLPP_01425",163.607124413965,151.780874279782,175.107662084498,60.7530389287449,104.55359703622,84.1503800090676
"AENJPLPP_01426",239.383055721486,238.512802439658,244.997123705943,151.882597321862,148.939558042163,178.010419249951
"AENJPLPP_01427",204.939450581704,107.611836790957,188.931951196433,71.9443882050927,62.1403454083197,81.9926779575531
"AENJPLPP_01428",253.160497777399,230.48206835078,281.861894671101,143.888776410185,125.26704550566,144.566037451475
"AENJPLPP_01429",25.8327038548366,20.0768352221934,23.0404818532235,11.1913492763478,14.7953203353142,12.9462123090873
"AENJPLPP_01430",0,0,0,1.59876418233539,0,0
"AENJPLPP_01431",49.9432274526841,50.5936247599274,52.993108262414,52.759218017068,72.0038922985292,52.8637002621066
"AENJPLPP_01432",12.9163519274183,14.4553213599792,13.8242891119341,28.7777552820371,31.5633500486703,35.6020838499901
"AENJPLPP_01433",46.4988669387059,36.1383033999481,32.2566745945129,17.5864060056893,7.89083751216758,19.419318463631
"AENJPLPP_01434",56.8319484806406,66.6550929376821,75.2655740538634,156.678889868869,195.298228426148,190.956631559038
"AENJPLPP_01435",61.9984892516079,64.2458727110189,60.6732688801552,31.9752836467079,25.6452219145446,24.8135735924174
"AENJPLPP_01436",80.0813819499935,93.1565154309774,84.4817667951528,41.5678687407202,46.3586703839845,44.2328920560484
"AENJPLPP_01437",40.471236039244,26.5014224932953,40.7048512740282,52.759218017068,60.1676360302778,58.257955390893
"AENJPLPP_01438",30.999244625804,33.7290831732849,37.6327870269317,43.1666329230556,40.4405422498589,43.1540410302911
"AENJPLPP_01439",37.8879656537604,47.3813311243764,36.8647709651576,73.5431523874281,42.4132516279008,65.8099125711939
"AENJPLPP_01440",44.7766866817168,28.1075693110708,33.024690656287,12.7901134586831,16.7680297133561,15.1039143606019
"AENJPLPP_01441",6.02763089946188,7.22766067998962,3.07206424709646,3.19752836467079,4.93177344510474,2.15770205151455
"AENJPLPP_01442",0,0,0,0,0,0
"AENJPLPP_01443",4.30545064247277,4.81844045332642,5.37611243241881,0,0.986354689020948,1.07885102575728
"AENJPLPP_01444",64.5817596370916,71.4735333910085,54.5291403859622,103.919671851801,70.0311829204873,83.0715289833103
"AENJPLPP_01445",162.746034285471,177.47922336419,153.603212354823,59.1542747464095,42.4132516279008,25.8924246181747
"AENJPLPP_01446",9.4719914134401,5.62151386221415,7.68016061774116,3.19752836467079,2.95906406706284,3.23655307727183
"AENJPLPP_01447",0.861090128494554,3.21229363555094,1.53603212354823,1.59876418233539,1.9727093780419,3.23655307727183
"AENJPLPP_01448",0,0.803073408887736,0.768016061774116,1.59876418233539,1.9727093780419,2.15770205151455
"AENJPLPP_01449",19.8050729553747,17.6676149955302,18.4323854825788,11.1913492763478,6.90448282314663,12.9462123090873
"AENJPLPP_01450",21.5272532123639,20.8799086310811,20.7364336679011,17.5864060056893,17.7543844023771,3.23655307727183
"AENJPLPP_01451",29.2770643688148,40.1536704443868,29.9526264091905,14.3888776410185,11.8362562682514,15.1039143606019
"AENJPLPP_01452",2.58327038548366,3.21229363555094,1.53603212354823,6.39505672934157,0.986354689020948,2.15770205151455
"AENJPLPP_01453",0.861090128494554,0.803073408887736,1.53603212354823,0,0,0
"AENJPLPP_01454",6.88872102795643,4.01536704443868,4.6080963706447,12.7901134586831,15.7816750243352,15.1039143606019
"AENJPLPP_01455",68.0261201510698,57.0182120310293,72.1935098067669,65.5493314757511,55.2358625851731,60.4156574424075
"AENJPLPP_01456",372.852025638142,354.958446728379,393.224223628347,172.666531692222,195.298228426148,212.533652074184
"AENJPLPP_01457",21.5272532123639,28.9106427199585,30.7206424709646,27.1789910997017,29.5906406706284,18.3404674378737
"AENJPLPP_01458",50.8043175811787,80.3073408887736,49.9210440153175,25.5802269173663,25.6452219145446,23.7347225666601
"AENJPLPP_01459",14.6385321844074,12.8491745422038,14.5923051737082,7.99382091167697,7.89083751216758,11.86736128333
"AENJPLPP_01460",48.221047195695,41.7598172621623,52.993108262414,7.99382091167697,24.6588672255237,23.7347225666601
"AENJPLPP_01461",92.1366437489173,79.5042674798859,92.1619274128939,60.7530389287449,64.1130547863616,72.2830187257376
"AENJPLPP_01462",39.6101459107495,33.7290831732849,28.4165942856423,19.1851701880247,21.6998031584609,23.7347225666601
"AENJPLPP_01463",380.601836794593,422.416613074949,444.681299767213,708.252532774579,793.029169972842,727.145591360405
"AENJPLPP_01464",129.163519274183,109.217983608732,122.114553822084,143.888776410185,159.789459621394,125.146718987844
"AENJPLPP_01465",142.079871201601,134.91633269314,140.546939304663,103.919671851801,161.762168999435,159.669951812077
"AENJPLPP_01466",82.6646523354772,57.0182120310293,88.3218471040233,62.3518031110803,83.8401485667806,65.8099125711939
"AENJPLPP_01467",142.079871201601,159.008534959772,148.227099922404,97.524615122459,112.444434548388,124.067867962087
"AENJPLPP_01468",54.2486780951569,85.1257813421,94.4659755982163,78.3394449344343,82.8537938777596,77.677273854524
"AENJPLPP_01469",126.580248888699,119.657937924273,129.026698378051,108.715964398807,146.966848664121,125.146718987844
"AENJPLPP_01470",482.21047195695,391.899823537215,513.03472926511,182.259116786235,216.998031584609,277.26471361962
"AENJPLPP_01471",44.7766866817168,41.7598172621623,53.7611243241881,28.7777552820371,25.6452219145446,23.7347225666601
"AENJPLPP_01472",26.6937939833312,21.6829820399689,23.8084979149976,11.1913492763478,15.7816750243352,18.3404674378737
"AENJPLPP_01473",235.077605079013,255.3773440263,286.469991041745,33.5740478290433,52.2767985181102,49.6271471848347
"AENJPLPP_01474",133.468969916656,122.870231559824,147.45908386063,39.9691045583848,42.4132516279008,37.7597859015047
"AENJPLPP_01475",1293.35737299882,1346.75410670473,1604.38555304613,383.703403760494,448.791383504531,472.536749281687
"AENJPLPP_01476",1258.05267773054,1335.5110789803,1631.26611520822,439.660150142233,562.22217274194,593.368064166502
"AENJPLPP_01477",244.549596492453,191.131471315281,254.981332509007,14.3888776410185,47.3450250730055,31.286679746961
"AENJPLPP_01478",235.938695207508,227.269774715229,294.918167721261,63.9505672934157,70.0311829204873,72.2830187257376
"AENJPLPP_01479",126.580248888699,164.630048821986,198.148143937722,35.1728120113787,51.2904438290893,52.8637002621066
"AENJPLPP_01480",67.1650300225752,91.5503686132019,82.1777186098304,20.7839343703601,15.7816750243352,30.2078287212038
"AENJPLPP_01481",413.323261677386,494.693219874845,563.723789342201,86.3332658461112,107.512661103283,94.9388902666404
"AENJPLPP_01482",70.6093905365534,40.1536704443868,58.3692206948328,43.1666329230556,51.2904438290893,51.7848492363493
"AENJPLPP_01483",338.40842049836,301.152528332901,329.478890501096,57.5555105640742,64.1130547863616,66.8887635969512
"AENJPLPP_01484",946.338051215515,1159.63800243389,1273.37063042148,135.894955498508,228.83428785286,230.874119512057
"AENJPLPP_01485",213.550351866649,223.254407670791,209.668384864334,44.765397105391,54.2495078961521,70.125316674223
"AENJPLPP_01486",117.969347603754,134.91633269314,133.634794748696,19.1851701880247,25.6452219145446,20.4981694893883
"AENJPLPP_01487",419.350892576848,538.862257363671,695.822551967349,95.9258509401236,99.6218235911157,110.042804627242
"AENJPLPP_01488",246.271776749442,269.832665386279,321.030713821581,49.5616896523972,58.1949266522359,65.8099125711939
"AENJPLPP_01489",153.274042872031,173.463856319751,135.938842934019,28.7777552820371,36.4951234937751,33.4443817984756
"AENJPLPP_01490",531.29260928114,378.247575586124,401.672400307863,27.1789910997017,68.0584735424454,77.677273854524
"AENJPLPP_01491",756.898222946713,589.455882123598,582.15617482478,92.7283225754528,108.499015792304,77.677273854524
"AENJPLPP_01492",165.329304670954,188.722251088618,185.859886949336,23.9814627350309,20.7134484694399,29.1289776954465
"AENJPLPP_01493",228.188884051057,224.057481079678,270.341653744489,43.1666329230556,51.2904438290893,45.3117430818056
"AENJPLPP_01494",149.829682358052,129.294818830925,173.57162996095,47.9629254700618,40.4405422498589,37.7597859015047
"AENJPLPP_01495",306.548085744061,270.635738795167,242.693075520621,63.9505672934157,64.1130547863616,70.125316674223
"AENJPLPP_01496",38.7490557822549,24.8952756755198,21.5044497296753,3.19752836467079,10.8499015792304,7.55195718030094
"AENJPLPP_01497",131.746789659667,102.79339633763,111.362328957247,23.9814627350309,20.7134484694399,26.9712756439319
"AENJPLPP_01498",1569.76730424557,1494.51961394008,1685.02723953241,243.01215571498,289.988278572159,334.443817984756
"AENJPLPP_01499",457.238858230608,468.994870790438,645.901507952032,31.9752836467079,92.7173407679691,65.8099125711939
"AENJPLPP_01500",276.409931246752,268.226518568504,251.141252200136,20.7839343703601,31.5633500486703,37.7597859015047
"AENJPLPP_01501",22.3883433408584,28.1075693110708,26.8805621620941,6.39505672934157,8.87719220118853,3.23655307727183
"AENJPLPP_01502",443.461416174695,686.627764599014,559.115692971557,75.1419165697635,99.6218235911157,111.121655653
"AENJPLPP_01503",105.91408580483,118.854864515385,158.979324787242,27.1789910997017,27.6179312925865,25.8924246181747
"AENJPLPP_01504",462.405399001576,391.096750128327,466.185749496888,68.7468598404219,87.7855673228644,87.3869330863395
"AENJPLPP_01505",154.135133000525,125.279451786487,157.443292663694,35.1728120113787,42.4132516279008,33.4443817984756
"AENJPLPP_01506",51.6654077096732,45.7751843066009,43.0088994593505,46.3641612877264,47.3450250730055,52.8637002621066
"AENJPLPP_01507",37.0268755252658,31.3198629466217,28.4165942856423,22.3826985526955,29.5906406706284,21.5770205151455
"AENJPLPP_01508",24.9716137263421,22.4860554488566,20.7364336679011,20.7839343703601,32.5497047376913,21.5770205151455
"AENJPLPP_01509",21.5272532123639,16.8645415866425,19.2004015443529,12.7901134586831,14.7953203353142,8.63080820605822
"AENJPLPP_01510",63.720669508597,61.0335790754679,59.9052528183811,54.3579821994034,70.0311829204873,51.7848492363493
"AENJPLPP_01511",48.221047195695,37.7444502177236,46.080963706447,43.1666329230556,30.5769953596494,33.4443817984756
"AENJPLPP_01512",9.4719914134401,17.6676149955302,10.7522248648376,7.99382091167697,11.8362562682514,9.7096592318155
"AENJPLPP_01513",15.499622312902,13.6522479510915,13.8242891119341,35.1728120113787,30.5769953596494,28.0501266696892
"AENJPLPP_01514",12.0552617989238,23.2891288577443,9.98420880306351,15.9876418233539,15.7816750243352,9.7096592318155
"AENJPLPP_01515",17.2218025698911,4.01536704443868,4.6080963706447,6.39505672934157,9.86354689020948,5.39425512878639
"AENJPLPP_01516",6.88872102795643,11.2430277244283,13.8242891119341,6.39505672934157,8.87719220118853,4.31540410302911
"AENJPLPP_01517",34.4436051397822,17.6676149955302,19.968417606127,19.1851701880247,18.740739091398,11.86736128333
"AENJPLPP_01518",76.6370214360153,65.8520195287943,64.5133491890257,51.1604538347326,77.9220204326549,73.3618697514949
"AENJPLPP_01519",16.3607124413965,8.8338074977651,13.05627305016,14.3888776410185,14.7953203353142,9.7096592318155
"AENJPLPP_01520",24.1105235978475,16.8645415866425,20.7364336679011,20.7839343703601,19.727093780419,24.8135735924174
"AENJPLPP_01521",278.993201632236,318.017069919543,313.350553203839,292.573845367377,375.801136516981,376.51900798929
"AENJPLPP_01522",48.221047195695,47.3813311243764,51.4570761388658,39.9691045583848,47.3450250730055,42.0751900045338
"AENJPLPP_01523",92.9977338774118,106.808763382069,82.9457346716045,51.1604538347326,69.0448282314663,66.8887635969512
"AENJPLPP_01524",16.3607124413965,22.4860554488566,21.5044497296753,12.7901134586831,13.8089656462933,9.7096592318155
"AENJPLPP_01525",19.8050729553747,16.8645415866425,29.9526264091905,108.715964398807,100.608178280137,65.8099125711939
"AENJPLPP_01526",32.7214248827931,31.3198629466217,33.024690656287,70.3456240227573,86.7992126338434,120.831314884815
"AENJPLPP_01527",43.9155965532223,43.3659640799377,46.080963706447,79.9382091167697,91.7309860789481,86.3080820605822
"AENJPLPP_01528",33.5825150112876,29.7137161288462,26.8805621620941,49.5616896523972,72.0038922985292,65.8099125711939
"AENJPLPP_01529",52.5264978381678,28.9106427199585,28.4165942856423,39.9691045583848,43.3996063169217,61.4945084681648
"AENJPLPP_01530",120.552617989238,108.414910199844,116.738441389666,334.141714108097,476.409314797118,484.404110565017
"AENJPLPP_01531",8.61090128494554,10.4399543155406,17.6643694208047,6.39505672934157,11.8362562682514,8.63080820605822
"AENJPLPP_01532",121.413708117732,156.599314733109,170.499565713854,132.697427133838,168.666651822582,188.798929507523
"AENJPLPP_01533",35.3046952682767,23.2891288577443,22.2724657914494,12.7901134586831,19.727093780419,21.5770205151455
"AENJPLPP_01534",34.4436051397822,26.5014224932953,29.9526264091905,19.1851701880247,34.5224141157332,23.7347225666601
"AENJPLPP_01535",135.191150173645,114.036424062059,122.882569883859,199.845522791924,145.9804939751,183.404674378737
"AENJPLPP_01536",11.1941716704292,12.046101133316,9.98420880306351,19.1851701880247,16.7680297133561,17.2616164121164
"AENJPLPP_01537",7.74981115645099,10.4399543155406,12.2882569883859,81.5369732991051,116.389853304472,135.935229245417
"AENJPLPP_01538",12.9163519274183,20.0768352221934,13.8242891119341,38.3703403760494,65.0994094753826,64.7310615454366
"AENJPLPP_01539",3.44436051397822,4.01536704443868,1.53603212354823,43.1666329230556,47.3450250730055,47.4694451333202
"AENJPLPP_01540",18.9439828268802,12.046101133316,17.6643694208047,143.888776410185,182.475617468875,243.820331821145
"AENJPLPP_01541",0.861090128494554,0,0.768016061774116,3.19752836467079,0.986354689020948,3.23655307727183
"AENJPLPP_01542",4.30545064247277,1.60614681777547,1.53603212354823,0,0.986354689020948,3.23655307727183
"AENJPLPP_01543",1.72218025698911,0.803073408887736,0.768016061774116,1.59876418233539,0,1.07885102575728
"AENJPLPP_01544",0.861090128494554,1.60614681777547,0.768016061774116,0,0.986354689020948,1.07885102575728
"AENJPLPP_01545",12.0552617989238,8.8338074977651,13.8242891119341,27.1789910997017,30.5769953596494,25.8924246181747
"AENJPLPP_01546",15.499622312902,13.6522479510915,18.4323854825788,31.9752836467079,26.6315766035656,35.6020838499901
"AENJPLPP_01547",8.61090128494554,7.22766067998962,9.21619274128939,1.59876418233539,1.9727093780419,2.15770205151455
"AENJPLPP_01548",13.7774420559129,14.4553213599792,13.05627305016,9.59258509401236,0.986354689020948,7.55195718030094
"AENJPLPP_01549",62.8595793801025,84.3227079332123,64.5133491890257,23.9814627350309,25.6452219145446,22.6558715409028
"AENJPLPP_01550",0,0.803073408887736,0,0,0,0
"AENJPLPP_01551",112.802806832787,112.430277244283,142.850987489986,36.771576193714,30.5769953596494,29.1289776954465
"AENJPLPP_01552",6.88872102795643,9.63688090665283,2.30404818532235,4.79629254700618,2.95906406706284,1.07885102575728
"AENJPLPP_01553",8.61090128494554,7.22766067998962,5.37611243241881,6.39505672934157,6.90448282314663,4.31540410302911
"AENJPLPP_01554",20.6661630838693,33.7290831732849,37.6327870269317,60.7530389287449,38.467832871817,32.3655307727183
"AENJPLPP_01555",1.72218025698911,0,0,14.3888776410185,13.8089656462933,7.55195718030094
"AENJPLPP_01556",27.5548841118257,33.7290831732849,36.0967549033835,361.320705207799,314.647145797682,292.368627980222
"AENJPLPP_01557",63.720669508597,64.2458727110189,52.2250922006399,2882.57182075071,1908.59632325553,2046.58039586155
"AENJPLPP_01558",14.6385321844074,12.8491745422038,19.2004015443529,110.314728581142,147.953203353142,155.354547709048
"AENJPLPP_01559",272.104480604279,318.820143328431,486.154167103015,41.5678687407202,76.9356657436339,79.8349759060385
"AENJPLPP_01560",2.58327038548366,2.40922022666321,2.30404818532235,0,1.9727093780419,2.15770205151455
"AENJPLPP_01561",9.4719914134401,12.8491745422038,6.91214455596705,4.79629254700618,8.87719220118853,6.47310615454366
"AENJPLPP_01562",17.2218025698911,18.4706884044179,19.2004015443529,9.59258509401236,11.8362562682514,14.0250633348446
"AENJPLPP_01563",13.7774420559129,5.62151386221415,11.5202409266117,6.39505672934157,4.93177344510474,4.31540410302911
"AENJPLPP_01564",0,2.40922022666321,0.768016061774116,1.59876418233539,1.9727093780419,1.07885102575728
"AENJPLPP_01565",87.8311931064445,117.248717697609,92.1619274128939,52.759218017068,63.1267000973407,64.7310615454366
"AENJPLPP_01566",58.5541287376297,46.5782577154887,60.6732688801552,25.5802269173663,39.4541875608379,40.9963389787765
"AENJPLPP_01567",36.1657853967713,35.3352299910604,38.4008030887058,12.7901134586831,25.6452219145446,21.5770205151455
"AENJPLPP_01568",56.8319484806406,44.9721108977132,36.8647709651576,6.39505672934157,9.86354689020948,14.0250633348446
"AENJPLPP_01569",3.44436051397822,8.8338074977651,9.98420880306351,6.39505672934157,6.90448282314663,2.15770205151455
"AENJPLPP_01570",4.30545064247277,9.63688090665283,9.21619274128939,14.3888776410185,16.7680297133561,11.86736128333
"AENJPLPP_01571",33.5825150112876,28.1075693110708,26.8805621620941,28.7777552820371,23.6725125365027,21.5770205151455
"AENJPLPP_01572",117.108257475259,139.734773146466,123.650585945633,91.1295583931174,91.7309860789481,81.9926779575531
"AENJPLPP_01573",26.6937939833312,28.1075693110708,40.7048512740282,27.1789910997017,26.6315766035656,21.5770205151455
"AENJPLPP_01574",27.5548841118257,35.3352299910604,33.7927067180611,31.9752836467079,22.6861578474818,16.1827653863592
"AENJPLPP_01575",10.3330815419347,8.8338074977651,16.1283372972564,46.3641612877264,30.5769953596494,46.3905941075629
"AENJPLPP_01576",14.6385321844074,21.6829820399689,26.1125461003199,25.5802269173663,16.7680297133561,17.2616164121164
"AENJPLPP_01577",51.6654077096732,61.8366524843557,52.2250922006399,131.098662951502,118.362562682514,115.437059756029
"AENJPLPP_01578",683.705562024676,748.46441708337,655.117700693321,2572.41156937765,1996.3818905784,1774.70993737072
"AENJPLPP_01579",68.8872102795643,73.8827536176717,63.7453331272516,113.512256945813,112.444434548388,93.8600392408831
"AENJPLPP_01580",124.85806863171,135.719406102027,119.042489574988,185.456645150906,153.871331487268,167.221908992378
"AENJPLPP_01581",172.218025698911,201.571425630822,193.540047567077,249.407212444321,241.656898810132,216.849056177213
"AENJPLPP_01582",9.4719914134401,8.8338074977651,10.7522248648376,14.3888776410185,18.740739091398,17.2616164121164
"AENJPLPP_01583",13.7774420559129,24.0922022666321,24.5765139767717,19.1851701880247,27.6179312925865,18.3404674378737
"AENJPLPP_01584",12.9163519274183,18.4706884044179,18.4323854825788,12.7901134586831,22.6861578474818,16.1827653863592
"AENJPLPP_01585",17.2218025698911,23.2891288577443,23.0404818532235,22.3826985526955,19.727093780419,14.0250633348446
"AENJPLPP_01586",66.3039398940807,61.0335790754679,69.8894616214446,39.9691045583848,38.467832871817,39.9174879530193
"AENJPLPP_01587",54.2486780951569,59.4274322576925,52.993108262414,35.1728120113787,27.6179312925865,32.3655307727183
"AENJPLPP_01588",71.470480665048,41.7598172621623,49.1530279535434,23.9814627350309,39.4541875608379,25.8924246181747
"AENJPLPP_01589",159.301673771493,187.91917767973,251.90926826191,175.864060056893,243.629608188174,243.820331821145
"AENJPLPP_01590",5.16654077096733,8.8338074977651,1.53603212354823,1.59876418233539,3.94541875608379,4.31540410302911
"AENJPLPP_01591",137.774420559129,128.491745422038,129.794714439826,132.697427133838,129.212464261744,137.014080271174
"AENJPLPP_01592",34.4436051397822,44.1690374888255,45.3129476446729,36.771576193714,25.6452219145446,25.8924246181747
"AENJPLPP_01593",18.9439828268802,18.4706884044179,28.4165942856423,39.9691045583848,46.3586703839845,55.0214023136211
"AENJPLPP_01594",6.02763089946188,10.4399543155406,11.5202409266117,25.5802269173663,24.6588672255237,15.1039143606019
"AENJPLPP_01595",26.6937939833312,32.9260097643972,33.7927067180611,115.111021128148,112.444434548388,107.885102575728
"AENJPLPP_01596",18.0828926983856,12.8491745422038,15.3603212354823,9.59258509401236,12.8226109572723,19.419318463631
"AENJPLPP_01597",1.72218025698911,4.81844045332642,1.53603212354823,3.19752836467079,7.89083751216758,3.23655307727183
"AENJPLPP_01598",37.0268755252658,25.6983490844075,37.6327870269317,15.9876418233539,15.7816750243352,24.8135735924174
"AENJPLPP_01599",0,0.803073408887736,1.53603212354823,1.59876418233539,2.95906406706284,2.15770205151455
"AENJPLPP_01600",0,0,0,0,0,1.07885102575728
"AENJPLPP_01601",4.30545064247277,3.21229363555094,2.30404818532235,0,0,1.07885102575728
"AENJPLPP_01602",13.7774420559129,12.8491745422038,9.98420880306351,11.1913492763478,7.89083751216758,7.55195718030094
"AENJPLPP_01603",18.0828926983856,12.8491745422038,14.5923051737082,9.59258509401236,12.8226109572723,10.7885102575728
"AENJPLPP_01604",27.5548841118257,28.1075693110708,19.968417606127,28.7777552820371,29.5906406706284,32.3655307727183
"AENJPLPP_01605",10.3330815419347,12.046101133316,15.3603212354823,4.79629254700618,11.8362562682514,4.31540410302911
"AENJPLPP_01606",182.551107240845,167.039269048649,139.010907181115,78.3394449344343,63.1267000973407,60.4156574424075
"AENJPLPP_01607",24.1105235978475,17.6676149955302,16.1283372972564,3.19752836467079,2.95906406706284,2.15770205151455
"AENJPLPP_01608",54.2486780951569,33.7290831732849,41.4728673358023,11.1913492763478,24.6588672255237,21.5770205151455
"AENJPLPP_01609",37.0268755252658,38.5475236266113,46.080963706447,22.3826985526955,27.6179312925865,22.6558715409028
"AENJPLPP_01610",115.38607721827,143.750140190905,165.123453281435,49.5616896523972,49.3177344510474,49.6271471848347
"AENJPLPP_01611",6.88872102795643,1.60614681777547,0.768016061774116,1.59876418233539,5.91812813412569,1.07885102575728
"AENJPLPP_01612",22.3883433408584,36.9413768088358,44.5449315828987,51.1604538347326,60.1676360302778,75.5195718030094
"AENJPLPP_01613",13.7774420559129,6.42458727110189,10.7522248648376,17.5864060056893,9.86354689020948,8.63080820605822
"AENJPLPP_01614",9.4719914134401,11.2430277244283,8.44817667951528,11.1913492763478,10.8499015792304,8.63080820605822
"AENJPLPP_01615",10.3330815419347,5.62151386221415,7.68016061774116,27.1789910997017,32.5497047376913,32.3655307727183
"AENJPLPP_01616",130.024609402678,114.036424062059,127.490666254503,92.7283225754528,85.8128579448225,106.80625154997
"AENJPLPP_01617",38.7490557822549,28.9106427199585,40.7048512740282,17.5864060056893,10.8499015792304,23.7347225666601
"AENJPLPP_01618",0.861090128494554,2.40922022666321,1.53603212354823,1.59876418233539,1.9727093780419,2.15770205151455
"AENJPLPP_01619",0.861090128494554,2.40922022666321,1.53603212354823,7.99382091167697,2.95906406706284,1.07885102575728
"AENJPLPP_01620",0.861090128494554,0.803073408887736,0.768016061774116,1.59876418233539,0,2.15770205151455
"AENJPLPP_01621",0.861090128494554,0.803073408887736,3.84008030887058,0,1.9727093780419,0
"AENJPLPP_01622",31.8603347542985,28.9106427199585,18.4323854825788,20.7839343703601,13.8089656462933,12.9462123090873
"AENJPLPP_01623",24.1105235978475,20.8799086310811,27.6485782238682,31.9752836467079,35.5087688047541,21.5770205151455
"AENJPLPP_01624",17.2218025698911,24.8952756755198,27.6485782238682,22.3826985526955,14.7953203353142,22.6558715409028
"AENJPLPP_01625",7.74981115645099,16.8645415866425,13.8242891119341,22.3826985526955,16.7680297133561,38.838636927262
"AENJPLPP_01626",49.0821373241896,52.1997715777028,52.993108262414,43.1666329230556,45.3723156949636,50.705998210592
"AENJPLPP_01627",1.72218025698911,0.803073408887736,1.53603212354823,1.59876418233539,0.986354689020948,4.31540410302911
"AENJPLPP_01628",110.219536447303,121.264084742048,103.682168339506,118.308549492819,98.6354689020948,126.225570013601
"AENJPLPP_01629",77.4981115645099,81.9134877065491,108.29026471015,158.277654051204,196.284583115169,208.218247971154
"AENJPLPP_01630",24.9716137263421,25.6983490844075,43.0088994593505,60.7530389287449,38.467832871817,45.3117430818056
"AENJPLPP_01631",66.3039398940807,62.6397258932434,61.4412849419293,51.1604538347326,73.9766016765711,70.125316674223
"AENJPLPP_01632",0,0,0,0,0.986354689020948,1.07885102575728
"AENJPLPP_01633",28.4159742403203,28.1075693110708,28.4165942856423,607.530389287449,804.865426241093,954.78315779519
"AENJPLPP_01634",420.211982705342,688.23391141679,407.816528802056,789.789506073684,777.247494948507,760.58997315888
"AENJPLPP_01635",12.9163519274183,8.03073408887736,8.44817667951528,30.3765194643725,13.8089656462933,16.1827653863592
"AENJPLPP_01636",3.44436051397822,2.40922022666321,2.30404818532235,0,1.9727093780419,2.15770205151455
"AENJPLPP_01637",0,0,0,0,0,1.07885102575728
"AENJPLPP_01638",1.72218025698911,0.803073408887736,0,0,0.986354689020948,2.15770205151455
"AENJPLPP_01639",0.861090128494554,0,0,0,0.986354689020948,2.15770205151455
"AENJPLPP_01640",7.74981115645099,8.8338074977651,6.91214455596705,7.99382091167697,6.90448282314663,3.23655307727183
"AENJPLPP_01641",9.4719914134401,7.22766067998962,6.14412849419293,4.79629254700618,9.86354689020948,6.47310615454366
"AENJPLPP_01642",54.2486780951569,40.9567438532745,32.2566745945129,41.5678687407202,33.5360594267122,36.6809348757474
"AENJPLPP_01643",70.6093905365534,58.6243588488047,59.1372367566069,36.771576193714,14.7953203353142,19.419318463631
"AENJPLPP_01644",47.3599570672005,57.0182120310293,52.993108262414,23.9814627350309,22.6861578474818,21.5770205151455
"AENJPLPP_01645",1.72218025698911,0.803073408887736,1.53603212354823,0,0,0
"AENJPLPP_01646",372.852025638142,386.278309675001,358.663500848512,214.234400432943,171.625715889645,127.304421039359
"AENJPLPP_01647",43.0545064247277,44.9721108977132,44.5449315828987,15.9876418233539,17.7543844023771,22.6558715409028
"AENJPLPP_01648",26.6937939833312,26.5014224932953,27.6485782238682,9.59258509401236,13.8089656462933,5.39425512878639
"AENJPLPP_01649",39.6101459107495,44.1690374888255,47.6169958299952,28.7777552820371,15.7816750243352,19.419318463631
"AENJPLPP_01650",29.2770643688148,25.6983490844075,33.024690656287,15.9876418233539,10.8499015792304,16.1827653863592
"AENJPLPP_01651",49.9432274526841,47.3813311243764,37.6327870269317,67.1480956580865,53.2631532071312,49.6271471848347
"AENJPLPP_01652",113.663896961281,118.854864515385,106.754232586602,530.789708535351,370.869363071876,431.540410302911
"AENJPLPP_01653",487.377012727918,498.708586919284,389.384143319477,327.746657378756,262.370347279572,254.608842078717
"AENJPLPP_01654",144.663141587085,166.236195639761,152.067180231275,44.765397105391,74.962956365592,76.5984228287667
"AENJPLPP_01655",28.4159742403203,33.7290831732849,36.8647709651576,7.99382091167697,8.87719220118853,11.86736128333
"AENJPLPP_01656",37.0268755252658,37.7444502177236,35.3287388416093,9.59258509401236,14.7953203353142,19.419318463631
"AENJPLPP_01657",45.6377768102114,39.3505970354991,43.7769155211246,54.3579821994034,38.467832871817,45.3117430818056
"AENJPLPP_01658",56.8319484806406,50.5936247599274,49.1530279535434,41.5678687407202,22.6861578474818,30.2078287212038
"AENJPLPP_01659",5.16654077096733,4.01536704443868,4.6080963706447,6.39505672934157,2.95906406706284,5.39425512878639
"AENJPLPP_01660",13.7774420559129,8.03073408887736,11.5202409266117,6.39505672934157,6.90448282314663,8.63080820605822
"AENJPLPP_01661",1.72218025698911,0,0.768016061774116,12.7901134586831,17.7543844023771,19.419318463631
"AENJPLPP_01662",5.16654077096733,4.81844045332642,6.14412849419293,4.79629254700618,11.8362562682514,8.63080820605822
"AENJPLPP_01663",32.7214248827931,28.1075693110708,34.5607227798352,27.1789910997017,18.740739091398,22.6558715409028
"AENJPLPP_01664",120.552617989238,106.005689973181,106.754232586602,159.876418233539,179.516553401813,197.429737713582
"AENJPLPP_01665",5.16654077096733,10.4399543155406,12.2882569883859,46.3641612877264,35.5087688047541,20.4981694893883
"AENJPLPP_01666",12.0552617989238,8.03073408887736,9.21619274128939,1.59876418233539,2.95906406706284,1.07885102575728
"AENJPLPP_01667",40.471236039244,27.304495902183,32.2566745945129,15.9876418233539,29.5906406706284,29.1289776954465
"AENJPLPP_01668",4.30545064247277,3.21229363555094,3.07206424709646,4.79629254700618,6.90448282314663,11.86736128333
"AENJPLPP_01669",14.6385321844074,20.8799086310811,15.3603212354823,36.771576193714,54.2495078961521,45.3117430818056
"AENJPLPP_01670",11.1941716704292,10.4399543155406,11.5202409266117,20.7839343703601,22.6861578474818,29.1289776954465
"AENJPLPP_01671",20.6661630838693,28.9106427199585,28.4165942856423,73.5431523874281,73.9766016765711,90.6234861636113
"AENJPLPP_01672",70.6093905365534,104.399543155406,96.0020077217645,27.1789910997017,32.5497047376913,40.9963389787765
"AENJPLPP_01673",54.2486780951569,75.4889004354472,76.8016061774116,75.1419165697635,74.962956365592,64.7310615454366
"AENJPLPP_01674",52.5264978381678,34.5321565821726,38.4008030887058,89.530794210782,76.9356657436339,56.1002533393784
"AENJPLPP_01675",8.61090128494554,9.63688090665283,6.14412849419293,1.59876418233539,2.95906406706284,2.15770205151455
"AENJPLPP_01676",3.44436051397822,8.8338074977651,6.14412849419293,0,1.9727093780419,1.07885102575728
"AENJPLPP_01677",23.249433469353,23.2891288577443,19.968417606127,14.3888776410185,13.8089656462933,12.9462123090873
"AENJPLPP_01678",0,0,0,0,0.986354689020948,0
"AENJPLPP_01679",4.30545064247277,5.62151386221415,7.68016061774116,27.1789910997017,34.5224141157332,25.8924246181747
"AENJPLPP_01680",54.2486780951569,49.7905513510396,45.3129476446729,87.9320300284466,45.3723156949636,73.3618697514949
"AENJPLPP_01681",109.358446318808,120.46101133316,101.378120154183,159.876418233539,136.116947084891,102.490847446941
"AENJPLPP_01682",0,1.60614681777547,0.768016061774116,0,0,0
"AENJPLPP_01683",44.7766866817168,47.3813311243764,48.3850118917693,119.907313675154,97.6491142130738,87.3869330863395
"AENJPLPP_01684",8.61090128494554,12.046101133316,8.44817667951528,12.7901134586831,14.7953203353142,15.1039143606019
"AENJPLPP_01685",0,0,0,0,0,0
"AENJPLPP_01686",0.861090128494554,0.803073408887736,0.768016061774116,0,0.986354689020948,2.15770205151455
"AENJPLPP_01687",2.58327038548366,2.40922022666321,1.53603212354823,9.59258509401236,7.89083751216758,8.63080820605822
"AENJPLPP_01688",0,0.803073408887736,0,0,0,0
"AENJPLPP_01689",0.861090128494554,0,0,1.59876418233539,0,0
"AENJPLPP_01690",0,0,1.53603212354823,0,0,0
"AENJPLPP_01691",0,0.803073408887736,1.53603212354823,0,0,1.07885102575728
"AENJPLPP_01692",2.58327038548366,4.81844045332642,1.53603212354823,6.39505672934157,2.95906406706284,8.63080820605822
"AENJPLPP_01693",10.3330815419347,8.03073408887736,8.44817667951528,15.9876418233539,7.89083751216758,20.4981694893883
"AENJPLPP_01694",28.4159742403203,36.9413768088358,34.5607227798352,9.59258509401236,9.86354689020948,11.86736128333
"AENJPLPP_01695",0.861090128494554,0.803073408887736,0,1.59876418233539,1.9727093780419,0
"AENJPLPP_01696",0.861090128494554,0.803073408887736,0.768016061774116,1.59876418233539,0,0
"AENJPLPP_01697",4.30545064247277,8.03073408887736,3.84008030887058,0,5.91812813412569,0
"AENJPLPP_01698",7.74981115645099,11.2430277244283,13.8242891119341,4.79629254700618,2.95906406706284,4.31540410302911
"AENJPLPP_01699",40.471236039244,48.9874779421519,33.024690656287,49.5616896523972,41.4268969388798,25.8924246181747
"AENJPLPP_01700",10.3330815419347,4.81844045332642,9.98420880306351,11.1913492763478,23.6725125365027,15.1039143606019
"AENJPLPP_01701",1.72218025698911,0,2.30404818532235,0,0.986354689020948,0
"AENJPLPP_01702",4.30545064247277,2.40922022666321,6.91214455596705,6.39505672934157,0.986354689020948,4.31540410302911
"AENJPLPP_01703",24.9716137263421,20.0768352221934,26.1125461003199,28.7777552820371,30.5769953596494,29.1289776954465
"AENJPLPP_01704",1.72218025698911,1.60614681777547,0.768016061774116,0,3.94541875608379,2.15770205151455
"AENJPLPP_01705",1.72218025698911,3.21229363555094,0.768016061774116,1.59876418233539,0.986354689020948,1.07885102575728
"AENJPLPP_01706",0,0,0.768016061774116,0,0,1.07885102575728
"AENJPLPP_01707",0,0,0,1.59876418233539,0,0
"AENJPLPP_01708",13.7774420559129,8.8338074977651,7.68016061774116,9.59258509401236,2.95906406706284,5.39425512878639
"AENJPLPP_01709",26.6937939833312,26.5014224932953,19.968417606127,20.7839343703601,14.7953203353142,16.1827653863592
"AENJPLPP_01710",3.44436051397822,2.40922022666321,1.53603212354823,0,0.986354689020948,0
"AENJPLPP_01711",35.3046952682767,15.258394768867,13.05627305016,6.39505672934157,11.8362562682514,10.7885102575728
"AENJPLPP_01712",100.747545033863,72.2766067998962,59.9052528183811,49.5616896523972,43.3996063169217,25.8924246181747
"AENJPLPP_01713",82.6646523354772,65.8520195287943,57.6012046330587,43.1666329230556,43.3996063169217,39.9174879530193
"AENJPLPP_01714",75.7759313075208,69.867386573233,59.9052528183811,366.116997754805,291.960987950201,303.157138237795
"AENJPLPP_01715",8.61090128494554,4.81844045332642,8.44817667951528,11.1913492763478,10.8499015792304,10.7885102575728
"AENJPLPP_01716",7.74981115645099,3.21229363555094,4.6080963706447,6.39505672934157,2.95906406706284,7.55195718030094
"AENJPLPP_01717",25.8327038548366,20.0768352221934,19.968417606127,7.99382091167697,14.7953203353142,8.63080820605822
"AENJPLPP_01718",0,0,0.768016061774116,0,0.986354689020948,1.07885102575728
"AENJPLPP_01719",4.30545064247277,1.60614681777547,2.30404818532235,6.39505672934157,7.89083751216758,3.23655307727183
"AENJPLPP_01720",5.16654077096733,4.81844045332642,1.53603212354823,0,0,0
"AENJPLPP_01721",6.02763089946188,7.22766067998962,6.14412849419293,0,0,3.23655307727183
"AENJPLPP_01722",6.88872102795643,5.62151386221415,2.30404818532235,1.59876418233539,0,1.07885102575728
"AENJPLPP_01723",6.88872102795643,9.63688090665283,7.68016061774116,1.59876418233539,3.94541875608379,4.31540410302911
"AENJPLPP_01724",0,0.803073408887736,0,0,0.986354689020948,1.07885102575728
"AENJPLPP_01725",0.861090128494554,0,2.30404818532235,1.59876418233539,0.986354689020948,2.15770205151455
"AENJPLPP_01726",34.4436051397822,34.5321565821726,39.1688191504799,12.7901134586831,20.7134484694399,21.5770205151455
"AENJPLPP_01727",33.5825150112876,23.2891288577443,46.080963706447,7.99382091167697,5.91812813412569,12.9462123090873
"AENJPLPP_01728",3.44436051397822,2.40922022666321,3.84008030887058,1.59876418233539,0.986354689020948,3.23655307727183
"AENJPLPP_01729",1.72218025698911,1.60614681777547,4.6080963706447,0,1.9727093780419,1.07885102575728
"AENJPLPP_01730",2.58327038548366,3.21229363555094,2.30404818532235,9.59258509401236,18.740739091398,14.0250633348446
"AENJPLPP_01731",4.30545064247277,4.01536704443868,6.14412849419293,11.1913492763478,14.7953203353142,15.1039143606019
"AENJPLPP_01732",7.74981115645099,5.62151386221415,4.6080963706447,14.3888776410185,16.7680297133561,17.2616164121164
"AENJPLPP_01733",4.30545064247277,7.22766067998962,7.68016061774116,7.99382091167697,9.86354689020948,9.7096592318155
"AENJPLPP_01734",2.58327038548366,4.81844045332642,3.07206424709646,7.99382091167697,7.89083751216758,2.15770205151455
"AENJPLPP_01735",0,1.60614681777547,1.53603212354823,1.59876418233539,0.986354689020948,1.07885102575728
"AENJPLPP_01736",0.861090128494554,1.60614681777547,3.07206424709646,3.19752836467079,1.9727093780419,2.15770205151455
"AENJPLPP_01737",14.6385321844074,23.2891288577443,17.6643694208047,23.9814627350309,19.727093780419,19.419318463631
"AENJPLPP_01738",68.8872102795643,76.2919738443349,67.5854134361222,217.431928797613,157.816750243352,158.59110078632
"AENJPLPP_01739",2.58327038548366,4.01536704443868,5.37611243241881,9.59258509401236,4.93177344510474,4.31540410302911
"AENJPLPP_01740",4.30545064247277,4.81844045332642,4.6080963706447,1.59876418233539,1.9727093780419,2.15770205151455
"AENJPLPP_01741",1.72218025698911,0.803073408887736,1.53603212354823,1.59876418233539,0,1.07885102575728
"AENJPLPP_01742",11.1941716704292,9.63688090665283,6.14412849419293,4.79629254700618,4.93177344510474,6.47310615454366
"AENJPLPP_01743",7.74981115645099,16.8645415866425,23.8084979149976,19.1851701880247,19.727093780419,11.86736128333
"AENJPLPP_01744",0.861090128494554,0,0,0,1.9727093780419,2.15770205151455
"AENJPLPP_01745",0,0,0.768016061774116,0,0.986354689020948,5.39425512878639
"AENJPLPP_01746",15.499622312902,9.63688090665283,12.2882569883859,25.5802269173663,23.6725125365027,32.3655307727183
"AENJPLPP_01747",21.5272532123639,30.516789537734,26.1125461003199,47.9629254700618,58.1949266522359,61.4945084681648
"AENJPLPP_01748",17.2218025698911,28.9106427199585,19.2004015443529,33.5740478290433,28.6042859816075,32.3655307727183
"AENJPLPP_01749",4.30545064247277,3.21229363555094,1.53603212354823,3.19752836467079,3.94541875608379,2.15770205151455
"AENJPLPP_01750",9.4719914134401,6.42458727110189,9.98420880306351,22.3826985526955,16.7680297133561,25.8924246181747
"AENJPLPP_01751",0.861090128494554,2.40922022666321,0.768016061774116,9.59258509401236,6.90448282314663,7.55195718030094
"AENJPLPP_01752",6.02763089946188,4.01536704443868,3.07206424709646,0,0,1.07885102575728
"AENJPLPP_01753",3.44436051397822,1.60614681777547,1.53603212354823,3.19752836467079,6.90448282314663,5.39425512878639
"AENJPLPP_01754",303.964815358578,307.577115604003,246.533155829491,1020.01154832998,685.516508869559,685.070401355871
"AENJPLPP_01755",26.6937939833312,21.6829820399689,15.3603212354823,19.1851701880247,24.6588672255237,17.2616164121164
"AENJPLPP_01756",10.3330815419347,6.42458727110189,6.91214455596705,7.99382091167697,5.91812813412569,5.39425512878639
"AENJPLPP_01757",0.861090128494554,3.21229363555094,3.84008030887058,4.79629254700618,1.9727093780419,8.63080820605822
"AENJPLPP_01758",4.30545064247277,4.81844045332642,2.30404818532235,4.79629254700618,3.94541875608379,1.07885102575728
"AENJPLPP_01759",35.3046952682767,30.516789537734,29.9526264091905,6.39505672934157,19.727093780419,14.0250633348446
"AENJPLPP_01760",57.6930386091351,71.4735333910085,65.2813652507999,25.5802269173663,30.5769953596494,37.7597859015047
"AENJPLPP_01761",42.1934162962332,35.3352299910604,33.024690656287,1.59876418233539,2.95906406706284,2.15770205151455
"AENJPLPP_01762",33.5825150112876,33.7290831732849,39.1688191504799,6.39505672934157,4.93177344510474,7.55195718030094
"AENJPLPP_01763",12.9163519274183,16.8645415866425,13.05627305016,9.59258509401236,4.93177344510474,7.55195718030094
"AENJPLPP_01764",6.02763089946188,5.62151386221415,6.14412849419293,1.59876418233539,2.95906406706284,2.15770205151455
"AENJPLPP_01765",57.6930386091351,70.6704599821208,71.4254937449928,78.3394449344343,59.1812813412569,64.7310615454366
"AENJPLPP_01766",142.079871201601,154.190094506445,114.434393204343,231.820806438632,157.816750243352,148.881441554504
"AENJPLPP_01767",36.1657853967713,38.5475236266113,26.8805621620941,36.771576193714,14.7953203353142,24.8135735924174
"AENJPLPP_01768",114.524987089776,101.187249519855,92.9299434746681,148.685068957192,129.212464261744,117.594761807543
"AENJPLPP_01769",13.7774420559129,13.6522479510915,14.5923051737082,17.5864060056893,8.87719220118853,17.2616164121164
"AENJPLPP_01770",19.8050729553747,14.4553213599792,12.2882569883859,15.9876418233539,6.90448282314663,15.1039143606019
"AENJPLPP_01771",24.9716137263421,22.4860554488566,29.9526264091905,38.3703403760494,41.4268969388798,39.9174879530193
"AENJPLPP_01772",18.0828926983856,12.8491745422038,7.68016061774116,79.9382091167697,51.2904438290893,57.1791043651357
"AENJPLPP_01773",2.58327038548366,7.22766067998962,3.84008030887058,3.19752836467079,2.95906406706284,5.39425512878639
"AENJPLPP_01774",0,0.803073408887736,2.30404818532235,1.59876418233539,0.986354689020948,0
"AENJPLPP_01775",1.72218025698911,4.01536704443868,2.30404818532235,1.59876418233539,0.986354689020948,0
"AENJPLPP_01776",7.74981115645099,8.03073408887736,13.8242891119341,9.59258509401236,7.89083751216758,11.86736128333
"AENJPLPP_01777",15.499622312902,8.8338074977651,15.3603212354823,7.99382091167697,3.94541875608379,6.47310615454366
"AENJPLPP_01778",19.8050729553747,30.516789537734,33.7927067180611,12.7901134586831,12.8226109572723,9.7096592318155
"AENJPLPP_01779",9.4719914134401,20.0768352221934,21.5044497296753,0,1.9727093780419,2.15770205151455
"AENJPLPP_01780",3.44436051397822,1.60614681777547,2.30404818532235,0,0,1.07885102575728
"AENJPLPP_01781",54.2486780951569,57.821285439917,46.080963706447,38.3703403760494,43.3996063169217,42.0751900045338
"AENJPLPP_01782",110.219536447303,108.414910199844,98.3060559070869,171.067767509887,100.608178280137,102.490847446941
"AENJPLPP_01783",148.968592229558,158.205461550884,138.242891119341,211.036872068272,122.307981438598,134.85637821966
"AENJPLPP_01784",12.0552617989238,16.8645415866425,10.7522248648376,27.1789910997017,9.86354689020948,16.1827653863592
"AENJPLPP_01785",37.8879656537604,56.2151386221415,52.2250922006399,41.5678687407202,43.3996063169217,35.6020838499901
"AENJPLPP_01786",3.44436051397822,5.62151386221415,4.6080963706447,4.79629254700618,6.90448282314663,7.55195718030094
"AENJPLPP_01787",21.5272532123639,20.0768352221934,23.0404818532235,22.3826985526955,40.4405422498589,21.5770205151455
"AENJPLPP_01788",4.30545064247277,6.42458727110189,3.07206424709646,0,1.9727093780419,1.07885102575728
"AENJPLPP_01789",24.1105235978475,18.4706884044179,14.5923051737082,4.79629254700618,2.95906406706284,4.31540410302911
"AENJPLPP_01790",0,0.803073408887736,3.84008030887058,1.59876418233539,3.94541875608379,3.23655307727183
"AENJPLPP_01791",6.88872102795643,8.8338074977651,8.44817667951528,3.19752836467079,0.986354689020948,4.31540410302911
"AENJPLPP_01792",18.0828926983856,16.0614681777547,22.2724657914494,12.7901134586831,13.8089656462933,12.9462123090873
"AENJPLPP_01793",7.74981115645099,7.22766067998962,9.98420880306351,3.19752836467079,6.90448282314663,3.23655307727183
"AENJPLPP_01794",1.72218025698911,5.62151386221415,6.14412849419293,11.1913492763478,10.8499015792304,3.23655307727183
"AENJPLPP_01795",24.1105235978475,28.9106427199585,26.8805621620941,0,0.986354689020948,3.23655307727183
"AENJPLPP_01796",24.9716137263421,15.258394768867,20.7364336679011,3.19752836467079,1.9727093780419,4.31540410302911
"AENJPLPP_01797",58.5541287376297,41.7598172621623,46.8489797682211,9.59258509401236,17.7543844023771,21.5770205151455
"AENJPLPP_01798",21.5272532123639,24.0922022666321,16.1283372972564,11.1913492763478,15.7816750243352,7.55195718030094
"AENJPLPP_01799",99.0253647768737,90.7472952043142,106.754232586602,150.283833139527,225.875223785797,249.214586949931
"AENJPLPP_01800",5.16654077096733,0,1.53603212354823,3.19752836467079,4.93177344510474,5.39425512878639
"AENJPLPP_01801",0.861090128494554,0,0.768016061774116,3.19752836467079,3.94541875608379,1.07885102575728
"AENJPLPP_01802",14.6385321844074,19.2737618133057,10.7522248648376,22.3826985526955,23.6725125365027,31.286679746961
"AENJPLPP_01803",18.9439828268802,24.0922022666321,14.5923051737082,9.59258509401236,11.8362562682514,9.7096592318155
"AENJPLPP_01804",4.30545064247277,4.01536704443868,6.91214455596705,0,3.94541875608379,0
"AENJPLPP_01805",2.58327038548366,0,3.07206424709646,6.39505672934157,1.9727093780419,4.31540410302911
"AENJPLPP_01806",18.0828926983856,27.304495902183,30.7206424709646,9.59258509401236,12.8226109572723,12.9462123090873
"AENJPLPP_01807",65.4428497655861,46.5782577154887,62.2093010037034,12.7901134586831,14.7953203353142,9.7096592318155
"AENJPLPP_01808",10.3330815419347,6.42458727110189,9.21619274128939,4.79629254700618,10.8499015792304,14.0250633348446
"AENJPLPP_01809",4.30545064247277,8.03073408887736,6.14412849419293,1.59876418233539,0.986354689020948,4.31540410302911
"AENJPLPP_01810",20.6661630838693,26.5014224932953,30.7206424709646,4.79629254700618,9.86354689020948,7.55195718030094
"AENJPLPP_01811",47.3599570672005,48.9874779421519,39.1688191504799,14.3888776410185,18.740739091398,16.1827653863592
"AENJPLPP_01812",12.0552617989238,11.2430277244283,9.21619274128939,7.99382091167697,12.8226109572723,6.47310615454366
"AENJPLPP_01813",78.3592016930044,61.0335790754679,65.2813652507999,75.1419165697635,55.2358625851731,69.0464656484657
"AENJPLPP_01814",2.58327038548366,1.60614681777547,4.6080963706447,1.59876418233539,1.9727093780419,0
"AENJPLPP_01815",43.0545064247277,59.4274322576925,43.0088994593505,4.79629254700618,8.87719220118853,12.9462123090873
"AENJPLPP_01816",26.6937939833312,28.1075693110708,19.968417606127,31.9752836467079,36.4951234937751,28.0501266696892
"AENJPLPP_01817",52.5264978381678,48.9874779421519,46.8489797682211,36.771576193714,47.3450250730055,52.8637002621066
"AENJPLPP_01818",14.6385321844074,7.22766067998962,2.30404818532235,30.3765194643725,27.6179312925865,32.3655307727183
"AENJPLPP_01819",0.861090128494554,2.40922022666321,3.07206424709646,19.1851701880247,21.6998031584609,34.5232328242329
"AENJPLPP_01820",5.16654077096733,9.63688090665283,3.07206424709646,15.9876418233539,30.5769953596494,28.0501266696892
"AENJPLPP_01821",15.499622312902,20.0768352221934,21.5044497296753,14.3888776410185,25.6452219145446,29.1289776954465
"AENJPLPP_01822",137.774420559129,193.540691541944,197.380127875948,60.7530389287449,71.0175376095082,67.9676146227085
"AENJPLPP_01823",88.6922832349391,110.02105701762,96.0020077217645,39.9691045583848,29.5906406706284,38.838636927262
"AENJPLPP_01824",53.3875879666624,57.821285439917,60.6732688801552,31.9752836467079,48.3313797620264,47.4694451333202
"AENJPLPP_01825",8.61090128494554,17.6676149955302,7.68016061774116,145.487540592521,117.376207993493,113.279357704514
"AENJPLPP_01826",4.30545064247277,4.81844045332642,3.84008030887058,41.5678687407202,27.6179312925865,31.286679746961
"AENJPLPP_01827",32.7214248827931,29.7137161288462,26.8805621620941,60.7530389287449,88.7719220118853,83.0715289833103
"AENJPLPP_01828",1.72218025698911,2.40922022666321,6.14412849419293,14.3888776410185,16.7680297133561,17.2616164121164
"AENJPLPP_01829",12.0552617989238,4.81844045332642,4.6080963706447,28.7777552820371,39.4541875608379,39.9174879530193
"AENJPLPP_01830",3.44436051397822,5.62151386221415,9.21619274128939,33.5740478290433,37.481478182796,39.9174879530193
"AENJPLPP_01831",10.3330815419347,5.62151386221415,9.21619274128939,47.9629254700618,47.3450250730055,63.6522105196794
"AENJPLPP_01832",11.1941716704292,3.21229363555094,7.68016061774116,28.7777552820371,39.4541875608379,47.4694451333202
"AENJPLPP_01833",9.4719914134401,4.01536704443868,10.7522248648376,33.5740478290433,35.5087688047541,28.0501266696892
"AENJPLPP_01834",44.7766866817168,39.3505970354991,41.4728673358023,62.3518031110803,68.0584735424454,65.8099125711939
"AENJPLPP_01835",0,0,0,0,0,0
"AENJPLPP_01836",0,0.803073408887736,0,0,0,0
"AENJPLPP_01837",273.826660861268,289.106427199585,245.765139767717,177.462824239229,123.294336127618,138.092931296931
"AENJPLPP_01838",16.3607124413965,16.0614681777547,25.3445300385458,79.9382091167697,56.222217274194,40.9963389787765
"AENJPLPP_01839",92.9977338774118,78.7011940709981,63.7453331272516,140.691248045515,116.389853304472,135.935229245417
"AENJPLPP_01840",12.9163519274183,13.6522479510915,9.21619274128939,22.3826985526955,18.740739091398,24.8135735924174
"AENJPLPP_01841",7.74981115645099,4.81844045332642,7.68016061774116,11.1913492763478,6.90448282314663,5.39425512878639
"AENJPLPP_01842",22.3883433408584,12.8491745422038,13.05627305016,17.5864060056893,20.7134484694399,8.63080820605822
"AENJPLPP_01843",4.30545064247277,2.40922022666321,2.30404818532235,4.79629254700618,3.94541875608379,9.7096592318155
"AENJPLPP_01844",11.1941716704292,10.4399543155406,13.8242891119341,9.59258509401236,14.7953203353142,11.86736128333
"AENJPLPP_01845",3.44436051397822,2.40922022666321,6.14412849419293,11.1913492763478,3.94541875608379,5.39425512878639
"AENJPLPP_01846",22.3883433408584,19.2737618133057,28.4165942856423,51.1604538347326,40.4405422498589,37.7597859015047
"AENJPLPP_01847",17.2218025698911,14.4553213599792,23.8084979149976,23.9814627350309,37.481478182796,36.6809348757474
"AENJPLPP_01848",6.88872102795643,5.62151386221415,12.2882569883859,3.19752836467079,3.94541875608379,5.39425512878639
"AENJPLPP_01849",6.88872102795643,7.22766067998962,4.6080963706447,0,1.9727093780419,4.31540410302911
"AENJPLPP_01850",37.8879656537604,40.1536704443868,37.6327870269317,44.765397105391,38.467832871817,35.6020838499901
"AENJPLPP_01851",18.0828926983856,12.8491745422038,19.2004015443529,28.7777552820371,33.5360594267122,30.2078287212038
"AENJPLPP_01852",40.471236039244,44.1690374888255,36.8647709651576,51.1604538347326,50.3040891400683,52.8637002621066
"AENJPLPP_01853",29.2770643688148,29.7137161288462,45.3129476446729,14.3888776410185,34.5224141157332,24.8135735924174
"AENJPLPP_01854",37.0268755252658,33.7290831732849,26.8805621620941,28.7777552820371,20.7134484694399,19.419318463631
"AENJPLPP_01855",24.9716137263421,16.0614681777547,26.1125461003199,6.39505672934157,4.93177344510474,14.0250633348446
"AENJPLPP_01856",29.2770643688148,26.5014224932953,26.8805621620941,7.99382091167697,18.740739091398,18.3404674378737
"AENJPLPP_01857",3.44436051397822,5.62151386221415,7.68016061774116,4.79629254700618,2.95906406706284,7.55195718030094
"AENJPLPP_01858",10.3330815419347,14.4553213599792,16.1283372972564,36.771576193714,23.6725125365027,20.4981694893883
"AENJPLPP_01859",20.6661630838693,22.4860554488566,26.1125461003199,33.5740478290433,39.4541875608379,49.6271471848347
"AENJPLPP_01860",0,0,0,0,0,0
"AENJPLPP_01861",18.0828926983856,14.4553213599792,19.2004015443529,124.703606222161,135.13059239587,108.963953601485
"AENJPLPP_01862",4.30545064247277,4.01536704443868,3.07206424709646,35.1728120113787,43.3996063169217,46.3905941075629
"AENJPLPP_01863",0.861090128494554,3.21229363555094,1.53603212354823,33.5740478290433,18.740739091398,17.2616164121164
"AENJPLPP_01864",12.9163519274183,8.8338074977651,11.5202409266117,4.79629254700618,8.87719220118853,10.7885102575728
"AENJPLPP_01865",1.72218025698911,0.803073408887736,1.53603212354823,0,3.94541875608379,4.31540410302911
"AENJPLPP_01866",0,0.803073408887736,0,1.59876418233539,0.986354689020948,1.07885102575728
"AENJPLPP_01867",9.4719914134401,4.81844045332642,6.14412849419293,23.9814627350309,15.7816750243352,6.47310615454366
"AENJPLPP_01868",0.861090128494554,1.60614681777547,0.768016061774116,3.19752836467079,0.986354689020948,0
"AENJPLPP_01869",66.3039398940807,52.1997715777028,46.8489797682211,47.9629254700618,40.4405422498589,55.0214023136211
"AENJPLPP_01870",6.02763089946188,5.62151386221415,3.84008030887058,11.1913492763478,11.8362562682514,16.1827653863592
"AENJPLPP_01871",0.861090128494554,3.21229363555094,1.53603212354823,4.79629254700618,8.87719220118853,5.39425512878639
"AENJPLPP_01872",3.44436051397822,4.81844045332642,4.6080963706447,11.1913492763478,6.90448282314663,15.1039143606019
"AENJPLPP_01873",4.30545064247277,8.8338074977651,4.6080963706447,7.99382091167697,7.89083751216758,14.0250633348446
"AENJPLPP_01874",7.74981115645099,8.8338074977651,9.21619274128939,7.99382091167697,11.8362562682514,6.47310615454366
"AENJPLPP_01875",6.02763089946188,3.21229363555094,6.14412849419293,11.1913492763478,7.89083751216758,6.47310615454366
"AENJPLPP_01876",12.0552617989238,13.6522479510915,12.2882569883859,20.7839343703601,17.7543844023771,10.7885102575728
"AENJPLPP_01877",11.1941716704292,8.03073408887736,6.91214455596705,9.59258509401236,7.89083751216758,1.07885102575728
"AENJPLPP_01878",0,0,0,0,0.986354689020948,2.15770205151455
"AENJPLPP_01879",14.6385321844074,8.8338074977651,15.3603212354823,6.39505672934157,11.8362562682514,9.7096592318155
"AENJPLPP_01880",0,0.803073408887736,0,0,0,0
"AENJPLPP_01881",0,0.803073408887736,0,0,0,0
"AENJPLPP_01882",0.861090128494554,0.803073408887736,1.53603212354823,0,0.986354689020948,1.07885102575728
"AENJPLPP_01883",6.02763089946188,8.8338074977651,4.6080963706447,0,0,3.23655307727183
"AENJPLPP_01884",17.2218025698911,27.304495902183,18.4323854825788,9.59258509401236,17.7543844023771,17.2616164121164
"AENJPLPP_01885",26.6937939833312,28.9106427199585,29.9526264091905,33.5740478290433,32.5497047376913,31.286679746961
"AENJPLPP_01886",61.1373991231133,46.5782577154887,52.993108262414,19.1851701880247,17.7543844023771,15.1039143606019
"AENJPLPP_01887",105.052995676336,81.9134877065491,82.9457346716045,180.660352603899,122.307981438598,130.540974116631
"AENJPLPP_01888",84.3868325924663,74.6858270265594,76.8016061774116,67.1480956580865,88.7719220118853,87.3869330863395
"AENJPLPP_01889",73.1926609220371,103.596469746518,90.6258952893457,110.314728581142,117.376207993493,129.462123090873
"AENJPLPP_01890",3.44436051397822,9.63688090665283,5.37611243241881,4.79629254700618,2.95906406706284,1.07885102575728
"AENJPLPP_01891",2.58327038548366,1.60614681777547,0.768016061774116,0,1.9727093780419,1.07885102575728
"AENJPLPP_01892",22.3883433408584,16.0614681777547,16.8963533590306,12.7901134586831,9.86354689020948,6.47310615454366
"AENJPLPP_01893",24.1105235978475,22.4860554488566,20.7364336679011,12.7901134586831,19.727093780419,22.6558715409028
"AENJPLPP_01894",20.6661630838693,19.2737618133057,19.968417606127,14.3888776410185,4.93177344510474,14.0250633348446
"AENJPLPP_01895",161.884944156976,183.903810635292,172.803613899176,38.3703403760494,82.8537938777596,72.2830187257376
"AENJPLPP_01896",12.9163519274183,16.0614681777547,9.21619274128939,17.5864060056893,17.7543844023771,24.8135735924174
"AENJPLPP_01897",39.6101459107495,57.821285439917,55.2971564477364,57.5555105640742,77.9220204326549,77.677273854524
"AENJPLPP_01898",35.3046952682767,36.1383033999481,49.1530279535434,6.39505672934157,16.7680297133561,22.6558715409028
"AENJPLPP_01899",18.0828926983856,20.0768352221934,22.2724657914494,14.3888776410185,17.7543844023771,9.7096592318155
"AENJPLPP_01900",88.6922832349391,81.1104142976613,67.5854134361222,425.271272501215,257.438573834467,261.081948233261
"AENJPLPP_01901",36.1657853967713,28.9106427199585,28.4165942856423,62.3518031110803,41.4268969388798,36.6809348757474
"AENJPLPP_01902",49.0821373241896,69.0643131643453,72.961525868541,44.765397105391,85.8128579448225,111.121655653
"AENJPLPP_01903",0.861090128494554,3.21229363555094,5.37611243241881,73.5431523874281,43.3996063169217,73.3618697514949
"AENJPLPP_01904",2.58327038548366,4.01536704443868,2.30404818532235,25.5802269173663,36.4951234937751,30.2078287212038
"AENJPLPP_01905",14.6385321844074,4.81844045332642,6.14412849419293,111.913492763478,69.0448282314663,81.9926779575531
"AENJPLPP_01906",11.1941716704292,7.22766067998962,8.44817667951528,4.79629254700618,9.86354689020948,11.86736128333
"AENJPLPP_01907",6.02763089946188,9.63688090665283,5.37611243241881,4.79629254700618,5.91812813412569,4.31540410302911
"AENJPLPP_01908",169.634755313427,161.417755186435,183.555838764014,100.72214348713,128.226109572723,102.490847446941
"AENJPLPP_01909",93.8588240059064,122.870231559824,86.7858149804751,71.9443882050927,67.0721188534245,64.7310615454366
"AENJPLPP_01910",18.0828926983856,16.0614681777547,30.7206424709646,6.39505672934157,5.91812813412569,6.47310615454366
"AENJPLPP_01911",61.1373991231133,65.8520195287943,59.1372367566069,47.9629254700618,30.5769953596494,31.286679746961
"AENJPLPP_01912",106.775175933325,122.067158150936,99.8420880306351,65.5493314757511,29.5906406706284,32.3655307727183
"AENJPLPP_01913",17.2218025698911,12.046101133316,17.6643694208047,12.7901134586831,14.7953203353142,9.7096592318155
"AENJPLPP_01914",60.2763089946188,62.6397258932434,82.1777186098304,31.9752836467079,36.4951234937751,49.6271471848347
"AENJPLPP_01915",18.0828926983856,10.4399543155406,14.5923051737082,11.1913492763478,3.94541875608379,8.63080820605822
"AENJPLPP_01916",24.1105235978475,32.1229363555094,19.968417606127,4.79629254700618,24.6588672255237,15.1039143606019
"AENJPLPP_01917",22.3883433408584,23.2891288577443,19.968417606127,7.99382091167697,7.89083751216758,4.31540410302911
"AENJPLPP_01918",34.4436051397822,30.516789537734,30.7206424709646,7.99382091167697,11.8362562682514,9.7096592318155
"AENJPLPP_01919",30.999244625804,24.8952756755198,31.4886585327388,35.1728120113787,30.5769953596494,23.7347225666601
"AENJPLPP_01920",22.3883433408584,22.4860554488566,24.5765139767717,11.1913492763478,17.7543844023771,33.4443817984756
"AENJPLPP_01921",76.6370214360153,90.7472952043142,94.4659755982163,111.913492763478,107.512661103283,107.885102575728
"AENJPLPP_01922",51.6654077096732,54.608991804366,39.936835212254,91.1295583931174,69.0448282314663,79.8349759060385
"AENJPLPP_01923",18.9439828268802,27.304495902183,29.1846103474164,47.9629254700618,58.1949266522359,45.3117430818056
"AENJPLPP_01924",146.385321844074,126.885598604262,113.666377142569,438.061385959898,343.25143177929,307.472542340824
"AENJPLPP_01925",43.0545064247277,40.1536704443868,43.7769155211246,35.1728120113787,36.4951234937751,22.6558715409028
"AENJPLPP_01926",8.61090128494554,8.03073408887736,6.91214455596705,3.19752836467079,8.87719220118853,9.7096592318155
"AENJPLPP_01927",1.72218025698911,2.40922022666321,0,1.59876418233539,0.986354689020948,1.07885102575728
"AENJPLPP_01928",37.0268755252658,40.9567438532745,41.4728673358023,71.9443882050927,70.0311829204873,60.4156574424075
"AENJPLPP_01929",3.44436051397822,7.22766067998962,8.44817667951528,1.59876418233539,3.94541875608379,8.63080820605822
"AENJPLPP_01930",0.861090128494554,0,0.768016061774116,0,0,0
"AENJPLPP_01931",1.72218025698911,1.60614681777547,0,1.59876418233539,1.9727093780419,3.23655307727183
"AENJPLPP_01932",0,0,0,0,0.986354689020948,0
"AENJPLPP_01933",2.58327038548366,0.803073408887736,2.30404818532235,1.59876418233539,0,1.07885102575728
"AENJPLPP_01934",13.7774420559129,8.03073408887736,13.8242891119341,7.99382091167697,14.7953203353142,9.7096592318155
"AENJPLPP_01935",18.9439828268802,11.2430277244283,13.05627305016,11.1913492763478,15.7816750243352,14.0250633348446
"AENJPLPP_01936",65.4428497655861,79.5042674798859,85.2497828569269,94.3270867577882,75.949311054613,87.3869330863395
"AENJPLPP_01937",0,2.40922022666321,0.768016061774116,0,1.9727093780419,2.15770205151455
"AENJPLPP_01938",33.5825150112876,30.516789537734,26.1125461003199,27.1789910997017,16.7680297133561,16.1827653863592
"AENJPLPP_01939",2.58327038548366,4.01536704443868,5.37611243241881,20.7839343703601,12.8226109572723,4.31540410302911
"AENJPLPP_01940",1.72218025698911,1.60614681777547,0.768016061774116,1.59876418233539,0.986354689020948,1.07885102575728
"AENJPLPP_01941",2.58327038548366,2.40922022666321,2.30404818532235,6.39505672934157,5.91812813412569,4.31540410302911
"AENJPLPP_01942",58.5541287376297,61.8366524843557,69.8894616214446,14.3888776410185,14.7953203353142,26.9712756439319
"AENJPLPP_01943",1.72218025698911,0.803073408887736,2.30404818532235,1.59876418233539,0.986354689020948,2.15770205151455
"AENJPLPP_01944",7.74981115645099,13.6522479510915,6.91214455596705,14.3888776410185,13.8089656462933,9.7096592318155
"AENJPLPP_01945",9.4719914134401,14.4553213599792,8.44817667951528,17.5864060056893,25.6452219145446,16.1827653863592
"AENJPLPP_01946",3.44436051397822,8.8338074977651,5.37611243241881,12.7901134586831,18.740739091398,22.6558715409028
"AENJPLPP_01947",9.4719914134401,18.4706884044179,9.21619274128939,22.3826985526955,34.5224141157332,26.9712756439319
"AENJPLPP_01948",61.1373991231133,56.2151386221415,42.2408833975764,67.1480956580865,56.222217274194,58.257955390893
"AENJPLPP_01949",16.3607124413965,18.4706884044179,9.21619274128939,11.1913492763478,11.8362562682514,8.63080820605822
"AENJPLPP_01950",180.828926983856,150.174727462007,174.339646022724,163.07394659821,139.076011151954,132.698676168145
"AENJPLPP_01951",0,0,0,0,0,0
"AENJPLPP_01952",6.88872102795643,4.81844045332642,0,4.79629254700618,7.89083751216758,4.31540410302911
"AENJPLPP_01953",10.3330815419347,13.6522479510915,13.05627305016,22.3826985526955,38.467832871817,24.8135735924174
"AENJPLPP_01954",8.61090128494554,4.81844045332642,7.68016061774116,20.7839343703601,19.727093780419,38.838636927262
"AENJPLPP_01955",0,0,0,0,0,0
"AENJPLPP_01956",4.30545064247277,1.60614681777547,6.91214455596705,7.99382091167697,6.90448282314663,7.55195718030094
"AENJPLPP_01957",14.6385321844074,15.258394768867,10.7522248648376,9.59258509401236,5.91812813412569,6.47310615454366
"AENJPLPP_01958",8.61090128494554,5.62151386221415,5.37611243241881,0,8.87719220118853,7.55195718030094
"AENJPLPP_01959",6.02763089946188,4.81844045332642,9.21619274128939,9.59258509401236,16.7680297133561,12.9462123090873
"AENJPLPP_01960",0,0,0.768016061774116,0,0.986354689020948,1.07885102575728
"AENJPLPP_01961",41.3323261677386,25.6983490844075,35.3287388416093,3.19752836467079,2.95906406706284,5.39425512878639
"AENJPLPP_01962",58.5541287376297,50.5936247599274,57.6012046330587,7.99382091167697,6.90448282314663,6.47310615454366
"AENJPLPP_01963",90.4144634919282,76.2919738443349,102.146136215957,4.79629254700618,19.727093780419,14.0250633348446
"AENJPLPP_01964",6.88872102795643,10.4399543155406,12.2882569883859,4.79629254700618,8.87719220118853,6.47310615454366
"AENJPLPP_01965",37.0268755252658,38.5475236266113,31.4886585327388,30.3765194643725,13.8089656462933,20.4981694893883
"AENJPLPP_01966",7.74981115645099,5.62151386221415,9.98420880306351,9.59258509401236,4.93177344510474,9.7096592318155
"AENJPLPP_01967",12.9163519274183,7.22766067998962,12.2882569883859,4.79629254700618,7.89083751216758,7.55195718030094
"AENJPLPP_01968",16.3607124413965,15.258394768867,12.2882569883859,14.3888776410185,5.91812813412569,4.31540410302911
"AENJPLPP_01969",25.8327038548366,25.6983490844075,35.3287388416093,92.7283225754528,67.0721188534245,65.8099125711939
"AENJPLPP_01970",57.6930386091351,57.821285439917,57.6012046330587,118.308549492819,124.280690816639,113.279357704514
"AENJPLPP_01971",6.02763089946188,8.8338074977651,6.91214455596705,38.3703403760494,30.5769953596494,40.9963389787765
"AENJPLPP_01972",36.1657853967713,33.7290831732849,36.8647709651576,9.59258509401236,5.91812813412569,5.39425512878639
"AENJPLPP_01973",24.1105235978475,18.4706884044179,30.7206424709646,12.7901134586831,1.9727093780419,0
"AENJPLPP_01974",1635.21015401116,1446.33520940681,1336.34794748696,1381.33225353778,992.272817155074,1044.32779293304
"AENJPLPP_01975",4.30545064247277,4.01536704443868,6.14412849419293,6.39505672934157,3.94541875608379,3.23655307727183
"AENJPLPP_01976",8.61090128494554,3.21229363555094,3.84008030887058,11.1913492763478,14.7953203353142,8.63080820605822
"AENJPLPP_01977",4.30545064247277,1.60614681777547,2.30404818532235,7.99382091167697,8.87719220118853,6.47310615454366
"AENJPLPP_01978",22.3883433408584,28.9106427199585,19.968417606127,31.9752836467079,19.727093780419,21.5770205151455
"AENJPLPP_01979",240.244145849981,224.057481079678,187.395919072884,502.011953253313,327.469756754955,360.336242602931
"AENJPLPP_01980",34.4436051397822,40.9567438532745,24.5765139767717,70.3456240227573,60.1676360302778,61.4945084681648
"AENJPLPP_01981",9.4719914134401,12.8491745422038,9.21619274128939,17.5864060056893,28.6042859816075,26.9712756439319
"AENJPLPP_01982",4.30545064247277,9.63688090665283,9.21619274128939,11.1913492763478,17.7543844023771,10.7885102575728
"AENJPLPP_01983",130.024609402678,106.808763382069,110.594312895473,129.499898769167,126.253400194681,122.98901693633
"AENJPLPP_01984",11.1941716704292,11.2430277244283,6.91214455596705,20.7839343703601,13.8089656462933,20.4981694893883
"AENJPLPP_01985",5.16654077096733,8.03073408887736,5.37611243241881,20.7839343703601,24.6588672255237,22.6558715409028
"AENJPLPP_01986",24.1105235978475,12.8491745422038,15.3603212354823,11.1913492763478,26.6315766035656,19.419318463631
"AENJPLPP_01987",18.0828926983856,13.6522479510915,14.5923051737082,31.9752836467079,24.6588672255237,31.286679746961
"AENJPLPP_01988",33.5825150112876,24.0922022666321,22.2724657914494,54.3579821994034,37.481478182796,50.705998210592
"AENJPLPP_01989",99.0253647768737,105.202616564293,81.4097025480563,142.29001222785,83.8401485667806,99.2542943696695
"AENJPLPP_01990",17.2218025698911,17.6676149955302,17.6643694208047,15.9876418233539,18.740739091398,16.1827653863592
"AENJPLPP_01991",46.4988669387059,42.56289067105,43.0088994593505,51.1604538347326,47.3450250730055,58.257955390893
"AENJPLPP_01992",60.2763089946188,52.1997715777028,39.936835212254,25.5802269173663,17.7543844023771,17.2616164121164
"AENJPLPP_01993",63.720669508597,46.5782577154887,52.993108262414,36.771576193714,42.4132516279008,34.5232328242329
"AENJPLPP_01994",15.499622312902,17.6676149955302,16.8963533590306,4.79629254700618,8.87719220118853,3.23655307727183
"AENJPLPP_01995",53.3875879666624,63.4427993021311,65.2813652507999,20.7839343703601,22.6861578474818,23.7347225666601
"AENJPLPP_01996",82.6646523354772,64.2458727110189,86.017798918701,35.1728120113787,45.3723156949636,49.6271471848347
"AENJPLPP_01997",57.6930386091351,63.4427993021311,56.0651725095105,25.5802269173663,38.467832871817,29.1289776954465
"AENJPLPP_01998",202.35618019622,197.556058586383,170.499565713854,46.3641612877264,47.3450250730055,58.257955390893
"AENJPLPP_01999",24.9716137263421,28.9106427199585,19.968417606127,1.59876418233539,8.87719220118853,4.31540410302911
"AENJPLPP_02000",7.74981115645099,6.42458727110189,8.44817667951528,3.19752836467079,7.89083751216758,5.39425512878639
"AENJPLPP_02001",13.7774420559129,11.2430277244283,13.8242891119341,6.39505672934157,5.91812813412569,4.31540410302911
"AENJPLPP_02002",9.4719914134401,9.63688090665283,2.30404818532235,6.39505672934157,11.8362562682514,5.39425512878639
"AENJPLPP_02003",53.3875879666624,50.5936247599274,51.4570761388658,51.1604538347326,63.1267000973407,66.8887635969512
"AENJPLPP_02004",7.74981115645099,17.6676149955302,9.21619274128939,22.3826985526955,14.7953203353142,26.9712756439319
"AENJPLPP_02005",26.6937939833312,37.7444502177236,35.3287388416093,41.5678687407202,44.3859610059427,49.6271471848347
"AENJPLPP_02006",11.1941716704292,9.63688090665283,14.5923051737082,3.19752836467079,4.93177344510474,4.31540410302911
"AENJPLPP_02007",87.8311931064445,105.202616564293,100.610104092409,27.1789910997017,23.6725125365027,29.1289776954465
"AENJPLPP_02008",12.0552617989238,7.22766067998962,5.37611243241881,11.1913492763478,15.7816750243352,8.63080820605822
"AENJPLPP_02009",22.3883433408584,21.6829820399689,25.3445300385458,51.1604538347326,37.481478182796,42.0751900045338
"AENJPLPP_02010",45.6377768102114,41.7598172621623,28.4165942856423,36.771576193714,31.5633500486703,26.9712756439319
"AENJPLPP_02011",39.6101459107495,44.1690374888255,43.0088994593505,46.3641612877264,37.481478182796,31.286679746961
"AENJPLPP_02012",19.8050729553747,21.6829820399689,13.05627305016,30.3765194643725,47.3450250730055,40.9963389787765
"AENJPLPP_02013",48.221047195695,28.9106427199585,33.7927067180611,12.7901134586831,11.8362562682514,17.2616164121164
"AENJPLPP_02014",0,0,0.768016061774116,0,1.9727093780419,1.07885102575728
"AENJPLPP_02015",6.02763089946188,4.01536704443868,6.91214455596705,6.39505672934157,5.91812813412569,7.55195718030094
"AENJPLPP_02016",8.61090128494554,6.42458727110189,3.07206424709646,7.99382091167697,13.8089656462933,11.86736128333
"AENJPLPP_02017",29.2770643688148,27.304495902183,21.5044497296753,76.7406807520989,64.1130547863616,62.5733594939221
"AENJPLPP_02018",17.2218025698911,11.2430277244283,18.4323854825788,15.9876418233539,21.6998031584609,18.3404674378737
"AENJPLPP_02019",89.5533733634336,102.79339633763,110.594312895473,81.5369732991051,89.7582767009063,110.042804627242
"AENJPLPP_02020",37.8879656537604,32.1229363555094,34.5607227798352,11.1913492763478,33.5360594267122,33.4443817984756
"AENJPLPP_02021",26.6937939833312,42.56289067105,21.5044497296753,20.7839343703601,10.8499015792304,8.63080820605822
"AENJPLPP_02022",20.6661630838693,17.6676149955302,15.3603212354823,7.99382091167697,20.7134484694399,10.7885102575728
"AENJPLPP_02023",9.4719914134401,12.8491745422038,6.91214455596705,9.59258509401236,3.94541875608379,5.39425512878639
"AENJPLPP_02024",42.1934162962332,40.9567438532745,37.6327870269317,12.7901134586831,21.6998031584609,18.3404674378737
"AENJPLPP_02025",4.30545064247277,4.81844045332642,6.14412849419293,0,0,0
"AENJPLPP_02026",12.9163519274183,9.63688090665283,5.37611243241881,11.1913492763478,0,6.47310615454366
"AENJPLPP_02027",8.61090128494554,7.22766067998962,8.44817667951528,4.79629254700618,8.87719220118853,5.39425512878639
"AENJPLPP_02028",14.6385321844074,10.4399543155406,24.5765139767717,12.7901134586831,14.7953203353142,19.419318463631
"AENJPLPP_02029",56.8319484806406,32.1229363555094,26.8805621620941,41.5678687407202,41.4268969388798,48.5482961590775
"AENJPLPP_02030",65.4428497655861,55.4120652132538,61.4412849419293,22.3826985526955,40.4405422498589,34.5232328242329
"AENJPLPP_02031",1.72218025698911,0.803073408887736,0,25.5802269173663,33.5360594267122,30.2078287212038
"AENJPLPP_02032",0,0,0.768016061774116,9.59258509401236,3.94541875608379,5.39425512878639
"AENJPLPP_02033",5.16654077096733,0.803073408887736,3.07206424709646,27.1789910997017,11.8362562682514,25.8924246181747
"AENJPLPP_02034",2.58327038548366,3.21229363555094,0,0,1.9727093780419,3.23655307727183
"AENJPLPP_02035",5.16654077096733,8.8338074977651,7.68016061774116,6.39505672934157,2.95906406706284,5.39425512878639
"AENJPLPP_02036",4.30545064247277,5.62151386221415,12.2882569883859,1.59876418233539,3.94541875608379,1.07885102575728
"AENJPLPP_02037",12.0552617989238,12.046101133316,13.8242891119341,7.99382091167697,7.89083751216758,5.39425512878639
"AENJPLPP_02038",2.58327038548366,3.21229363555094,4.6080963706447,7.99382091167697,1.9727093780419,2.15770205151455
"AENJPLPP_02039",1.72218025698911,1.60614681777547,0,0,1.9727093780419,1.07885102575728
"AENJPLPP_02040",29.2770643688148,24.0922022666321,27.6485782238682,15.9876418233539,8.87719220118853,21.5770205151455
"AENJPLPP_02041",0.861090128494554,0,3.07206424709646,0,0,0
"AENJPLPP_02042",17.2218025698911,11.2430277244283,17.6643694208047,28.7777552820371,15.7816750243352,16.1827653863592
"AENJPLPP_02043",191.162008525791,164.630048821986,138.242891119341,118.308549492819,112.444434548388,113.279357704514
"AENJPLPP_02044",1.72218025698911,0.803073408887736,3.07206424709646,0,0.986354689020948,0
"AENJPLPP_02045",136.913330430634,163.826975413098,145.923051737082,140.691248045515,144.994139286079,200.666290790854
"AENJPLPP_02046",288.465193045676,314.804776283992,281.861894671101,303.765194643725,385.664683407191,440.171218508969
"AENJPLPP_02047",16.3607124413965,16.8645415866425,11.5202409266117,6.39505672934157,11.8362562682514,9.7096592318155
"AENJPLPP_02048",57.6930386091351,66.6550929376821,72.961525868541,12.7901134586831,19.727093780419,20.4981694893883
"AENJPLPP_02049",508.043175811787,546.08991804366,566.027837527524,151.882597321862,163.734878377477,162.906504889349
"AENJPLPP_02050",66.3039398940807,56.2151386221415,54.5291403859622,65.5493314757511,53.2631532071312,62.5733594939221
"AENJPLPP_02051",26.6937939833312,30.516789537734,23.8084979149976,33.5740478290433,23.6725125365027,34.5232328242329
"AENJPLPP_02052",31.8603347542985,43.3659640799377,54.5291403859622,15.9876418233539,12.8226109572723,24.8135735924174
"AENJPLPP_02053",0,0,0,0,0,0
"AENJPLPP_02054",3.44436051397822,3.21229363555094,0.768016061774116,4.79629254700618,2.95906406706284,1.07885102575728
"AENJPLPP_02055",0,0,3.07206424709646,1.59876418233539,0.986354689020948,2.15770205151455
"AENJPLPP_02056",5.16654077096733,4.01536704443868,2.30404818532235,11.1913492763478,5.91812813412569,5.39425512878639
"AENJPLPP_02057",19.8050729553747,22.4860554488566,12.2882569883859,57.5555105640742,59.1812813412569,65.8099125711939
"AENJPLPP_02058",49.0821373241896,51.3966981688151,46.080963706447,87.9320300284466,81.8674391887387,59.3368064166502
"AENJPLPP_02059",3.44436051397822,2.40922022666321,0.768016061774116,1.59876418233539,0,1.07885102575728
"AENJPLPP_02060",37.0268755252658,38.5475236266113,19.968417606127,11.1913492763478,19.727093780419,14.0250633348446
"AENJPLPP_02061",63.720669508597,62.6397258932434,76.8016061774116,67.1480956580865,99.6218235911157,76.5984228287667
"AENJPLPP_02062",22.3883433408584,29.7137161288462,30.7206424709646,36.771576193714,35.5087688047541,46.3905941075629
"AENJPLPP_02063",24.9716137263421,32.9260097643972,17.6643694208047,43.1666329230556,46.3586703839845,37.7597859015047
"AENJPLPP_02064",46.4988669387059,46.5782577154887,69.8894616214446,30.3765194643725,42.4132516279008,38.838636927262
"AENJPLPP_02065",20.6661630838693,28.1075693110708,25.3445300385458,6.39505672934157,11.8362562682514,20.4981694893883
"AENJPLPP_02066",28.4159742403203,29.7137161288462,35.3287388416093,41.5678687407202,25.6452219145446,48.5482961590775
"AENJPLPP_02067",27.5548841118257,36.1383033999481,27.6485782238682,22.3826985526955,23.6725125365027,29.1289776954465
"AENJPLPP_02068",4.30545064247277,8.03073408887736,7.68016061774116,11.1913492763478,8.87719220118853,9.7096592318155
"AENJPLPP_02069",30.999244625804,23.2891288577443,49.9210440153175,12.7901134586831,22.6861578474818,20.4981694893883
"AENJPLPP_02070",95.5810042628955,150.977800870894,129.794714439826,111.913492763478,164.721233066498,162.906504889349
"AENJPLPP_02071",3.44436051397822,4.01536704443868,6.14412849419293,6.39505672934157,1.9727093780419,9.7096592318155
"AENJPLPP_02072",13.7774420559129,11.2430277244283,13.8242891119341,17.5864060056893,4.93177344510474,6.47310615454366
"AENJPLPP_02073",6.02763089946188,9.63688090665283,8.44817667951528,12.7901134586831,17.7543844023771,9.7096592318155
"AENJPLPP_02074",15.499622312902,12.046101133316,22.2724657914494,11.1913492763478,13.8089656462933,14.0250633348446
"AENJPLPP_02075",56.8319484806406,57.821285439917,74.4975579920893,70.3456240227573,57.208571963215,63.6522105196794
"AENJPLPP_02076",6.02763089946188,6.42458727110189,5.37611243241881,6.39505672934157,10.8499015792304,10.7885102575728
"AENJPLPP_02077",35.3046952682767,32.1229363555094,36.8647709651576,78.3394449344343,73.9766016765711,65.8099125711939
"AENJPLPP_02078",26.6937939833312,25.6983490844075,22.2724657914494,9.59258509401236,11.8362562682514,7.55195718030094
"AENJPLPP_02079",40.471236039244,36.9413768088358,43.0088994593505,20.7839343703601,27.6179312925865,21.5770205151455
"AENJPLPP_02080",3.44436051397822,1.60614681777547,2.30404818532235,3.19752836467079,2.95906406706284,2.15770205151455
"AENJPLPP_02081",74.9148411790262,65.0489461199066,63.7453331272516,49.5616896523972,37.481478182796,31.286679746961
"AENJPLPP_02082",23.249433469353,18.4706884044179,20.7364336679011,7.99382091167697,4.93177344510474,8.63080820605822
"AENJPLPP_02083",14.6385321844074,21.6829820399689,23.0404818532235,35.1728120113787,48.3313797620264,46.3905941075629
"AENJPLPP_02084",23.249433469353,23.2891288577443,25.3445300385458,39.9691045583848,43.3996063169217,45.3117430818056
"AENJPLPP_02085",10.3330815419347,22.4860554488566,12.2882569883859,23.9814627350309,21.6998031584609,19.419318463631
"AENJPLPP_02086",50.8043175811787,58.6243588488047,55.2971564477364,52.759218017068,89.7582767009063,53.9425512878639
"AENJPLPP_02087",68.8872102795643,71.4735333910085,76.0335901156375,121.50607785749,85.8128579448225,90.6234861636113
"AENJPLPP_02088",0,1.60614681777547,1.53603212354823,0,1.9727093780419,1.07885102575728
"AENJPLPP_02089",12.9163519274183,19.2737618133057,14.5923051737082,1.59876418233539,9.86354689020948,9.7096592318155
"AENJPLPP_02091",1.72218025698911,4.81844045332642,4.6080963706447,7.99382091167697,2.95906406706284,3.23655307727183
"AENJPLPP_02092",58.5541287376297,68.2612397554576,49.9210440153175,108.715964398807,70.0311829204873,58.257955390893
"AENJPLPP_02093",42.1934162962332,39.3505970354991,32.2566745945129,11.1913492763478,4.93177344510474,4.31540410302911
"AENJPLPP_02094",398.684729492979,387.884456492776,353.287388416093,95.9258509401236,87.7855673228644,81.9926779575531
"AENJPLPP_02095",139.496600816118,142.947066782017,127.490666254503,15.9876418233539,39.4541875608379,32.3655307727183
"AENJPLPP_02096",62.8595793801025,61.0335790754679,67.5854134361222,30.3765194643725,18.740739091398,29.1289776954465
"AENJPLPP_02097",38.7490557822549,40.9567438532745,53.7611243241881,46.3641612877264,108.499015792304,77.677273854524
"AENJPLPP_02098",30.1381544973094,39.3505970354991,39.1688191504799,59.1542747464095,91.7309860789481,84.1503800090676
"AENJPLPP_02099",85.2479227209609,65.8520195287943,82.1777186098304,258.999797538334,236.725125365027,243.820331821145
"AENJPLPP_02100",23.249433469353,26.5014224932953,36.8647709651576,51.1604538347326,61.1539907192988,79.8349759060385
"AENJPLPP_02101",48.221047195695,34.5321565821726,53.7611243241881,63.9505672934157,75.949311054613,94.9388902666404
"AENJPLPP_02102",2.58327038548366,1.60614681777547,2.30404818532235,15.9876418233539,6.90448282314663,3.23655307727183
"AENJPLPP_02103",0,0.803073408887736,3.07206424709646,1.59876418233539,0.986354689020948,2.15770205151455
"AENJPLPP_02104",60.2763089946188,64.2458727110189,56.0651725095105,55.9567463817388,97.6491142130738,96.0177412923977
"AENJPLPP_02105",80.9424720784881,137.325552919803,121.34653776031,206.240579521266,210.093548761462,187.720078481766
"AENJPLPP_02106",6.88872102795643,5.62151386221415,6.14412849419293,9.59258509401236,12.8226109572723,9.7096592318155
"AENJPLPP_02107",13.7774420559129,27.304495902183,18.4323854825788,23.9814627350309,33.5360594267122,42.0751900045338
"AENJPLPP_02108",11.1941716704292,8.8338074977651,16.1283372972564,33.5740478290433,29.5906406706284,34.5232328242329
"AENJPLPP_02109",0.861090128494554,2.40922022666321,0,0,1.9727093780419,0
"AENJPLPP_02110",39.6101459107495,46.5782577154887,44.5449315828987,41.5678687407202,54.2495078961521,52.8637002621066
"AENJPLPP_02111",23.249433469353,31.3198629466217,20.7364336679011,35.1728120113787,21.6998031584609,43.1540410302911
"AENJPLPP_02112",4.30545064247277,5.62151386221415,10.7522248648376,4.79629254700618,8.87719220118853,10.7885102575728
"AENJPLPP_02113",52.5264978381678,48.9874779421519,55.2971564477364,62.3518031110803,95.6764048350319,96.0177412923977
"AENJPLPP_02114",23.249433469353,17.6676149955302,12.2882569883859,36.771576193714,27.6179312925865,30.2078287212038
"AENJPLPP_02115",158.440583642998,163.02390200421,151.299164169501,105.518436034136,106.526306414262,113.279357704514
"AENJPLPP_02116",2.58327038548366,4.01536704443868,0,0,2.95906406706284,1.07885102575728
"AENJPLPP_02117",11.1941716704292,5.62151386221415,13.05627305016,15.9876418233539,9.86354689020948,16.1827653863592
"AENJPLPP_02118",59.4152188661242,56.2151386221415,72.1935098067669,91.1295583931174,90.7446313899272,92.7811882151258
"AENJPLPP_02119",13.7774420559129,10.4399543155406,16.8963533590306,15.9876418233539,28.6042859816075,25.8924246181747
"AENJPLPP_02120",139.496600816118,123.673304968711,138.242891119341,71.9443882050927,81.8674391887387,117.594761807543
"AENJPLPP_02121",32.7214248827931,38.5475236266113,39.1688191504799,9.59258509401236,26.6315766035656,18.3404674378737
"AENJPLPP_02122",33.5825150112876,62.6397258932434,48.3850118917693,35.1728120113787,30.5769953596494,28.0501266696892
"AENJPLPP_02123",26.6937939833312,39.3505970354991,33.024690656287,27.1789910997017,27.6179312925865,18.3404674378737
"AENJPLPP_02124",95.5810042628955,109.217983608732,135.938842934019,63.9505672934157,91.7309860789481,83.0715289833103
"AENJPLPP_02125",312.575716643523,357.367666955042,258.821412817877,190.252937697912,236.725125365027,226.558715409028
"AENJPLPP_02126",193.745278911275,187.91917767973,195.076079690625,135.894955498508,179.516553401813,170.45846206965
"AENJPLPP_02127",378.879656537604,468.19179738155,254.213316447232,489.22183979463,424.132516279008,407.805687736251
"AENJPLPP_02128",131.746789659667,137.325552919803,139.778923242889,148.685068957192,192.339164359085,187.720078481766
"AENJPLPP_02129",140.357690944612,152.58394768867,147.45908386063,172.666531692222,231.793351919923,276.185862593863
"AENJPLPP_02130",205.800540710198,264.211151524065,185.091870887562,180.660352603899,188.393745603001,154.275696683291
"AENJPLPP_02131",97.3031845198846,90.7472952043142,94.4659755982163,36.771576193714,34.5224141157332,46.3905941075629
"AENJPLPP_02132",142.940961330096,132.507112466476,137.474875057567,46.3641612877264,55.2358625851731,49.6271471848347
"AENJPLPP_02133",29.2770643688148,25.6983490844075,26.1125461003199,6.39505672934157,8.87719220118853,7.55195718030094
"AENJPLPP_02134",59.4152188661242,49.7905513510396,44.5449315828987,17.5864060056893,22.6861578474818,21.5770205151455
"AENJPLPP_02135",15.499622312902,15.258394768867,13.8242891119341,7.99382091167697,16.7680297133561,18.3404674378737
"AENJPLPP_02136",37.8879656537604,53.8059183954783,41.4728673358023,17.5864060056893,40.4405422498589,40.9963389787765
"AENJPLPP_02137",17.2218025698911,15.258394768867,14.5923051737082,12.7901134586831,20.7134484694399,15.1039143606019
"AENJPLPP_02138",24.9716137263421,21.6829820399689,18.4323854825788,44.765397105391,31.5633500486703,36.6809348757474
"AENJPLPP_02139",2.58327038548366,3.21229363555094,4.6080963706447,23.9814627350309,31.5633500486703,35.6020838499901
"AENJPLPP_02140",5.16654077096733,4.01536704443868,3.84008030887058,27.1789910997017,24.6588672255237,22.6558715409028
"AENJPLPP_02141",130.885699531172,105.202616564293,87.5538310422492,163.07394659821,161.762168999435,197.429737713582
"AENJPLPP_02142",0,0.803073408887736,0,0,0.986354689020948,0
"AENJPLPP_02143",0,0,0,0,0,0
"AENJPLPP_02144",1.72218025698911,1.60614681777547,0,4.79629254700618,2.95906406706284,0
"AENJPLPP_02145",20.6661630838693,16.0614681777547,20.7364336679011,62.3518031110803,48.3313797620264,58.257955390893
"AENJPLPP_02146",1.72218025698911,1.60614681777547,0,7.99382091167697,13.8089656462933,12.9462123090873
"AENJPLPP_02148",13.7774420559129,14.4553213599792,11.5202409266117,9.59258509401236,17.7543844023771,5.39425512878639
"AENJPLPP_02149",252.299407648904,237.70972903077,256.517364632555,388.499696307501,332.401530200059,324.73415875294
"AENJPLPP_02150",92.9977338774118,70.6704599821208,66.049381312574,529.190944353015,375.801136516981,350.626583371115
"AENJPLPP_02151",14.6385321844074,23.2891288577443,19.968417606127,94.3270867577882,89.7582767009063,73.3618697514949
"AENJPLPP_02152",23.249433469353,23.2891288577443,17.6643694208047,35.1728120113787,14.7953203353142,16.1827653863592
"AENJPLPP_02153",1.72218025698911,1.60614681777547,0,3.19752836467079,1.9727093780419,2.15770205151455
"AENJPLPP_02154",4.30545064247277,4.81844045332642,2.30404818532235,0,1.9727093780419,3.23655307727183
"AENJPLPP_02155",4.30545064247277,0.803073408887736,4.6080963706447,23.9814627350309,24.6588672255237,33.4443817984756
"AENJPLPP_02156",0,0,0,0,0,1.07885102575728
"AENJPLPP_02157",0.861090128494554,0,0,0,1.9727093780419,2.15770205151455
"AENJPLPP_02158",3.44436051397822,0.803073408887736,2.30404818532235,23.9814627350309,12.8226109572723,14.0250633348446
"AENJPLPP_02159",74.9148411790262,73.079680208784,52.993108262414,1256.62864731562,1022.84981251472,1005.48915600578
"AENJPLPP_02160",49.9432274526841,48.1844045332642,39.936835212254,30.3765194643725,29.5906406706284,24.8135735924174
"AENJPLPP_02161",0,0,1.53603212354823,6.39505672934157,6.90448282314663,5.39425512878639
"AENJPLPP_02162",0,0,0,0,0,0
"AENJPLPP_02163",1.72218025698911,8.8338074977651,3.84008030887058,3.19752836467079,8.87719220118853,5.39425512878639
"AENJPLPP_02164",0,0.803073408887736,0,0,0.986354689020948,2.15770205151455
"AENJPLPP_02165",2.58327038548366,0,0,0,0,0
"AENJPLPP_02166",0,0.803073408887736,0,0,0,1.07885102575728
"AENJPLPP_02167",0.861090128494554,0,0,0,1.9727093780419,1.07885102575728
"AENJPLPP_02168",0,0,0,0,0.986354689020948,2.15770205151455
"AENJPLPP_02169",0,0,1.53603212354823,1.59876418233539,2.95906406706284,1.07885102575728
"AENJPLPP_02170",0,0,0,0,0,1.07885102575728
"AENJPLPP_02171",0,0,0,0,0,0
"AENJPLPP_02172",0,0,0,0,0,0
"AENJPLPP_02173",0,0,0,0,0,0
"AENJPLPP_02174",0,0,0,0,0,0
"AENJPLPP_02175",0,0,0,0,0,0
"AENJPLPP_02176",0,0,0.768016061774116,0,0.986354689020948,0
"AENJPLPP_02177",0.861090128494554,0.803073408887736,0.768016061774116,12.7901134586831,12.8226109572723,20.4981694893883
"AENJPLPP_02178",0.861090128494554,0,0,0,0,1.07885102575728
"AENJPLPP_02179",0,0.803073408887736,0,1.59876418233539,0,2.15770205151455
"AENJPLPP_02180",0,0,0,0,0,0
"AENJPLPP_02181",0,0,0,1.59876418233539,0.986354689020948,2.15770205151455
"AENJPLPP_02182",3.44436051397822,2.40922022666321,4.6080963706447,4.79629254700618,4.93177344510474,5.39425512878639
"AENJPLPP_02183",1.72218025698911,0.803073408887736,1.53603212354823,1.59876418233539,3.94541875608379,0
"AENJPLPP_02184",0.861090128494554,0,0.768016061774116,3.19752836467079,0,0
"AENJPLPP_02185",4.30545064247277,4.01536704443868,3.07206424709646,4.79629254700618,4.93177344510474,3.23655307727183
"AENJPLPP_02186",5.16654077096733,3.21229363555094,6.91214455596705,7.99382091167697,6.90448282314663,6.47310615454366
"AENJPLPP_02187",0,0.803073408887736,0,0,1.9727093780419,1.07885102575728
"AENJPLPP_02188",0,0,0,0,1.9727093780419,0
"AENJPLPP_02189",0,0,0,0,0,1.07885102575728
"AENJPLPP_02190",0.861090128494554,0.803073408887736,1.53603212354823,3.19752836467079,0,2.15770205151455
"AENJPLPP_02191",6.02763089946188,2.40922022666321,3.07206424709646,12.7901134586831,4.93177344510474,4.31540410302911
"AENJPLPP_02192",0.861090128494554,0,0.768016061774116,0,0,0
"AENJPLPP_02193",27.5548841118257,19.2737618133057,25.3445300385458,47.9629254700618,42.4132516279008,35.6020838499901
"AENJPLPP_02194",0.861090128494554,0,0,1.59876418233539,4.93177344510474,0
"AENJPLPP_02195",3.44436051397822,3.21229363555094,2.30404818532235,6.39505672934157,5.91812813412569,2.15770205151455
"AENJPLPP_02196",10.3330815419347,12.8491745422038,14.5923051737082,35.1728120113787,25.6452219145446,37.7597859015047
"AENJPLPP_02197",3.44436051397822,7.22766067998962,6.14412849419293,3.19752836467079,7.89083751216758,4.31540410302911
"AENJPLPP_02198",0.861090128494554,3.21229363555094,0.768016061774116,3.19752836467079,3.94541875608379,1.07885102575728
"AENJPLPP_02199",0,0,0,0,0,0
"AENJPLPP_02200",0,0,0,0,0,0
"AENJPLPP_02201",0,0,0,0,0,0
"AENJPLPP_02202",0,0,0,0,0,0
"AENJPLPP_02203",0,0,0,0,0,0
"AENJPLPP_02205",0,0,0,0,0,0
"AENJPLPP_02206",0,0,0,0,0,0
"AENJPLPP_02207",0,0,0,0,0,0
"AENJPLPP_02208",0,0,0,0,0,0
"AENJPLPP_02209",0,0,0,0,0,0
"AENJPLPP_02210",0,0,0,0,0,0
"AENJPLPP_02211",29.2770643688148,27.304495902183,22.2724657914494,12.7901134586831,15.7816750243352,15.1039143606019
"AENJPLPP_02212",25.8327038548366,29.7137161288462,31.4886585327388,14.3888776410185,14.7953203353142,18.3404674378737
"AENJPLPP_02213",0,0,0,0,0,1.07885102575728
"AENJPLPP_02214",0,0,0,3.19752836467079,0,0
"AENJPLPP_02215",4.30545064247277,9.63688090665283,7.68016061774116,3.19752836467079,6.90448282314663,4.31540410302911
"AENJPLPP_02216",8.61090128494554,14.4553213599792,11.5202409266117,27.1789910997017,22.6861578474818,12.9462123090873
"AENJPLPP_02217",3.44436051397822,2.40922022666321,3.84008030887058,1.59876418233539,7.89083751216758,2.15770205151455
"AENJPLPP_02218",38.7490557822549,42.56289067105,56.8331885712846,23.9814627350309,35.5087688047541,29.1289776954465
"AENJPLPP_02219",63.720669508597,68.2612397554576,55.2971564477364,83.1357374814404,66.0857641644035,89.544635137854
"AENJPLPP_02220",16.3607124413965,15.258394768867,13.05627305016,17.5864060056893,12.8226109572723,17.2616164121164
"AENJPLPP_02221",3.44436051397822,2.40922022666321,0,1.59876418233539,1.9727093780419,5.39425512878639
"AENJPLPP_02222",17.2218025698911,12.8491745422038,13.05627305016,31.9752836467079,24.6588672255237,19.419318463631
"AENJPLPP_02223",37.0268755252658,36.1383033999481,29.9526264091905,59.1542747464095,48.3313797620264,32.3655307727183
"AENJPLPP_02224",22.3883433408584,16.0614681777547,11.5202409266117,35.1728120113787,31.5633500486703,28.0501266696892
"AENJPLPP_02225",4.30545064247277,8.03073408887736,6.91214455596705,11.1913492763478,13.8089656462933,14.0250633348446
"AENJPLPP_02226",7.74981115645099,3.21229363555094,5.37611243241881,25.5802269173663,6.90448282314663,11.86736128333
"AENJPLPP_02227",4.30545064247277,1.60614681777547,3.84008030887058,3.19752836467079,1.9727093780419,3.23655307727183
"AENJPLPP_02228",4.30545064247277,7.22766067998962,3.07206424709646,7.99382091167697,5.91812813412569,5.39425512878639
"AENJPLPP_02229",109.358446318808,101.990322928742,105.986216524828,350.129355931451,212.066258139504,231.952970537815
"AENJPLPP_02230",3.44436051397822,0.803073408887736,0.768016061774116,1.59876418233539,0,0
"AENJPLPP_02231",0,0.803073408887736,0,0,0,0
"AENJPLPP_02232",0.861090128494554,1.60614681777547,1.53603212354823,0,0.986354689020948,0
"AENJPLPP_02233",6.02763089946188,4.01536704443868,8.44817667951528,9.59258509401236,10.8499015792304,8.63080820605822
"AENJPLPP_02234",14.6385321844074,12.8491745422038,15.3603212354823,11.1913492763478,10.8499015792304,24.8135735924174
"AENJPLPP_02235",27.5548841118257,14.4553213599792,16.1283372972564,9.59258509401236,13.8089656462933,8.63080820605822
"AENJPLPP_02236",0,0,0,1.59876418233539,0,0
"AENJPLPP_02237",15.499622312902,13.6522479510915,12.2882569883859,19.1851701880247,22.6861578474818,18.3404674378737
"AENJPLPP_02238",12.0552617989238,12.046101133316,13.8242891119341,22.3826985526955,26.6315766035656,11.86736128333
"AENJPLPP_02239",46.4988669387059,58.6243588488047,40.7048512740282,81.5369732991051,68.0584735424454,65.8099125711939
"AENJPLPP_02240",43.9155965532223,40.1536704443868,30.7206424709646,11.1913492763478,11.8362562682514,14.0250633348446
"AENJPLPP_02241",2.58327038548366,1.60614681777547,2.30404818532235,3.19752836467079,0,5.39425512878639
"AENJPLPP_02242",0.861090128494554,2.40922022666321,1.53603212354823,0,1.9727093780419,1.07885102575728
"AENJPLPP_02243",19.8050729553747,19.2737618133057,33.7927067180611,14.3888776410185,16.7680297133561,7.55195718030094
"AENJPLPP_02244",0.861090128494554,0.803073408887736,0,1.59876418233539,0,1.07885102575728
"AENJPLPP_02245",31.8603347542985,27.304495902183,28.4165942856423,31.9752836467079,30.5769953596494,28.0501266696892
"AENJPLPP_02246",12.0552617989238,5.62151386221415,8.44817667951528,12.7901134586831,12.8226109572723,11.86736128333
"AENJPLPP_02247",12.9163519274183,20.0768352221934,17.6643694208047,22.3826985526955,12.8226109572723,19.419318463631
"AENJPLPP_02248",42.1934162962332,51.3966981688151,56.0651725095105,44.765397105391,68.0584735424454,48.5482961590775
"AENJPLPP_02249",1.72218025698911,0.803073408887736,1.53603212354823,1.59876418233539,2.95906406706284,3.23655307727183
"AENJPLPP_02250",8.61090128494554,7.22766067998962,7.68016061774116,11.1913492763478,9.86354689020948,11.86736128333
"AENJPLPP_02251",24.1105235978475,23.2891288577443,17.6643694208047,27.1789910997017,22.6861578474818,20.4981694893883
"AENJPLPP_02252",0,1.60614681777547,0.768016061774116,1.59876418233539,0.986354689020948,3.23655307727183
"AENJPLPP_02253",0.861090128494554,1.60614681777547,0.768016061774116,0,1.9727093780419,0
"AENJPLPP_02254",0,0,0,0,0,1.07885102575728
"AENJPLPP_02255",2.58327038548366,4.81844045332642,7.68016061774116,1.59876418233539,0.986354689020948,2.15770205151455
"AENJPLPP_02256",0.861090128494554,0,3.07206424709646,4.79629254700618,0.986354689020948,0
"AENJPLPP_02257",30.999244625804,24.0922022666321,27.6485782238682,19.1851701880247,19.727093780419,11.86736128333
"AENJPLPP_02258",13.7774420559129,16.0614681777547,9.21619274128939,7.99382091167697,11.8362562682514,16.1827653863592
"AENJPLPP_02259",7.74981115645099,7.22766067998962,16.8963533590306,6.39505672934157,10.8499015792304,7.55195718030094
"AENJPLPP_02260",6.88872102795643,3.21229363555094,9.98420880306351,6.39505672934157,7.89083751216758,8.63080820605822
"AENJPLPP_02261",13.7774420559129,13.6522479510915,12.2882569883859,30.3765194643725,25.6452219145446,18.3404674378737
"AENJPLPP_02262",20.6661630838693,32.1229363555094,34.5607227798352,54.3579821994034,45.3723156949636,52.8637002621066
"AENJPLPP_02263",24.1105235978475,12.8491745422038,14.5923051737082,39.9691045583848,40.4405422498589,40.9963389787765
"AENJPLPP_02264",0,4.81844045332642,4.6080963706447,9.59258509401236,10.8499015792304,7.55195718030094
"AENJPLPP_02265",6.02763089946188,7.22766067998962,6.14412849419293,12.7901134586831,1.9727093780419,7.55195718030094
"AENJPLPP_02266",123.996978503216,129.294818830925,104.45018440128,134.296191316173,95.6764048350319,102.490847446941
"AENJPLPP_02267",4.30545064247277,1.60614681777547,4.6080963706447,1.59876418233539,0.986354689020948,0
"AENJPLPP_02268",0,0.803073408887736,0,0,0,0
"AENJPLPP_02269",18.0828926983856,18.4706884044179,29.1846103474164,3.19752836467079,8.87719220118853,0
"AENJPLPP_02270",32.7214248827931,23.2891288577443,26.8805621620941,9.59258509401236,17.7543844023771,18.3404674378737
"AENJPLPP_02271",21.5272532123639,22.4860554488566,30.7206424709646,3.19752836467079,5.91812813412569,4.31540410302911
"AENJPLPP_02272",15.499622312902,20.8799086310811,26.8805621620941,1.59876418233539,9.86354689020948,8.63080820605822
"AENJPLPP_02273",0.861090128494554,1.60614681777547,3.07206424709646,0,1.9727093780419,0
"AENJPLPP_02274",27.5548841118257,29.7137161288462,36.0967549033835,65.5493314757511,78.9083751216758,78.7561248802812
"AENJPLPP_02275",15.499622312902,12.8491745422038,14.5923051737082,39.9691045583848,43.3996063169217,31.286679746961
"AENJPLPP_02276",34.4436051397822,32.9260097643972,39.1688191504799,89.530794210782,93.70369545699,116.515910781786
"AENJPLPP_02277",14.6385321844074,14.4553213599792,15.3603212354823,27.1789910997017,21.6998031584609,21.5770205151455
"AENJPLPP_02279",59.4152188661242,54.608991804366,43.7769155211246,73.5431523874281,43.3996063169217,51.7848492363493
"AENJPLPP_02280",12.0552617989238,14.4553213599792,19.968417606127,3.19752836467079,11.8362562682514,9.7096592318155
"AENJPLPP_02281",1.72218025698911,4.01536704443868,0.768016061774116,1.59876418233539,3.94541875608379,0
"AENJPLPP_02282",41.3323261677386,57.0182120310293,60.6732688801552,70.3456240227573,59.1812813412569,51.7848492363493
"AENJPLPP_02283",153.274042872031,138.931699737578,104.45018440128,92.7283225754528,95.6764048350319,90.6234861636113
"AENJPLPP_02284",0.861090128494554,0,0,3.19752836467079,0,0
"AENJPLPP_02285",2.58327038548366,0.803073408887736,6.14412849419293,0,0.986354689020948,1.07885102575728
"AENJPLPP_02286",8.61090128494554,4.01536704443868,11.5202409266117,7.99382091167697,4.93177344510474,4.31540410302911
"AENJPLPP_02287",8.61090128494554,10.4399543155406,6.14412849419293,11.1913492763478,25.6452219145446,11.86736128333
"AENJPLPP_02288",55.1097682236515,61.8366524843557,56.0651725095105,31.9752836467079,38.467832871817,50.705998210592
"AENJPLPP_02289",18.9439828268802,23.2891288577443,33.7927067180611,46.3641612877264,37.481478182796,24.8135735924174
"AENJPLPP_02290",322.908798185458,274.651105839606,253.445300385458,263.79609008534,203.189065938315,226.558715409028
"AENJPLPP_02291",0.861090128494554,0.803073408887736,0,3.19752836467079,3.94541875608379,5.39425512878639
"AENJPLPP_02292",18.0828926983856,17.6676149955302,18.4323854825788,636.308144569487,808.810844997177,720.672485205861
"AENJPLPP_02293",43.9155965532223,55.4120652132538,36.0967549033835,13898.0570370416,9347.68338785152,9394.63473229437
"AENJPLPP_02294",14.6385321844074,12.046101133316,8.44817667951528,188.654173515576,230.806997230902,237.347225666601
"AENJPLPP_02295",24.9716137263421,23.2891288577443,22.2724657914494,127.901134586831,142.035075219016,141.329484374203
"AENJPLPP_02296",83.5257424639718,82.7165611154368,79.8736704245081,286.178788638035,350.155914602436,290.210925928708
"AENJPLPP_02297",111.941716704292,97.171882475416,89.8578792275716,311.759015555402,379.746555273065,344.153477216571
"AENJPLPP_02298",183.41219736934,167.842342457537,148.227099922404,417.277451589538,582.93562121138,578.264149805901
"AENJPLPP_02299",16.3607124413965,23.2891288577443,21.5044497296753,110.314728581142,100.608178280137,94.9388902666404
"AENJPLPP_02300",4.30545064247277,0.803073408887736,3.07206424709646,33.5740478290433,31.5633500486703,35.6020838499901
"AENJPLPP_02301",300.520454844599,301.955601741789,345.607227798352,163.07394659821,224.888869096776,233.031821563572
"AENJPLPP_02302",30.1381544973094,30.516789537734,36.8647709651576,17.5864060056893,7.89083751216758,15.1039143606019
"AENJPLPP_02303",17.2218025698911,15.258394768867,13.8242891119341,12.7901134586831,13.8089656462933,5.39425512878639
"AENJPLPP_02304",6.88872102795643,16.0614681777547,9.98420880306351,9.59258509401236,8.87719220118853,8.63080820605822
"AENJPLPP_02305",2.58327038548366,4.81844045332642,5.37611243241881,1.59876418233539,0.986354689020948,3.23655307727183
"AENJPLPP_02306",46.4988669387059,45.7751843066009,36.8647709651576,23.9814627350309,35.5087688047541,42.0751900045338
"AENJPLPP_02307",1.72218025698911,4.81844045332642,6.14412849419293,57.5555105640742,84.8265032558015,63.6522105196794
"AENJPLPP_02308",8.61090128494554,5.62151386221415,6.91214455596705,975.24615122459,744.697790210816,740.091803669492
"AENJPLPP_02309",6.02763089946188,1.60614681777547,3.07206424709646,1.59876418233539,2.95906406706284,2.15770205151455
"AENJPLPP_02310",28.4159742403203,27.304495902183,39.1688191504799,439.660150142233,476.409314797118,516.769641337736
"AENJPLPP_02311",51.6654077096732,46.5782577154887,49.9210440153175,75.1419165697635,59.1812813412569,65.8099125711939
"AENJPLPP_02312",186.856557883318,243.331242892984,202.756240308367,188.654173515576,143.021429908037,128.383272065116
"AENJPLPP_02313",0.861090128494554,0,0,0,1.9727093780419,4.31540410302911
"AENJPLPP_02314",5.16654077096733,2.40922022666321,3.84008030887058,1.59876418233539,2.95906406706284,2.15770205151455
"AENJPLPP_02315",0,0,1.53603212354823,0,0,1.07885102575728
"AENJPLPP_02316",0,0.803073408887736,0,0,0,0
"AENJPLPP_02317",0,3.21229363555094,1.53603212354823,3.19752836467079,0,1.07885102575728
"AENJPLPP_02318",0,0,0,0,0.986354689020948,0
"AENJPLPP_02319",2.58327038548366,0.803073408887736,1.53603212354823,1.59876418233539,1.9727093780419,1.07885102575728
"AENJPLPP_02320",2.58327038548366,3.21229363555094,0.768016061774116,0,0.986354689020948,1.07885102575728
"AENJPLPP_02321",18.9439828268802,24.0922022666321,19.968417606127,19.1851701880247,28.6042859816075,22.6558715409028
"AENJPLPP_02322",28.4159742403203,43.3659640799377,22.2724657914494,41.5678687407202,38.467832871817,26.9712756439319
"AENJPLPP_02323",29.2770643688148,35.3352299910604,38.4008030887058,27.1789910997017,29.5906406706284,35.6020838499901
"AENJPLPP_02324",23.249433469353,20.8799086310811,21.5044497296753,14.3888776410185,7.89083751216758,11.86736128333
"AENJPLPP_02325",4.30545064247277,3.21229363555094,1.53603212354823,3.19752836467079,2.95906406706284,2.15770205151455
"AENJPLPP_02326",117.108257475259,104.399543155406,123.650585945633,52.759218017068,83.8401485667806,71.2041676999803
"AENJPLPP_02327",76.6370214360153,73.079680208784,89.0898631657975,38.3703403760494,49.3177344510474,60.4156574424075
"AENJPLPP_02328",9.4719914134401,6.42458727110189,8.44817667951528,59.1542747464095,72.0038922985292,91.7023371893686
"AENJPLPP_02329",4.30545064247277,3.21229363555094,3.07206424709646,1.59876418233539,3.94541875608379,4.31540410302911
"AENJPLPP_02330",4.30545064247277,8.8338074977651,5.37611243241881,1.59876418233539,0,3.23655307727183
"AENJPLPP_02331",86.1090128494554,92.3534420220896,89.8578792275716,100.72214348713,118.362562682514,117.594761807543
"AENJPLPP_02332",0,0,0.768016061774116,0,0.986354689020948,0
"AENJPLPP_02333",5.16654077096733,13.6522479510915,8.44817667951528,11.1913492763478,9.86354689020948,10.7885102575728
"AENJPLPP_02334",9.4719914134401,21.6829820399689,19.2004015443529,11.1913492763478,18.740739091398,19.419318463631
"AENJPLPP_02335",10.3330815419347,13.6522479510915,24.5765139767717,14.3888776410185,17.7543844023771,19.419318463631
"AENJPLPP_02336",24.9716137263421,22.4860554488566,19.968417606127,14.3888776410185,23.6725125365027,14.0250633348446
"AENJPLPP_02337",68.8872102795643,92.3534420220896,86.017798918701,79.9382091167697,87.7855673228644,108.963953601485
"AENJPLPP_02338",130.885699531172,94.7626622487528,112.130345019021,6.39505672934157,8.87719220118853,15.1039143606019
"AENJPLPP_02339",0.861090128494554,0.803073408887736,1.53603212354823,0,0,0
"AENJPLPP_02340",10.3330815419347,15.258394768867,23.8084979149976,9.59258509401236,3.94541875608379,6.47310615454366
"AENJPLPP_02341",0.861090128494554,0.803073408887736,2.30404818532235,12.7901134586831,23.6725125365027,16.1827653863592
"AENJPLPP_02342",103.330815419346,108.414910199844,94.4659755982163,119.907313675154,102.580887658179,111.121655653
"AENJPLPP_02343",9.4719914134401,10.4399543155406,7.68016061774116,6.39505672934157,5.91812813412569,3.23655307727183
"AENJPLPP_02344",0,0,0,0,0.986354689020948,1.07885102575728
"AENJPLPP_02345",18.0828926983856,11.2430277244283,15.3603212354823,11.1913492763478,11.8362562682514,12.9462123090873
"AENJPLPP_02346",15.499622312902,23.2891288577443,26.1125461003199,9.59258509401236,28.6042859816075,18.3404674378737
"AENJPLPP_02347",12.0552617989238,16.8645415866425,25.3445300385458,22.3826985526955,18.740739091398,19.419318463631
"AENJPLPP_02348",8.61090128494554,4.81844045332642,11.5202409266117,6.39505672934157,7.89083751216758,7.55195718030094
"AENJPLPP_02349",3.44436051397822,8.8338074977651,5.37611243241881,11.1913492763478,8.87719220118853,10.7885102575728
"AENJPLPP_02350",37.0268755252658,44.9721108977132,45.3129476446729,36.771576193714,27.6179312925865,21.5770205151455
"AENJPLPP_02351",19.8050729553747,19.2737618133057,16.1283372972564,15.9876418233539,19.727093780419,17.2616164121164
"AENJPLPP_02352",241.105235978475,221.648260853015,192.772031505303,258.999797538334,211.079903450483,217.92790720297
"AENJPLPP_02353",9.4719914134401,11.2430277244283,8.44817667951528,11.1913492763478,7.89083751216758,2.15770205151455
"AENJPLPP_02354",2.58327038548366,1.60614681777547,4.6080963706447,12.7901134586831,27.6179312925865,24.8135735924174
"AENJPLPP_02356",0,0,0,0,0,0
"AENJPLPP_02357",0,0,0,0,0.986354689020948,0
"AENJPLPP_02358",1.72218025698911,1.60614681777547,0.768016061774116,7.99382091167697,9.86354689020948,6.47310615454366
"AENJPLPP_02359",24.9716137263421,26.5014224932953,20.7364336679011,201.44428697426,139.076011151954,154.275696683291
"AENJPLPP_02362",18.0828926983856,16.0614681777547,13.8242891119341,35.1728120113787,19.727093780419,17.2616164121164
"AENJPLPP_02363",7.74981115645099,11.2430277244283,8.44817667951528,51.1604538347326,80.8810844997177,64.7310615454366
"AENJPLPP_02364",12.0552617989238,21.6829820399689,13.05627305016,17.5864060056893,14.7953203353142,11.86736128333
"AENJPLPP_02365",15.499622312902,20.0768352221934,10.7522248648376,11.1913492763478,9.86354689020948,5.39425512878639
"AENJPLPP_02366",537.320240180602,471.404091017101,430.857010655279,222.22822134462,158.803104932373,181.246972327223
"AENJPLPP_02367",8.61090128494554,2.40922022666321,4.6080963706447,11.1913492763478,11.8362562682514,12.9462123090873
"AENJPLPP_02368",6.02763089946188,11.2430277244283,9.98420880306351,19.1851701880247,24.6588672255237,29.1289776954465
"AENJPLPP_02369",4.30545064247277,2.40922022666321,6.14412849419293,7.99382091167697,13.8089656462933,16.1827653863592
"AENJPLPP_02370",119.691527860743,113.233350653171,126.722650192729,89.530794210782,114.41714392643,92.7811882151258
"AENJPLPP_02371",37.0268755252658,29.7137161288462,33.7927067180611,9.59258509401236,11.8362562682514,14.0250633348446
"AENJPLPP_02372",3.44436051397822,3.21229363555094,5.37611243241881,3.19752836467079,2.95906406706284,1.07885102575728
"AENJPLPP_02373",15.499622312902,17.6676149955302,24.5765139767717,20.7839343703601,14.7953203353142,15.1039143606019
"AENJPLPP_02374",1.72218025698911,0,3.07206424709646,6.39505672934157,9.86354689020948,5.39425512878639
"AENJPLPP_02375",219.577982766111,220.845187444127,221.95664185272,119.907313675154,108.499015792304,107.885102575728
"AENJPLPP_02376",22.3883433408584,33.7290831732849,28.4165942856423,31.9752836467079,24.6588672255237,24.8135735924174
"AENJPLPP_02377",8.61090128494554,8.8338074977651,9.21619274128939,7.99382091167697,4.93177344510474,8.63080820605822
"AENJPLPP_02378",5.16654077096733,8.03073408887736,2.30404818532235,3.19752836467079,3.94541875608379,2.15770205151455
"AENJPLPP_02379",57.6930386091351,56.2151386221415,61.4412849419293,57.5555105640742,64.1130547863616,70.125316674223
"AENJPLPP_02380",158.440583642998,135.719406102027,169.73154965208,83.1357374814404,130.198818950765,125.146718987844
"AENJPLPP_02381",2.58327038548366,7.22766067998962,5.37611243241881,7.99382091167697,0.986354689020948,2.15770205151455
"AENJPLPP_02382",24.1105235978475,14.4553213599792,20.7364336679011,12.7901134586831,13.8089656462933,22.6558715409028
"AENJPLPP_02383",24.9716137263421,30.516789537734,19.2004015443529,12.7901134586831,16.7680297133561,21.5770205151455
"AENJPLPP_02384",0.861090128494554,0,0,0,0,1.07885102575728
"AENJPLPP_02385",30.1381544973094,32.1229363555094,16.1283372972564,9.59258509401236,9.86354689020948,10.7885102575728
"AENJPLPP_02386",82.6646523354772,62.6397258932434,99.074071968861,33.5740478290433,43.3996063169217,44.2328920560484
"AENJPLPP_02387",8.61090128494554,5.62151386221415,9.21619274128939,15.9876418233539,8.87719220118853,15.1039143606019
"AENJPLPP_02388",3.44436051397822,9.63688090665283,13.05627305016,4.79629254700618,4.93177344510474,6.47310615454366
"AENJPLPP_02389",12.0552617989238,8.8338074977651,9.98420880306351,20.7839343703601,15.7816750243352,6.47310615454366
"AENJPLPP_02390",51.6654077096732,53.8059183954783,49.9210440153175,123.104842039825,108.499015792304,89.544635137854
"AENJPLPP_02391",61.1373991231133,61.0335790754679,65.2813652507999,257.401033355998,177.543844023771,188.798929507523
"AENJPLPP_02392",2.58327038548366,3.21229363555094,2.30404818532235,9.59258509401236,7.89083751216758,6.47310615454366
"AENJPLPP_02393",23.249433469353,22.4860554488566,16.1283372972564,38.3703403760494,46.3586703839845,38.838636927262
"AENJPLPP_02394",15.499622312902,12.8491745422038,8.44817667951528,14.3888776410185,9.86354689020948,11.86736128333
"AENJPLPP_02395",10.3330815419347,6.42458727110189,7.68016061774116,30.3765194643725,11.8362562682514,11.86736128333
"AENJPLPP_02396",9.4719914134401,18.4706884044179,9.98420880306351,9.59258509401236,5.91812813412569,11.86736128333
"AENJPLPP_02397",13.7774420559129,14.4553213599792,7.68016061774116,14.3888776410185,2.95906406706284,7.55195718030094
"AENJPLPP_02398",6.88872102795643,8.03073408887736,5.37611243241881,6.39505672934157,8.87719220118853,6.47310615454366
"AENJPLPP_02399",6.88872102795643,4.01536704443868,9.21619274128939,6.39505672934157,4.93177344510474,0
"AENJPLPP_02400",12.9163519274183,11.2430277244283,6.91214455596705,22.3826985526955,14.7953203353142,20.4981694893883
"AENJPLPP_02401",55.970858352146,56.2151386221415,43.0088994593505,67.1480956580865,65.0994094753826,70.125316674223
"AENJPLPP_02402",42.1934162962332,32.1229363555094,36.0967549033835,75.1419165697635,56.222217274194,59.3368064166502
"AENJPLPP_02403",5.16654077096733,4.01536704443868,1.53603212354823,20.7839343703601,17.7543844023771,14.0250633348446
"AENJPLPP_02404",2.58327038548366,1.60614681777547,2.30404818532235,1.59876418233539,2.95906406706284,1.07885102575728
"AENJPLPP_02405",0.861090128494554,2.40922022666321,1.53603212354823,3.19752836467079,0,2.15770205151455
"AENJPLPP_02406",0,0,1.53603212354823,1.59876418233539,2.95906406706284,1.07885102575728
"AENJPLPP_02407",6.02763089946188,5.62151386221415,6.14412849419293,4.79629254700618,6.90448282314663,5.39425512878639
"AENJPLPP_02408",198.911819682242,177.47922336419,162.051389034338,342.135535019774,242.643253499153,229.7952684863
"AENJPLPP_02409",16.3607124413965,14.4553213599792,11.5202409266117,14.3888776410185,11.8362562682514,15.1039143606019
"AENJPLPP_02410",23.249433469353,14.4553213599792,9.98420880306351,12.7901134586831,7.89083751216758,16.1827653863592
"AENJPLPP_02412",13.7774420559129,20.0768352221934,19.968417606127,17.5864060056893,25.6452219145446,19.419318463631
"AENJPLPP_02413",9.4719914134401,14.4553213599792,13.8242891119341,30.3765194643725,29.5906406706284,34.5232328242329
"AENJPLPP_02414",36.1657853967713,38.5475236266113,45.3129476446729,124.703606222161,146.966848664121,147.802590528747
"AENJPLPP_02415",35.3046952682767,24.8952756755198,26.8805621620941,100.72214348713,105.539951725241,113.279357704514
"AENJPLPP_02416",52.5264978381678,75.4889004354472,62.9773170654775,516.400830894332,449.777738193552,448.802026715027
"AENJPLPP_02417",2.58327038548366,8.03073408887736,9.98420880306351,4.79629254700618,5.91812813412569,8.63080820605822
"AENJPLPP_02418",0,0.803073408887736,0,1.59876418233539,0,1.07885102575728
"AENJPLPP_02419",0.861090128494554,0,0,0,0,0
"AENJPLPP_02420",0,0,0.768016061774116,0,1.9727093780419,0
"AENJPLPP_02421",1.72218025698911,0,3.07206424709646,0,1.9727093780419,1.07885102575728
"AENJPLPP_02422",0,0,0.768016061774116,0,0,0
"AENJPLPP_02423",0,0,0,0,0,0
"AENJPLPP_02424",1.72218025698911,3.21229363555094,2.30404818532235,3.19752836467079,1.9727093780419,3.23655307727183
"AENJPLPP_02425",5.16654077096733,5.62151386221415,6.14412849419293,0,2.95906406706284,1.07885102575728
"AENJPLPP_02426",1.72218025698911,1.60614681777547,0.768016061774116,0,0,2.15770205151455
"AENJPLPP_02427",0,0,0.768016061774116,0,0,0
"AENJPLPP_02428",1.72218025698911,0,0.768016061774116,0,0,0
"AENJPLPP_02429",8.61090128494554,8.03073408887736,12.2882569883859,3.19752836467079,5.91812813412569,1.07885102575728
"AENJPLPP_02430",3.44436051397822,4.81844045332642,1.53603212354823,0,0.986354689020948,5.39425512878639
"AENJPLPP_02431",38.7490557822549,34.5321565821726,35.3287388416093,22.3826985526955,21.6998031584609,18.3404674378737
"AENJPLPP_02432",236.799785336002,217.632893808576,184.323854825788,124.703606222161,91.7309860789481,89.544635137854
"AENJPLPP_02433",77.4981115645099,91.5503686132019,89.0898631657975,43.1666329230556,46.3586703839845,37.7597859015047
"AENJPLPP_02434",0,0,1.53603212354823,1.59876418233539,0,0
"AENJPLPP_02435",12.9163519274183,10.4399543155406,18.4323854825788,3.19752836467079,8.87719220118853,12.9462123090873
"AENJPLPP_02436",1.72218025698911,2.40922022666321,1.53603212354823,1.59876418233539,3.94541875608379,3.23655307727183
"AENJPLPP_02437",0,0.803073408887736,0.768016061774116,0,2.95906406706284,2.15770205151455
"AENJPLPP_02438",14.6385321844074,12.046101133316,13.05627305016,28.7777552820371,17.7543844023771,21.5770205151455
"AENJPLPP_02439",14.6385321844074,11.2430277244283,19.2004015443529,35.1728120113787,23.6725125365027,37.7597859015047
"AENJPLPP_02440",0.861090128494554,1.60614681777547,0.768016061774116,1.59876418233539,4.93177344510474,2.15770205151455
"AENJPLPP_02441",3.44436051397822,1.60614681777547,1.53603212354823,4.79629254700618,3.94541875608379,5.39425512878639
"AENJPLPP_02442",3.44436051397822,4.01536704443868,2.30404818532235,1.59876418233539,2.95906406706284,0
"AENJPLPP_02443",8.61090128494554,8.03073408887736,6.14412849419293,3.19752836467079,0,2.15770205151455
"AENJPLPP_02444",5.16654077096733,3.21229363555094,4.6080963706447,0,0,3.23655307727183
"AENJPLPP_02445",63.720669508597,53.0028449865906,43.0088994593505,31.9752836467079,19.727093780419,24.8135735924174
"AENJPLPP_02446",17.2218025698911,25.6983490844075,13.8242891119341,31.9752836467079,21.6998031584609,25.8924246181747
"AENJPLPP_02447",16.3607124413965,9.63688090665283,16.1283372972564,27.1789910997017,19.727093780419,16.1827653863592
"AENJPLPP_02448",6.02763089946188,5.62151386221415,5.37611243241881,4.79629254700618,4.93177344510474,2.15770205151455
"AENJPLPP_02449",12.9163519274183,11.2430277244283,12.2882569883859,12.7901134586831,16.7680297133561,10.7885102575728
"AENJPLPP_02450",30.999244625804,28.9106427199585,36.8647709651576,19.1851701880247,22.6861578474818,32.3655307727183
"AENJPLPP_02451",78.3592016930044,74.6858270265594,67.5854134361222,142.29001222785,99.6218235911157,113.279357704514
"AENJPLPP_02452",5.16654077096733,8.8338074977651,3.84008030887058,4.79629254700618,2.95906406706284,4.31540410302911
"AENJPLPP_02453",10.3330815419347,5.62151386221415,6.91214455596705,6.39505672934157,2.95906406706284,10.7885102575728
"AENJPLPP_02454",10.3330815419347,10.4399543155406,9.98420880306351,6.39505672934157,9.86354689020948,10.7885102575728
"AENJPLPP_02455",68.0261201510698,56.2151386221415,70.6574776832187,51.1604538347326,72.9902469875501,69.0464656484657
"AENJPLPP_02456",5.16654077096733,16.0614681777547,17.6643694208047,23.9814627350309,14.7953203353142,21.5770205151455
"AENJPLPP_02457",16.3607124413965,28.9106427199585,23.8084979149976,22.3826985526955,22.6861578474818,24.8135735924174
"AENJPLPP_02458",29.2770643688148,24.0922022666321,22.2724657914494,19.1851701880247,30.5769953596494,30.2078287212038
"AENJPLPP_02459",28.4159742403203,20.8799086310811,22.2724657914494,83.1357374814404,79.8947298106968,71.2041676999803
"AENJPLPP_02460",99.0253647768737,97.9749558843038,87.5538310422492,262.197325903004,216.011676895588,225.479864383271
"AENJPLPP_02461",431.406154375772,501.117807145947,427.016930346409,548.37611454104,380.732909962086,443.407771586241
"AENJPLPP_02462",26.6937939833312,32.9260097643972,29.1846103474164,22.3826985526955,21.6998031584609,31.286679746961
"AENJPLPP_02463",43.0545064247277,32.9260097643972,50.6890600770917,35.1728120113787,58.1949266522359,44.2328920560484
"AENJPLPP_02464",1.72218025698911,2.40922022666321,3.07206424709646,4.79629254700618,4.93177344510474,3.23655307727183
"AENJPLPP_02465",19.8050729553747,15.258394768867,15.3603212354823,9.59258509401236,21.6998031584609,24.8135735924174
"AENJPLPP_02466",25.8327038548366,24.8952756755198,44.5449315828987,36.771576193714,54.2495078961521,48.5482961590775
"AENJPLPP_02467",13.7774420559129,18.4706884044179,12.2882569883859,17.5864060056893,14.7953203353142,24.8135735924174
"AENJPLPP_02468",90.4144634919282,103.596469746518,112.130345019021,124.703606222161,119.348917371535,100.333145395427
"AENJPLPP_02469",196.328549296758,170.2515626842,163.587421157887,239.814627350309,231.793351919923,248.135735924174
"AENJPLPP_02470",34.4436051397822,34.5321565821726,47.6169958299952,68.7468598404219,55.2358625851731,56.1002533393784
"AENJPLPP_02471",46.4988669387059,28.1075693110708,31.4886585327388,23.9814627350309,39.4541875608379,45.3117430818056
"AENJPLPP_02472",79.220291821499,57.0182120310293,70.6574776832187,23.9814627350309,16.7680297133561,14.0250633348446
"AENJPLPP_02473",0,0.803073408887736,0.768016061774116,0,0,2.15770205151455
"AENJPLPP_02474",2.58327038548366,3.21229363555094,2.30404818532235,1.59876418233539,1.9727093780419,4.31540410302911
"AENJPLPP_02475",37.8879656537604,31.3198629466217,29.9526264091905,51.1604538347326,51.2904438290893,64.7310615454366
"AENJPLPP_02476",7.74981115645099,5.62151386221415,9.21619274128939,4.79629254700618,3.94541875608379,5.39425512878639
"AENJPLPP_02477",66.3039398940807,60.2305056665802,53.7611243241881,41.5678687407202,39.4541875608379,38.838636927262
"AENJPLPP_02478",130.024609402678,123.673304968711,109.058280771924,103.919671851801,109.485370481325,79.8349759060385
"AENJPLPP_02479",88.6922832349391,85.1257813421,81.4097025480563,43.1666329230556,24.6588672255237,42.0751900045338
"AENJPLPP_02480",2.58327038548366,3.21229363555094,4.6080963706447,4.79629254700618,5.91812813412569,5.39425512878639
"AENJPLPP_02481",184.273287497835,164.630048821986,224.260690038042,65.5493314757511,88.7719220118853,100.333145395427
"AENJPLPP_02482",3.44436051397822,4.01536704443868,8.44817667951528,4.79629254700618,1.9727093780419,4.31540410302911
"AENJPLPP_02483",14.6385321844074,8.03073408887736,6.91214455596705,19.1851701880247,9.86354689020948,18.3404674378737
"AENJPLPP_02484",19.8050729553747,24.0922022666321,32.2566745945129,38.3703403760494,18.740739091398,21.5770205151455
"AENJPLPP_02486",3.44436051397822,2.40922022666321,2.30404818532235,20.7839343703601,10.8499015792304,19.419318463631
"AENJPLPP_02487",49.9432274526841,54.608991804366,40.7048512740282,12.7901134586831,16.7680297133561,19.419318463631
"AENJPLPP_02488",1027.280523294,929.959007491998,1054.48605281586,308.561487190731,428.077935035091,425.067304148367
"AENJPLPP_02489",258.327038548366,248.14968334631,316.422617450936,158.277654051204,197.27093780419,185.562376430252
"AENJPLPP_02490",606.207450460166,758.101297990023,716.55898563525,284.5800244557,267.302120724677,290.210925928708
"AENJPLPP_02491",457.238858230608,526.013082821467,553.739580539138,254.203504991328,300.838180151389,274.028160542348
"AENJPLPP_02492",0,0,0,1.59876418233539,1.9727093780419,0
"AENJPLPP_02493",0,0.803073408887736,0,0,1.9727093780419,0
"AENJPLPP_02494",7.74981115645099,12.8491745422038,8.44817667951528,7.99382091167697,16.7680297133561,7.55195718030094
"AENJPLPP_02495",33.5825150112876,24.0922022666321,21.5044497296753,22.3826985526955,35.5087688047541,31.286679746961
"AENJPLPP_02496",65.4428497655861,39.3505970354991,61.4412849419293,76.7406807520989,71.0175376095082,64.7310615454366
"AENJPLPP_02497",46.4988669387059,21.6829820399689,38.4008030887058,54.3579821994034,40.4405422498589,46.3905941075629
"AENJPLPP_02498",9.4719914134401,11.2430277244283,15.3603212354823,15.9876418233539,18.740739091398,25.8924246181747
"AENJPLPP_02499",5.16654077096733,4.01536704443868,2.30404818532235,20.7839343703601,14.7953203353142,14.0250633348446
"AENJPLPP_02500",8.61090128494554,2.40922022666321,5.37611243241881,1.59876418233539,5.91812813412569,5.39425512878639
"AENJPLPP_02501",6.88872102795643,11.2430277244283,8.44817667951528,17.5864060056893,11.8362562682514,9.7096592318155
"AENJPLPP_02502",69.7483004080589,52.1997715777028,61.4412849419293,116.709785310484,130.198818950765,100.333145395427
"AENJPLPP_02503",16.3607124413965,10.4399543155406,11.5202409266117,6.39505672934157,20.7134484694399,16.1827653863592
"AENJPLPP_02504",33.5825150112876,28.9106427199585,39.936835212254,19.1851701880247,33.5360594267122,28.0501266696892
"AENJPLPP_02505",9.4719914134401,10.4399543155406,14.5923051737082,15.9876418233539,10.8499015792304,9.7096592318155
"AENJPLPP_02506",45.6377768102114,32.1229363555094,46.080963706447,28.7777552820371,20.7134484694399,36.6809348757474
"AENJPLPP_02507",16.3607124413965,20.0768352221934,21.5044497296753,28.7777552820371,24.6588672255237,21.5770205151455
"AENJPLPP_02508",79.220291821499,89.1411483865387,101.378120154183,108.715964398807,115.403498615451,104.648549498456
"AENJPLPP_02509",122.274798246227,128.491745422038,139.778923242889,100.72214348713,95.6764048350319,91.7023371893686
"AENJPLPP_02510",120.552617989238,135.719406102027,155.139244478371,123.104842039825,134.144237706849,165.064206940863
"AENJPLPP_02511",35.3046952682767,27.304495902183,34.5607227798352,33.5740478290433,46.3586703839845,36.6809348757474
"AENJPLPP_02512",6.02763089946188,5.62151386221415,7.68016061774116,7.99382091167697,11.8362562682514,6.47310615454366
"AENJPLPP_02513",72.3315707935426,76.2919738443349,72.1935098067669,59.1542747464095,85.8128579448225,89.544635137854
"AENJPLPP_02514",2.58327038548366,2.40922022666321,2.30404818532235,7.99382091167697,2.95906406706284,1.07885102575728
"AENJPLPP_02515",2.58327038548366,0.803073408887736,3.84008030887058,4.79629254700618,0.986354689020948,3.23655307727183
"AENJPLPP_02516",5.16654077096733,6.42458727110189,3.07206424709646,1.59876418233539,4.93177344510474,9.7096592318155
"AENJPLPP_02517",2.58327038548366,0,1.53603212354823,3.19752836467079,1.9727093780419,2.15770205151455
"AENJPLPP_02518",1.72218025698911,0,3.07206424709646,3.19752836467079,3.94541875608379,3.23655307727183
"AENJPLPP_02521",3.44436051397822,3.21229363555094,6.14412849419293,28.7777552820371,17.7543844023771,18.3404674378737
"AENJPLPP_02522",31.8603347542985,49.7905513510396,28.4165942856423,57.5555105640742,51.2904438290893,50.705998210592
"AENJPLPP_02523",52.5264978381678,45.7751843066009,39.936835212254,95.9258509401236,88.7719220118853,87.3869330863395
"AENJPLPP_02524",2.58327038548366,0.803073408887736,0,1.59876418233539,0,3.23655307727183
"AENJPLPP_02525",2.58327038548366,2.40922022666321,0.768016061774116,1.59876418233539,6.90448282314663,7.55195718030094
"AENJPLPP_02526",5.16654077096733,8.03073408887736,6.91214455596705,1.59876418233539,1.9727093780419,2.15770205151455
"AENJPLPP_02527",18.0828926983856,31.3198629466217,19.2004015443529,1.59876418233539,5.91812813412569,5.39425512878639
"AENJPLPP_02528",36.1657853967713,48.1844045332642,46.8489797682211,201.44428697426,229.820642541881,186.641227456009
"AENJPLPP_02529",99.8864549053683,97.9749558843038,121.34653776031,167.870239145216,190.366454981043,176.931568224193
"AENJPLPP_02530",18.0828926983856,16.8645415866425,25.3445300385458,7.99382091167697,27.6179312925865,24.8135735924174
"AENJPLPP_02531",27.5548841118257,26.5014224932953,23.8084979149976,31.9752836467079,34.5224141157332,47.4694451333202
"AENJPLPP_02532",47.3599570672005,46.5782577154887,56.0651725095105,71.9443882050927,89.7582767009063,86.3080820605822
"AENJPLPP_02533",40.471236039244,44.9721108977132,36.0967549033835,41.5678687407202,44.3859610059427,26.9712756439319
"AENJPLPP_02534",12.0552617989238,12.046101133316,13.8242891119341,11.1913492763478,11.8362562682514,21.5770205151455
"AENJPLPP_02535",6.88872102795643,16.0614681777547,6.91214455596705,23.9814627350309,26.6315766035656,35.6020838499901
"AENJPLPP_02536",12.9163519274183,7.22766067998962,13.8242891119341,12.7901134586831,27.6179312925865,24.8135735924174
"AENJPLPP_02537",17.2218025698911,19.2737618133057,35.3287388416093,33.5740478290433,46.3586703839845,43.1540410302911
"AENJPLPP_02538",16.3607124413965,17.6676149955302,16.1283372972564,23.9814627350309,38.467832871817,30.2078287212038
"AENJPLPP_02539",13.7774420559129,21.6829820399689,31.4886585327388,31.9752836467079,62.1403454083197,50.705998210592
"AENJPLPP_02540",3.44436051397822,4.01536704443868,6.14412849419293,1.59876418233539,5.91812813412569,7.55195718030094
"AENJPLPP_02541",2.58327038548366,4.01536704443868,2.30404818532235,3.19752836467079,7.89083751216758,6.47310615454366
"AENJPLPP_02542",44.7766866817168,45.7751843066009,50.6890600770917,55.9567463817388,65.0994094753826,64.7310615454366
"AENJPLPP_02543",24.9716137263421,19.2737618133057,33.024690656287,44.765397105391,44.3859610059427,40.9963389787765
"AENJPLPP_02544",14.6385321844074,21.6829820399689,16.1283372972564,17.5864060056893,13.8089656462933,17.2616164121164
"AENJPLPP_02545",0,0.803073408887736,0.768016061774116,0,0,0
"AENJPLPP_02546",13.7774420559129,12.8491745422038,10.7522248648376,19.1851701880247,22.6861578474818,18.3404674378737
"AENJPLPP_02547",24.9716137263421,16.0614681777547,26.1125461003199,15.9876418233539,21.6998031584609,24.8135735924174
"AENJPLPP_02548",68.0261201510698,78.7011940709981,69.8894616214446,87.9320300284466,138.089656462933,146.72373950299
"AENJPLPP_02549",33.5825150112876,38.5475236266113,35.3287388416093,62.3518031110803,71.0175376095082,63.6522105196794
"AENJPLPP_02550",12.0552617989238,3.21229363555094,9.21619274128939,12.7901134586831,19.727093780419,14.0250633348446
"AENJPLPP_02551",43.9155965532223,33.7290831732849,39.1688191504799,145.487540592521,144.994139286079,138.092931296931
"AENJPLPP_02552",100.747545033863,85.1257813421,106.754232586602,217.431928797613,157.816750243352,163.985355915106
"AENJPLPP_02553",68.8872102795643,60.2305056665802,85.2497828569269,70.3456240227573,66.0857641644035,64.7310615454366
"AENJPLPP_02554",145.52423171558,160.614681777547,185.091870887562,201.44428697426,318.592564553766,368.967050808989
"AENJPLPP_02555",30.999244625804,32.1229363555094,35.3287388416093,4.79629254700618,0.986354689020948,5.39425512878639
"AENJPLPP_02556",0,0,0,1.59876418233539,0,0
"AENJPLPP_02557",46.4988669387059,44.1690374888255,39.1688191504799,35.1728120113787,21.6998031584609,20.4981694893883
"AENJPLPP_02558",38.7490557822549,54.608991804366,47.6169958299952,11.1913492763478,37.481478182796,17.2616164121164
"AENJPLPP_02559",6.02763089946188,4.81844045332642,3.84008030887058,1.59876418233539,6.90448282314663,8.63080820605822
"AENJPLPP_02560",16.3607124413965,8.03073408887736,16.1283372972564,39.9691045583848,47.3450250730055,32.3655307727183
"AENJPLPP_02561",5.16654077096733,4.81844045332642,8.44817667951528,23.9814627350309,16.7680297133561,15.1039143606019
"AENJPLPP_02562",0.861090128494554,0.803073408887736,0,19.1851701880247,5.91812813412569,11.86736128333
"AENJPLPP_02563",27.5548841118257,28.9106427199585,18.4323854825788,20.7839343703601,19.727093780419,24.8135735924174
"AENJPLPP_02564",15.499622312902,11.2430277244283,11.5202409266117,11.1913492763478,20.7134484694399,7.55195718030094
"AENJPLPP_02565",4.30545064247277,7.22766067998962,7.68016061774116,4.79629254700618,15.7816750243352,14.0250633348446
"AENJPLPP_02566",42.1934162962332,54.608991804366,39.1688191504799,9.59258509401236,8.87719220118853,7.55195718030094
"AENJPLPP_02567",50.8043175811787,45.7751843066009,36.0967549033835,23.9814627350309,29.5906406706284,35.6020838499901
"AENJPLPP_02568",91.2755536204227,86.7319281598755,89.8578792275716,44.765397105391,56.222217274194,51.7848492363493
"AENJPLPP_02569",0.861090128494554,0.803073408887736,0.768016061774116,0,3.94541875608379,1.07885102575728
"AENJPLPP_02570",33.5825150112876,28.1075693110708,29.9526264091905,23.9814627350309,21.6998031584609,29.1289776954465
"AENJPLPP_02571",6.88872102795643,8.03073408887736,3.84008030887058,0,4.93177344510474,5.39425512878639
"AENJPLPP_02572",50.8043175811787,65.8520195287943,79.8736704245081,108.715964398807,77.9220204326549,89.544635137854
"AENJPLPP_02573",80.0813819499935,74.6858270265594,87.5538310422492,89.530794210782,110.471725170346,115.437059756029
"AENJPLPP_02574",64.5817596370916,65.8520195287943,53.7611243241881,131.098662951502,71.0175376095082,91.7023371893686
"AENJPLPP_02575",15.499622312902,12.8491745422038,26.1125461003199,17.5864060056893,27.6179312925865,19.419318463631
"AENJPLPP_02576",78.3592016930044,96.3688090665283,86.7858149804751,84.7345016637758,97.6491142130738,98.1754433439122
"AENJPLPP_02577",6.88872102795643,5.62151386221415,7.68016061774116,7.99382091167697,6.90448282314663,7.55195718030094
"AENJPLPP_02578",1.72218025698911,3.21229363555094,7.68016061774116,4.79629254700618,6.90448282314663,8.63080820605822
"AENJPLPP_02579",49.9432274526841,71.4735333910085,51.4570761388658,70.3456240227573,69.0448282314663,73.3618697514949
"AENJPLPP_02580",16.3607124413965,17.6676149955302,17.6643694208047,4.79629254700618,17.7543844023771,6.47310615454366
"AENJPLPP_02581",29.2770643688148,23.2891288577443,25.3445300385458,1.59876418233539,0,3.23655307727183
"AENJPLPP_02582",43.9155965532223,55.4120652132538,70.6574776832187,17.5864060056893,22.6861578474818,20.4981694893883
"AENJPLPP_02583",9.4719914134401,8.03073408887736,8.44817667951528,4.79629254700618,2.95906406706284,2.15770205151455
"AENJPLPP_02584",18.0828926983856,23.2891288577443,21.5044497296753,17.5864060056893,8.87719220118853,9.7096592318155
"AENJPLPP_02585",25.8327038548366,34.5321565821726,28.4165942856423,25.5802269173663,25.6452219145446,23.7347225666601
"AENJPLPP_02586",24.1105235978475,13.6522479510915,23.0404818532235,12.7901134586831,16.7680297133561,21.5770205151455
"AENJPLPP_02587",12.9163519274183,12.046101133316,10.7522248648376,1.59876418233539,1.9727093780419,5.39425512878639
"AENJPLPP_02588",57.6930386091351,66.6550929376821,46.080963706447,35.1728120113787,29.5906406706284,24.8135735924174
"AENJPLPP_02589",5.16654077096733,7.22766067998962,13.05627305016,1.59876418233539,6.90448282314663,4.31540410302911
"AENJPLPP_02590",13.7774420559129,13.6522479510915,16.1283372972564,6.39505672934157,9.86354689020948,6.47310615454366
"AENJPLPP_02591",12.9163519274183,14.4553213599792,19.2004015443529,27.1789910997017,20.7134484694399,23.7347225666601
"AENJPLPP_02592",13.7774420559129,23.2891288577443,14.5923051737082,17.5864060056893,22.6861578474818,24.8135735924174
"AENJPLPP_02593",11.1941716704292,10.4399543155406,9.98420880306351,7.99382091167697,8.87719220118853,4.31540410302911
"AENJPLPP_02594",3.44436051397822,3.21229363555094,3.84008030887058,1.59876418233539,0.986354689020948,0
"AENJPLPP_02595",13.7774420559129,9.63688090665283,12.2882569883859,7.99382091167697,4.93177344510474,6.47310615454366
"AENJPLPP_02596",4.30545064247277,2.40922022666321,3.84008030887058,1.59876418233539,0.986354689020948,3.23655307727183
"AENJPLPP_02597",8.61090128494554,10.4399543155406,14.5923051737082,43.1666329230556,28.6042859816075,24.8135735924174
"AENJPLPP_02598",15.499622312902,17.6676149955302,13.8242891119341,54.3579821994034,47.3450250730055,62.5733594939221
"AENJPLPP_02599",6.02763089946188,1.60614681777547,3.84008030887058,19.1851701880247,10.8499015792304,5.39425512878639
"AENJPLPP_02600",16.3607124413965,24.8952756755198,19.968417606127,121.50607785749,91.7309860789481,106.80625154997
"AENJPLPP_02601",13.7774420559129,13.6522479510915,17.6643694208047,11.1913492763478,19.727093780419,17.2616164121164
"AENJPLPP_02602",59.4152188661242,34.5321565821726,38.4008030887058,31.9752836467079,29.5906406706284,28.0501266696892
"AENJPLPP_02603",14.6385321844074,22.4860554488566,16.1283372972564,7.99382091167697,5.91812813412569,12.9462123090873
"AENJPLPP_02604",2.58327038548366,1.60614681777547,1.53603212354823,1.59876418233539,3.94541875608379,0
"AENJPLPP_02605",0,0.803073408887736,2.30404818532235,0,1.9727093780419,2.15770205151455
"AENJPLPP_02606",6.02763089946188,4.81844045332642,3.07206424709646,4.79629254700618,0.986354689020948,3.23655307727183
"AENJPLPP_02607",0,0,0.768016061774116,0,0.986354689020948,0
"AENJPLPP_02608",8.61090128494554,10.4399543155406,6.14412849419293,3.19752836467079,0.986354689020948,2.15770205151455
"AENJPLPP_02609",72.3315707935426,83.5196345243245,86.7858149804751,9.59258509401236,28.6042859816075,21.5770205151455
"AENJPLPP_02610",3.44436051397822,4.01536704443868,3.07206424709646,15.9876418233539,14.7953203353142,17.2616164121164
"AENJPLPP_02611",8.61090128494554,3.21229363555094,6.91214455596705,4.79629254700618,8.87719220118853,6.47310615454366
"AENJPLPP_02612",23.249433469353,24.0922022666321,32.2566745945129,54.3579821994034,98.6354689020948,75.5195718030094
"AENJPLPP_02613",18.9439828268802,18.4706884044179,26.1125461003199,25.5802269173663,37.481478182796,28.0501266696892
"AENJPLPP_02614",54.2486780951569,53.0028449865906,44.5449315828987,57.5555105640742,18.740739091398,34.5232328242329
"AENJPLPP_02615",32.7214248827931,44.1690374888255,35.3287388416093,41.5678687407202,32.5497047376913,34.5232328242329
"AENJPLPP_02616",30.1381544973094,41.7598172621623,45.3129476446729,15.9876418233539,19.727093780419,20.4981694893883
"AENJPLPP_02617",0.861090128494554,1.60614681777547,2.30404818532235,4.79629254700618,0,3.23655307727183
"AENJPLPP_02618",17.2218025698911,11.2430277244283,13.05627305016,71.9443882050927,100.608178280137,108.963953601485
"AENJPLPP_02619",1.72218025698911,0.803073408887736,0,0,1.9727093780419,0
"AENJPLPP_02620",0.861090128494554,0,2.30404818532235,1.59876418233539,0,1.07885102575728
"AENJPLPP_02621",165.329304670954,145.35628700868,190.467983319981,41.5678687407202,86.7992126338434,103.569698472699
"AENJPLPP_02622",16.3607124413965,16.8645415866425,19.2004015443529,4.79629254700618,11.8362562682514,11.86736128333
"AENJPLPP_02623",11.1941716704292,12.8491745422038,9.21619274128939,14.3888776410185,17.7543844023771,9.7096592318155
"AENJPLPP_02624",33.5825150112876,33.7290831732849,33.024690656287,17.5864060056893,25.6452219145446,22.6558715409028
"AENJPLPP_02625",62.8595793801025,67.4581663465698,60.6732688801552,47.9629254700618,54.2495078961521,53.9425512878639
"AENJPLPP_02626",0.861090128494554,6.42458727110189,9.21619274128939,7.99382091167697,1.9727093780419,9.7096592318155
"AENJPLPP_02627",0,1.60614681777547,1.53603212354823,1.59876418233539,0.986354689020948,1.07885102575728
"AENJPLPP_02628",4.30545064247277,1.60614681777547,2.30404818532235,0,6.90448282314663,4.31540410302911
"AENJPLPP_02629",6.88872102795643,8.8338074977651,8.44817667951528,19.1851701880247,13.8089656462933,5.39425512878639
"AENJPLPP_02630",65.4428497655861,61.0335790754679,69.1214455596704,95.9258509401236,74.962956365592,71.2041676999803
"AENJPLPP_02631",1.72218025698911,0,1.53603212354823,1.59876418233539,0.986354689020948,0
"AENJPLPP_02632",0,0,1.53603212354823,3.19752836467079,1.9727093780419,2.15770205151455
"AENJPLPP_02633",5.16654077096733,7.22766067998962,6.91214455596705,6.39505672934157,4.93177344510474,8.63080820605822
"AENJPLPP_02634",0,0,0,0,0,0
"AENJPLPP_02635",15.499622312902,21.6829820399689,28.4165942856423,22.3826985526955,25.6452219145446,22.6558715409028
"AENJPLPP_02636",17.2218025698911,18.4706884044179,16.8963533590306,20.7839343703601,36.4951234937751,39.9174879530193
"AENJPLPP_02637",24.9716137263421,16.0614681777547,24.5765139767717,31.9752836467079,26.6315766035656,25.8924246181747
"AENJPLPP_02638",47.3599570672005,43.3659640799377,35.3287388416093,54.3579821994034,28.6042859816075,36.6809348757474
"AENJPLPP_02639",4.30545064247277,4.81844045332642,9.98420880306351,14.3888776410185,1.9727093780419,2.15770205151455
"AENJPLPP_02640",3.44436051397822,4.01536704443868,4.6080963706447,6.39505672934157,3.94541875608379,0
"AENJPLPP_02641",10.3330815419347,12.8491745422038,9.98420880306351,4.79629254700618,7.89083751216758,6.47310615454366
"AENJPLPP_02642",6.88872102795643,1.60614681777547,3.07206424709646,1.59876418233539,1.9727093780419,4.31540410302911
"AENJPLPP_02643",3.44436051397822,1.60614681777547,0,3.19752836467079,0,5.39425512878639
"AENJPLPP_02644",11.1941716704292,14.4553213599792,18.4323854825788,12.7901134586831,14.7953203353142,18.3404674378737
"AENJPLPP_02645",90.4144634919282,75.4889004354472,67.5854134361222,87.9320300284466,73.9766016765711,81.9926779575531
"AENJPLPP_02646",82.6646523354772,120.46101133316,88.3218471040233,91.1295583931174,69.0448282314663,80.9138269317958
"AENJPLPP_02647",0,0,0,0,0,0
"AENJPLPP_02648",0,0,0,0,0,0
"AENJPLPP_02649",0,0,0,0,1.9727093780419,0
"AENJPLPP_02650",0.861090128494554,0,0,0,0,0
"AENJPLPP_02651",0.861090128494554,0.803073408887736,0,1.59876418233539,0,0
"AENJPLPP_02652",6.88872102795643,8.03073408887736,9.98420880306351,3.19752836467079,5.91812813412569,1.07885102575728
"AENJPLPP_02653",0.861090128494554,2.40922022666321,2.30404818532235,1.59876418233539,0.986354689020948,1.07885102575728
"AENJPLPP_02654",7.74981115645099,28.1075693110708,19.968417606127,11.1913492763478,16.7680297133561,3.23655307727183
"AENJPLPP_02655",30.999244625804,36.1383033999481,24.5765139767717,47.9629254700618,46.3586703839845,37.7597859015047
"AENJPLPP_02656",0.861090128494554,0.803073408887736,0,0,0,0
"AENJPLPP_02657",0.861090128494554,1.60614681777547,0,0,0,0
"AENJPLPP_02658",17.2218025698911,12.046101133316,11.5202409266117,12.7901134586831,11.8362562682514,15.1039143606019
"AENJPLPP_02659",99.8864549053683,93.9595888398651,58.3692206948328,129.499898769167,117.376207993493,91.7023371893686
"AENJPLPP_02660",5.16654077096733,2.40922022666321,4.6080963706447,0,0.986354689020948,0
"AENJPLPP_02661",2.58327038548366,1.60614681777547,3.84008030887058,3.19752836467079,10.8499015792304,6.47310615454366
"AENJPLPP_02662",0,0,0,0,0,0
"AENJPLPP_02663",50.8043175811787,69.0643131643453,54.5291403859622,83.1357374814404,71.0175376095082,52.8637002621066
"AENJPLPP_02664",104.191905547841,77.8981206621104,82.1777186098304,67.1480956580865,28.6042859816075,31.286679746961
"AENJPLPP_02665",86.1090128494554,85.9288547509877,93.6979595364422,81.5369732991051,102.580887658179,84.1503800090676
"AENJPLPP_02666",19.8050729553747,26.5014224932953,25.3445300385458,17.5864060056893,19.727093780419,19.419318463631
"AENJPLPP_02667",23.249433469353,16.8645415866425,19.968417606127,17.5864060056893,23.6725125365027,31.286679746961
"AENJPLPP_02668",12.9163519274183,14.4553213599792,15.3603212354823,20.7839343703601,16.7680297133561,19.419318463631
"AENJPLPP_02669",34.4436051397822,40.9567438532745,40.7048512740282,67.1480956580865,64.1130547863616,59.3368064166502
"AENJPLPP_02670",2.58327038548366,0,2.30404818532235,1.59876418233539,1.9727093780419,2.15770205151455
"AENJPLPP_02671",1.72218025698911,2.40922022666321,5.37611243241881,1.59876418233539,0,1.07885102575728
"AENJPLPP_02672",19.8050729553747,13.6522479510915,18.4323854825788,17.5864060056893,22.6861578474818,23.7347225666601
"AENJPLPP_02673",79.220291821499,87.5350015687632,95.2339916599904,33.5740478290433,28.6042859816075,31.286679746961
"AENJPLPP_02674",37.0268755252658,25.6983490844075,35.3287388416093,6.39505672934157,12.8226109572723,16.1827653863592
"AENJPLPP_02675",12.9163519274183,14.4553213599792,16.8963533590306,19.1851701880247,16.7680297133561,14.0250633348446
"AENJPLPP_02676",17.2218025698911,8.03073408887736,16.1283372972564,3.19752836467079,6.90448282314663,2.15770205151455
"AENJPLPP_02677",19.8050729553747,19.2737618133057,19.2004015443529,28.7777552820371,16.7680297133561,12.9462123090873
"AENJPLPP_02678",68.0261201510698,60.2305056665802,79.105654362734,17.5864060056893,22.6861578474818,28.0501266696892
"AENJPLPP_02679",0,1.60614681777547,4.6080963706447,0,0,1.07885102575728
"AENJPLPP_02680",2.58327038548366,0,0.768016061774116,0,0.986354689020948,2.15770205151455
"AENJPLPP_02681",0,0,0,0,0,0
"AENJPLPP_02682",0,0,0,0,0,0
"AENJPLPP_02683",0,0,0,1.59876418233539,0,0
"AENJPLPP_02684",0,0,0,0,0,1.07885102575728
"AENJPLPP_02685",0,0,0,0,0,0
"AENJPLPP_02686",0,0.803073408887736,0,0,0,0
"AENJPLPP_02687",0,0,0.768016061774116,0,0.986354689020948,0
"AENJPLPP_02688",0,0,0,0,0,0
"AENJPLPP_02689",0,0.803073408887736,0.768016061774116,1.59876418233539,0.986354689020948,1.07885102575728
"AENJPLPP_02690",0,0,0,0,0,0
"AENJPLPP_02691",0,0,0,0,0,0
"AENJPLPP_02692",0,0,1.53603212354823,1.59876418233539,0,1.07885102575728
"AENJPLPP_02693",5.16654077096733,7.22766067998962,6.14412849419293,12.7901134586831,12.8226109572723,12.9462123090873
"AENJPLPP_02694",5.16654077096733,6.42458727110189,7.68016061774116,11.1913492763478,14.7953203353142,16.1827653863592
"AENJPLPP_02695",0,0,0,0,0.986354689020948,0
"AENJPLPP_02696",20.6661630838693,24.0922022666321,19.968417606127,9.59258509401236,7.89083751216758,3.23655307727183
"AENJPLPP_02697",0,0,0,0,0,0
"AENJPLPP_02698",0.861090128494554,2.40922022666321,0,1.59876418233539,1.9727093780419,1.07885102575728
"AENJPLPP_02699",2.58327038548366,0,0.768016061774116,1.59876418233539,0,1.07885102575728
"AENJPLPP_02700",9.4719914134401,11.2430277244283,5.37611243241881,6.39505672934157,5.91812813412569,5.39425512878639
"AENJPLPP_02701",4.30545064247277,8.8338074977651,4.6080963706447,0,3.94541875608379,3.23655307727183
"AENJPLPP_02702",1.72218025698911,2.40922022666321,3.84008030887058,3.19752836467079,2.95906406706284,7.55195718030094
"AENJPLPP_02703",27.5548841118257,21.6829820399689,23.0404818532235,49.5616896523972,47.3450250730055,33.4443817984756
"AENJPLPP_02704",54.2486780951569,57.0182120310293,36.0967549033835,15.9876418233539,15.7816750243352,17.2616164121164
"AENJPLPP_02705",4.30545064247277,4.81844045332642,6.91214455596705,3.19752836467079,4.93177344510474,5.39425512878639
"AENJPLPP_02706",6.02763089946188,1.60614681777547,4.6080963706447,0,0,2.15770205151455
"AENJPLPP_02707",6.02763089946188,11.2430277244283,13.05627305016,7.99382091167697,4.93177344510474,3.23655307727183
"AENJPLPP_02708",12.9163519274183,13.6522479510915,16.8963533590306,3.19752836467079,6.90448282314663,7.55195718030094
"AENJPLPP_02709",1.72218025698911,0.803073408887736,1.53603212354823,0,0.986354689020948,2.15770205151455
"AENJPLPP_02710",3.44436051397822,1.60614681777547,2.30404818532235,3.19752836467079,4.93177344510474,6.47310615454366
"AENJPLPP_02711",0,0,0,0,0,0
"AENJPLPP_02712",7.74981115645099,8.03073408887736,3.84008030887058,4.79629254700618,4.93177344510474,4.31540410302911
"AENJPLPP_02713",18.9439828268802,16.0614681777547,13.8242891119341,9.59258509401236,4.93177344510474,3.23655307727183
"AENJPLPP_02714",2.58327038548366,0,0,0,0,0
"AENJPLPP_02715",2.58327038548366,1.60614681777547,0,1.59876418233539,0.986354689020948,0
"AENJPLPP_02716",0,0.803073408887736,0,0,0,0
"AENJPLPP_02717",0,0,0,0,0,0
"AENJPLPP_02718",0,0,0,0,0,1.07885102575728
"AENJPLPP_02719",0.861090128494554,2.40922022666321,1.53603212354823,1.59876418233539,1.9727093780419,1.07885102575728
"AENJPLPP_02720",0,0,0,0,0,0
"AENJPLPP_02721",0,0,0,0,0,0
"AENJPLPP_02722",0,0,0,0,0,0
"AENJPLPP_02723",5.16654077096733,11.2430277244283,7.68016061774116,6.39505672934157,11.8362562682514,3.23655307727183
"AENJPLPP_02724",3.44436051397822,4.01536704443868,1.53603212354823,1.59876418233539,0.986354689020948,1.07885102575728
"AENJPLPP_02725",0,1.60614681777547,0.768016061774116,0,0.986354689020948,1.07885102575728
"AENJPLPP_02726",30.999244625804,29.7137161288462,26.8805621620941,57.5555105640742,45.3723156949636,43.1540410302911
"AENJPLPP_02727",6.02763089946188,8.8338074977651,5.37611243241881,15.9876418233539,10.8499015792304,4.31540410302911
"AENJPLPP_02728",8.61090128494554,8.8338074977651,15.3603212354823,23.9814627350309,15.7816750243352,14.0250633348446
"AENJPLPP_02729",7.74981115645099,12.8491745422038,6.91214455596705,0,0.986354689020948,3.23655307727183
"AENJPLPP_02730",18.9439828268802,15.258394768867,22.2724657914494,15.9876418233539,11.8362562682514,20.4981694893883
"AENJPLPP_02731",6.88872102795643,1.60614681777547,1.53603212354823,7.99382091167697,1.9727093780419,1.07885102575728
"AENJPLPP_02732",9.4719914134401,6.42458727110189,6.91214455596705,3.19752836467079,1.9727093780419,3.23655307727183
"AENJPLPP_02733",5.16654077096733,10.4399543155406,10.7522248648376,3.19752836467079,4.93177344510474,9.7096592318155
"AENJPLPP_02734",18.0828926983856,23.2891288577443,12.2882569883859,9.59258509401236,3.94541875608379,3.23655307727183
"AENJPLPP_02735",58.5541287376297,42.56289067105,50.6890600770917,60.7530389287449,43.3996063169217,49.6271471848347
"AENJPLPP_02736",24.9716137263421,16.0614681777547,19.968417606127,12.7901134586831,11.8362562682514,11.86736128333
"AENJPLPP_02737",8.61090128494554,8.03073408887736,3.84008030887058,3.19752836467079,5.91812813412569,6.47310615454366
"AENJPLPP_02738",4.30545064247277,4.81844045332642,2.30404818532235,1.59876418233539,1.9727093780419,1.07885102575728
"AENJPLPP_02739",23.249433469353,16.8645415866425,12.2882569883859,15.9876418233539,17.7543844023771,11.86736128333
"AENJPLPP_02740",0,1.60614681777547,2.30404818532235,11.1913492763478,6.90448282314663,5.39425512878639
"AENJPLPP_02741",6.88872102795643,6.42458727110189,4.6080963706447,9.59258509401236,6.90448282314663,12.9462123090873
"AENJPLPP_02742",14.6385321844074,11.2430277244283,14.5923051737082,19.1851701880247,7.89083751216758,9.7096592318155
"AENJPLPP_02743",0,0,0.768016061774116,0,0,1.07885102575728
"AENJPLPP_02744",9.4719914134401,5.62151386221415,8.44817667951528,12.7901134586831,6.90448282314663,9.7096592318155
"AENJPLPP_02745",5.16654077096733,3.21229363555094,6.91214455596705,4.79629254700618,2.95906406706284,2.15770205151455
"AENJPLPP_02746",0,0,0,0,0,0
"AENJPLPP_02747",8.61090128494554,16.8645415866425,9.98420880306351,1.59876418233539,1.9727093780419,0
"AENJPLPP_02748",5.16654077096733,11.2430277244283,10.7522248648376,1.59876418233539,4.93177344510474,2.15770205151455
"AENJPLPP_02749",22.3883433408584,18.4706884044179,23.0404818532235,4.79629254700618,0.986354689020948,9.7096592318155
"AENJPLPP_02750",8.61090128494554,3.21229363555094,10.7522248648376,0,10.8499015792304,10.7885102575728
"AENJPLPP_02751",0.861090128494554,0.803073408887736,3.07206424709646,12.7901134586831,18.740739091398,19.419318463631
"AENJPLPP_02752",2.58327038548366,4.01536704443868,0,28.7777552820371,22.6861578474818,19.419318463631
"AENJPLPP_02753",0.861090128494554,1.60614681777547,3.07206424709646,3.19752836467079,1.9727093780419,2.15770205151455
"AENJPLPP_02754",0,0,0,1.59876418233539,0.986354689020948,0
"AENJPLPP_02756",0,0,0.768016061774116,0,0,0
"AENJPLPP_02757",0.861090128494554,0,0,0,0.986354689020948,1.07885102575728
"AENJPLPP_02758",30.999244625804,34.5321565821726,21.5044497296753,67.1480956580865,36.4951234937751,52.8637002621066
"AENJPLPP_02759",75.7759313075208,88.3380749776509,91.3939113511198,167.870239145216,128.226109572723,114.358208730271
"AENJPLPP_02760",1.72218025698911,1.60614681777547,0.768016061774116,3.19752836467079,1.9727093780419,3.23655307727183
"AENJPLPP_02761",0,0,0,0,0,0
"AENJPLPP_02762",0,0.803073408887736,0,0,0,2.15770205151455
"AENJPLPP_02763",0,0,0,0,2.95906406706284,1.07885102575728
"AENJPLPP_02764",3.44436051397822,1.60614681777547,4.6080963706447,3.19752836467079,5.91812813412569,4.31540410302911
"AENJPLPP_02765",5.16654077096733,1.60614681777547,6.14412849419293,1.59876418233539,5.91812813412569,5.39425512878639
"AENJPLPP_02766",6.02763089946188,6.42458727110189,2.30404818532235,0,3.94541875608379,0
"AENJPLPP_02767",3.44436051397822,9.63688090665283,6.91214455596705,11.1913492763478,23.6725125365027,23.7347225666601
"AENJPLPP_02768",5.16654077096733,0.803073408887736,3.84008030887058,4.79629254700618,2.95906406706284,8.63080820605822
"AENJPLPP_02769",1.72218025698911,1.60614681777547,0.768016061774116,6.39505672934157,7.89083751216758,5.39425512878639
"AENJPLPP_02770",0,0.803073408887736,0,0,0.986354689020948,0
"AENJPLPP_02771",8.61090128494554,6.42458727110189,8.44817667951528,20.7839343703601,20.7134484694399,19.419318463631
"AENJPLPP_02772",27.5548841118257,21.6829820399689,40.7048512740282,9.59258509401236,23.6725125365027,21.5770205151455
"AENJPLPP_02773",0,0,0,0,0,0
"AENJPLPP_02774",0,0,0.768016061774116,1.59876418233539,2.95906406706284,0
"AENJPLPP_02775",4.30545064247277,5.62151386221415,3.07206424709646,19.1851701880247,19.727093780419,12.9462123090873
"AENJPLPP_02776",3.44436051397822,1.60614681777547,2.30404818532235,4.79629254700618,9.86354689020948,8.63080820605822
"AENJPLPP_02777",0,0,0,0,0,0
"AENJPLPP_02778",0.861090128494554,3.21229363555094,1.53603212354823,0,1.9727093780419,2.15770205151455
"AENJPLPP_02779",0.861090128494554,0.803073408887736,0.768016061774116,1.59876418233539,0.986354689020948,0
"AENJPLPP_02780",0,0,0,0,0,0
"AENJPLPP_02781",0,0,0,0,0,0
"AENJPLPP_02782",0,0,0,0,0,0
"AENJPLPP_02783",0,0,0,0,0,0
"AENJPLPP_02784",7.74981115645099,2.40922022666321,3.07206424709646,9.59258509401236,9.86354689020948,6.47310615454366
"AENJPLPP_02785",1.72218025698911,3.21229363555094,5.37611243241881,1.59876418233539,8.87719220118853,2.15770205151455
"AENJPLPP_02786",0.861090128494554,1.60614681777547,1.53603212354823,3.19752836467079,5.91812813412569,1.07885102575728
"AENJPLPP_02787",0,0,0.768016061774116,0,0,1.07885102575728
"AENJPLPP_02788",6.02763089946188,2.40922022666321,3.84008030887058,14.3888776410185,8.87719220118853,7.55195718030094
"AENJPLPP_02789",0,0.803073408887736,0,0,0,0
"AENJPLPP_02790",0,1.60614681777547,0.768016061774116,0,0,0
"AENJPLPP_02791",0,0,0,0,0,0
"AENJPLPP_02792",1.72218025698911,1.60614681777547,0,1.59876418233539,2.95906406706284,1.07885102575728
"AENJPLPP_02793",4.30545064247277,7.22766067998962,7.68016061774116,3.19752836467079,3.94541875608379,3.23655307727183
"AENJPLPP_02794",18.9439828268802,16.0614681777547,13.8242891119341,19.1851701880247,12.8226109572723,11.86736128333
"AENJPLPP_02795",7.74981115645099,6.42458727110189,3.07206424709646,36.771576193714,35.5087688047541,28.0501266696892
"AENJPLPP_02796",0.861090128494554,0.803073408887736,0.768016061774116,1.59876418233539,3.94541875608379,4.31540410302911
"AENJPLPP_02797",1.72218025698911,1.60614681777547,1.53603212354823,7.99382091167697,5.91812813412569,3.23655307727183
"AENJPLPP_02798",3.44436051397822,2.40922022666321,1.53603212354823,7.99382091167697,2.95906406706284,7.55195718030094
"AENJPLPP_02799",0.861090128494554,0,0.768016061774116,1.59876418233539,0,1.07885102575728
"AENJPLPP_02800",6.88872102795643,8.03073408887736,6.91214455596705,15.9876418233539,9.86354689020948,16.1827653863592
"AENJPLPP_02801",23.249433469353,24.0922022666321,22.2724657914494,49.5616896523972,34.5224141157332,43.1540410302911
"AENJPLPP_02802",0,0,0,0,0,0
"AENJPLPP_02803",2.58327038548366,0,0.768016061774116,1.59876418233539,0,4.31540410302911
"AENJPLPP_02804",1.72218025698911,0.803073408887736,1.53603212354823,0,0,2.15770205151455
"AENJPLPP_02805",3.44436051397822,2.40922022666321,1.53603212354823,7.99382091167697,3.94541875608379,5.39425512878639
"AENJPLPP_02806",2.58327038548366,0.803073408887736,0,1.59876418233539,4.93177344510474,1.07885102575728
"AENJPLPP_02807",0.861090128494554,0,0,3.19752836467079,1.9727093780419,4.31540410302911
"AENJPLPP_02808",0,0.803073408887736,0.768016061774116,6.39505672934157,0.986354689020948,0
"AENJPLPP_02809",4.30545064247277,4.81844045332642,2.30404818532235,17.5864060056893,15.7816750243352,9.7096592318155
"AENJPLPP_02810",4.30545064247277,4.81844045332642,3.84008030887058,15.9876418233539,7.89083751216758,15.1039143606019
"AENJPLPP_02811",3.44436051397822,1.60614681777547,5.37611243241881,6.39505672934157,4.93177344510474,4.31540410302911
"AENJPLPP_02812",4.30545064247277,3.21229363555094,1.53603212354823,1.59876418233539,5.91812813412569,5.39425512878639
"AENJPLPP_02813",36.1657853967713,25.6983490844075,24.5765139767717,6.39505672934157,10.8499015792304,6.47310615454366
"AENJPLPP_02814",161.884944156976,168.645415866425,165.891469343209,47.9629254700618,63.1267000973407,50.705998210592
"AENJPLPP_02815",0,0.803073408887736,0.768016061774116,0,1.9727093780419,1.07885102575728
"AENJPLPP_02816",25.8327038548366,33.7290831732849,29.9526264091905,30.3765194643725,28.6042859816075,31.286679746961
"AENJPLPP_02817",1.72218025698911,0,0.768016061774116,0,2.95906406706284,2.15770205151455
"AENJPLPP_02818",6.02763089946188,5.62151386221415,6.91214455596705,3.19752836467079,2.95906406706284,5.39425512878639
"AENJPLPP_02819",0,0,0,0,0,0
"AENJPLPP_02820",4.30545064247277,0,2.30404818532235,0,0,1.07885102575728
"AENJPLPP_02821",6.88872102795643,3.21229363555094,1.53603212354823,4.79629254700618,0.986354689020948,5.39425512878639
"AENJPLPP_02822",3.44436051397822,1.60614681777547,0.768016061774116,1.59876418233539,3.94541875608379,1.07885102575728
"AENJPLPP_02823",15.499622312902,20.8799086310811,31.4886585327388,44.765397105391,50.3040891400683,46.3905941075629
"AENJPLPP_02824",0,0.803073408887736,3.07206424709646,0,0,0
"AENJPLPP_02825",0.861090128494554,1.60614681777547,0,3.19752836467079,0.986354689020948,0
"AENJPLPP_02826",6.02763089946188,6.42458727110189,5.37611243241881,6.39505672934157,5.91812813412569,1.07885102575728
"AENJPLPP_02827",3.44436051397822,4.81844045332642,3.84008030887058,7.99382091167697,6.90448282314663,4.31540410302911
"AENJPLPP_02828",12.9163519274183,12.8491745422038,9.98420880306351,23.9814627350309,28.6042859816075,12.9462123090873
"AENJPLPP_02829",0.861090128494554,0,0,1.59876418233539,0,1.07885102575728
"AENJPLPP_02830",13.7774420559129,10.4399543155406,22.2724657914494,12.7901134586831,11.8362562682514,17.2616164121164
"AENJPLPP_02831",88.6922832349391,98.7780292931915,66.049381312574,11.1913492763478,6.90448282314663,7.55195718030094
"AENJPLPP_02832",81.8035622069826,73.8827536176717,67.5854134361222,151.882597321862,93.70369545699,92.7811882151258
"AENJPLPP_02833",54.2486780951569,68.2612397554576,73.7295419303152,78.3394449344343,46.3586703839845,45.3117430818056
"AENJPLPP_02834",34.4436051397822,41.7598172621623,46.080963706447,94.3270867577882,77.9220204326549,75.5195718030094
"AENJPLPP_02835",0.861090128494554,1.60614681777547,1.53603212354823,1.59876418233539,0.986354689020948,3.23655307727183
"AENJPLPP_02836",2.58327038548366,4.01536704443868,1.53603212354823,3.19752836467079,0,4.31540410302911
"AENJPLPP_02837",6.02763089946188,2.40922022666321,0.768016061774116,9.59258509401236,5.91812813412569,7.55195718030094
"AENJPLPP_02838",3.44436051397822,1.60614681777547,3.84008030887058,1.59876418233539,0.986354689020948,0
"AENJPLPP_02839",0,0,0,1.59876418233539,0,1.07885102575728
"AENJPLPP_02840",19.8050729553747,12.046101133316,8.44817667951528,22.3826985526955,21.6998031584609,12.9462123090873
"AENJPLPP_02841",25.8327038548366,16.8645415866425,13.8242891119341,20.7839343703601,19.727093780419,14.0250633348446
"AENJPLPP_02842",5.16654077096733,4.81844045332642,4.6080963706447,4.79629254700618,4.93177344510474,2.15770205151455
"AENJPLPP_02843",16.3607124413965,9.63688090665283,9.98420880306351,9.59258509401236,11.8362562682514,8.63080820605822
"AENJPLPP_02844",3.44436051397822,5.62151386221415,6.14412849419293,9.59258509401236,5.91812813412569,2.15770205151455
"AENJPLPP_02845",10.3330815419347,15.258394768867,7.68016061774116,22.3826985526955,22.6861578474818,10.7885102575728
"AENJPLPP_02846",0,0,0,0,0,0
"AENJPLPP_02847",3.44436051397822,4.01536704443868,6.91214455596705,12.7901134586831,16.7680297133561,20.4981694893883
"AENJPLPP_02848",89.5533733634336,120.46101133316,101.378120154183,252.604740808992,207.134484694399,199.587439765096
"AENJPLPP_02849",64.5817596370916,79.5042674798859,68.3534294978963,57.5555105640742,55.2358625851731,37.7597859015047
"AENJPLPP_02850",443.461416174695,438.478081252704,413.192641234474,286.178788638035,216.011676895588,197.429737713582
"AENJPLPP_02851",126.580248888699,134.91633269314,105.986216524828,78.3394449344343,96.6627595240529,90.6234861636113
"AENJPLPP_02852",30.1381544973094,20.8799086310811,26.8805621620941,52.759218017068,43.3996063169217,43.1540410302911
"AENJPLPP_02853",15.499622312902,12.8491745422038,13.05627305016,23.9814627350309,15.7816750243352,23.7347225666601
"AENJPLPP_02854",4.30545064247277,3.21229363555094,9.21619274128939,15.9876418233539,6.90448282314663,5.39425512878639
"AENJPLPP_02855",0,0,0,1.59876418233539,0,0
"AENJPLPP_02856",1.72218025698911,1.60614681777547,0.768016061774116,0,1.9727093780419,0
"AENJPLPP_02857",14.6385321844074,6.42458727110189,13.05627305016,12.7901134586831,8.87719220118853,7.55195718030094
"AENJPLPP_02858",1.72218025698911,1.60614681777547,1.53603212354823,0,1.9727093780419,0
"AENJPLPP_02859",70.6093905365534,69.867386573233,71.4254937449928,150.283833139527,118.362562682514,137.014080271174
"AENJPLPP_02860",13.7774420559129,14.4553213599792,15.3603212354823,51.1604538347326,38.467832871817,49.6271471848347
"AENJPLPP_02861",1.72218025698911,0.803073408887736,2.30404818532235,1.59876418233539,1.9727093780419,6.47310615454366
"AENJPLPP_02862",39.6101459107495,49.7905513510396,35.3287388416093,91.1295583931174,73.9766016765711,92.7811882151258
"AENJPLPP_02863",22.3883433408584,23.2891288577443,15.3603212354823,99.1233793047944,63.1267000973407,60.4156574424075
"AENJPLPP_02864",2.58327038548366,4.01536704443868,2.30404818532235,7.99382091167697,0,0
"AENJPLPP_02865",1.72218025698911,1.60614681777547,0.768016061774116,4.79629254700618,0.986354689020948,4.31540410302911
"AENJPLPP_02866",0,0,0,0,0.986354689020948,1.07885102575728
"AENJPLPP_02867",0.861090128494554,0,0,0,0,0
"AENJPLPP_02868",32.7214248827931,37.7444502177236,30.7206424709646,23.9814627350309,23.6725125365027,15.1039143606019
"AENJPLPP_02869",0.861090128494554,2.40922022666321,5.37611243241881,1.59876418233539,0.986354689020948,2.15770205151455
"AENJPLPP_02870",0,0,0,0,0,0
"AENJPLPP_02871",167.912575056438,130.097892239813,137.474875057567,97.524615122459,110.471725170346,67.9676146227085
"AENJPLPP_02872",3578.69057402337,3878.04149151888,3230.27555582193,2243.06614781656,1776.42479492673,1730.47704531467
"AENJPLPP_02873",33.5825150112876,26.5014224932953,39.936835212254,134.296191316173,119.348917371535,135.935229245417
"AENJPLPP_02874",57.6930386091351,71.4735333910085,69.8894616214446,39.9691045583848,38.467832871817,28.0501266696892
"AENJPLPP_02875",15.499622312902,23.2891288577443,15.3603212354823,52.759218017068,39.4541875608379,37.7597859015047
"AENJPLPP_02876",6.02763089946188,6.42458727110189,4.6080963706447,20.7839343703601,12.8226109572723,23.7347225666601
"AENJPLPP_02877",12.9163519274183,15.258394768867,6.14412849419293,3.19752836467079,1.9727093780419,3.23655307727183
"AENJPLPP_02878",61.1373991231133,57.0182120310293,38.4008030887058,63.9505672934157,44.3859610059427,45.3117430818056
"AENJPLPP_02879",484.793742342434,446.508815341581,426.248914284634,182.259116786235,133.157883017828,140.250633348446
"AENJPLPP_02880",194.606369039769,188.722251088618,164.355437219661,147.086304774856,93.70369545699,108.963953601485
"AENJPLPP_02881",118.830437732248,140.537846555354,102.914152277732,207.839343703601,125.26704550566,132.698676168145
"AENJPLPP_02882",152.412952743536,159.008534959772,143.61900355176,223.826985526955,160.775814310414,170.45846206965
"AENJPLPP_02883",22.3883433408584,20.8799086310811,19.968417606127,22.3826985526955,11.8362562682514,14.0250633348446
"AENJPLPP_02884",13.7774420559129,13.6522479510915,13.8242891119341,15.9876418233539,17.7543844023771,17.2616164121164
"AENJPLPP_02885",9.4719914134401,4.01536704443868,3.84008030887058,1.59876418233539,5.91812813412569,5.39425512878639
"AENJPLPP_02886",4.30545064247277,6.42458727110189,5.37611243241881,11.1913492763478,7.89083751216758,9.7096592318155
"AENJPLPP_02887",23.249433469353,13.6522479510915,13.8242891119341,41.5678687407202,32.5497047376913,37.7597859015047
"AENJPLPP_02888",6.88872102795643,7.22766067998962,5.37611243241881,9.59258509401236,2.95906406706284,6.47310615454366
"AENJPLPP_02889",4.30545064247277,4.81844045332642,1.53603212354823,3.19752836467079,3.94541875608379,3.23655307727183
"AENJPLPP_02890",9.4719914134401,16.0614681777547,7.68016061774116,7.99382091167697,6.90448282314663,5.39425512878639
"AENJPLPP_02891",2.58327038548366,1.60614681777547,2.30404818532235,9.59258509401236,2.95906406706284,5.39425512878639
"AENJPLPP_02892",0,1.60614681777547,2.30404818532235,6.39505672934157,0.986354689020948,3.23655307727183
"AENJPLPP_02893",0,0,0,9.59258509401236,0,2.15770205151455
"AENJPLPP_02894",2.58327038548366,0.803073408887736,1.53603212354823,1.59876418233539,5.91812813412569,5.39425512878639
"AENJPLPP_02895",3.44436051397822,2.40922022666321,6.91214455596705,6.39505672934157,6.90448282314663,6.47310615454366
"AENJPLPP_02896",0.861090128494554,2.40922022666321,0.768016061774116,3.19752836467079,5.91812813412569,3.23655307727183
"AENJPLPP_02897",7.74981115645099,4.81844045332642,3.84008030887058,7.99382091167697,3.94541875608379,8.63080820605822
"AENJPLPP_02898",203.217270324715,142.947066782017,143.61900355176,609.129153469785,387.637392785232,388.38636927262
"AENJPLPP_02899",0,0.803073408887736,0,0,0,0
"AENJPLPP_02900",3.44436051397822,0,0.768016061774116,3.19752836467079,2.95906406706284,2.15770205151455
"AENJPLPP_02901",0.861090128494554,0.803073408887736,2.30404818532235,3.19752836467079,0.986354689020948,0
"AENJPLPP_02902",13.7774420559129,9.63688090665283,8.44817667951528,7.99382091167697,9.86354689020948,12.9462123090873
"AENJPLPP_02903",0.861090128494554,0.803073408887736,0,0,0,0
"AENJPLPP_02904",1.72218025698911,0.803073408887736,0.768016061774116,1.59876418233539,0.986354689020948,1.07885102575728
"AENJPLPP_02905",22.3883433408584,32.1229363555094,27.6485782238682,17.5864060056893,20.7134484694399,19.419318463631
"AENJPLPP_02906",3.44436051397822,2.40922022666321,0.768016061774116,1.59876418233539,0.986354689020948,1.07885102575728
"AENJPLPP_02907",6.02763089946188,3.21229363555094,3.84008030887058,4.79629254700618,10.8499015792304,6.47310615454366
"AENJPLPP_02908",36.1657853967713,24.0922022666321,20.7364336679011,46.3641612877264,25.6452219145446,39.9174879530193
"AENJPLPP_02909",10.3330815419347,14.4553213599792,13.8242891119341,28.7777552820371,24.6588672255237,33.4443817984756
"AENJPLPP_02910",8.61090128494554,7.22766067998962,4.6080963706447,15.9876418233539,17.7543844023771,24.8135735924174
"AENJPLPP_02911",2.58327038548366,0,5.37611243241881,4.79629254700618,10.8499015792304,6.47310615454366
"AENJPLPP_02912",0,2.40922022666321,1.53603212354823,3.19752836467079,0,0
"AENJPLPP_02913",29.2770643688148,34.5321565821726,44.5449315828987,31.9752836467079,30.5769953596494,25.8924246181747
"AENJPLPP_02914",2.58327038548366,10.4399543155406,5.37611243241881,6.39505672934157,3.94541875608379,7.55195718030094
"AENJPLPP_02915",130.885699531172,130.097892239813,113.666377142569,214.234400432943,161.762168999435,165.064206940863
"AENJPLPP_02916",48.221047195695,47.3813311243764,46.8489797682211,49.5616896523972,43.3996063169217,60.4156574424075
"AENJPLPP_02917",14.6385321844074,16.8645415866425,16.8963533590306,17.5864060056893,13.8089656462933,15.1039143606019
"AENJPLPP_02918",0,0,0,0,0,0
"AENJPLPP_02919",3.44436051397822,4.01536704443868,5.37611243241881,11.1913492763478,1.9727093780419,7.55195718030094
"AENJPLPP_02920",11.1941716704292,16.8645415866425,14.5923051737082,12.7901134586831,12.8226109572723,10.7885102575728
"AENJPLPP_02921",2.58327038548366,3.21229363555094,1.53603212354823,0,5.91812813412569,3.23655307727183
"AENJPLPP_02922",1.72218025698911,2.40922022666321,0,0,0.986354689020948,0
"AENJPLPP_02923",6.02763089946188,4.81844045332642,6.91214455596705,27.1789910997017,32.5497047376913,36.6809348757474
"AENJPLPP_02924",0.861090128494554,3.21229363555094,2.30404818532235,11.1913492763478,16.7680297133561,15.1039143606019
"AENJPLPP_02925",0.861090128494554,0,0,3.19752836467079,3.94541875608379,0
"AENJPLPP_02926",40.471236039244,33.7290831732849,23.8084979149976,43.1666329230556,44.3859610059427,69.0464656484657
"AENJPLPP_02927",3.44436051397822,8.8338074977651,4.6080963706447,51.1604538347326,59.1812813412569,53.9425512878639
"AENJPLPP_02928",13.7774420559129,5.62151386221415,1.53603212354823,258.999797538334,302.810889529431,243.820331821145
"AENJPLPP_02929",2.58327038548366,3.21229363555094,3.07206424709646,0,0,2.15770205151455
"AENJPLPP_02930",34.4436051397822,32.9260097643972,23.0404818532235,118.308549492819,96.6627595240529,85.2292310348249
"AENJPLPP_02931",2.58327038548366,7.22766067998962,6.14412849419293,11.1913492763478,2.95906406706284,6.47310615454366
"AENJPLPP_02932",0.861090128494554,2.40922022666321,3.07206424709646,1.59876418233539,2.95906406706284,2.15770205151455
"AENJPLPP_02933",1.72218025698911,0,0.768016061774116,0,0,2.15770205151455
"AENJPLPP_02934",5.16654077096733,4.01536704443868,6.14412849419293,7.99382091167697,7.89083751216758,8.63080820605822
"AENJPLPP_02935",0.861090128494554,0.803073408887736,2.30404818532235,1.59876418233539,0,5.39425512878639
"AENJPLPP_02936",30.999244625804,31.3198629466217,29.1846103474164,23.9814627350309,14.7953203353142,35.6020838499901
"AENJPLPP_02937",92.9977338774118,78.7011940709981,76.8016061774116,84.7345016637758,56.222217274194,74.4407207772521
"AENJPLPP_02938",4.30545064247277,5.62151386221415,6.14412849419293,1.59876418233539,0.986354689020948,2.15770205151455
"AENJPLPP_02939",40.471236039244,32.9260097643972,36.0967549033835,47.9629254700618,39.4541875608379,32.3655307727183
"AENJPLPP_02940",12.9163519274183,16.0614681777547,17.6643694208047,11.1913492763478,20.7134484694399,11.86736128333
"AENJPLPP_02941",6.02763089946188,17.6676149955302,8.44817667951528,100.72214348713,101.594532969158,108.963953601485
"AENJPLPP_02942",0.861090128494554,3.21229363555094,1.53603212354823,4.79629254700618,1.9727093780419,2.15770205151455
"AENJPLPP_02943",11.1941716704292,10.4399543155406,7.68016061774116,19.1851701880247,14.7953203353142,18.3404674378737
"AENJPLPP_02944",37.0268755252658,20.0768352221934,24.5765139767717,102.320907669465,65.0994094753826,67.9676146227085
"AENJPLPP_02945",0,0,0.768016061774116,0,0,0
"AENJPLPP_02946",0,2.40922022666321,0,4.79629254700618,0.986354689020948,2.15770205151455
"AENJPLPP_02947",0.861090128494554,0,0,1.59876418233539,0.986354689020948,1.07885102575728
"AENJPLPP_02948",1.72218025698911,2.40922022666321,2.30404818532235,7.99382091167697,1.9727093780419,4.31540410302911
"AENJPLPP_02949",6.02763089946188,4.81844045332642,8.44817667951528,3.19752836467079,2.95906406706284,9.7096592318155
"AENJPLPP_02950",2.58327038548366,7.22766067998962,6.14412849419293,11.1913492763478,11.8362562682514,4.31540410302911
"AENJPLPP_02951",9.4719914134401,9.63688090665283,9.21619274128939,25.5802269173663,24.6588672255237,28.0501266696892
"AENJPLPP_02952",6.02763089946188,6.42458727110189,9.21619274128939,25.5802269173663,15.7816750243352,14.0250633348446
"AENJPLPP_02953",2.58327038548366,0,0,12.7901134586831,6.90448282314663,5.39425512878639
"AENJPLPP_02954",38.7490557822549,47.3813311243764,26.1125461003199,30.3765194643725,16.7680297133561,24.8135735924174
"AENJPLPP_02955",1.72218025698911,0.803073408887736,4.6080963706447,1.59876418233539,2.95906406706284,5.39425512878639
"AENJPLPP_02956",23.249433469353,20.0768352221934,20.7364336679011,31.9752836467079,11.8362562682514,24.8135735924174
"AENJPLPP_02957",12.9163519274183,6.42458727110189,6.91214455596705,22.3826985526955,13.8089656462933,8.63080820605822
"AENJPLPP_02958",6.02763089946188,5.62151386221415,2.30404818532235,14.3888776410185,9.86354689020948,9.7096592318155
"AENJPLPP_02959",9.4719914134401,9.63688090665283,5.37611243241881,23.9814627350309,34.5224141157332,20.4981694893883
"AENJPLPP_02960",0,0,0,1.59876418233539,3.94541875608379,8.63080820605822
"AENJPLPP_02961",0,0,0,3.19752836467079,3.94541875608379,4.31540410302911
"AENJPLPP_02962",88.6922832349391,115.642570879834,76.0335901156375,145.487540592521,123.294336127618,133.777527193902
"AENJPLPP_02963",0,0,0,0,0.986354689020948,0
"AENJPLPP_02964",0,0,0,0,0,1.07885102575728
"AENJPLPP_02965",114.524987089776,80.3073408887736,80.6416864862822,62.3518031110803,49.3177344510474,43.1540410302911
"AENJPLPP_02966",32.7214248827931,20.0768352221934,38.4008030887058,17.5864060056893,21.6998031584609,16.1827653863592
"AENJPLPP_02967",5.16654077096733,6.42458727110189,7.68016061774116,12.7901134586831,18.740739091398,12.9462123090873
"AENJPLPP_02968",3.44436051397822,2.40922022666321,3.07206424709646,9.59258509401236,6.90448282314663,6.47310615454366
"AENJPLPP_02969",0,0.803073408887736,0,0,0,0
"AENJPLPP_02970",4.30545064247277,4.81844045332642,4.6080963706447,14.3888776410185,6.90448282314663,5.39425512878639
"AENJPLPP_02971",4.30545064247277,4.01536704443868,2.30404818532235,4.79629254700618,2.95906406706284,7.55195718030094
"AENJPLPP_02972",0,1.60614681777547,0,1.59876418233539,1.9727093780419,3.23655307727183
"AENJPLPP_02973",0.861090128494554,0,2.30404818532235,1.59876418233539,2.95906406706284,0
"AENJPLPP_02974",8.61090128494554,6.42458727110189,4.6080963706447,0,4.93177344510474,6.47310615454366
"AENJPLPP_02975",3.44436051397822,0.803073408887736,2.30404818532235,4.79629254700618,2.95906406706284,5.39425512878639
"AENJPLPP_02976",0,0.803073408887736,0.768016061774116,1.59876418233539,0,2.15770205151455
"AENJPLPP_02977",0,0,0,0,0.986354689020948,0
"AENJPLPP_02978",0,0,0,1.59876418233539,0.986354689020948,1.07885102575728
"AENJPLPP_02979",0,0.803073408887736,0.768016061774116,0,0,0
"AENJPLPP_02980",0,0.803073408887736,0,0,0,0
"AENJPLPP_02981",0.861090128494554,1.60614681777547,0,1.59876418233539,0,1.07885102575728
"AENJPLPP_02982",60.2763089946188,61.8366524843557,46.8489797682211,116.709785310484,72.9902469875501,73.3618697514949
"AENJPLPP_02983",2.58327038548366,0.803073408887736,1.53603212354823,3.19752836467079,0.986354689020948,2.15770205151455
"AENJPLPP_02984",5.16654077096733,5.62151386221415,11.5202409266117,9.59258509401236,11.8362562682514,7.55195718030094
"AENJPLPP_02985",14.6385321844074,16.8645415866425,13.8242891119341,23.9814627350309,12.8226109572723,14.0250633348446
"AENJPLPP_02986",0,0.803073408887736,0.768016061774116,0,0,0
"AENJPLPP_02987",1.72218025698911,0.803073408887736,3.84008030887058,3.19752836467079,0.986354689020948,2.15770205151455
"AENJPLPP_02988",0,0,0,0,0,0
"AENJPLPP_02989",6.88872102795643,8.03073408887736,3.07206424709646,9.59258509401236,1.9727093780419,2.15770205151455
"AENJPLPP_02990",6.02763089946188,3.21229363555094,4.6080963706447,3.19752836467079,14.7953203353142,8.63080820605822
"AENJPLPP_02991",54.2486780951569,57.0182120310293,40.7048512740282,193.450466062583,166.69394244454,192.035482584795
"AENJPLPP_02992",31.8603347542985,31.3198629466217,23.0404818532235,140.691248045515,146.966848664121,159.669951812077
"AENJPLPP_02993",1.72218025698911,1.60614681777547,2.30404818532235,25.5802269173663,31.5633500486703,28.0501266696892
"AENJPLPP_02994",5.16654077096733,4.81844045332642,3.07206424709646,3.19752836467079,4.93177344510474,5.39425512878639
"AENJPLPP_02995",40.471236039244,36.1383033999481,31.4886585327388,33.5740478290433,43.3996063169217,40.9963389787765
"AENJPLPP_02996",402.990180135451,423.219686483837,391.688191504799,737.030288056616,578.990202455296,538.346661852881
"AENJPLPP_02997",30.1381544973094,36.9413768088358,34.5607227798352,92.7283225754528,88.7719220118853,81.9926779575531
"AENJPLPP_02998",12.0552617989238,7.22766067998962,8.44817667951528,43.1666329230556,33.5360594267122,29.1289776954465
"AENJPLPP_02999",4.30545064247277,2.40922022666321,2.30404818532235,9.59258509401236,11.8362562682514,5.39425512878639
"AENJPLPP_03000",11.1941716704292,12.046101133316,10.7522248648376,25.5802269173663,18.740739091398,12.9462123090873
"AENJPLPP_03001",1.72218025698911,4.81844045332642,2.30404818532235,7.99382091167697,6.90448282314663,7.55195718030094
"AENJPLPP_03002",4.30545064247277,3.21229363555094,1.53603212354823,1.59876418233539,1.9727093780419,2.15770205151455
"AENJPLPP_03003",18.9439828268802,28.9106427199585,21.5044497296753,19.1851701880247,28.6042859816075,21.5770205151455
"AENJPLPP_03004",24.9716137263421,16.0614681777547,20.7364336679011,35.1728120113787,26.6315766035656,28.0501266696892
"AENJPLPP_03005",0.861090128494554,1.60614681777547,2.30404818532235,3.19752836467079,0,3.23655307727183
"AENJPLPP_03006",30.999244625804,20.8799086310811,30.7206424709646,27.1789910997017,29.5906406706284,25.8924246181747
"AENJPLPP_03007",13.7774420559129,16.8645415866425,19.2004015443529,23.9814627350309,20.7134484694399,17.2616164121164
"AENJPLPP_03008",1.72218025698911,2.40922022666321,2.30404818532235,6.39505672934157,0,4.31540410302911
"AENJPLPP_03009",0,0,0,0,0,0
"AENJPLPP_03010",0,0,0,0,0.986354689020948,1.07885102575728
"AENJPLPP_03011",0,0,0,0,0.986354689020948,1.07885102575728
"AENJPLPP_03012",0,0,1.53603212354823,1.59876418233539,0.986354689020948,2.15770205151455
"AENJPLPP_03013",0,0.803073408887736,1.53603212354823,1.59876418233539,0,1.07885102575728
"AENJPLPP_03014",46.4988669387059,61.0335790754679,52.993108262414,36.771576193714,40.4405422498589,45.3117430818056
"AENJPLPP_03015",1.72218025698911,0,0.768016061774116,1.59876418233539,0.986354689020948,1.07885102575728
"AENJPLPP_03016",0.861090128494554,0.803073408887736,0,0,0,0
"AENJPLPP_03017",0,1.60614681777547,0.768016061774116,0,4.93177344510474,0
"AENJPLPP_03018",0.861090128494554,0,1.53603212354823,3.19752836467079,0.986354689020948,1.07885102575728
"AENJPLPP_03019",0,0,0.768016061774116,0,0.986354689020948,0
"AENJPLPP_03020",0,0,0,1.59876418233539,0.986354689020948,0
"AENJPLPP_03021",7.74981115645099,4.81844045332642,7.68016061774116,1.59876418233539,3.94541875608379,6.47310615454366
"AENJPLPP_03022",5.16654077096733,1.60614681777547,2.30404818532235,6.39505672934157,5.91812813412569,1.07885102575728
"AENJPLPP_03023",3.44436051397822,4.01536704443868,9.21619274128939,6.39505672934157,2.95906406706284,4.31540410302911
"AENJPLPP_03024",20.6661630838693,13.6522479510915,13.05627305016,6.39505672934157,22.6861578474818,21.5770205151455
"AENJPLPP_03025",18.0828926983856,16.8645415866425,17.6643694208047,20.7839343703601,19.727093780419,19.419318463631
"AENJPLPP_03026",0,0,0,0,0,0
"AENJPLPP_03027",0,0,0,0,0,0
"AENJPLPP_03028",0,0,0,0,0,0
"AENJPLPP_03029",0,0,0,0,0,0
"AENJPLPP_03030",0,0,0,0,0,0
"AENJPLPP_03031",0,0,0,0,0,0
"AENJPLPP_03032",0,0,0,0,0,0
"AENJPLPP_03033",0,0,0,0,0,0
"AENJPLPP_03034",0,0,0,0,0,0
"AENJPLPP_03035",0,0,0,0,0,0
"AENJPLPP_03036",0,0,0,0,0,0
"AENJPLPP_03037",0,0,0,0,0,0
"AENJPLPP_03038",0,0,0,0,0,0
"AENJPLPP_03039",0,0,0,0,0,0
"AENJPLPP_03040",0,0,0,0,0,0
"AENJPLPP_03041",0,0,0,0,0,0
"AENJPLPP_03042",0,0,0,0,0,0
"AENJPLPP_03043",0.861090128494554,0.803073408887736,0.768016061774116,3.19752836467079,0.986354689020948,2.15770205151455
"AENJPLPP_03044",0,0,0.768016061774116,4.79629254700618,0.986354689020948,0
"AENJPLPP_03045",0,0,0,0,0,0
"AENJPLPP_03046",0,0,0,0,0,0
"AENJPLPP_03047",8.61090128494554,7.22766067998962,7.68016061774116,12.7901134586831,18.740739091398,14.0250633348446
"AENJPLPP_03048",164.46821454246,131.704039057589,154.371228416597,639.505672934157,473.450250730055,520.006194415008
"AENJPLPP_03049",470.155210158027,402.339777852756,377.095886331091,1007.2214348713,651.980449442847,747.643760849793
"AENJPLPP_03050",77.4981115645099,69.0643131643453,56.0651725095105,258.999797538334,240.670544121111,211.454801048426
"AENJPLPP_03051",3.44436051397822,1.60614681777547,2.30404818532235,1.59876418233539,0,3.23655307727183
"AENJPLPP_03052",19.8050729553747,16.8645415866425,13.8242891119341,20.7839343703601,23.6725125365027,18.3404674378737
"AENJPLPP_03053",0,0,0,1.59876418233539,2.95906406706284,1.07885102575728
"AENJPLPP_03054",4.30545064247277,7.22766067998962,3.84008030887058,9.59258509401236,1.9727093780419,5.39425512878639
"AENJPLPP_03055",0,0,0.768016061774116,0,0,0
"AENJPLPP_03056",34.4436051397822,23.2891288577443,33.7927067180611,84.7345016637758,74.962956365592,64.7310615454366
"AENJPLPP_03057",2.58327038548366,4.01536704443868,3.84008030887058,3.19752836467079,5.91812813412569,7.55195718030094
"AENJPLPP_03058",22.3883433408584,30.516789537734,26.8805621620941,19.1851701880247,13.8089656462933,11.86736128333
"AENJPLPP_03059",216.994712380628,199.965278813046,186.62790301111,1168.69661728717,1359.19676147087,1249.30948782693
"AENJPLPP_03060",46.4988669387059,48.9874779421519,45.3129476446729,231.820806438632,347.196850535374,313.945648495368
"AENJPLPP_03061",10.3330815419347,6.42458727110189,8.44817667951528,15.9876418233539,17.7543844023771,15.1039143606019
"AENJPLPP_03062",3.44436051397822,3.21229363555094,6.14412849419293,1.59876418233539,7.89083751216758,15.1039143606019
"AENJPLPP_03063",7.74981115645099,3.21229363555094,4.6080963706447,3.19752836467079,7.89083751216758,10.7885102575728
"AENJPLPP_03064",148.968592229558,149.371654053119,155.139244478371,450.851499418581,395.5282302974,354.941987474144
"AENJPLPP_03065",49.0821373241896,57.821285439917,49.9210440153175,99.1233793047944,78.9083751216758,67.9676146227085
"AENJPLPP_03066",0,0.803073408887736,0.768016061774116,6.39505672934157,0.986354689020948,5.39425512878639
"AENJPLPP_03067",3.44436051397822,6.42458727110189,4.6080963706447,17.5864060056893,25.6452219145446,24.8135735924174
"AENJPLPP_03068",79.220291821499,98.7780292931915,80.6416864862822,78.3394449344343,64.1130547863616,62.5733594939221
"AENJPLPP_03069",30.999244625804,30.516789537734,22.2724657914494,22.3826985526955,29.5906406706284,28.0501266696892
"AENJPLPP_03070",153.274042872031,239.315875848545,171.267581775628,236.617098985638,161.762168999435,193.114333610553
"AENJPLPP_03071",40.471236039244,29.7137161288462,35.3287388416093,87.9320300284466,66.0857641644035,78.7561248802812
"AENJPLPP_03072",0.861090128494554,0,0,7.99382091167697,6.90448282314663,6.47310615454366
"AENJPLPP_03073",4.30545064247277,0.803073408887736,0,4.79629254700618,3.94541875608379,3.23655307727183
"AENJPLPP_03074",6.02763089946188,4.81844045332642,2.30404818532235,20.7839343703601,9.86354689020948,7.55195718030094
"AENJPLPP_03075",6.02763089946188,4.81844045332642,4.6080963706447,25.5802269173663,15.7816750243352,21.5770205151455
"AENJPLPP_03076",16.3607124413965,10.4399543155406,8.44817667951528,25.5802269173663,33.5360594267122,43.1540410302911
"AENJPLPP_03077",5.16654077096733,4.81844045332642,10.7522248648376,49.5616896523972,43.3996063169217,46.3905941075629
"AENJPLPP_03078",2.58327038548366,9.63688090665283,7.68016061774116,11.1913492763478,12.8226109572723,15.1039143606019
"AENJPLPP_03079",52.5264978381678,40.9567438532745,47.6169958299952,89.530794210782,105.539951725241,85.2292310348249
"AENJPLPP_03080",6.02763089946188,9.63688090665283,6.14412849419293,11.1913492763478,4.93177344510474,7.55195718030094
"AENJPLPP_03081",0,0,0,0,0,0
"AENJPLPP_03082",0,0,0,0,0,0
"AENJPLPP_03083",0,0,0,0,0,0
"AENJPLPP_03084",0,0,0,0,0,0
"AENJPLPP_03085",0,0,0,0,0,0
"AENJPLPP_03086",0,0,0,0,0,0
"AENJPLPP_03087",0,0,0,0,0,0
"AENJPLPP_03088",0,0,0,0,0,0
"AENJPLPP_03089",0,0,0,0,0,0
"AENJPLPP_03090",0,0,0,0,0,0
"AENJPLPP_03091",0,0,0,0,0,0
"AENJPLPP_03092",0,0,0,0,0,0
"AENJPLPP_03093",0,0,0,0,0,0
"AENJPLPP_03094",0,0,0,0,0,0
"AENJPLPP_03095",1.72218025698911,0,0.768016061774116,0,0.986354689020948,0
"AENJPLPP_03096",0.861090128494554,2.40922022666321,1.53603212354823,1.59876418233539,1.9727093780419,0
"AENJPLPP_03097",0,0,0,0,0,0
"AENJPLPP_03098",0,0,0,0,0,0
"AENJPLPP_03099",0,0.803073408887736,1.53603212354823,0,0,0
"AENJPLPP_03100",29.2770643688148,28.1075693110708,19.968417606127,39.9691045583848,14.7953203353142,16.1827653863592
"AENJPLPP_03101",11.1941716704292,4.81844045332642,3.07206424709646,6.39505672934157,6.90448282314663,7.55195718030094
"AENJPLPP_03102",0.861090128494554,0,0.768016061774116,3.19752836467079,0,1.07885102575728
"AENJPLPP_03103",2.58327038548366,1.60614681777547,5.37611243241881,4.79629254700618,4.93177344510474,2.15770205151455
"AENJPLPP_03104",0,0,0,0,0.986354689020948,0
"AENJPLPP_03105",0,0.803073408887736,0.768016061774116,3.19752836467079,0.986354689020948,4.31540410302911
"AENJPLPP_03106",0,0.803073408887736,0.768016061774116,1.59876418233539,2.95906406706284,2.15770205151455
"AENJPLPP_03107",0.861090128494554,0.803073408887736,0.768016061774116,1.59876418233539,0.986354689020948,0
"AENJPLPP_03108",0,0,0,0,0,0
"AENJPLPP_03109",0.861090128494554,0,0,1.59876418233539,0.986354689020948,1.07885102575728
"AENJPLPP_03110",11.1941716704292,9.63688090665283,5.37611243241881,1.59876418233539,0.986354689020948,6.47310615454366
"AENJPLPP_03111",0,0,0,0,0,0
"AENJPLPP_03112",0,0,0,0,0,0
"AENJPLPP_03113",0,0,0,0,0,0
"AENJPLPP_03114",0,0,0,0,0,0
"AENJPLPP_03115",1.72218025698911,0,0,7.99382091167697,13.8089656462933,5.39425512878639
"AENJPLPP_03116",0,0,0,0,0,0
"AENJPLPP_03117",0,0,0,0,0,0
"AENJPLPP_03118",1.72218025698911,0.803073408887736,0,6.39505672934157,1.9727093780419,4.31540410302911
"AENJPLPP_03119",10.3330815419347,8.03073408887736,9.98420880306351,11.1913492763478,21.6998031584609,17.2616164121164
"AENJPLPP_03120",7.74981115645099,7.22766067998962,6.14412849419293,9.59258509401236,14.7953203353142,8.63080820605822
"AENJPLPP_03121",1.72218025698911,1.60614681777547,0.768016061774116,1.59876418233539,2.95906406706284,0
"AENJPLPP_03122",0,0,0,3.19752836467079,2.95906406706284,1.07885102575728
"AENJPLPP_03123",5.16654077096733,1.60614681777547,3.84008030887058,9.59258509401236,11.8362562682514,11.86736128333
"AENJPLPP_03124",44.7766866817168,46.5782577154887,42.2408833975764,155.080125686533,117.376207993493,112.200506678757
"AENJPLPP_03125",4.30545064247277,4.81844045332642,3.07206424709646,9.59258509401236,16.7680297133561,7.55195718030094
"AENJPLPP_03126",10.3330815419347,10.4399543155406,9.21619274128939,11.1913492763478,5.91812813412569,9.7096592318155
"AENJPLPP_03127",0,0,0,1.59876418233539,0,0
"AENJPLPP_03128",0,0,0,0,0,0
"AENJPLPP_03129",0,0,0,0,0,0
"AENJPLPP_03130",0,0,0,0,0,0
"AENJPLPP_03131",0,0,0,0,0,0
"AENJPLPP_03132",0,0,0,0,0,1.07885102575728
"AENJPLPP_03133",3.44436051397822,1.60614681777547,1.53603212354823,9.59258509401236,15.7816750243352,15.1039143606019
"AENJPLPP_03134",0,0,0,0,0,0
"AENJPLPP_03135",0,0,0,0,0,0
"AENJPLPP_03136",1.72218025698911,1.60614681777547,1.53603212354823,4.79629254700618,4.93177344510474,4.31540410302911
"AENJPLPP_03137",0,0.803073408887736,0.768016061774116,3.19752836467079,2.95906406706284,6.47310615454366
"AENJPLPP_03138",0,0,0,0,0,0
"AENJPLPP_03139",0,0,0,0,0,0
"AENJPLPP_03140",0,0,0,0,0.986354689020948,0
"AENJPLPP_03141",2.58327038548366,0.803073408887736,2.30404818532235,0,0,0
"AENJPLPP_03142",0,0,0.768016061774116,0,1.9727093780419,2.15770205151455
"AENJPLPP_03143",1.72218025698911,0.803073408887736,0,0,1.9727093780419,2.15770205151455
"AENJPLPP_03144",0,2.40922022666321,0,0,0,2.15770205151455
"AENJPLPP_03145",0.861090128494554,0.803073408887736,0,3.19752836467079,2.95906406706284,1.07885102575728
"AENJPLPP_03146",0.861090128494554,0,0.768016061774116,0,0,0
"AENJPLPP_03147",0,0,0,0,0,0
"AENJPLPP_03148",0,0,0,0,0,0
"AENJPLPP_03149",0,0.803073408887736,0,1.59876418233539,0.986354689020948,0
"AENJPLPP_03150",0,0,0,0,0,0
"AENJPLPP_03151",1.72218025698911,1.60614681777547,4.6080963706447,6.39505672934157,1.9727093780419,3.23655307727183
"AENJPLPP_03152",0.861090128494554,2.40922022666321,0.768016061774116,3.19752836467079,0,1.07885102575728
"AENJPLPP_03153",6.02763089946188,4.01536704443868,2.30404818532235,3.19752836467079,2.95906406706284,1.07885102575728
"AENJPLPP_03154",0,0,0,0,0.986354689020948,0
"AENJPLPP_03155",2.58327038548366,1.60614681777547,3.84008030887058,3.19752836467079,9.86354689020948,4.31540410302911
"AENJPLPP_03156",3.44436051397822,4.81844045332642,2.30404818532235,1.59876418233539,6.90448282314663,5.39425512878639
"AENJPLPP_03157",0.861090128494554,0.803073408887736,0,0,0,0
"AENJPLPP_03158",0.861090128494554,3.21229363555094,0.768016061774116,3.19752836467079,0,0
"AENJPLPP_03159",0,0,1.53603212354823,0,0.986354689020948,0
"AENJPLPP_03160",0,1.60614681777547,0.768016061774116,1.59876418233539,0.986354689020948,4.31540410302911
"AENJPLPP_03161",0,0,1.53603212354823,0,1.9727093780419,1.07885102575728
"AENJPLPP_03162",0,0,0,0,0,0
"AENJPLPP_03163",0,0,0,0,0,0
"AENJPLPP_03164",4.30545064247277,2.40922022666321,2.30404818532235,9.59258509401236,1.9727093780419,2.15770205151455
"AENJPLPP_03165",0.861090128494554,0.803073408887736,1.53603212354823,4.79629254700618,7.89083751216758,2.15770205151455
"AENJPLPP_03166",0,0.803073408887736,0,0,0,0
"AENJPLPP_03167",0,0,0,0,0,0
"AENJPLPP_03168",2.58327038548366,0,3.84008030887058,7.99382091167697,8.87719220118853,0
"AENJPLPP_03169",0,0,0,0,0,0
"AENJPLPP_03170",0,0,0,0,0,0
"AENJPLPP_03171",0,0,0,0,0,0
"AENJPLPP_03172",0,0,0,0,0,0
"AENJPLPP_03173",0,0,0,0,0,0
"AENJPLPP_03174",8.61090128494554,8.03073408887736,9.21619274128939,7.99382091167697,7.89083751216758,7.55195718030094
"AENJPLPP_03175",0,0,0,0,0,0
"AENJPLPP_03176",1.72218025698911,0.803073408887736,3.07206424709646,3.19752836467079,0.986354689020948,1.07885102575728
"AENJPLPP_03177",0,0,0,0,0,0
"AENJPLPP_03178",86.1090128494554,74.6858270265594,56.0651725095105,169.469003327552,143.021429908037,152.117994631776
"AENJPLPP_03179",124.85806863171,106.005689973181,91.3939113511198,137.493719680844,118.362562682514,128.383272065116
"AENJPLPP_03180",95.5810042628955,101.990322928742,106.754232586602,131.098662951502,128.226109572723,117.594761807543
"AENJPLPP_03181",0.861090128494554,0,0,0,0,0
"AENJPLPP_03182",0,0,0,0,0,0
"AENJPLPP_03183",0,0.803073408887736,0,0,0,0
"AENJPLPP_03184",0,0,0,0,0,0
"AENJPLPP_03185",0,0,0,0,0,0
"AENJPLPP_03186",0,0,0,0,0,0
"AENJPLPP_03187",0,0,0,0,0,0
"AENJPLPP_03188",0,0,0,0,0,0
"AENJPLPP_03189",0,0,0,0,0,0
